id_fait,annee,code_departement,id_indicateur,nombre_faits,taux_pour_mille,population,nombre_logements
2,2016,01,4,5,0.008,638425,308491
3,2016,02,4,10,0.019,536136,264180
4,2016,03,4,4,0.012,339384,206980
5,2016,04,4,2,0.012,162565,126760
6,2016,05,4,0,0.000,141107,134647
7,2016,06,4,97,0.090,1083704,761857
8,2016,07,4,5,0.015,325157,201264
9,2016,08,4,5,0.018,275371,142010
10,2016,09,4,1,0.007,153067,108589
11,2016,10,4,6,0.019,308910,163064
12,2016,11,4,2,0.005,368025,258453
13,2016,12,4,1,0.004,278697,179901
14,2016,13,4,44,0.022,2019717,1009576
15,2016,14,4,4,0.006,693679,412038
16,2016,15,4,2,0.014,145969,101070
17,2016,16,4,5,0.014,353288,196145
18,2016,17,4,8,0.012,642191,427696
19,2016,18,4,4,0.013,307110,177873
20,2016,19,4,1,0.004,241535,153380
21,2016,21,4,6,0.011,533213,285326
22,2016,22,4,8,0.013,598953,363788
23,2016,23,4,3,0.025,119502,88330
24,2016,24,4,2,0.005,414789,256942
25,2016,25,4,3,0.006,538549,277578
26,2016,26,4,6,0.012,508006,269062
27,2016,27,4,5,0.008,602825,292969
28,2016,28,4,6,0.014,433929,213849
29,2016,29,4,5,0.006,908249,537671
30,2016,2A,4,7,0.045,154303,116432
31,2016,2B,4,7,0.040,176152,129422
32,2016,30,4,10,0.013,742006,419029
33,2016,31,4,16,0.012,1348183,703754
34,2016,32,4,2,0.010,190664,109392
35,2016,33,4,12,0.008,1566679,843050
36,2016,34,4,18,0.016,1132481,707572
37,2016,35,4,5,0.005,1051779,538258
38,2016,36,4,0,0.000,223505,138229
39,2016,37,4,5,0.008,606223,318933
40,2016,38,4,8,0.006,1252912,639743
41,2016,39,4,2,0.008,260517,148337
42,2016,40,4,5,0.012,405010,252298
43,2016,41,4,6,0.018,332769,182821
44,2016,42,4,15,0.020,761997,394202
45,2016,43,4,0,0.000,227339,142111
46,2016,44,4,12,0.009,1380852,729714
47,2016,45,4,7,0.010,674330,341549
48,2016,46,4,1,0.006,173347,117328
49,2016,47,4,4,0.012,332833,184194
50,2016,48,4,0,0.000,76422,60395
51,2016,49,4,5,0.006,810934,391283
52,2016,50,4,4,0.008,498362,295248
53,2016,51,4,6,0.011,570883,292095
54,2016,52,4,1,0.006,178084,100722
55,2016,53,4,2,0.007,307688,155625
56,2016,54,4,14,0.019,733821,373165
57,2016,55,4,1,0.005,189055,99550
58,2016,56,4,3,0.004,747548,459455
59,2016,57,4,13,0.012,1045271,510597
60,2016,58,4,1,0.005,209161,141593
61,2016,59,4,30,0.012,2603723,1205062
62,2016,60,4,10,0.012,823542,369320
63,2016,61,4,4,0.014,285308,164640
64,2016,62,4,19,0.013,1470725,708207
65,2016,63,4,7,0.011,650700,382695
66,2016,64,4,11,0.016,673986,400053
67,2016,65,4,1,0.004,227829,160809
68,2016,66,4,9,0.019,474369,346847
69,2016,67,4,14,0.012,1121407,546387
70,2016,68,4,7,0.009,762743,373686
71,2016,69,4,23,0.013,1835903,904462
72,2016,70,4,3,0.013,237242,126631
73,2016,71,4,4,0.007,555023,309191
74,2016,72,4,7,0.012,567561,289447
75,2016,73,4,2,0.005,429681,341648
76,2016,74,4,10,0.012,801416,500698
77,2016,75,4,31,0.014,2190327,1374377
78,2016,76,4,17,0.014,1255755,634421
79,2016,77,4,7,0.005,1397665,604627
80,2016,78,4,8,0.006,1431808,629383
81,2016,79,4,6,0.016,374743,192620
82,2016,80,4,3,0.005,572744,297094
83,2016,81,4,2,0.005,386448,209380
84,2016,82,4,3,0.012,256897,130059
85,2016,83,4,14,0.013,1055821,707520
86,2016,84,4,5,0.009,559014,298637
87,2016,85,4,3,0.004,670597,417192
88,2016,86,4,7,0.016,436069,237993
89,2016,87,4,2,0.005,374978,219170
90,2016,88,4,3,0.008,369641,212925
91,2016,89,4,2,0.006,340544,195822
92,2016,90,4,2,0.014,144089,71929
93,2016,91,4,20,0.016,1287330,550895
94,2016,92,4,5,0.003,1603268,789809
95,2016,93,4,29,0.018,1606660,662466
96,2016,94,4,14,0.010,1378151,626297
97,2016,95,4,10,0.008,1221923,497749
98,2017,01,4,7,0.011,643350,313061
99,2017,02,4,11,0.021,534490,265548
100,2017,03,4,6,0.018,337988,207725
101,2017,04,4,2,0.012,163915,127940
102,2017,05,4,0,0.000,141284,135493
103,2017,06,4,16,0.015,1083310,766748
104,2017,07,4,1,0.003,325712,203015
105,2017,08,4,1,0.004,273579,142452
106,2017,09,4,1,0.007,153153,109392
107,2017,10,4,5,0.016,310020,164453
108,2017,11,4,7,0.019,370260,261180
109,2017,12,4,1,0.004,279206,181053
110,2017,13,4,57,0.028,2024162,1021226
111,2017,14,4,6,0.009,694002,416115
112,2017,15,4,0,0.000,145143,101363
113,2017,16,4,4,0.011,352335,197059
114,2017,17,4,6,0.009,644303,431948
115,2017,18,4,2,0.007,304256,178580
116,2017,19,4,0,0.000,241464,154124
117,2017,21,4,3,0.006,533819,287831
118,2017,22,4,6,0.010,598814,366683
119,2017,23,4,2,0.017,118638,88506
120,2017,24,4,4,0.010,413606,258732
121,2017,25,4,12,0.022,539067,279578
122,2017,26,4,7,0.014,511553,272494
123,2017,27,4,5,0.008,601843,295109
124,2017,28,4,7,0.016,433233,215350
125,2017,29,4,8,0.009,909028,542677
126,2017,2A,4,3,0.019,157249,118848
127,2017,2B,4,14,0.079,177689,130820
128,2017,30,4,11,0.015,744178,423840
129,2017,31,4,12,0.009,1362672,715532
130,2017,32,4,1,0.005,191091,110358
131,2017,33,4,18,0.011,1583384,856616
132,2017,34,4,15,0.013,1144892,718743
133,2017,35,4,5,0.005,1060199,546440
134,2017,36,4,1,0.004,222232,138634
135,2017,37,4,7,0.012,606511,321881
136,2017,38,4,16,0.013,1258722,646707
137,2017,39,4,0,0.000,260188,149350
138,2017,40,4,2,0.005,407444,255992
139,2017,41,4,3,0.009,331915,183643
140,2017,42,4,4,0.005,762941,396655
141,2017,43,4,2,0.009,227283,142989
142,2017,44,4,10,0.007,1394909,740924
143,2017,45,4,5,0.007,678105,344708
144,2017,46,4,2,0.012,173828,118075
145,2017,47,4,11,0.033,332842,185343
146,2017,48,4,1,0.013,76601,60898
147,2017,49,4,16,0.020,813493,394578
148,2017,50,4,4,0.008,496883,297133
149,2017,51,4,6,0.011,568895,294041
150,2017,52,4,0,0.000,175640,100650
151,2017,53,4,3,0.010,307445,156662
152,2017,54,4,7,0.010,733481,375755
153,2017,55,4,2,0.011,187187,99736
154,2017,56,4,10,0.013,750863,464186
155,2017,57,4,17,0.016,1043522,514328
156,2017,58,4,2,0.010,207182,141642
157,2017,59,4,30,0.012,2604361,1214497
158,2017,60,4,11,0.013,824503,372778
159,2017,61,4,1,0.004,283372,164926
160,2017,62,4,15,0.010,1468018,713245
161,2017,63,4,5,0.008,653742,386425
162,2017,64,4,7,0.010,677309,404979
163,2017,65,4,0,0.000,228530,161703
164,2017,66,4,7,0.015,474452,349914
165,2017,67,4,4,0.004,1125559,554075
166,2017,68,4,5,0.007,764030,376960
167,2017,69,4,20,0.011,1843319,914980
168,2017,70,4,3,0.013,236659,127615
169,2017,71,4,3,0.005,553595,310391
170,2017,72,4,5,0.009,566506,291039
171,2017,73,4,8,0.019,431174,345226
172,2017,74,4,12,0.015,807360,508229
173,2017,75,4,32,0.015,2187526,1382779
174,2017,76,4,11,0.009,1254378,640334
175,2017,77,4,18,0.013,1403997,612076
176,2017,78,4,11,0.008,1438266,637200
177,2017,79,4,5,0.013,374351,193971
178,2017,80,4,7,0.012,572443,299211
179,2017,81,4,3,0.008,387890,211038
180,2017,82,4,3,0.012,258349,131300
181,2017,83,4,25,0.024,1058740,714503
182,2017,84,4,13,0.023,559479,301947
183,2017,85,4,3,0.004,675247,421680
184,2017,86,4,3,0.007,436876,240200
185,2017,87,4,1,0.003,374426,219980
186,2017,88,4,2,0.005,367673,213629
187,2017,89,4,6,0.018,338291,196697
188,2017,90,4,1,0.007,142622,72211
189,2017,91,4,13,0.010,1296130,558684
190,2017,92,4,10,0.006,1609306,796181
191,2017,93,4,26,0.016,1623111,671680
192,2017,94,4,15,0.011,1387926,633207
193,2017,95,4,7,0.006,1228618,504100
194,2018,01,4,7,0.011,647634,317983
195,2018,02,4,9,0.017,533316,266641
196,2018,03,4,3,0.009,337171,208375
197,2018,04,4,1,0.006,164068,129062
198,2018,05,4,2,0.014,140698,136581
199,2018,06,4,20,0.018,1086219,772317
200,2018,07,4,2,0.006,326606,204906
201,2018,08,4,2,0.007,271845,143015
202,2018,09,4,1,0.007,153066,110222
203,2018,10,4,3,0.010,310020,165502
204,2018,11,4,13,0.035,372806,263889
205,2018,12,4,2,0.007,279274,182028
206,2018,13,4,74,0.036,2034357,1034043
207,2018,14,4,2,0.003,694056,419714
208,2018,15,4,3,0.021,144765,101693
209,2018,16,4,3,0.009,351778,198242
210,2018,17,4,9,0.014,646932,436869
211,2018,18,4,1,0.003,303408,179125
212,2018,19,4,1,0.004,240583,154657
213,2018,21,4,6,0.011,533220,290523
214,2018,22,4,6,0.010,599584,369601
215,2018,23,4,1,0.009,117503,88728
216,2018,24,4,7,0.017,413418,260245
217,2018,25,4,6,0.011,541454,282056
218,2018,26,4,17,0.033,514732,275727
219,2018,27,4,3,0.005,599962,297286
220,2018,28,4,3,0.007,431997,216684
221,2018,29,4,10,0.011,911735,545808
222,2018,2A,4,5,0.032,157853,120567
223,2018,2B,4,5,0.028,180701,132077
224,2018,30,4,12,0.016,745458,428087
225,2018,31,4,13,0.009,1380672,728249
226,2018,32,4,3,0.016,191283,111171
227,2018,33,4,21,0.013,1601845,872327
228,2018,34,4,15,0.013,1159220,729653
229,2018,35,4,5,0.005,1069228,554254
230,2018,36,4,1,0.005,220595,138879
231,2018,37,4,5,0.008,607760,325172
232,2018,38,4,8,0.006,1263563,653289
233,2018,39,4,3,0.012,259746,150169
234,2018,40,4,0,0.000,410355,259512
235,2018,41,4,4,0.012,330248,184614
236,2018,42,4,2,0.003,763441,399134
237,2018,43,4,5,0.022,227552,143699
238,2018,44,4,20,0.014,1412502,752968
239,2018,45,4,6,0.009,678845,347107
240,2018,46,4,0,0.000,173929,118998
241,2018,47,4,3,0.009,331970,186511
242,2018,48,4,0,0.000,76520,61340
243,2018,49,4,6,0.007,815883,397887
244,2018,50,4,3,0.006,495983,298631
245,2018,51,4,4,0.007,567462,295611
246,2018,52,4,1,0.006,174069,100617
247,2018,53,4,4,0.013,307084,157552
248,2018,54,4,9,0.012,733469,378055
249,2018,55,4,1,0.005,185355,99893
250,2018,56,4,3,0.004,754867,468872
251,2018,57,4,12,0.011,1043524,518772
252,2018,58,4,3,0.015,205828,141623
253,2018,59,4,40,0.015,2606234,1224589
254,2018,60,4,8,0.010,827153,376185
255,2018,61,4,2,0.007,281593,165463
256,2018,62,4,23,0.016,1466743,717901
257,2018,63,4,5,0.008,659048,389711
258,2018,64,4,7,0.010,679810,409790
259,2018,65,4,3,0.013,229191,162729
260,2018,66,4,9,0.019,476357,352742
261,2018,67,4,10,0.009,1133552,561562
262,2018,68,4,9,0.012,764981,380238
263,2018,69,4,19,0.010,1859524,926576
264,2018,70,4,1,0.004,236018,128333
265,2018,71,4,5,0.009,552185,311499
266,2018,72,4,5,0.009,565963,292628
267,2018,73,4,8,0.018,433724,349226
268,2018,74,4,3,0.004,816699,517217
269,2018,75,4,34,0.016,2175601,1386846
270,2018,76,4,15,0.012,1255883,645786
271,2018,77,4,6,0.004,1412516,619784
272,2018,78,4,12,0.008,1441398,643946
273,2018,79,4,2,0.005,374799,195051
274,2018,80,4,10,0.018,570662,301740
275,2018,81,4,3,0.008,388596,212905
276,2018,82,4,1,0.004,259124,132603
277,2018,83,4,22,0.021,1067697,722128
278,2018,84,4,8,0.014,559793,305436
279,2018,85,4,3,0.004,679991,426426
280,2018,86,4,4,0.009,437586,241951
281,2018,87,4,2,0.005,373199,220762
282,2018,88,4,1,0.003,366112,214363
283,2018,89,4,6,0.018,337504,197683
284,2018,90,4,1,0.007,141852,72929
285,2018,91,4,12,0.009,1296641,564587
286,2018,92,4,18,0.011,1619120,801737
287,2018,93,4,26,0.016,1632677,679663
288,2018,94,4,10,0.007,1396913,640016
289,2018,95,4,10,0.008,1238581,510302
290,2019,01,4,4,0.006,652432,321432
291,2019,02,4,5,0.009,531345,266922
292,2019,03,4,3,0.009,335975,208863
293,2019,04,4,0,0.000,164308,129690
294,2019,05,4,2,0.014,141220,137644
295,2019,06,4,9,0.008,1094283,778291
296,2019,07,4,4,0.012,328278,206435
297,2019,08,4,2,0.007,270582,142983
298,2019,09,4,4,0.026,153287,110526
299,2019,10,4,4,0.013,310242,166101
300,2019,11,4,5,0.013,374070,265167
301,2019,12,4,4,0.014,279595,182769
302,2019,13,4,60,0.029,2043110,1044973
303,2019,14,4,11,0.016,694905,422082
304,2019,15,4,2,0.014,144692,101953
305,2019,16,4,4,0.011,352015,198920
306,2019,17,4,8,0.012,651358,440935
307,2019,18,4,3,0.010,302306,179430
308,2019,19,4,3,0.012,240073,155041
309,2019,21,4,5,0.009,534124,292479
310,2019,22,4,2,0.003,600582,371643
311,2019,23,4,0,0.000,116617,88646
312,2019,24,4,8,0.019,413223,261104
313,2019,25,4,3,0.006,543974,283778
314,2019,26,4,9,0.017,516762,277777
315,2019,27,4,9,0.015,599507,298148
316,2019,28,4,2,0.005,431575,217440
317,2019,29,4,9,0.010,915090,549039
318,2019,2A,4,5,0.032,158507,122005
319,2019,2B,4,4,0.022,181933,133540
320,2019,30,4,7,0.009,748437,431684
321,2019,31,4,21,0.015,1400039,740546
322,2019,32,4,1,0.005,191377,111536
323,2019,33,4,15,0.009,1623749,886986
324,2019,34,4,14,0.012,1175623,739737
325,2019,35,4,8,0.007,1079498,561343
326,2019,36,4,1,0.005,219316,138826
327,2019,37,4,6,0.010,610079,328095
328,2019,38,4,18,0.014,1271166,659031
329,2019,39,4,1,0.004,259199,150475
330,2019,40,4,4,0.010,413690,262370
331,2019,41,4,0,0.000,329470,185077
332,2019,42,4,6,0.008,765634,401112
333,2019,43,4,0,0.000,227570,143916
334,2019,44,4,10,0.007,1429272,764010
335,2019,45,4,15,0.022,680434,348977
336,2019,46,4,0,0.000,174094,119499
337,2019,47,4,3,0.009,331271,187058
338,2019,48,4,0,0.000,76604,61547
339,2019,49,4,8,0.010,818273,400508
340,2019,50,4,4,0.008,495045,299656
341,2019,51,4,8,0.014,566855,297288
342,2019,52,4,2,0.012,172512,100382
343,2019,53,4,4,0.013,307062,158083
344,2019,54,4,4,0.005,733760,379680
345,2019,55,4,3,0.016,184083,99834
346,2019,56,4,8,0.011,759684,472749
347,2019,57,4,17,0.016,1046543,523268
348,2019,58,4,1,0.005,204452,141411
349,2019,59,4,33,0.013,2608346,1232504
350,2019,60,4,9,0.011,829419,378048
351,2019,61,4,2,0.007,279942,165100
352,2019,62,4,19,0.013,1465278,720800
353,2019,63,4,8,0.012,662152,392038
354,2019,64,4,8,0.012,682621,413357
355,2019,65,4,2,0.009,229567,163634
356,2019,66,4,8,0.017,479979,355661
357,2019,67,4,12,0.011,1140057,567991
358,2019,68,4,9,0.012,767086,382805
359,2019,69,4,21,0.011,1875747,937544
360,2019,70,4,2,0.008,235313,128450
361,2019,71,4,10,0.018,551493,311966
362,2019,72,4,7,0.012,566412,293561
363,2019,73,4,8,0.018,436434,352254
364,2019,74,4,7,0.008,826094,525404
365,2019,75,4,41,0.019,2165423,1389375
366,2019,76,4,11,0.009,1255633,649681
367,2019,77,4,12,0.008,1421197,626435
368,2019,78,4,14,0.010,1448207,649383
369,2019,79,4,2,0.005,374878,195568
370,2019,80,4,8,0.014,570559,303449
371,2019,81,4,5,0.013,389844,214423
372,2019,82,4,4,0.015,260669,133522
373,2019,83,4,22,0.020,1076711,729223
374,2019,84,4,8,0.014,561469,308505
375,2019,85,4,5,0.007,685442,430815
376,2019,86,4,5,0.011,438435,242907
377,2019,87,4,4,0.011,372359,221194
378,2019,88,4,6,0.016,364499,214287
379,2019,89,4,3,0.009,335707,197718
380,2019,90,4,1,0.007,141318,73180
381,2019,91,4,11,0.008,1301659,570417
382,2019,92,4,16,0.010,1624357,807711
383,2019,93,4,23,0.014,1644903,687238
384,2019,94,4,20,0.014,1407124,647289
385,2019,95,4,9,0.007,1249674,517063
386,2020,01,4,3,0.005,657856,325431
387,2020,02,4,7,0.013,529374,267555
388,2020,03,4,3,0.009,335628,209251
389,2020,04,4,8,0.048,165451,130500
390,2020,05,4,1,0.007,140605,138751
391,2020,06,4,20,0.018,1097410,783398
392,2020,07,4,4,0.012,329325,207922
393,2020,08,4,6,0.022,269701,143402
394,2020,09,4,4,0.026,153954,110875
395,2020,10,4,2,0.006,311435,166928
396,2020,11,4,1,0.003,375217,266877
397,2020,12,4,3,0.011,279554,183702
398,2020,13,4,42,0.021,2048070,1055315
399,2020,14,4,6,0.009,697547,426069
400,2020,15,4,0,0.000,144379,102234
401,2020,16,4,5,0.014,351718,199746
402,2020,17,4,8,0.012,655709,445578
403,2020,18,4,3,0.010,300933,179389
404,2020,19,4,3,0.013,239190,155575
405,2020,21,4,6,0.011,535078,294776
406,2020,22,4,5,0.008,603640,373909
407,2020,23,4,0,0.000,115995,88769
408,2020,24,4,4,0.010,412807,262321
409,2020,25,4,4,0.007,545209,285770
410,2020,26,4,8,0.015,517709,279948
411,2020,27,4,10,0.017,599668,299419
412,2020,28,4,5,0.012,431443,218433
413,2020,29,4,6,0.007,917179,552465
414,2020,2A,4,3,0.019,160814,123650
415,2020,2B,4,5,0.027,182887,135125
416,2020,30,4,6,0.008,751457,435785
417,2020,31,4,13,0.009,1415757,754396
418,2020,32,4,1,0.005,191819,112134
419,2020,33,4,13,0.008,1636391,900198
420,2020,34,4,15,0.013,1188973,750002
421,2020,35,4,5,0.005,1088855,568308
422,2020,36,4,4,0.018,218707,138959
423,2020,37,4,6,0.010,612119,330454
424,2020,38,4,13,0.010,1277513,665362
425,2020,39,4,0,0.000,258798,151009
426,2020,40,4,7,0.017,418122,265930
427,2020,41,4,0,0.000,329357,185591
428,2020,42,4,13,0.017,768508,403254
429,2020,43,4,1,0.004,227489,144442
430,2020,44,4,10,0.007,1445171,776207
431,2020,45,4,7,0.010,682304,351028
432,2020,46,4,0,0.000,174670,120123
433,2020,47,4,7,0.021,330844,188120
434,2020,48,4,0,0.000,76633,61734
435,2020,49,4,6,0.007,820713,403157
436,2020,50,4,5,0.010,495093,301071
437,2020,51,4,6,0.011,566659,299421
438,2020,52,4,3,0.017,171798,100520
439,2020,53,4,3,0.010,306538,158874
440,2020,54,4,5,0.007,732590,381849
441,2020,55,4,3,0.016,183001,100007
442,2020,56,4,3,0.004,764161,476941
443,2020,57,4,11,0.010,1049155,527832
444,2020,58,4,4,0.020,202670,141219
445,2020,59,4,31,0.012,2607746,1241241
446,2020,60,4,10,0.012,829699,380003
447,2020,61,4,2,0.007,278475,164988
448,2020,62,4,12,0.008,1462167,724156
449,2020,63,4,5,0.008,661852,394760
450,2020,64,4,9,0.013,687240,417293
451,2020,65,4,2,0.009,229788,164545
452,2020,66,4,14,0.029,482765,359151
453,2020,67,4,8,0.007,1148073,575001
454,2020,68,4,4,0.005,767842,386082
455,2020,69,4,21,0.011,1883437,949531
456,2020,70,4,2,0.009,234601,128855
457,2020,71,4,4,0.007,551063,312880
458,2020,72,4,5,0.009,566993,294778
459,2020,73,4,5,0.011,439750,355575
460,2020,74,4,3,0.004,835206,533337
461,2020,75,4,19,0.009,2145906,1393800
462,2020,76,4,19,0.015,1254739,653680
463,2020,77,4,1,0.001,1428636,634163
464,2020,78,4,9,0.006,1449723,654741
465,2020,79,4,8,0.021,374481,196421
466,2020,80,4,6,0.011,568748,305380
467,2020,81,4,0,0.000,391066,215987
468,2020,82,4,2,0.008,262316,134694
469,2020,83,4,17,0.016,1085189,735547
470,2020,84,4,3,0.005,561941,311098
471,2020,85,4,2,0.003,692705,435953
472,2020,86,4,5,0.011,439332,243821
473,2020,87,4,3,0.008,372123,221779
474,2020,88,4,3,0.008,362397,214812
475,2020,89,4,1,0.003,334156,197870
476,2020,90,4,3,0.021,140120,73384
477,2020,91,4,10,0.008,1306118,577712
478,2020,92,4,12,0.007,1626213,815765
479,2020,93,4,32,0.019,1655422,696152
480,2020,94,4,21,0.015,1407972,654340
481,2020,95,4,14,0.011,1251804,523106
482,2021,01,4,3,0.005,663202,329783
483,2021,02,4,6,0.011,527468,268381
484,2021,03,4,0,0.000,334872,209666
485,2021,04,4,2,0.012,166077,131551
486,2021,05,4,1,0.007,140976,139877
487,2021,06,4,11,0.010,1103941,788916
488,2021,07,4,5,0.015,331415,209963
489,2021,08,4,2,0.007,268859,143973
490,2021,09,4,0,0.000,154596,111352
491,2021,10,4,2,0.006,311329,167657
492,2021,11,4,8,0.021,376028,268987
493,2021,12,4,3,0.011,279649,184954
494,2021,13,4,60,0.029,2056943,1066675
495,2021,14,4,5,0.007,700633,429997
496,2021,15,4,1,0.007,144226,102634
497,2021,16,4,6,0.017,350867,200757
498,2021,17,4,3,0.005,661404,451118
499,2021,18,4,3,0.010,299573,179274
500,2021,19,4,1,0.004,239784,156356
501,2021,21,4,2,0.004,535503,297329
502,2021,22,4,8,0.013,605917,376517
503,2021,23,4,3,0.026,115702,89016
504,2021,24,4,1,0.002,413730,264136
505,2021,25,4,8,0.015,547096,288184
506,2021,26,4,8,0.015,519458,282419
507,2021,27,4,8,0.013,598934,300922
508,2021,28,4,3,0.007,431277,219670
509,2021,29,4,11,0.012,921638,556255
510,2021,2A,4,8,0.049,162942,124954
511,2021,2B,4,6,0.032,184655,136722
512,2021,30,4,13,0.017,756543,441086
513,2021,31,4,13,0.009,1434367,769604
514,2021,32,4,3,0.016,192437,112806
515,2021,33,4,17,0.010,1654970,913452
516,2021,34,4,17,0.014,1201883,760879
517,2021,35,4,10,0.009,1098325,575321
518,2021,36,4,2,0.009,217228,139055
519,2021,37,4,4,0.007,612160,333159
520,2021,38,4,10,0.008,1284948,673024
521,2021,39,4,0,0.000,258555,151865
522,2021,40,4,3,0.007,422976,270194
523,2021,41,4,2,0.006,328504,186408
524,2021,42,4,9,0.012,769029,405452
525,2021,43,4,3,0.013,227284,145236
526,2021,44,4,9,0.006,1457806,787187
527,2021,45,4,7,0.010,684561,353544
528,2021,46,4,1,0.006,174942,120797
529,2021,47,4,5,0.015,331229,189189
530,2021,48,4,0,0.000,76519,62006
531,2021,49,4,7,0.008,824743,406488
532,2021,50,4,4,0.008,495508,302441
533,2021,51,4,11,0.019,565292,300919
534,2021,52,4,2,0.012,171042,100716
535,2021,53,4,3,0.010,305933,159714
536,2021,54,4,6,0.008,732486,384639
537,2021,55,4,1,0.005,181919,100190
538,2021,56,4,8,0.010,768687,481682
539,2021,57,4,15,0.014,1049942,531542
540,2021,58,4,1,0.005,202417,141381
541,2021,59,4,29,0.011,2611293,1251657
542,2021,60,4,5,0.006,828838,382118
543,2021,61,4,4,0.014,276973,165115
544,2021,62,4,12,0.008,1461441,727951
545,2021,63,4,5,0.008,662285,397923
546,2021,64,4,8,0.012,693027,421756
547,2021,65,4,3,0.013,230956,165621
548,2021,66,4,10,0.021,487307,362350
549,2021,67,4,5,0.004,1152662,581630
550,2021,68,4,4,0.005,767083,389445
551,2021,69,4,11,0.006,1893692,964037
552,2021,70,4,3,0.013,234296,129449
553,2021,71,4,2,0.004,549288,314053
554,2021,72,4,7,0.012,566058,296419
555,2021,73,4,5,0.011,442468,358886
556,2021,74,4,4,0.005,841482,540705
557,2021,75,4,22,0.010,2133111,1396753
558,2021,76,4,14,0.011,1255918,657851
559,2021,77,4,20,0.014,1438100,641376
560,2021,78,4,15,0.010,1456365,661312
561,2021,79,4,5,0.013,374587,197430
562,2021,80,4,11,0.019,566252,307149
563,2021,81,4,2,0.005,393572,218036
564,2021,82,4,2,0.008,263377,135891
565,2021,83,4,14,0.013,1095337,743682
566,2021,84,4,11,0.019,564566,314424
567,2021,85,4,8,0.011,699459,441153
568,2021,86,4,7,0.016,439385,245247
569,2021,87,4,6,0.016,371691,222826
570,2021,88,4,2,0.006,360673,215468
571,2021,89,4,5,0.015,333385,198598
572,2021,90,4,2,0.014,139654,73620
573,2021,91,4,18,0.014,1313768,587710
574,2021,92,4,19,0.012,1635291,824372
575,2021,93,4,27,0.016,1668670,705282
576,2021,94,4,20,0.014,1415367,662168
577,2021,95,4,23,0.018,1256607,529926
578,2022,01,4,9,0.013,671289,329783
579,2022,02,4,6,0.011,525558,268381
580,2022,03,4,0,0.000,334715,209666
581,2022,04,4,1,0.006,167179,131551
582,2022,05,4,4,0.028,141677,139877
583,2022,06,4,17,0.015,1114579,788916
584,2022,07,4,5,0.015,333229,209963
585,2022,08,4,4,0.015,267204,143973
586,2022,09,4,4,0.026,155339,111352
587,2022,10,4,5,0.016,311076,167657
588,2022,11,4,4,0.011,377773,268987
589,2022,12,4,2,0.007,279736,184954
590,2022,13,4,82,0.040,2069811,1066675
591,2022,14,4,4,0.006,704605,429997
592,2022,15,4,0,0.000,144399,102634
593,2022,16,4,5,0.014,351603,200757
594,2022,17,4,6,0.009,668160,451118
595,2022,18,4,3,0.010,299496,179274
596,2022,19,4,2,0.008,240120,156356
597,2022,21,4,3,0.006,537577,297329
598,2022,22,4,8,0.013,609598,376517
599,2022,23,4,0,0.000,115529,89016
600,2022,24,4,7,0.017,416325,264136
601,2022,25,4,12,0.022,548662,288184
602,2022,26,4,7,0.013,521432,282419
603,2022,27,4,8,0.013,601305,300922
604,2022,28,4,6,0.014,432950,219670
605,2022,29,4,16,0.017,927912,556255
606,2022,2A,4,5,0.030,166045,124954
607,2022,2B,4,7,0.038,185231,136722
608,2022,30,4,9,0.012,764010,441086
609,2022,31,4,11,0.008,1456261,769604
610,2022,32,4,1,0.005,192649,112806
611,2022,33,4,17,0.010,1674980,913452
612,2022,34,4,22,0.018,1217331,760879
613,2022,35,4,20,0.018,1109232,575321
614,2022,36,4,2,0.009,216809,139055
615,2022,37,4,6,0.010,616326,333159
616,2022,38,4,13,0.010,1291380,673024
617,2022,39,4,2,0.008,258405,151865
618,2022,40,4,5,0.012,428427,270194
619,2022,41,4,5,0.015,328953,186408
620,2022,42,4,7,0.009,772041,405452
621,2022,43,4,0,0.000,228161,145236
622,2022,44,4,23,0.016,1473156,787187
623,2022,45,4,9,0.013,687063,353544
624,2022,46,4,2,0.011,175620,120797
625,2022,47,4,5,0.015,332226,189189
626,2022,48,4,0,0.000,76503,62006
627,2022,49,4,8,0.010,828151,406488
628,2022,50,4,4,0.008,496815,302441
629,2022,51,4,9,0.016,564107,300919
630,2022,52,4,1,0.006,169865,100716
631,2022,53,4,1,0.003,305437,159714
632,2022,54,4,8,0.011,732898,384639
633,2022,55,4,1,0.006,180745,100190
634,2022,56,4,8,0.010,776103,481682
635,2022,57,4,17,0.016,1050721,531542
636,2022,58,4,1,0.005,202299,141381
637,2022,59,4,33,0.013,2616909,1251657
638,2022,60,4,2,0.002,830725,382118
639,2022,61,4,5,0.018,276144,165115
640,2022,62,4,15,0.010,1460184,727951
641,2022,63,4,5,0.008,664385,397923
642,2022,64,4,4,0.006,699473,421756
643,2022,65,4,6,0.026,231453,165621
644,2022,66,4,12,0.024,492964,362350
645,2022,67,4,4,0.003,1156963,581630
646,2022,68,4,10,0.013,767800,389445
647,2022,69,4,22,0.012,1907982,964037
648,2022,70,4,1,0.004,233920,129449
649,2022,71,4,8,0.015,549136,314053
650,2022,72,4,13,0.023,566129,296419
651,2022,73,4,4,0.009,445288,358886
652,2022,74,4,7,0.008,849583,540705
653,2022,75,4,35,0.017,2113705,1396753
654,2022,76,4,12,0.010,1260205,657851
655,2022,77,4,13,0.009,1452399,641376
656,2022,78,4,10,0.007,1470778,661312
657,2022,79,4,3,0.008,375415,197430
658,2022,80,4,10,0.018,565540,307149
659,2022,81,4,3,0.008,396168,218036
660,2022,82,4,1,0.004,264924,135891
661,2022,83,4,10,0.009,1108364,743682
662,2022,84,4,11,0.019,568702,314424
663,2022,85,4,3,0.004,706343,441153
664,2022,86,4,7,0.016,438688,245247
665,2022,87,4,2,0.005,372438,222826
666,2022,88,4,2,0.006,358700,215468
667,2022,89,4,5,0.015,333896,198598
668,2022,90,4,2,0.014,140082,73620
669,2022,91,4,21,0.016,1324546,587710
670,2022,92,4,13,0.008,1647435,824372
671,2022,93,4,19,0.011,1681725,705282
672,2022,94,4,16,0.011,1419531,662168
673,2022,95,4,16,0.013,1270845,529926
674,2023,01,4,3,0.004,671289,329783
675,2023,02,4,8,0.015,525558,268381
676,2023,03,4,3,0.009,334715,209666
677,2023,04,4,2,0.012,167179,131551
678,2023,05,4,0,0.000,141677,139877
679,2023,06,4,19,0.017,1114579,788916
680,2023,07,4,4,0.012,333229,209963
681,2023,08,4,4,0.015,267204,143973
682,2023,09,4,2,0.013,155339,111352
683,2023,10,4,3,0.010,311076,167657
684,2023,11,4,5,0.013,377773,268987
685,2023,12,4,3,0.011,279736,184954
686,2023,13,4,84,0.041,2069811,1066675
687,2023,14,4,8,0.011,704605,429997
688,2023,15,4,1,0.007,144399,102634
689,2023,16,4,2,0.006,351603,200757
690,2023,17,4,3,0.004,668160,451118
691,2023,18,4,2,0.007,299496,179274
692,2023,19,4,5,0.021,240120,156356
693,2023,21,4,5,0.009,537577,297329
694,2023,22,4,9,0.015,609598,376517
695,2023,23,4,1,0.009,115529,89016
696,2023,24,4,4,0.010,416325,264136
697,2023,25,4,8,0.015,548662,288184
698,2023,26,4,10,0.019,521432,282419
699,2023,27,4,8,0.013,601305,300922
700,2023,28,4,10,0.023,432950,219670
701,2023,29,4,10,0.011,927912,556255
702,2023,2A,4,6,0.036,166045,124954
703,2023,2B,4,6,0.032,185231,136722
704,2023,30,4,15,0.020,764010,441086
705,2023,31,4,18,0.012,1456261,769604
706,2023,32,4,2,0.010,192649,112806
707,2023,33,4,14,0.008,1674980,913452
708,2023,34,4,20,0.016,1217331,760879
709,2023,35,4,9,0.008,1109232,575321
710,2023,36,4,2,0.009,216809,139055
711,2023,37,4,8,0.013,616326,333159
712,2023,38,4,15,0.012,1291380,673024
713,2023,39,4,1,0.004,258405,151865
714,2023,40,4,2,0.005,428427,270194
715,2023,41,4,2,0.006,328953,186408
716,2023,42,4,4,0.005,772041,405452
717,2023,43,4,1,0.004,228161,145236
718,2023,44,4,12,0.008,1473156,787187
719,2023,45,4,5,0.007,687063,353544
720,2023,46,4,1,0.006,175620,120797
721,2023,47,4,5,0.015,332226,189189
722,2023,48,4,0,0.000,76503,62006
723,2023,49,4,13,0.016,828151,406488
724,2023,50,4,6,0.012,496815,302441
725,2023,51,4,7,0.012,564107,300919
726,2023,52,4,1,0.006,169865,100716
727,2023,53,4,1,0.003,305437,159714
728,2023,54,4,7,0.010,732898,384639
729,2023,55,4,1,0.006,180745,100190
730,2023,56,4,12,0.015,776103,481682
731,2023,57,4,6,0.006,1050721,531542
732,2023,58,4,1,0.005,202299,141381
733,2023,59,4,39,0.015,2616909,1251657
734,2023,60,4,8,0.010,830725,382118
735,2023,61,4,2,0.007,276144,165115
736,2023,62,4,23,0.016,1460184,727951
737,2023,63,4,7,0.011,664385,397923
738,2023,64,4,10,0.014,699473,421756
739,2023,65,4,3,0.013,231453,165621
740,2023,66,4,6,0.012,492964,362350
741,2023,67,4,8,0.007,1156963,581630
742,2023,68,4,3,0.004,767800,389445
743,2023,69,4,19,0.010,1907982,964037
744,2023,70,4,1,0.004,233920,129449
745,2023,71,4,1,0.002,549136,314053
746,2023,72,4,6,0.011,566129,296419
747,2023,73,4,8,0.018,445288,358886
748,2023,74,4,9,0.011,849583,540705
749,2023,75,4,25,0.012,2113705,1396753
750,2023,76,4,23,0.018,1260205,657851
751,2023,77,4,18,0.012,1452399,641376
752,2023,78,4,16,0.011,1470778,661312
753,2023,79,4,5,0.013,375415,197430
754,2023,80,4,14,0.025,565540,307149
755,2023,81,4,2,0.005,396168,218036
756,2023,82,4,2,0.008,264924,135891
757,2023,83,4,14,0.013,1108364,743682
758,2023,84,4,15,0.026,568702,314424
759,2023,85,4,3,0.004,706343,441153
760,2023,86,4,11,0.025,438688,245247
761,2023,87,4,6,0.016,372438,222826
762,2023,88,4,4,0.011,358700,215468
763,2023,89,4,2,0.006,333896,198598
764,2023,90,4,2,0.014,140082,73620
765,2023,91,4,15,0.011,1324546,587710
766,2023,92,4,15,0.009,1647435,824372
767,2023,93,4,30,0.018,1681725,705282
768,2023,94,4,18,0.013,1419531,662168
769,2023,95,4,19,0.015,1270845,529926
770,2024,01,4,6,0.009,671289,329783
771,2024,02,4,8,0.015,525558,268381
772,2024,03,4,5,0.015,334715,209666
773,2024,04,4,1,0.006,167179,131551
774,2024,05,4,0,0.000,141677,139877
775,2024,06,4,22,0.020,1114579,788916
776,2024,07,4,2,0.006,333229,209963
777,2024,08,4,3,0.011,267204,143973
778,2024,09,4,4,0.026,155339,111352
779,2024,10,4,3,0.010,311076,167657
780,2024,11,4,7,0.019,377773,268987
781,2024,12,4,1,0.004,279736,184954
782,2024,13,4,63,0.030,2069811,1066675
783,2024,14,4,9,0.013,704605,429997
784,2024,15,4,0,0.000,144399,102634
785,2024,16,4,5,0.014,351603,200757
786,2024,17,4,3,0.004,668160,451118
787,2024,18,4,2,0.007,299496,179274
788,2024,19,4,2,0.008,240120,156356
789,2024,21,4,5,0.009,537577,297329
790,2024,22,4,4,0.007,609598,376517
791,2024,23,4,0,0.000,115529,89016
792,2024,24,4,7,0.017,416325,264136
793,2024,25,4,12,0.022,548662,288184
794,2024,26,4,10,0.019,521432,282419
795,2024,27,4,8,0.013,601305,300922
796,2024,28,4,4,0.009,432950,219670
797,2024,29,4,6,0.006,927912,556255
798,2024,2A,4,5,0.030,166045,124954
799,2024,2B,4,13,0.070,185231,136722
800,2024,30,4,7,0.009,764010,441086
801,2024,31,4,15,0.010,1456261,769604
802,2024,32,4,1,0.005,192649,112806
803,2024,33,4,13,0.008,1674980,913452
804,2024,34,4,18,0.015,1217331,760879
805,2024,35,4,10,0.009,1109232,575321
806,2024,36,4,6,0.028,216809,139055
807,2024,37,4,3,0.005,616326,333159
808,2024,38,4,20,0.015,1291380,673024
809,2024,39,4,3,0.012,258405,151865
810,2024,40,4,1,0.002,428427,270194
811,2024,41,4,3,0.009,328953,186408
812,2024,42,4,8,0.010,772041,405452
813,2024,43,4,1,0.004,228161,145236
814,2024,44,4,15,0.010,1473156,787187
815,2024,45,4,6,0.009,687063,353544
816,2024,46,4,3,0.017,175620,120797
817,2024,47,4,5,0.015,332226,189189
818,2024,48,4,1,0.013,76503,62006
819,2024,49,4,9,0.011,828151,406488
820,2024,50,4,6,0.012,496815,302441
821,2024,51,4,7,0.012,564107,300919
822,2024,52,4,5,0.029,169865,100716
823,2024,53,4,2,0.007,305437,159714
824,2024,54,4,6,0.008,732898,384639
825,2024,55,4,2,0.011,180745,100190
826,2024,56,4,6,0.008,776103,481682
827,2024,57,4,11,0.010,1050721,531542
828,2024,58,4,2,0.010,202299,141381
829,2024,59,4,31,0.012,2616909,1251657
830,2024,60,4,8,0.010,830725,382118
831,2024,61,4,2,0.007,276144,165115
832,2024,62,4,10,0.007,1460184,727951
833,2024,63,4,4,0.006,664385,397923
834,2024,64,4,9,0.013,699473,421756
835,2024,65,4,4,0.017,231453,165621
836,2024,66,4,6,0.012,492964,362350
837,2024,67,4,5,0.004,1156963,581630
838,2024,68,4,7,0.009,767800,389445
839,2024,69,4,25,0.013,1907982,964037
840,2024,70,4,2,0.009,233920,129449
841,2024,71,4,3,0.005,549136,314053
842,2024,72,4,9,0.016,566129,296419
843,2024,73,4,2,0.004,445288,358886
844,2024,74,4,30,0.035,849583,540705
845,2024,75,4,32,0.015,2113705,1396753
846,2024,76,4,14,0.011,1260205,657851
847,2024,77,4,17,0.012,1452399,641376
848,2024,78,4,12,0.008,1470778,661312
849,2024,79,4,4,0.011,375415,197430
850,2024,80,4,3,0.005,565540,307149
851,2024,81,4,5,0.013,396168,218036
852,2024,82,4,4,0.015,264924,135891
853,2024,83,4,26,0.023,1108364,743682
854,2024,84,4,8,0.014,568702,314424
855,2024,85,4,11,0.016,706343,441153
856,2024,86,4,7,0.016,438688,245247
857,2024,87,4,4,0.011,372438,222826
858,2024,88,4,6,0.017,358700,215468
859,2024,89,4,1,0.003,333896,198598
860,2024,90,4,1,0.007,140082,73620
861,2024,91,4,23,0.017,1324546,587710
862,2024,92,4,8,0.005,1647435,824372
863,2024,93,4,42,0.025,1681725,705282
864,2024,94,4,9,0.006,1419531,662168
865,2024,95,4,16,0.013,1270845,529926
866,2016,01,5,13,0.020,638425,308491
867,2016,02,5,13,0.024,536136,264180
868,2016,03,5,8,0.024,339384,206980
869,2016,04,5,5,0.031,162565,126760
870,2016,05,5,7,0.050,141107,134647
871,2016,06,5,77,0.071,1083704,761857
872,2016,07,5,6,0.018,325157,201264
873,2016,08,5,20,0.073,275371,142010
874,2016,09,5,1,0.007,153067,108589
875,2016,10,5,9,0.029,308910,163064
876,2016,11,5,8,0.022,368025,258453
877,2016,12,5,3,0.011,278697,179901
878,2016,13,5,132,0.065,2019717,1009576
879,2016,14,5,3,0.004,693679,412038
880,2016,15,5,0,0.000,145969,101070
881,2016,16,5,5,0.014,353288,196145
882,2016,17,5,10,0.016,642191,427696
883,2016,18,5,2,0.007,307110,177873
884,2016,19,5,3,0.012,241535,153380
885,2016,21,5,4,0.008,533213,285326
886,2016,22,5,11,0.018,598953,363788
887,2016,23,5,15,0.126,119502,88330
888,2016,24,5,2,0.005,414789,256942
889,2016,25,5,24,0.045,538549,277578
890,2016,26,5,15,0.030,508006,269062
891,2016,27,5,14,0.023,602825,292969
892,2016,28,5,23,0.053,433929,213849
893,2016,29,5,14,0.015,908249,537671
894,2016,2A,5,8,0.052,154303,116432
895,2016,2B,5,14,0.079,176152,129422
896,2016,30,5,19,0.026,742006,419029
897,2016,31,5,54,0.040,1348183,703754
898,2016,32,5,2,0.010,190664,109392
899,2016,33,5,33,0.021,1566679,843050
900,2016,34,5,46,0.041,1132481,707572
901,2016,35,5,14,0.013,1051779,538258
902,2016,36,5,1,0.004,223505,138229
903,2016,37,5,10,0.016,606223,318933
904,2016,38,5,32,0.026,1252912,639743
905,2016,39,5,5,0.019,260517,148337
906,2016,40,5,4,0.010,405010,252298
907,2016,41,5,5,0.015,332769,182821
908,2016,42,5,22,0.029,761997,394202
909,2016,43,5,2,0.009,227339,142111
910,2016,44,5,32,0.023,1380852,729714
911,2016,45,5,14,0.021,674330,341549
912,2016,46,5,1,0.006,173347,117328
913,2016,47,5,5,0.015,332833,184194
914,2016,48,5,0,0.000,76422,60395
915,2016,49,5,14,0.017,810934,391283
916,2016,50,5,4,0.008,498362,295248
917,2016,51,5,5,0.009,570883,292095
918,2016,52,5,4,0.022,178084,100722
919,2016,53,5,3,0.010,307688,155625
920,2016,54,5,35,0.048,733821,373165
921,2016,55,5,1,0.005,189055,99550
922,2016,56,5,11,0.015,747548,459455
923,2016,57,5,17,0.016,1045271,510597
924,2016,58,5,5,0.024,209161,141593
925,2016,59,5,100,0.038,2603723,1205062
926,2016,60,5,25,0.030,823542,369320
927,2016,61,5,2,0.007,285308,164640
928,2016,62,5,51,0.035,1470725,708207
929,2016,63,5,16,0.025,650700,382695
930,2016,64,5,7,0.010,673986,400053
931,2016,65,5,6,0.026,227829,160809
932,2016,66,5,25,0.053,474369,346847
933,2016,67,5,21,0.019,1121407,546387
934,2016,68,5,28,0.037,762743,373686
935,2016,69,5,60,0.033,1835903,904462
936,2016,70,5,8,0.034,237242,126631
937,2016,71,5,11,0.020,555023,309191
938,2016,72,5,14,0.025,567561,289447
939,2016,73,5,13,0.030,429681,341648
940,2016,74,5,18,0.022,801416,500698
941,2016,75,5,170,0.078,2190327,1374377
942,2016,76,5,22,0.018,1255755,634421
943,2016,77,5,43,0.031,1397665,604627
944,2016,78,5,41,0.029,1431808,629383
945,2016,79,5,9,0.024,374743,192620
946,2016,80,5,15,0.026,572744,297094
947,2016,81,5,2,0.005,386448,209380
948,2016,82,5,1,0.004,256897,130059
949,2016,83,5,41,0.039,1055821,707520
950,2016,84,5,16,0.029,559014,298637
951,2016,85,5,9,0.013,670597,417192
952,2016,86,5,12,0.028,436069,237993
953,2016,87,5,3,0.008,374978,219170
954,2016,88,5,12,0.032,369641,212925
955,2016,89,5,7,0.021,340544,195822
956,2016,90,5,2,0.014,144089,71929
957,2016,91,5,48,0.037,1287330,550895
958,2016,92,5,47,0.029,1603268,789809
959,2016,93,5,94,0.059,1606660,662466
960,2016,94,5,80,0.058,1378151,626297
961,2016,95,5,76,0.062,1221923,497749
962,2017,01,5,12,0.019,643350,313061
963,2017,02,5,9,0.017,534490,265548
964,2017,03,5,4,0.012,337988,207725
965,2017,04,5,1,0.006,163915,127940
966,2017,05,5,3,0.021,141284,135493
967,2017,06,5,57,0.053,1083310,766748
968,2017,07,5,3,0.009,325712,203015
969,2017,08,5,1,0.004,273579,142452
970,2017,09,5,0,0.000,153153,109392
971,2017,10,5,9,0.029,310020,164453
972,2017,11,5,12,0.032,370260,261180
973,2017,12,5,2,0.007,279206,181053
974,2017,13,5,100,0.049,2024162,1021226
975,2017,14,5,12,0.017,694002,416115
976,2017,15,5,1,0.007,145143,101363
977,2017,16,5,6,0.017,352335,197059
978,2017,17,5,6,0.009,644303,431948
979,2017,18,5,9,0.030,304256,178580
980,2017,19,5,1,0.004,241464,154124
981,2017,21,5,9,0.017,533819,287831
982,2017,22,5,11,0.018,598814,366683
983,2017,23,5,0,0.000,118638,88506
984,2017,24,5,8,0.019,413606,258732
985,2017,25,5,48,0.089,539067,279578
986,2017,26,5,43,0.084,511553,272494
987,2017,27,5,8,0.013,601843,295109
988,2017,28,5,27,0.062,433233,215350
989,2017,29,5,18,0.020,909028,542677
990,2017,2A,5,12,0.076,157249,118848
991,2017,2B,5,13,0.073,177689,130820
992,2017,30,5,26,0.035,744178,423840
993,2017,31,5,50,0.037,1362672,715532
994,2017,32,5,7,0.037,191091,110358
995,2017,33,5,43,0.027,1583384,856616
996,2017,34,5,41,0.036,1144892,718743
997,2017,35,5,31,0.029,1060199,546440
998,2017,36,5,7,0.031,222232,138634
999,2017,37,5,8,0.013,606511,321881
1000,2017,38,5,40,0.032,1258722,646707
1001,2017,39,5,2,0.008,260188,149350
1002,2017,40,5,7,0.017,407444,255992
1003,2017,41,5,3,0.009,331915,183643
1004,2017,42,5,37,0.048,762941,396655
1005,2017,43,5,6,0.026,227283,142989
1006,2017,44,5,27,0.019,1394909,740924
1007,2017,45,5,21,0.031,678105,344708
1008,2017,46,5,1,0.006,173828,118075
1009,2017,47,5,3,0.009,332842,185343
1010,2017,48,5,0,0.000,76601,60898
1011,2017,49,5,25,0.031,813493,394578
1012,2017,50,5,10,0.020,496883,297133
1013,2017,51,5,24,0.042,568895,294041
1014,2017,52,5,5,0.028,175640,100650
1015,2017,53,5,5,0.016,307445,156662
1016,2017,54,5,13,0.018,733481,375755
1017,2017,55,5,2,0.011,187187,99736
1018,2017,56,5,10,0.013,750863,464186
1019,2017,57,5,9,0.009,1043522,514328
1020,2017,58,5,5,0.024,207182,141642
1021,2017,59,5,68,0.026,2604361,1214497
1022,2017,60,5,43,0.052,824503,372778
1023,2017,61,5,7,0.025,283372,164926
1024,2017,62,5,34,0.023,1468018,713245
1025,2017,63,5,19,0.029,653742,386425
1026,2017,64,5,7,0.010,677309,404979
1027,2017,65,5,1,0.004,228530,161703
1028,2017,66,5,44,0.093,474452,349914
1029,2017,67,5,25,0.022,1125559,554075
1030,2017,68,5,28,0.037,764030,376960
1031,2017,69,5,44,0.024,1843319,914980
1032,2017,70,5,4,0.017,236659,127615
1033,2017,71,5,14,0.025,553595,310391
1034,2017,72,5,11,0.019,566506,291039
1035,2017,73,5,6,0.014,431174,345226
1036,2017,74,5,31,0.038,807360,508229
1037,2017,75,5,216,0.099,2187526,1382779
1038,2017,76,5,18,0.014,1254378,640334
1039,2017,77,5,52,0.037,1403997,612076
1040,2017,78,5,39,0.027,1438266,637200
1041,2017,79,5,8,0.021,374351,193971
1042,2017,80,5,12,0.021,572443,299211
1043,2017,81,5,2,0.005,387890,211038
1044,2017,82,5,9,0.035,258349,131300
1045,2017,83,5,32,0.030,1058740,714503
1046,2017,84,5,20,0.036,559479,301947
1047,2017,85,5,15,0.022,675247,421680
1048,2017,86,5,12,0.027,436876,240200
1049,2017,87,5,2,0.005,374426,219980
1050,2017,88,5,6,0.016,367673,213629
1051,2017,89,5,3,0.009,338291,196697
1052,2017,90,5,3,0.021,142622,72211
1053,2017,91,5,42,0.032,1296130,558684
1054,2017,92,5,49,0.030,1609306,796181
1055,2017,93,5,102,0.063,1623111,671680
1056,2017,94,5,68,0.049,1387926,633207
1057,2017,95,5,54,0.044,1228618,504100
1058,2018,01,5,14,0.022,647634,317983
1059,2018,02,5,7,0.013,533316,266641
1060,2018,03,5,9,0.027,337171,208375
1061,2018,04,5,2,0.012,164068,129062
1062,2018,05,5,2,0.014,140698,136581
1063,2018,06,5,45,0.041,1086219,772317
1064,2018,07,5,3,0.009,326606,204906
1065,2018,08,5,2,0.007,271845,143015
1066,2018,09,5,3,0.020,153066,110222
1067,2018,10,5,4,0.013,310020,165502
1068,2018,11,5,15,0.040,372806,263889
1069,2018,12,5,4,0.014,279274,182028
1070,2018,13,5,141,0.069,2034357,1034043
1071,2018,14,5,13,0.019,694056,419714
1072,2018,15,5,1,0.007,144765,101693
1073,2018,16,5,5,0.014,351778,198242
1074,2018,17,5,15,0.023,646932,436869
1075,2018,18,5,2,0.007,303408,179125
1076,2018,19,5,0,0.000,240583,154657
1077,2018,21,5,23,0.043,533220,290523
1078,2018,22,5,7,0.012,599584,369601
1079,2018,23,5,0,0.000,117503,88728
1080,2018,24,5,7,0.017,413418,260245
1081,2018,25,5,10,0.018,541454,282056
1082,2018,26,5,12,0.023,514732,275727
1083,2018,27,5,23,0.038,599962,297286
1084,2018,28,5,22,0.051,431997,216684
1085,2018,29,5,26,0.029,911735,545808
1086,2018,2A,5,11,0.070,157853,120567
1087,2018,2B,5,7,0.039,180701,132077
1088,2018,30,5,28,0.038,745458,428087
1089,2018,31,5,50,0.036,1380672,728249
1090,2018,32,5,1,0.005,191283,111171
1091,2018,33,5,46,0.029,1601845,872327
1092,2018,34,5,52,0.045,1159220,729653
1093,2018,35,5,31,0.029,1069228,554254
1094,2018,36,5,2,0.009,220595,138879
1095,2018,37,5,23,0.038,607760,325172
1096,2018,38,5,26,0.021,1263563,653289
1097,2018,39,5,5,0.019,259746,150169
1098,2018,40,5,11,0.027,410355,259512
1099,2018,41,5,3,0.009,330248,184614
1100,2018,42,5,20,0.026,763441,399134
1101,2018,43,5,4,0.018,227552,143699
1102,2018,44,5,39,0.028,1412502,752968
1103,2018,45,5,40,0.059,678845,347107
1104,2018,46,5,5,0.029,173929,118998
1105,2018,47,5,11,0.033,331970,186511
1106,2018,48,5,0,0.000,76520,61340
1107,2018,49,5,10,0.012,815883,397887
1108,2018,50,5,9,0.018,495983,298631
1109,2018,51,5,15,0.026,567462,295611
1110,2018,52,5,10,0.057,174069,100617
1111,2018,53,5,4,0.013,307084,157552
1112,2018,54,5,25,0.034,733469,378055
1113,2018,55,5,9,0.049,185355,99893
1114,2018,56,5,17,0.023,754867,468872
1115,2018,57,5,11,0.011,1043524,518772
1116,2018,58,5,1,0.005,205828,141623
1117,2018,59,5,97,0.037,2606234,1224589
1118,2018,60,5,25,0.030,827153,376185
1119,2018,61,5,12,0.043,281593,165463
1120,2018,62,5,52,0.035,1466743,717901
1121,2018,63,5,15,0.023,659048,389711
1122,2018,64,5,10,0.015,679810,409790
1123,2018,65,5,3,0.013,229191,162729
1124,2018,66,5,27,0.057,476357,352742
1125,2018,67,5,22,0.019,1133552,561562
1126,2018,68,5,41,0.054,764981,380238
1127,2018,69,5,64,0.034,1859524,926576
1128,2018,70,5,6,0.025,236018,128333
1129,2018,71,5,20,0.036,552185,311499
1130,2018,72,5,9,0.016,565963,292628
1131,2018,73,5,16,0.037,433724,349226
1132,2018,74,5,16,0.020,816699,517217
1133,2018,75,5,160,0.074,2175601,1386846
1134,2018,76,5,23,0.018,1255883,645786
1135,2018,77,5,45,0.032,1412516,619784
1136,2018,78,5,39,0.027,1441398,643946
1137,2018,79,5,14,0.037,374799,195051
1138,2018,80,5,11,0.019,570662,301740
1139,2018,81,5,6,0.015,388596,212905
1140,2018,82,5,9,0.035,259124,132603
1141,2018,83,5,73,0.068,1067697,722128
1142,2018,84,5,16,0.029,559793,305436
1143,2018,85,5,19,0.028,679991,426426
1144,2018,86,5,13,0.030,437586,241951
1145,2018,87,5,4,0.011,373199,220762
1146,2018,88,5,3,0.008,366112,214363
1147,2018,89,5,13,0.039,337504,197683
1148,2018,90,5,10,0.070,141852,72929
1149,2018,91,5,33,0.025,1296641,564587
1150,2018,92,5,40,0.025,1619120,801737
1151,2018,93,5,131,0.080,1632677,679663
1152,2018,94,5,72,0.052,1396913,640016
1153,2018,95,5,60,0.048,1238581,510302
1154,2019,01,5,6,0.009,652432,321432
1155,2019,02,5,10,0.019,531345,266922
1156,2019,03,5,13,0.039,335975,208863
1157,2019,04,5,1,0.006,164308,129690
1158,2019,05,5,16,0.113,141220,137644
1159,2019,06,5,57,0.052,1094283,778291
1160,2019,07,5,3,0.009,328278,206435
1161,2019,08,5,3,0.011,270582,142983
1162,2019,09,5,3,0.020,153287,110526
1163,2019,10,5,6,0.019,310242,166101
1164,2019,11,5,18,0.048,374070,265167
1165,2019,12,5,5,0.018,279595,182769
1166,2019,13,5,130,0.064,2043110,1044973
1167,2019,14,5,11,0.016,694905,422082
1168,2019,15,5,2,0.014,144692,101953
1169,2019,16,5,6,0.017,352015,198920
1170,2019,17,5,16,0.025,651358,440935
1171,2019,18,5,4,0.013,302306,179430
1172,2019,19,5,5,0.021,240073,155041
1173,2019,21,5,8,0.015,534124,292479
1174,2019,22,5,6,0.010,600582,371643
1175,2019,23,5,1,0.009,116617,88646
1176,2019,24,5,13,0.031,413223,261104
1177,2019,25,5,26,0.048,543974,283778
1178,2019,26,5,19,0.037,516762,277777
1179,2019,27,5,14,0.023,599507,298148
1180,2019,28,5,10,0.023,431575,217440
1181,2019,29,5,21,0.023,915090,549039
1182,2019,2A,5,9,0.057,158507,122005
1183,2019,2B,5,12,0.066,181933,133540
1184,2019,30,5,32,0.043,748437,431684
1185,2019,31,5,55,0.039,1400039,740546
1186,2019,32,5,3,0.016,191377,111536
1187,2019,33,5,54,0.033,1623749,886986
1188,2019,34,5,64,0.054,1175623,739737
1189,2019,35,5,37,0.034,1079498,561343
1190,2019,36,5,3,0.014,219316,138826
1191,2019,37,5,11,0.018,610079,328095
1192,2019,38,5,45,0.035,1271166,659031
1193,2019,39,5,1,0.004,259199,150475
1194,2019,40,5,10,0.024,413690,262370
1195,2019,41,5,3,0.009,329470,185077
1196,2019,42,5,30,0.039,765634,401112
1197,2019,43,5,8,0.035,227570,143916
1198,2019,44,5,40,0.028,1429272,764010
1199,2019,45,5,10,0.015,680434,348977
1200,2019,46,5,0,0.000,174094,119499
1201,2019,47,5,5,0.015,331271,187058
1202,2019,48,5,0,0.000,76604,61547
1203,2019,49,5,19,0.023,818273,400508
1204,2019,50,5,23,0.046,495045,299656
1205,2019,51,5,14,0.025,566855,297288
1206,2019,52,5,13,0.075,172512,100382
1207,2019,53,5,0,0.000,307062,158083
1208,2019,54,5,33,0.045,733760,379680
1209,2019,55,5,2,0.011,184083,99834
1210,2019,56,5,18,0.024,759684,472749
1211,2019,57,5,17,0.016,1046543,523268
1212,2019,58,5,7,0.034,204452,141411
1213,2019,59,5,94,0.036,2608346,1232504
1214,2019,60,5,49,0.059,829419,378048
1215,2019,61,5,16,0.057,279942,165100
1216,2019,62,5,44,0.030,1465278,720800
1217,2019,63,5,14,0.021,662152,392038
1218,2019,64,5,7,0.010,682621,413357
1219,2019,65,5,9,0.039,229567,163634
1220,2019,66,5,48,0.100,479979,355661
1221,2019,67,5,25,0.022,1140057,567991
1222,2019,68,5,35,0.046,767086,382805
1223,2019,69,5,66,0.035,1875747,937544
1224,2019,70,5,5,0.021,235313,128450
1225,2019,71,5,11,0.020,551493,311966
1226,2019,72,5,4,0.007,566412,293561
1227,2019,73,5,10,0.023,436434,352254
1228,2019,74,5,14,0.017,826094,525404
1229,2019,75,5,160,0.074,2165423,1389375
1230,2019,76,5,27,0.022,1255633,649681
1231,2019,77,5,26,0.018,1421197,626435
1232,2019,78,5,92,0.064,1448207,649383
1233,2019,79,5,17,0.045,374878,195568
1234,2019,80,5,22,0.039,570559,303449
1235,2019,81,5,7,0.018,389844,214423
1236,2019,82,5,5,0.019,260669,133522
1237,2019,83,5,49,0.046,1076711,729223
1238,2019,84,5,27,0.048,561469,308505
1239,2019,85,5,26,0.038,685442,430815
1240,2019,86,5,12,0.027,438435,242907
1241,2019,87,5,9,0.024,372359,221194
1242,2019,88,5,29,0.080,364499,214287
1243,2019,89,5,1,0.003,335707,197718
1244,2019,90,5,5,0.035,141318,73180
1245,2019,91,5,51,0.039,1301659,570417
1246,2019,92,5,49,0.030,1624357,807711
1247,2019,93,5,138,0.084,1644903,687238
1248,2019,94,5,95,0.068,1407124,647289
1249,2019,95,5,82,0.066,1249674,517063
1250,2020,01,5,12,0.018,657856,325431
1251,2020,02,5,21,0.040,529374,267555
1252,2020,03,5,25,0.074,335628,209251
1253,2020,04,5,2,0.012,165451,130500
1254,2020,05,5,2,0.014,140605,138751
1255,2020,06,5,62,0.056,1097410,783398
1256,2020,07,5,1,0.003,329325,207922
1257,2020,08,5,5,0.019,269701,143402
1258,2020,09,5,3,0.019,153954,110875
1259,2020,10,5,19,0.061,311435,166928
1260,2020,11,5,22,0.059,375217,266877
1261,2020,12,5,3,0.011,279554,183702
1262,2020,13,5,171,0.083,2048070,1055315
1263,2020,14,5,18,0.026,697547,426069
1264,2020,15,5,0,0.000,144379,102234
1265,2020,16,5,8,0.023,351718,199746
1266,2020,17,5,33,0.050,655709,445578
1267,2020,18,5,3,0.010,300933,179389
1268,2020,19,5,6,0.025,239190,155575
1269,2020,21,5,22,0.041,535078,294776
1270,2020,22,5,11,0.018,603640,373909
1271,2020,23,5,3,0.026,115995,88769
1272,2020,24,5,3,0.007,412807,262321
1273,2020,25,5,37,0.068,545209,285770
1274,2020,26,5,21,0.041,517709,279948
1275,2020,27,5,15,0.025,599668,299419
1276,2020,28,5,21,0.049,431443,218433
1277,2020,29,5,12,0.013,917179,552465
1278,2020,2A,5,9,0.056,160814,123650
1279,2020,2B,5,4,0.022,182887,135125
1280,2020,30,5,41,0.055,751457,435785
1281,2020,31,5,79,0.056,1415757,754396
1282,2020,32,5,1,0.005,191819,112134
1283,2020,33,5,101,0.062,1636391,900198
1284,2020,34,5,69,0.058,1188973,750002
1285,2020,35,5,30,0.028,1088855,568308
1286,2020,36,5,3,0.014,218707,138959
1287,2020,37,5,4,0.007,612119,330454
1288,2020,38,5,44,0.034,1277513,665362
1289,2020,39,5,1,0.004,258798,151009
1290,2020,40,5,9,0.022,418122,265930
1291,2020,41,5,8,0.024,329357,185591
1292,2020,42,5,22,0.029,768508,403254
1293,2020,43,5,2,0.009,227489,144442
1294,2020,44,5,46,0.032,1445171,776207
1295,2020,45,5,13,0.019,682304,351028
1296,2020,46,5,0,0.000,174670,120123
1297,2020,47,5,18,0.054,330844,188120
1298,2020,48,5,1,0.013,76633,61734
1299,2020,49,5,40,0.049,820713,403157
1300,2020,50,5,7,0.014,495093,301071
1301,2020,51,5,19,0.034,566659,299421
1302,2020,52,5,15,0.087,171798,100520
1303,2020,53,5,3,0.010,306538,158874
1304,2020,54,5,22,0.030,732590,381849
1305,2020,55,5,11,0.060,183001,100007
1306,2020,56,5,21,0.027,764161,476941
1307,2020,57,5,24,0.023,1049155,527832
1308,2020,58,5,4,0.020,202670,141219
1309,2020,59,5,95,0.036,2607746,1241241
1310,2020,60,5,26,0.031,829699,380003
1311,2020,61,5,9,0.032,278475,164988
1312,2020,62,5,37,0.025,1462167,724156
1313,2020,63,5,20,0.030,661852,394760
1314,2020,64,5,14,0.020,687240,417293
1315,2020,65,5,4,0.017,229788,164545
1316,2020,66,5,41,0.085,482765,359151
1317,2020,67,5,45,0.039,1148073,575001
1318,2020,68,5,46,0.060,767842,386082
1319,2020,69,5,82,0.044,1883437,949531
1320,2020,70,5,4,0.017,234601,128855
1321,2020,71,5,31,0.056,551063,312880
1322,2020,72,5,7,0.012,566993,294778
1323,2020,73,5,15,0.034,439750,355575
1324,2020,74,5,17,0.020,835206,533337
1325,2020,75,5,143,0.067,2145906,1393800
1326,2020,76,5,27,0.022,1254739,653680
1327,2020,77,5,46,0.032,1428636,634163
1328,2020,78,5,58,0.040,1449723,654741
1329,2020,79,5,16,0.043,374481,196421
1330,2020,80,5,27,0.047,568748,305380
1331,2020,81,5,7,0.018,391066,215987
1332,2020,82,5,7,0.027,262316,134694
1333,2020,83,5,79,0.073,1085189,735547
1334,2020,84,5,20,0.036,561941,311098
1335,2020,85,5,18,0.026,692705,435953
1336,2020,86,5,12,0.027,439332,243821
1337,2020,87,5,5,0.013,372123,221779
1338,2020,88,5,39,0.108,362397,214812
1339,2020,89,5,7,0.021,334156,197870
1340,2020,90,5,7,0.050,140120,73384
1341,2020,91,5,85,0.065,1306118,577712
1342,2020,92,5,74,0.046,1626213,815765
1343,2020,93,5,145,0.088,1655422,696152
1344,2020,94,5,86,0.061,1407972,654340
1345,2020,95,5,151,0.121,1251804,523106
1346,2021,01,5,9,0.014,663202,329783
1347,2021,02,5,19,0.036,527468,268381
1348,2021,03,5,7,0.021,334872,209666
1349,2021,04,5,1,0.006,166077,131551
1350,2021,05,5,5,0.035,140976,139877
1351,2021,06,5,58,0.053,1103941,788916
1352,2021,07,5,6,0.018,331415,209963
1353,2021,08,5,1,0.004,268859,143973
1354,2021,09,5,0,0.000,154596,111352
1355,2021,10,5,2,0.006,311329,167657
1356,2021,11,5,9,0.024,376028,268987
1357,2021,12,5,6,0.021,279649,184954
1358,2021,13,5,137,0.067,2056943,1066675
1359,2021,14,5,10,0.014,700633,429997
1360,2021,15,5,2,0.014,144226,102634
1361,2021,16,5,14,0.040,350867,200757
1362,2021,17,5,18,0.027,661404,451118
1363,2021,18,5,4,0.013,299573,179274
1364,2021,19,5,6,0.025,239784,156356
1365,2021,21,5,30,0.056,535503,297329
1366,2021,22,5,13,0.021,605917,376517
1367,2021,23,5,1,0.009,115702,89016
1368,2021,24,5,48,0.116,413730,264136
1369,2021,25,5,29,0.053,547096,288184
1370,2021,26,5,19,0.037,519458,282419
1371,2021,27,5,24,0.040,598934,300922
1372,2021,28,5,22,0.051,431277,219670
1373,2021,29,5,14,0.015,921638,556255
1374,2021,2A,5,11,0.068,162942,124954
1375,2021,2B,5,10,0.054,184655,136722
1376,2021,30,5,23,0.030,756543,441086
1377,2021,31,5,64,0.045,1434367,769604
1378,2021,32,5,1,0.005,192437,112806
1379,2021,33,5,74,0.045,1654970,913452
1380,2021,34,5,44,0.037,1201883,760879
1381,2021,35,5,24,0.022,1098325,575321
1382,2021,36,5,9,0.041,217228,139055
1383,2021,37,5,24,0.039,612160,333159
1384,2021,38,5,60,0.047,1284948,673024
1385,2021,39,5,1,0.004,258555,151865
1386,2021,40,5,14,0.033,422976,270194
1387,2021,41,5,27,0.082,328504,186408
1388,2021,42,5,35,0.046,769029,405452
1389,2021,43,5,2,0.009,227284,145236
1390,2021,44,5,79,0.054,1457806,787187
1391,2021,45,5,37,0.054,684561,353544
1392,2021,46,5,1,0.006,174942,120797
1393,2021,47,5,14,0.042,331229,189189
1394,2021,48,5,0,0.000,76519,62006
1395,2021,49,5,21,0.025,824743,406488
1396,2021,50,5,13,0.026,495508,302441
1397,2021,51,5,13,0.023,565292,300919
1398,2021,52,5,13,0.076,171042,100716
1399,2021,53,5,13,0.042,305933,159714
1400,2021,54,5,25,0.034,732486,384639
1401,2021,55,5,4,0.022,181919,100190
1402,2021,56,5,23,0.030,768687,481682
1403,2021,57,5,36,0.034,1049942,531542
1404,2021,58,5,1,0.005,202417,141381
1405,2021,59,5,105,0.040,2611293,1251657
1406,2021,60,5,42,0.051,828838,382118
1407,2021,61,5,5,0.018,276973,165115
1408,2021,62,5,45,0.031,1461441,727951
1409,2021,63,5,11,0.017,662285,397923
1410,2021,64,5,21,0.030,693027,421756
1411,2021,65,5,15,0.065,230956,165621
1412,2021,66,5,27,0.055,487307,362350
1413,2021,67,5,38,0.033,1152662,581630
1414,2021,68,5,25,0.033,767083,389445
1415,2021,69,5,85,0.045,1893692,964037
1416,2021,70,5,6,0.026,234296,129449
1417,2021,71,5,14,0.025,549288,314053
1418,2021,72,5,17,0.030,566058,296419
1419,2021,73,5,11,0.025,442468,358886
1420,2021,74,5,37,0.044,841482,540705
1421,2021,75,5,133,0.062,2133111,1396753
1422,2021,76,5,40,0.032,1255918,657851
1423,2021,77,5,39,0.027,1438100,641376
1424,2021,78,5,54,0.037,1456365,661312
1425,2021,79,5,8,0.021,374587,197430
1426,2021,80,5,28,0.049,566252,307149
1427,2021,81,5,10,0.025,393572,218036
1428,2021,82,5,3,0.011,263377,135891
1429,2021,83,5,55,0.050,1095337,743682
1430,2021,84,5,17,0.030,564566,314424
1431,2021,85,5,24,0.034,699459,441153
1432,2021,86,5,27,0.061,439385,245247
1433,2021,87,5,8,0.022,371691,222826
1434,2021,88,5,12,0.033,360673,215468
1435,2021,89,5,6,0.018,333385,198598
1436,2021,90,5,2,0.014,139654,73620
1437,2021,91,5,44,0.033,1313768,587710
1438,2021,92,5,79,0.048,1635291,824372
1439,2021,93,5,157,0.094,1668670,705282
1440,2021,94,5,92,0.065,1415367,662168
1441,2021,95,5,82,0.065,1256607,529926
1442,2022,01,5,14,0.021,671289,329783
1443,2022,02,5,23,0.044,525558,268381
1444,2022,03,5,22,0.066,334715,209666
1445,2022,04,5,6,0.036,167179,131551
1446,2022,05,5,1,0.007,141677,139877
1447,2022,06,5,53,0.048,1114579,788916
1448,2022,07,5,3,0.009,333229,209963
1449,2022,08,5,1,0.004,267204,143973
1450,2022,09,5,3,0.019,155339,111352
1451,2022,10,5,7,0.023,311076,167657
1452,2022,11,5,10,0.026,377773,268987
1453,2022,12,5,10,0.036,279736,184954
1454,2022,13,5,202,0.098,2069811,1066675
1455,2022,14,5,31,0.044,704605,429997
1456,2022,15,5,3,0.021,144399,102634
1457,2022,16,5,9,0.026,351603,200757
1458,2022,17,5,20,0.030,668160,451118
1459,2022,18,5,12,0.040,299496,179274
1460,2022,19,5,5,0.021,240120,156356
1461,2022,21,5,23,0.043,537577,297329
1462,2022,22,5,13,0.021,609598,376517
1463,2022,23,5,6,0.052,115529,89016
1464,2022,24,5,12,0.029,416325,264136
1465,2022,25,5,33,0.060,548662,288184
1466,2022,26,5,27,0.052,521432,282419
1467,2022,27,5,16,0.027,601305,300922
1468,2022,28,5,18,0.042,432950,219670
1469,2022,29,5,19,0.020,927912,556255
1470,2022,2A,5,6,0.036,166045,124954
1471,2022,2B,5,11,0.059,185231,136722
1472,2022,30,5,35,0.046,764010,441086
1473,2022,31,5,112,0.077,1456261,769604
1474,2022,32,5,1,0.005,192649,112806
1475,2022,33,5,93,0.056,1674980,913452
1476,2022,34,5,62,0.051,1217331,760879
1477,2022,35,5,38,0.034,1109232,575321
1478,2022,36,5,5,0.023,216809,139055
1479,2022,37,5,16,0.026,616326,333159
1480,2022,38,5,43,0.033,1291380,673024
1481,2022,39,5,2,0.008,258405,151865
1482,2022,40,5,8,0.019,428427,270194
1483,2022,41,5,13,0.040,328953,186408
1484,2022,42,5,43,0.056,772041,405452
1485,2022,43,5,4,0.018,228161,145236
1486,2022,44,5,69,0.047,1473156,787187
1487,2022,45,5,37,0.054,687063,353544
1488,2022,46,5,2,0.011,175620,120797
1489,2022,47,5,6,0.018,332226,189189
1490,2022,48,5,0,0.000,76503,62006
1491,2022,49,5,47,0.057,828151,406488
1492,2022,50,5,20,0.040,496815,302441
1493,2022,51,5,21,0.037,564107,300919
1494,2022,52,5,6,0.035,169865,100716
1495,2022,53,5,4,0.013,305437,159714
1496,2022,54,5,30,0.041,732898,384639
1497,2022,55,5,12,0.066,180745,100190
1498,2022,56,5,17,0.022,776103,481682
1499,2022,57,5,31,0.030,1050721,531542
1500,2022,58,5,3,0.015,202299,141381
1501,2022,59,5,85,0.032,2616909,1251657
1502,2022,60,5,54,0.065,830725,382118
1503,2022,61,5,6,0.022,276144,165115
1504,2022,62,5,37,0.025,1460184,727951
1505,2022,63,5,35,0.053,664385,397923
1506,2022,64,5,24,0.034,699473,421756
1507,2022,65,5,13,0.056,231453,165621
1508,2022,66,5,40,0.081,492964,362350
1509,2022,67,5,27,0.023,1156963,581630
1510,2022,68,5,35,0.046,767800,389445
1511,2022,69,5,84,0.044,1907982,964037
1512,2022,70,5,17,0.073,233920,129449
1513,2022,71,5,31,0.056,549136,314053
1514,2022,72,5,35,0.062,566129,296419
1515,2022,73,5,15,0.034,445288,358886
1516,2022,74,5,25,0.029,849583,540705
1517,2022,75,5,144,0.068,2113705,1396753
1518,2022,76,5,38,0.030,1260205,657851
1519,2022,77,5,53,0.036,1452399,641376
1520,2022,78,5,30,0.020,1470778,661312
1521,2022,79,5,28,0.075,375415,197430
1522,2022,80,5,14,0.025,565540,307149
1523,2022,81,5,6,0.015,396168,218036
1524,2022,82,5,6,0.023,264924,135891
1525,2022,83,5,48,0.043,1108364,743682
1526,2022,84,5,29,0.051,568702,314424
1527,2022,85,5,11,0.016,706343,441153
1528,2022,86,5,17,0.039,438688,245247
1529,2022,87,5,7,0.019,372438,222826
1530,2022,88,5,34,0.095,358700,215468
1531,2022,89,5,10,0.030,333896,198598
1532,2022,90,5,1,0.007,140082,73620
1533,2022,91,5,56,0.042,1324546,587710
1534,2022,92,5,59,0.036,1647435,824372
1535,2022,93,5,161,0.096,1681725,705282
1536,2022,94,5,95,0.067,1419531,662168
1537,2022,95,5,159,0.125,1270845,529926
1538,2023,01,5,13,0.019,671289,329783
1539,2023,02,5,31,0.059,525558,268381
1540,2023,03,5,19,0.057,334715,209666
1541,2023,04,5,5,0.030,167179,131551
1542,2023,05,5,3,0.021,141677,139877
1543,2023,06,5,71,0.064,1114579,788916
1544,2023,07,5,8,0.024,333229,209963
1545,2023,08,5,8,0.030,267204,143973
1546,2023,09,5,7,0.045,155339,111352
1547,2023,10,5,13,0.042,311076,167657
1548,2023,11,5,13,0.034,377773,268987
1549,2023,12,5,8,0.029,279736,184954
1550,2023,13,5,260,0.126,2069811,1066675
1551,2023,14,5,23,0.033,704605,429997
1552,2023,15,5,5,0.035,144399,102634
1553,2023,16,5,9,0.026,351603,200757
1554,2023,17,5,19,0.028,668160,451118
1555,2023,18,5,5,0.017,299496,179274
1556,2023,19,5,10,0.042,240120,156356
1557,2023,21,5,22,0.041,537577,297329
1558,2023,22,5,18,0.030,609598,376517
1559,2023,23,5,5,0.043,115529,89016
1560,2023,24,5,5,0.012,416325,264136
1561,2023,25,5,52,0.095,548662,288184
1562,2023,26,5,47,0.090,521432,282419
1563,2023,27,5,16,0.027,601305,300922
1564,2023,28,5,28,0.065,432950,219670
1565,2023,29,5,32,0.034,927912,556255
1566,2023,2A,5,6,0.036,166045,124954
1567,2023,2B,5,10,0.054,185231,136722
1568,2023,30,5,62,0.081,764010,441086
1569,2023,31,5,96,0.066,1456261,769604
1570,2023,32,5,3,0.016,192649,112806
1571,2023,33,5,68,0.041,1674980,913452
1572,2023,34,5,50,0.041,1217331,760879
1573,2023,35,5,65,0.059,1109232,575321
1574,2023,36,5,8,0.037,216809,139055
1575,2023,37,5,29,0.047,616326,333159
1576,2023,38,5,88,0.068,1291380,673024
1577,2023,39,5,6,0.023,258405,151865
1578,2023,40,5,17,0.040,428427,270194
1579,2023,41,5,19,0.058,328953,186408
1580,2023,42,5,36,0.047,772041,405452
1581,2023,43,5,5,0.022,228161,145236
1582,2023,44,5,65,0.044,1473156,787187
1583,2023,45,5,47,0.068,687063,353544
1584,2023,46,5,1,0.006,175620,120797
1585,2023,47,5,18,0.054,332226,189189
1586,2023,48,5,1,0.013,76503,62006
1587,2023,49,5,30,0.036,828151,406488
1588,2023,50,5,28,0.056,496815,302441
1589,2023,51,5,37,0.066,564107,300919
1590,2023,52,5,6,0.035,169865,100716
1591,2023,53,5,11,0.036,305437,159714
1592,2023,54,5,25,0.034,732898,384639
1593,2023,55,5,4,0.022,180745,100190
1594,2023,56,5,21,0.027,776103,481682
1595,2023,57,5,62,0.059,1050721,531542
1596,2023,58,5,2,0.010,202299,141381
1597,2023,59,5,92,0.035,2616909,1251657
1598,2023,60,5,42,0.051,830725,382118
1599,2023,61,5,13,0.047,276144,165115
1600,2023,62,5,50,0.034,1460184,727951
1601,2023,63,5,43,0.065,664385,397923
1602,2023,64,5,10,0.014,699473,421756
1603,2023,65,5,5,0.022,231453,165621
1604,2023,66,5,32,0.065,492964,362350
1605,2023,67,5,57,0.049,1156963,581630
1606,2023,68,5,43,0.056,767800,389445
1607,2023,69,5,74,0.039,1907982,964037
1608,2023,70,5,5,0.021,233920,129449
1609,2023,71,5,24,0.044,549136,314053
1610,2023,72,5,33,0.058,566129,296419
1611,2023,73,5,25,0.056,445288,358886
1612,2023,74,5,51,0.060,849583,540705
1613,2023,75,5,141,0.067,2113705,1396753
1614,2023,76,5,48,0.038,1260205,657851
1615,2023,77,5,55,0.038,1452399,641376
1616,2023,78,5,69,0.047,1470778,661312
1617,2023,79,5,27,0.072,375415,197430
1618,2023,80,5,26,0.046,565540,307149
1619,2023,81,5,9,0.023,396168,218036
1620,2023,82,5,8,0.030,264924,135891
1621,2023,83,5,43,0.039,1108364,743682
1622,2023,84,5,51,0.090,568702,314424
1623,2023,85,5,25,0.035,706343,441153
1624,2023,86,5,25,0.057,438688,245247
1625,2023,87,5,15,0.040,372438,222826
1626,2023,88,5,25,0.070,358700,215468
1627,2023,89,5,26,0.078,333896,198598
1628,2023,90,5,4,0.029,140082,73620
1629,2023,91,5,88,0.066,1324546,587710
1630,2023,92,5,88,0.053,1647435,824372
1631,2023,93,5,157,0.093,1681725,705282
1632,2023,94,5,99,0.070,1419531,662168
1633,2023,95,5,99,0.078,1270845,529926
1634,2024,01,5,24,0.036,671289,329783
1635,2024,02,5,31,0.059,525558,268381
1636,2024,03,5,8,0.024,334715,209666
1637,2024,04,5,7,0.042,167179,131551
1638,2024,05,5,3,0.021,141677,139877
1639,2024,06,5,81,0.073,1114579,788916
1640,2024,07,5,7,0.021,333229,209963
1641,2024,08,5,5,0.019,267204,143973
1642,2024,09,5,12,0.077,155339,111352
1643,2024,10,5,16,0.051,311076,167657
1644,2024,11,5,23,0.061,377773,268987
1645,2024,12,5,11,0.039,279736,184954
1646,2024,13,5,180,0.087,2069811,1066675
1647,2024,14,5,21,0.030,704605,429997
1648,2024,15,5,5,0.035,144399,102634
1649,2024,16,5,10,0.028,351603,200757
1650,2024,17,5,17,0.025,668160,451118
1651,2024,18,5,6,0.020,299496,179274
1652,2024,19,5,4,0.017,240120,156356
1653,2024,21,5,25,0.047,537577,297329
1654,2024,22,5,23,0.038,609598,376517
1655,2024,23,5,2,0.017,115529,89016
1656,2024,24,5,9,0.022,416325,264136
1657,2024,25,5,38,0.069,548662,288184
1658,2024,26,5,32,0.061,521432,282419
1659,2024,27,5,29,0.048,601305,300922
1660,2024,28,5,28,0.065,432950,219670
1661,2024,29,5,38,0.041,927912,556255
1662,2024,2A,5,15,0.090,166045,124954
1663,2024,2B,5,9,0.049,185231,136722
1664,2024,30,5,53,0.069,764010,441086
1665,2024,31,5,85,0.058,1456261,769604
1666,2024,32,5,1,0.005,192649,112806
1667,2024,33,5,63,0.038,1674980,913452
1668,2024,34,5,103,0.085,1217331,760879
1669,2024,35,5,39,0.035,1109232,575321
1670,2024,36,5,3,0.014,216809,139055
1671,2024,37,5,17,0.028,616326,333159
1672,2024,38,5,71,0.055,1291380,673024
1673,2024,39,5,2,0.008,258405,151865
1674,2024,40,5,12,0.028,428427,270194
1675,2024,41,5,15,0.046,328953,186408
1676,2024,42,5,62,0.080,772041,405452
1677,2024,43,5,2,0.009,228161,145236
1678,2024,44,5,79,0.054,1473156,787187
1679,2024,45,5,62,0.090,687063,353544
1680,2024,46,5,3,0.017,175620,120797
1681,2024,47,5,10,0.030,332226,189189
1682,2024,48,5,4,0.052,76503,62006
1683,2024,49,5,33,0.040,828151,406488
1684,2024,50,5,12,0.024,496815,302441
1685,2024,51,5,40,0.071,564107,300919
1686,2024,52,5,5,0.029,169865,100716
1687,2024,53,5,8,0.026,305437,159714
1688,2024,54,5,30,0.041,732898,384639
1689,2024,55,5,21,0.116,180745,100190
1690,2024,56,5,25,0.032,776103,481682
1691,2024,57,5,45,0.043,1050721,531542
1692,2024,58,5,6,0.030,202299,141381
1693,2024,59,5,128,0.049,2616909,1251657
1694,2024,60,5,37,0.045,830725,382118
1695,2024,61,5,3,0.011,276144,165115
1696,2024,62,5,91,0.062,1460184,727951
1697,2024,63,5,44,0.066,664385,397923
1698,2024,64,5,15,0.021,699473,421756
1699,2024,65,5,7,0.030,231453,165621
1700,2024,66,5,22,0.045,492964,362350
1701,2024,67,5,31,0.027,1156963,581630
1702,2024,68,5,64,0.083,767800,389445
1703,2024,69,5,104,0.055,1907982,964037
1704,2024,70,5,9,0.038,233920,129449
1705,2024,71,5,28,0.051,549136,314053
1706,2024,72,5,29,0.051,566129,296419
1707,2024,73,5,25,0.056,445288,358886
1708,2024,74,5,50,0.059,849583,540705
1709,2024,75,5,187,0.088,2113705,1396753
1710,2024,76,5,68,0.054,1260205,657851
1711,2024,77,5,51,0.035,1452399,641376
1712,2024,78,5,64,0.044,1470778,661312
1713,2024,79,5,13,0.035,375415,197430
1714,2024,80,5,25,0.044,565540,307149
1715,2024,81,5,9,0.023,396168,218036
1716,2024,82,5,7,0.026,264924,135891
1717,2024,83,5,49,0.044,1108364,743682
1718,2024,84,5,35,0.062,568702,314424
1719,2024,85,5,39,0.055,706343,441153
1720,2024,86,5,18,0.041,438688,245247
1721,2024,87,5,15,0.040,372438,222826
1722,2024,88,5,17,0.047,358700,215468
1723,2024,89,5,8,0.024,333896,198598
1724,2024,90,5,4,0.029,140082,73620
1725,2024,91,5,106,0.080,1324546,587710
1726,2024,92,5,90,0.055,1647435,824372
1727,2024,93,5,195,0.116,1681725,705282
1728,2024,94,5,103,0.073,1419531,662168
1729,2024,95,5,96,0.076,1270845,529926
1730,2016,01,11,881,1.380,638425,308491
1731,2016,02,11,1160,2.164,536136,264180
1732,2016,03,11,466,1.373,339384,206980
1733,2016,04,11,213,1.310,162565,126760
1734,2016,05,11,213,1.509,141107,134647
1735,2016,06,11,2327,2.147,1083704,761857
1736,2016,07,11,428,1.316,325157,201264
1737,2016,08,11,422,1.532,275371,142010
1738,2016,09,11,260,1.699,153067,108589
1739,2016,10,11,622,2.014,308910,163064
1740,2016,11,11,612,1.663,368025,258453
1741,2016,12,11,363,1.302,278697,179901
1742,2016,13,11,3835,1.899,2019717,1009576
1743,2016,14,11,1020,1.470,693679,412038
1744,2016,15,11,185,1.267,145969,101070
1745,2016,16,11,597,1.690,353288,196145
1746,2016,17,11,878,1.367,642191,427696
1747,2016,18,11,409,1.332,307110,177873
1748,2016,19,11,324,1.341,241535,153380
1749,2016,21,11,702,1.317,533213,285326
1750,2016,22,11,752,1.256,598953,363788
1751,2016,23,11,110,0.920,119502,88330
1752,2016,24,11,434,1.046,414789,256942
1753,2016,25,11,940,1.745,538549,277578
1754,2016,26,11,771,1.518,508006,269062
1755,2016,27,11,1100,1.825,602825,292969
1756,2016,28,11,794,1.830,433929,213849
1757,2016,29,11,1045,1.151,908249,537671
1758,2016,2A,11,193,1.251,154303,116432
1759,2016,2B,11,224,1.272,176152,129422
1760,2016,30,11,1186,1.598,742006,419029
1761,2016,31,11,2223,1.649,1348183,703754
1762,2016,32,11,196,1.028,190664,109392
1763,2016,33,11,2463,1.572,1566679,843050
1764,2016,34,11,1824,1.611,1132481,707572
1765,2016,35,11,1344,1.278,1051779,538258
1766,2016,36,11,279,1.248,223505,138229
1767,2016,37,11,840,1.386,606223,318933
1768,2016,38,11,1826,1.457,1252912,639743
1769,2016,39,11,332,1.274,260517,148337
1770,2016,40,11,501,1.237,405010,252298
1771,2016,41,11,446,1.340,332769,182821
1772,2016,42,11,1066,1.399,761997,394202
1773,2016,43,11,243,1.069,227339,142111
1774,2016,44,11,1966,1.424,1380852,729714
1775,2016,45,11,1271,1.885,674330,341549
1776,2016,46,11,174,1.004,173347,117328
1777,2016,47,11,473,1.421,332833,184194
1778,2016,48,11,84,1.099,76422,60395
1779,2016,49,11,977,1.205,810934,391283
1780,2016,50,11,606,1.216,498362,295248
1781,2016,51,11,1067,1.869,570883,292095
1782,2016,52,11,267,1.499,178084,100722
1783,2016,53,11,450,1.463,307688,155625
1784,2016,54,11,1108,1.510,733821,373165
1785,2016,55,11,270,1.428,189055,99550
1786,2016,56,11,881,1.179,747548,459455
1787,2016,57,11,1465,1.402,1045271,510597
1788,2016,58,11,284,1.358,209161,141593
1789,2016,59,11,5732,2.201,2603723,1205062
1790,2016,60,11,1691,2.053,823542,369320
1791,2016,61,11,436,1.528,285308,164640
1792,2016,62,11,3610,2.455,1470725,708207
1793,2016,63,11,774,1.189,650700,382695
1794,2016,64,11,709,1.052,673986,400053
1795,2016,65,11,257,1.128,227829,160809
1796,2016,66,11,886,1.868,474369,346847
1797,2016,67,11,1838,1.639,1121407,546387
1798,2016,68,11,1142,1.497,762743,373686
1799,2016,69,11,3170,1.727,1835903,904462
1800,2016,70,11,394,1.661,237242,126631
1801,2016,71,11,706,1.272,555023,309191
1802,2016,72,11,1040,1.832,567561,289447
1803,2016,73,11,532,1.238,429681,341648
1804,2016,74,11,1049,1.309,801416,500698
1805,2016,75,11,3307,1.510,2190327,1374377
1806,2016,76,11,2154,1.715,1255755,634421
1807,2016,77,11,3311,2.369,1397665,604627
1808,2016,78,11,2468,1.724,1431808,629383
1809,2016,79,11,438,1.169,374743,192620
1810,2016,80,11,1115,1.947,572744,297094
1811,2016,81,11,449,1.162,386448,209380
1812,2016,82,11,371,1.444,256897,130059
1813,2016,83,11,2104,1.993,1055821,707520
1814,2016,84,11,934,1.671,559014,298637
1815,2016,85,11,921,1.373,670597,417192
1816,2016,86,11,640,1.468,436069,237993
1817,2016,87,11,452,1.205,374978,219170
1818,2016,88,11,484,1.309,369641,212925
1819,2016,89,11,838,2.461,340544,195822
1820,2016,90,11,275,1.909,144089,71929
1821,2016,91,11,2600,2.020,1287330,550895
1822,2016,92,11,2797,1.745,1603268,789809
1823,2016,93,11,4772,2.970,1606660,662466
1824,2016,94,11,3019,2.191,1378151,626297
1825,2016,95,11,2531,2.071,1221923,497749
1826,2017,01,11,818,1.271,643350,313061
1827,2017,02,11,1135,2.124,534490,265548
1828,2017,03,11,513,1.518,337988,207725
1829,2017,04,11,289,1.763,163915,127940
1830,2017,05,11,219,1.550,141284,135493
1831,2017,06,11,2186,2.018,1083310,766748
1832,2017,07,11,396,1.216,325712,203015
1833,2017,08,11,450,1.645,273579,142452
1834,2017,09,11,274,1.789,153153,109392
1835,2017,10,11,611,1.971,310020,164453
1836,2017,11,11,705,1.904,370260,261180
1837,2017,12,11,368,1.318,279206,181053
1838,2017,13,11,4075,2.013,2024162,1021226
1839,2017,14,11,1033,1.488,694002,416115
1840,2017,15,11,221,1.523,145143,101363
1841,2017,16,11,577,1.638,352335,197059
1842,2017,17,11,854,1.325,644303,431948
1843,2017,18,11,490,1.610,304256,178580
1844,2017,19,11,314,1.300,241464,154124
1845,2017,21,11,759,1.422,533819,287831
1846,2017,22,11,765,1.278,598814,366683
1847,2017,23,11,100,0.843,118638,88506
1848,2017,24,11,530,1.281,413606,258732
1849,2017,25,11,1028,1.907,539067,279578
1850,2017,26,11,756,1.478,511553,272494
1851,2017,27,11,1121,1.863,601843,295109
1852,2017,28,11,700,1.616,433233,215350
1853,2017,29,11,1117,1.229,909028,542677
1854,2017,2A,11,196,1.246,157249,118848
1855,2017,2B,11,218,1.227,177689,130820
1856,2017,30,11,1230,1.653,744178,423840
1857,2017,31,11,2247,1.649,1362672,715532
1858,2017,32,11,234,1.225,191091,110358
1859,2017,33,11,2491,1.573,1583384,856616
1860,2017,34,11,1889,1.650,1144892,718743
1861,2017,35,11,1445,1.363,1060199,546440
1862,2017,36,11,311,1.399,222232,138634
1863,2017,37,11,818,1.349,606511,321881
1864,2017,38,11,1956,1.554,1258722,646707
1865,2017,39,11,393,1.510,260188,149350
1866,2017,40,11,545,1.338,407444,255992
1867,2017,41,11,540,1.627,331915,183643
1868,2017,42,11,1098,1.439,762941,396655
1869,2017,43,11,220,0.968,227283,142989
1870,2017,44,11,2150,1.541,1394909,740924
1871,2017,45,11,1536,2.265,678105,344708
1872,2017,46,11,190,1.093,173828,118075
1873,2017,47,11,532,1.598,332842,185343
1874,2017,48,11,74,0.966,76601,60898
1875,2017,49,11,1141,1.403,813493,394578
1876,2017,50,11,772,1.554,496883,297133
1877,2017,51,11,1159,2.037,568895,294041
1878,2017,52,11,302,1.719,175640,100650
1879,2017,53,11,482,1.568,307445,156662
1880,2017,54,11,1242,1.693,733481,375755
1881,2017,55,11,279,1.490,187187,99736
1882,2017,56,11,1027,1.368,750863,464186
1883,2017,57,11,1555,1.490,1043522,514328
1884,2017,58,11,285,1.376,207182,141642
1885,2017,59,11,5943,2.282,2604361,1214497
1886,2017,60,11,1608,1.950,824503,372778
1887,2017,61,11,448,1.581,283372,164926
1888,2017,62,11,3620,2.466,1468018,713245
1889,2017,63,11,806,1.233,653742,386425
1890,2017,64,11,811,1.197,677309,404979
1891,2017,65,11,290,1.269,228530,161703
1892,2017,66,11,900,1.897,474452,349914
1893,2017,67,11,1825,1.621,1125559,554075
1894,2017,68,11,1249,1.635,764030,376960
1895,2017,69,11,3130,1.698,1843319,914980
1896,2017,70,11,381,1.610,236659,127615
1897,2017,71,11,809,1.461,553595,310391
1898,2017,72,11,1079,1.905,566506,291039
1899,2017,73,11,501,1.162,431174,345226
1900,2017,74,11,1002,1.241,807360,508229
1901,2017,75,11,3380,1.545,2187526,1382779
1902,2017,76,11,2044,1.629,1254378,640334
1903,2017,77,11,3558,2.534,1403997,612076
1904,2017,78,11,2590,1.801,1438266,637200
1905,2017,79,11,489,1.306,374351,193971
1906,2017,80,11,1202,2.100,572443,299211
1907,2017,81,11,492,1.268,387890,211038
1908,2017,82,11,413,1.599,258349,131300
1909,2017,83,11,2063,1.949,1058740,714503
1910,2017,84,11,920,1.644,559479,301947
1911,2017,85,11,910,1.348,675247,421680
1912,2017,86,11,612,1.401,436876,240200
1913,2017,87,11,437,1.167,374426,219980
1914,2017,88,11,433,1.178,367673,213629
1915,2017,89,11,903,2.669,338291,196697
1916,2017,90,11,246,1.725,142622,72211
1917,2017,91,11,2805,2.164,1296130,558684
1918,2017,92,11,2854,1.773,1609306,796181
1919,2017,93,11,4843,2.984,1623111,671680
1920,2017,94,11,2978,2.146,1387926,633207
1921,2017,95,11,2425,1.974,1228618,504100
1922,2018,01,11,900,1.390,647634,317983
1923,2018,02,11,1358,2.546,533316,266641
1924,2018,03,11,592,1.756,337171,208375
1925,2018,04,11,302,1.841,164068,129062
1926,2018,05,11,278,1.976,140698,136581
1927,2018,06,11,2452,2.257,1086219,772317
1928,2018,07,11,408,1.249,326606,204906
1929,2018,08,11,516,1.898,271845,143015
1930,2018,09,11,294,1.921,153066,110222
1931,2018,10,11,697,2.248,310020,165502
1932,2018,11,11,722,1.937,372806,263889
1933,2018,12,11,391,1.400,279274,182028
1934,2018,13,11,4630,2.276,2034357,1034043
1935,2018,14,11,1131,1.630,694056,419714
1936,2018,15,11,204,1.409,144765,101693
1937,2018,16,11,674,1.916,351778,198242
1938,2018,17,11,991,1.532,646932,436869
1939,2018,18,11,505,1.664,303408,179125
1940,2018,19,11,350,1.455,240583,154657
1941,2018,21,11,807,1.513,533220,290523
1942,2018,22,11,854,1.424,599584,369601
1943,2018,23,11,167,1.421,117503,88728
1944,2018,24,11,580,1.403,413418,260245
1945,2018,25,11,1092,2.017,541454,282056
1946,2018,26,11,856,1.663,514732,275727
1947,2018,27,11,1188,1.980,599962,297286
1948,2018,28,11,821,1.900,431997,216684
1949,2018,29,11,1318,1.446,911735,545808
1950,2018,2A,11,240,1.520,157853,120567
1951,2018,2B,11,214,1.184,180701,132077
1952,2018,30,11,1364,1.830,745458,428087
1953,2018,31,11,2545,1.843,1380672,728249
1954,2018,32,11,326,1.704,191283,111171
1955,2018,33,11,2722,1.699,1601845,872327
1956,2018,34,11,1992,1.718,1159220,729653
1957,2018,35,11,1530,1.431,1069228,554254
1958,2018,36,11,329,1.491,220595,138879
1959,2018,37,11,941,1.548,607760,325172
1960,2018,38,11,2241,1.774,1263563,653289
1961,2018,39,11,391,1.505,259746,150169
1962,2018,40,11,596,1.452,410355,259512
1963,2018,41,11,632,1.914,330248,184614
1964,2018,42,11,1166,1.527,763441,399134
1965,2018,43,11,305,1.340,227552,143699
1966,2018,44,11,2395,1.696,1412502,752968
1967,2018,45,11,1501,2.211,678845,347107
1968,2018,46,11,214,1.230,173929,118998
1969,2018,47,11,599,1.804,331970,186511
1970,2018,48,11,95,1.242,76520,61340
1971,2018,49,11,1214,1.488,815883,397887
1972,2018,50,11,760,1.532,495983,298631
1973,2018,51,11,1248,2.199,567462,295611
1974,2018,52,11,305,1.752,174069,100617
1975,2018,53,11,512,1.667,307084,157552
1976,2018,54,11,1401,1.910,733469,378055
1977,2018,55,11,324,1.748,185355,99893
1978,2018,56,11,1161,1.538,754867,468872
1979,2018,57,11,1677,1.607,1043524,518772
1980,2018,58,11,288,1.399,205828,141623
1981,2018,59,11,6534,2.507,2606234,1224589
1982,2018,60,11,1809,2.187,827153,376185
1983,2018,61,11,522,1.854,281593,165463
1984,2018,62,11,3995,2.724,1466743,717901
1985,2018,63,11,825,1.252,659048,389711
1986,2018,64,11,860,1.265,679810,409790
1987,2018,65,11,372,1.623,229191,162729
1988,2018,66,11,921,1.933,476357,352742
1989,2018,67,11,2080,1.835,1133552,561562
1990,2018,68,11,1463,1.912,764981,380238
1991,2018,69,11,3754,2.019,1859524,926576
1992,2018,70,11,452,1.915,236018,128333
1993,2018,71,11,809,1.465,552185,311499
1994,2018,72,11,1281,2.263,565963,292628
1995,2018,73,11,675,1.556,433724,349226
1996,2018,74,11,1180,1.445,816699,517217
1997,2018,75,11,3523,1.619,2175601,1386846
1998,2018,76,11,2249,1.791,1255883,645786
1999,2018,77,11,3645,2.581,1412516,619784
2000,2018,78,11,2810,1.949,1441398,643946
2001,2018,79,11,498,1.329,374799,195051
2002,2018,80,11,1465,2.567,570662,301740
2003,2018,81,11,534,1.374,388596,212905
2004,2018,82,11,449,1.733,259124,132603
2005,2018,83,11,2077,1.945,1067697,722128
2006,2018,84,11,1020,1.822,559793,305436
2007,2018,85,11,981,1.443,679991,426426
2008,2018,86,11,679,1.552,437586,241951
2009,2018,87,11,528,1.415,373199,220762
2010,2018,88,11,526,1.437,366112,214363
2011,2018,89,11,935,2.770,337504,197683
2012,2018,90,11,259,1.826,141852,72929
2013,2018,91,11,2885,2.225,1296641,564587
2014,2018,92,11,3158,1.950,1619120,801737
2015,2018,93,11,5123,3.138,1632677,679663
2016,2018,94,11,3214,2.301,1396913,640016
2017,2018,95,11,2660,2.148,1238581,510302
2018,2019,01,11,1040,1.594,652432,321432
2019,2019,02,11,1523,2.866,531345,266922
2020,2019,03,11,671,1.997,335975,208863
2021,2019,04,11,356,2.167,164308,129690
2022,2019,05,11,281,1.990,141220,137644
2023,2019,06,11,2859,2.613,1094283,778291
2024,2019,07,11,489,1.490,328278,206435
2025,2019,08,11,633,2.339,270582,142983
2026,2019,09,11,338,2.205,153287,110526
2027,2019,10,11,824,2.656,310242,166101
2028,2019,11,11,762,2.037,374070,265167
2029,2019,12,11,439,1.570,279595,182769
2030,2019,13,11,5358,2.622,2043110,1044973
2031,2019,14,11,1248,1.796,694905,422082
2032,2019,15,11,219,1.514,144692,101953
2033,2019,16,11,799,2.270,352015,198920
2034,2019,17,11,1233,1.893,651358,440935
2035,2019,18,11,625,2.067,302306,179430
2036,2019,19,11,417,1.737,240073,155041
2037,2019,21,11,904,1.692,534124,292479
2038,2019,22,11,1000,1.665,600582,371643
2039,2019,23,11,206,1.766,116617,88646
2040,2019,24,11,664,1.607,413223,261104
2041,2019,25,11,1268,2.331,543974,283778
2042,2019,26,11,1003,1.941,516762,277777
2043,2019,27,11,1347,2.247,599507,298148
2044,2019,28,11,1026,2.377,431575,217440
2045,2019,29,11,1500,1.639,915090,549039
2046,2019,2A,11,260,1.640,158507,122005
2047,2019,2B,11,340,1.869,181933,133540
2048,2019,30,11,1523,2.035,748437,431684
2049,2019,31,11,2867,2.048,1400039,740546
2050,2019,32,11,390,2.038,191377,111536
2051,2019,33,11,2931,1.805,1623749,886986
2052,2019,34,11,2304,1.960,1175623,739737
2053,2019,35,11,1651,1.529,1079498,561343
2054,2019,36,11,413,1.883,219316,138826
2055,2019,37,11,1159,1.900,610079,328095
2056,2019,38,11,2665,2.097,1271166,659031
2057,2019,39,11,415,1.601,259199,150475
2058,2019,40,11,683,1.651,413690,262370
2059,2019,41,11,658,1.997,329470,185077
2060,2019,42,11,1391,1.817,765634,401112
2061,2019,43,11,320,1.406,227570,143916
2062,2019,44,11,2736,1.914,1429272,764010
2063,2019,45,11,1707,2.509,680434,348977
2064,2019,46,11,235,1.350,174094,119499
2065,2019,47,11,675,2.038,331271,187058
2066,2019,48,11,136,1.775,76604,61547
2067,2019,49,11,1437,1.756,818273,400508
2068,2019,50,11,806,1.628,495045,299656
2069,2019,51,11,1355,2.390,566855,297288
2070,2019,52,11,362,2.098,172512,100382
2071,2019,53,11,655,2.133,307062,158083
2072,2019,54,11,1637,2.231,733760,379680
2073,2019,55,11,318,1.727,184083,99834
2074,2019,56,11,1472,1.938,759684,472749
2075,2019,57,11,1910,1.825,1046543,523268
2076,2019,58,11,351,1.717,204452,141411
2077,2019,59,11,7712,2.957,2608346,1232504
2078,2019,60,11,2119,2.555,829419,378048
2079,2019,61,11,593,2.118,279942,165100
2080,2019,62,11,4693,3.203,1465278,720800
2081,2019,63,11,921,1.391,662152,392038
2082,2019,64,11,1056,1.547,682621,413357
2083,2019,65,11,363,1.581,229567,163634
2084,2019,66,11,1110,2.313,479979,355661
2085,2019,67,11,2335,2.048,1140057,567991
2086,2019,68,11,1718,2.240,767086,382805
2087,2019,69,11,4381,2.336,1875747,937544
2088,2019,70,11,511,2.172,235313,128450
2089,2019,71,11,847,1.536,551493,311966
2090,2019,72,11,1485,2.622,566412,293561
2091,2019,73,11,808,1.851,436434,352254
2092,2019,74,11,1555,1.882,826094,525404
2093,2019,75,11,3928,1.814,2165423,1389375
2094,2019,76,11,2530,2.015,1255633,649681
2095,2019,77,11,3696,2.601,1421197,626435
2096,2019,78,11,3107,2.145,1448207,649383
2097,2019,79,11,705,1.881,374878,195568
2098,2019,80,11,1698,2.976,570559,303449
2099,2019,81,11,616,1.580,389844,214423
2100,2019,82,11,480,1.841,260669,133522
2101,2019,83,11,2423,2.250,1076711,729223
2102,2019,84,11,1143,2.036,561469,308505
2103,2019,85,11,1134,1.654,685442,430815
2104,2019,86,11,828,1.889,438435,242907
2105,2019,87,11,548,1.472,372359,221194
2106,2019,88,11,676,1.855,364499,214287
2107,2019,89,11,998,2.973,335707,197718
2108,2019,90,11,355,2.512,141318,73180
2109,2019,91,11,3194,2.454,1301659,570417
2110,2019,92,11,3635,2.238,1624357,807711
2111,2019,93,11,5801,3.527,1644903,687238
2112,2019,94,11,3733,2.653,1407124,647289
2113,2019,95,11,3149,2.520,1249674,517063
2114,2020,01,11,1160,1.763,657856,325431
2115,2020,02,11,1584,2.992,529374,267555
2116,2020,03,11,663,1.975,335628,209251
2117,2020,04,11,403,2.436,165451,130500
2118,2020,05,11,337,2.397,140605,138751
2119,2020,06,11,3126,2.849,1097410,783398
2120,2020,07,11,581,1.764,329325,207922
2121,2020,08,11,742,2.751,269701,143402
2122,2020,09,11,433,2.813,153954,110875
2123,2020,10,11,766,2.460,311435,166928
2124,2020,11,11,817,2.177,375217,266877
2125,2020,12,11,533,1.907,279554,183702
2126,2020,13,11,5477,2.674,2048070,1055315
2127,2020,14,11,1293,1.854,697547,426069
2128,2020,15,11,277,1.919,144379,102234
2129,2020,16,11,814,2.314,351718,199746
2130,2020,17,11,1510,2.303,655709,445578
2131,2020,18,11,563,1.871,300933,179389
2132,2020,19,11,491,2.053,239190,155575
2133,2020,21,11,1007,1.882,535078,294776
2134,2020,22,11,1218,2.018,603640,373909
2135,2020,23,11,208,1.793,115995,88769
2136,2020,24,11,823,1.994,412807,262321
2137,2020,25,11,1386,2.542,545209,285770
2138,2020,26,11,1196,2.310,517709,279948
2139,2020,27,11,1494,2.491,599668,299419
2140,2020,28,11,1142,2.647,431443,218433
2141,2020,29,11,1796,1.958,917179,552465
2142,2020,2A,11,320,1.990,160814,123650
2143,2020,2B,11,352,1.925,182887,135125
2144,2020,30,11,1679,2.234,751457,435785
2145,2020,31,11,3260,2.303,1415757,754396
2146,2020,32,11,445,2.320,191819,112134
2147,2020,33,11,3424,2.092,1636391,900198
2148,2020,34,11,2562,2.155,1188973,750002
2149,2020,35,11,2426,2.228,1088855,568308
2150,2020,36,11,451,2.062,218707,138959
2151,2020,37,11,1268,2.071,612119,330454
2152,2020,38,11,3063,2.398,1277513,665362
2153,2020,39,11,564,2.179,258798,151009
2154,2020,40,11,796,1.904,418122,265930
2155,2020,41,11,704,2.137,329357,185591
2156,2020,42,11,1439,1.872,768508,403254
2157,2020,43,11,416,1.829,227489,144442
2158,2020,44,11,2980,2.062,1445171,776207
2159,2020,45,11,1939,2.842,682304,351028
2160,2020,46,11,293,1.677,174670,120123
2161,2020,47,11,756,2.285,330844,188120
2162,2020,48,11,160,2.088,76633,61734
2163,2020,49,11,1703,2.075,820713,403157
2164,2020,50,11,903,1.824,495093,301071
2165,2020,51,11,1402,2.474,566659,299421
2166,2020,52,11,445,2.590,171798,100520
2167,2020,53,11,843,2.750,306538,158874
2168,2020,54,11,1767,2.412,732590,381849
2169,2020,55,11,420,2.295,183001,100007
2170,2020,56,11,1812,2.371,764161,476941
2171,2020,57,11,2154,2.053,1049155,527832
2172,2020,58,11,337,1.663,202670,141219
2173,2020,59,11,8120,3.114,2607746,1241241
2174,2020,60,11,2178,2.625,829699,380003
2175,2020,61,11,648,2.327,278475,164988
2176,2020,62,11,4870,3.331,1462167,724156
2177,2020,63,11,1089,1.645,661852,394760
2178,2020,64,11,1175,1.710,687240,417293
2179,2020,65,11,385,1.675,229788,164545
2180,2020,66,11,1201,2.488,482765,359151
2181,2020,67,11,2501,2.178,1148073,575001
2182,2020,68,11,1917,2.497,767842,386082
2183,2020,69,11,4501,2.390,1883437,949531
2184,2020,70,11,492,2.097,234601,128855
2185,2020,71,11,982,1.782,551063,312880
2186,2020,72,11,1642,2.896,566993,294778
2187,2020,73,11,947,2.153,439750,355575
2188,2020,74,11,1813,2.171,835206,533337
2189,2020,75,11,3921,1.827,2145906,1393800
2190,2020,76,11,2681,2.137,1254739,653680
2191,2020,77,11,3858,2.700,1428636,634163
2192,2020,78,11,4065,2.804,1449723,654741
2193,2020,79,11,858,2.291,374481,196421
2194,2020,80,11,1686,2.964,568748,305380
2195,2020,81,11,856,2.189,391066,215987
2196,2020,82,11,552,2.104,262316,134694
2197,2020,83,11,2815,2.594,1085189,735547
2198,2020,84,11,1160,2.064,561941,311098
2199,2020,85,11,1346,1.943,692705,435953
2200,2020,86,11,826,1.880,439332,243821
2201,2020,87,11,597,1.604,372123,221779
2202,2020,88,11,846,2.334,362397,214812
2203,2020,89,11,1143,3.421,334156,197870
2204,2020,90,11,380,2.712,140120,73384
2205,2020,91,11,3735,2.860,1306118,577712
2206,2020,92,11,4022,2.473,1626213,815765
2207,2020,93,11,6044,3.651,1655422,696152
2208,2020,94,11,3857,2.739,1407972,654340
2209,2020,95,11,3286,2.625,1251804,523106
2210,2021,01,11,1224,1.846,663202,329783
2211,2021,02,11,1682,3.189,527468,268381
2212,2021,03,11,779,2.326,334872,209666
2213,2021,04,11,402,2.421,166077,131551
2214,2021,05,11,411,2.915,140976,139877
2215,2021,06,11,3271,2.963,1103941,788916
2216,2021,07,11,682,2.058,331415,209963
2217,2021,08,11,870,3.236,268859,143973
2218,2021,09,11,401,2.594,154596,111352
2219,2021,10,11,892,2.865,311329,167657
2220,2021,11,11,933,2.481,376028,268987
2221,2021,12,11,558,1.995,279649,184954
2222,2021,13,11,6569,3.194,2056943,1066675
2223,2021,14,11,1690,2.412,700633,429997
2224,2021,15,11,281,1.948,144226,102634
2225,2021,16,11,880,2.508,350867,200757
2226,2021,17,11,1786,2.700,661404,451118
2227,2021,18,11,645,2.153,299573,179274
2228,2021,19,11,679,2.832,239784,156356
2229,2021,21,11,1101,2.056,535503,297329
2230,2021,22,11,1343,2.216,605917,376517
2231,2021,23,11,304,2.627,115702,89016
2232,2021,24,11,995,2.405,413730,264136
2233,2021,25,11,1465,2.678,547096,288184
2234,2021,26,11,1358,2.614,519458,282419
2235,2021,27,11,1727,2.883,598934,300922
2236,2021,28,11,1276,2.959,431277,219670
2237,2021,29,11,1855,2.013,921638,556255
2238,2021,2A,11,323,1.982,162942,124954
2239,2021,2B,11,371,2.009,184655,136722
2240,2021,30,11,1935,2.558,756543,441086
2241,2021,31,11,3686,2.570,1434367,769604
2242,2021,32,11,408,2.120,192437,112806
2243,2021,33,11,4320,2.610,1654970,913452
2244,2021,34,11,3052,2.539,1201883,760879
2245,2021,35,11,2445,2.226,1098325,575321
2246,2021,36,11,610,2.808,217228,139055
2247,2021,37,11,1487,2.429,612160,333159
2248,2021,38,11,3264,2.540,1284948,673024
2249,2021,39,11,596,2.305,258555,151865
2250,2021,40,11,1056,2.497,422976,270194
2251,2021,41,11,864,2.630,328504,186408
2252,2021,42,11,1779,2.313,769029,405452
2253,2021,43,11,450,1.980,227284,145236
2254,2021,44,11,3193,2.190,1457806,787187
2255,2021,45,11,2258,3.298,684561,353544
2256,2021,46,11,334,1.909,174942,120797
2257,2021,47,11,1030,3.110,331229,189189
2258,2021,48,11,119,1.555,76519,62006
2259,2021,49,11,1765,2.140,824743,406488
2260,2021,50,11,1050,2.119,495508,302441
2261,2021,51,11,1834,3.244,565292,300919
2262,2021,52,11,529,3.093,171042,100716
2263,2021,53,11,973,3.180,305933,159714
2264,2021,54,11,2250,3.072,732486,384639
2265,2021,55,11,505,2.776,181919,100190
2266,2021,56,11,1875,2.439,768687,481682
2267,2021,57,11,2731,2.601,1049942,531542
2268,2021,58,11,396,1.956,202417,141381
2269,2021,59,11,9607,3.679,2611293,1251657
2270,2021,60,11,2690,3.246,828838,382118
2271,2021,61,11,791,2.856,276973,165115
2272,2021,62,11,6172,4.223,1461441,727951
2273,2021,63,11,1170,1.767,662285,397923
2274,2021,64,11,1429,2.062,693027,421756
2275,2021,65,11,521,2.256,230956,165621
2276,2021,66,11,1395,2.863,487307,362350
2277,2021,67,11,2916,2.530,1152662,581630
2278,2021,68,11,2243,2.924,767083,389445
2279,2021,69,11,5070,2.677,1893692,964037
2280,2021,70,11,553,2.360,234296,129449
2281,2021,71,11,1286,2.341,549288,314053
2282,2021,72,11,1922,3.395,566058,296419
2283,2021,73,11,1025,2.317,442468,358886
2284,2021,74,11,2035,2.418,841482,540705
2285,2021,75,11,4485,2.103,2133111,1396753
2286,2021,76,11,3374,2.686,1255918,657851
2287,2021,77,11,4474,3.111,1438100,641376
2288,2021,78,11,4191,2.878,1456365,661312
2289,2021,79,11,965,2.576,374587,197430
2290,2021,80,11,1953,3.449,566252,307149
2291,2021,81,11,1071,2.721,393572,218036
2292,2021,82,11,542,2.058,263377,135891
2293,2021,83,11,3038,2.774,1095337,743682
2294,2021,84,11,1240,2.196,564566,314424
2295,2021,85,11,1423,2.034,699459,441153
2296,2021,86,11,1012,2.303,439385,245247
2297,2021,87,11,759,2.042,371691,222826
2298,2021,88,11,950,2.634,360673,215468
2299,2021,89,11,1169,3.506,333385,198598
2300,2021,90,11,382,2.735,139654,73620
2301,2021,91,11,4152,3.160,1313768,587710
2302,2021,92,11,4313,2.637,1635291,824372
2303,2021,93,11,6521,3.908,1668670,705282
2304,2021,94,11,4398,3.107,1415367,662168
2305,2021,95,11,4022,3.201,1256607,529926
2306,2022,01,11,1640,2.443,671289,329783
2307,2022,02,11,1857,3.533,525558,268381
2308,2022,03,11,774,2.312,334715,209666
2309,2022,04,11,508,3.039,167179,131551
2310,2022,05,11,452,3.190,141677,139877
2311,2022,06,11,3848,3.452,1114579,788916
2312,2022,07,11,765,2.296,333229,209963
2313,2022,08,11,978,3.660,267204,143973
2314,2022,09,11,496,3.193,155339,111352
2315,2022,10,11,1115,3.584,311076,167657
2316,2022,11,11,1030,2.727,377773,268987
2317,2022,12,11,667,2.384,279736,184954
2318,2022,13,11,7108,3.434,2069811,1066675
2319,2022,14,11,2137,3.033,704605,429997
2320,2022,15,11,342,2.368,144399,102634
2321,2022,16,11,1113,3.166,351603,200757
2322,2022,17,11,1867,2.794,668160,451118
2323,2022,18,11,732,2.444,299496,179274
2324,2022,19,11,768,3.198,240120,156356
2325,2022,21,11,1210,2.251,537577,297329
2326,2022,22,11,1657,2.718,609598,376517
2327,2022,23,11,360,3.116,115529,89016
2328,2022,24,11,1138,2.733,416325,264136
2329,2022,25,11,1683,3.067,548662,288184
2330,2022,26,11,1624,3.115,521432,282419
2331,2022,27,11,1894,3.150,601305,300922
2332,2022,28,11,1395,3.222,432950,219670
2333,2022,29,11,2001,2.156,927912,556255
2334,2022,2A,11,369,2.222,166045,124954
2335,2022,2B,11,456,2.462,185231,136722
2336,2022,30,11,2264,2.963,764010,441086
2337,2022,31,11,4197,2.882,1456261,769604
2338,2022,32,11,462,2.398,192649,112806
2339,2022,33,11,5258,3.139,1674980,913452
2340,2022,34,11,3674,3.018,1217331,760879
2341,2022,35,11,3125,2.817,1109232,575321
2342,2022,36,11,660,3.044,216809,139055
2343,2022,37,11,1738,2.820,616326,333159
2344,2022,38,11,3748,2.902,1291380,673024
2345,2022,39,11,768,2.972,258405,151865
2346,2022,40,11,1253,2.925,428427,270194
2347,2022,41,11,990,3.010,328953,186408
2348,2022,42,11,2045,2.649,772041,405452
2349,2022,43,11,513,2.248,228161,145236
2350,2022,44,11,3798,2.578,1473156,787187
2351,2022,45,11,2464,3.586,687063,353544
2352,2022,46,11,394,2.243,175620,120797
2353,2022,47,11,1116,3.359,332226,189189
2354,2022,48,11,158,2.065,76503,62006
2355,2022,49,11,2233,2.696,828151,406488
2356,2022,50,11,1254,2.524,496815,302441
2357,2022,51,11,2090,3.705,564107,300919
2358,2022,52,11,627,3.691,169865,100716
2359,2022,53,11,991,3.245,305437,159714
2360,2022,54,11,2568,3.504,732898,384639
2361,2022,55,11,507,2.805,180745,100190
2362,2022,56,11,2155,2.777,776103,481682
2363,2022,57,11,3109,2.959,1050721,531542
2364,2022,58,11,476,2.353,202299,141381
2365,2022,59,11,11370,4.345,2616909,1251657
2366,2022,60,11,2937,3.535,830725,382118
2367,2022,61,11,893,3.234,276144,165115
2368,2022,62,11,7500,5.136,1460184,727951
2369,2022,63,11,1449,2.181,664385,397923
2370,2022,64,11,1621,2.317,699473,421756
2371,2022,65,11,551,2.381,231453,165621
2372,2022,66,11,1523,3.089,492964,362350
2373,2022,67,11,2980,2.576,1156963,581630
2374,2022,68,11,2590,3.373,767800,389445
2375,2022,69,11,5618,2.944,1907982,964037
2376,2022,70,11,635,2.715,233920,129449
2377,2022,71,11,1452,2.644,549136,314053
2378,2022,72,11,1966,3.473,566129,296419
2379,2022,73,11,1130,2.538,445288,358886
2380,2022,74,11,2274,2.677,849583,540705
2381,2022,75,11,5705,2.699,2113705,1396753
2382,2022,76,11,3910,3.103,1260205,657851
2383,2022,77,11,4993,3.438,1452399,641376
2384,2022,78,11,4694,3.192,1470778,661312
2385,2022,79,11,1214,3.234,375415,197430
2386,2022,80,11,2278,4.028,565540,307149
2387,2022,81,11,1158,2.923,396168,218036
2388,2022,82,11,771,2.910,264924,135891
2389,2022,83,11,3690,3.329,1108364,743682
2390,2022,84,11,1584,2.785,568702,314424
2391,2022,85,11,1502,2.126,706343,441153
2392,2022,86,11,1243,2.833,438688,245247
2393,2022,87,11,928,2.492,372438,222826
2394,2022,88,11,996,2.777,358700,215468
2395,2022,89,11,1194,3.576,333896,198598
2396,2022,90,11,477,3.405,140082,73620
2397,2022,91,11,4868,3.675,1324546,587710
2398,2022,92,11,4713,2.861,1647435,824372
2399,2022,93,11,7942,4.723,1681725,705282
2400,2022,94,11,4888,3.443,1419531,662168
2401,2022,95,11,4544,3.576,1270845,529926
2402,2023,01,11,1788,2.664,671289,329783
2403,2023,02,11,2176,4.140,525558,268381
2404,2023,03,11,968,2.892,334715,209666
2405,2023,04,11,643,3.846,167179,131551
2406,2023,05,11,450,3.176,141677,139877
2407,2023,06,11,4268,3.829,1114579,788916
2408,2023,07,11,943,2.830,333229,209963
2409,2023,08,11,1051,3.933,267204,143973
2410,2023,09,11,536,3.451,155339,111352
2411,2023,10,11,1279,4.112,311076,167657
2412,2023,11,11,1307,3.460,377773,268987
2413,2023,12,11,624,2.231,279736,184954
2414,2023,13,11,7421,3.585,2069811,1066675
2415,2023,14,11,2707,3.842,704605,429997
2416,2023,15,11,381,2.639,144399,102634
2417,2023,16,11,1149,3.268,351603,200757
2418,2023,17,11,2141,3.204,668160,451118
2419,2023,18,11,737,2.461,299496,179274
2420,2023,19,11,873,3.636,240120,156356
2421,2023,21,11,1568,2.917,537577,297329
2422,2023,22,11,1898,3.114,609598,376517
2423,2023,23,11,374,3.237,115529,89016
2424,2023,24,11,1199,2.880,416325,264136
2425,2023,25,11,1830,3.335,548662,288184
2426,2023,26,11,1829,3.508,521432,282419
2427,2023,27,11,2176,3.619,601305,300922
2428,2023,28,11,1598,3.691,432950,219670
2429,2023,29,11,2584,2.785,927912,556255
2430,2023,2A,11,424,2.554,166045,124954
2431,2023,2B,11,575,3.104,185231,136722
2432,2023,30,11,2473,3.237,764010,441086
2433,2023,31,11,4527,3.109,1456261,769604
2434,2023,32,11,578,3.000,192649,112806
2435,2023,33,11,5943,3.548,1674980,913452
2436,2023,34,11,3936,3.233,1217331,760879
2437,2023,35,11,3422,3.085,1109232,575321
2438,2023,36,11,666,3.072,216809,139055
2439,2023,37,11,2217,3.597,616326,333159
2440,2023,38,11,4233,3.278,1291380,673024
2441,2023,39,11,778,3.011,258405,151865
2442,2023,40,11,1401,3.270,428427,270194
2443,2023,41,11,1387,4.216,328953,186408
2444,2023,42,11,2299,2.978,772041,405452
2445,2023,43,11,583,2.555,228161,145236
2446,2023,44,11,4139,2.810,1473156,787187
2447,2023,45,11,2674,3.892,687063,353544
2448,2023,46,11,435,2.477,175620,120797
2449,2023,47,11,1162,3.498,332226,189189
2450,2023,48,11,167,2.183,76503,62006
2451,2023,49,11,2516,3.038,828151,406488
2452,2023,50,11,1412,2.842,496815,302441
2453,2023,51,11,2370,4.201,564107,300919
2454,2023,52,11,596,3.509,169865,100716
2455,2023,53,11,1109,3.631,305437,159714
2456,2023,54,11,2629,3.587,732898,384639
2457,2023,55,11,568,3.143,180745,100190
2458,2023,56,11,2095,2.699,776103,481682
2459,2023,57,11,3443,3.277,1050721,531542
2460,2023,58,11,576,2.847,202299,141381
2461,2023,59,11,12424,4.748,2616909,1251657
2462,2023,60,11,3409,4.104,830725,382118
2463,2023,61,11,1023,3.705,276144,165115
2464,2023,62,11,8256,5.654,1460184,727951
2465,2023,63,11,1581,2.380,664385,397923
2466,2023,64,11,1757,2.512,699473,421756
2467,2023,65,11,608,2.627,231453,165621
2468,2023,66,11,1632,3.311,492964,362350
2469,2023,67,11,3171,2.741,1156963,581630
2470,2023,68,11,2833,3.690,767800,389445
2471,2023,69,11,5899,3.092,1907982,964037
2472,2023,70,11,717,3.065,233920,129449
2473,2023,71,11,1632,2.972,549136,314053
2474,2023,72,11,2222,3.925,566129,296419
2475,2023,73,11,1326,2.978,445288,358886
2476,2023,74,11,2387,2.810,849583,540705
2477,2023,75,11,6218,2.942,2113705,1396753
2478,2023,76,11,4696,3.726,1260205,657851
2479,2023,77,11,5301,3.650,1452399,641376
2480,2023,78,11,4936,3.356,1470778,661312
2481,2023,79,11,1183,3.151,375415,197430
2482,2023,80,11,2632,4.654,565540,307149
2483,2023,81,11,1216,3.069,396168,218036
2484,2023,82,11,943,3.560,264924,135891
2485,2023,83,11,3889,3.509,1108364,743682
2486,2023,84,11,1683,2.959,568702,314424
2487,2023,85,11,1648,2.333,706343,441153
2488,2023,86,11,1330,3.032,438688,245247
2489,2023,87,11,1031,2.768,372438,222826
2490,2023,88,11,1168,3.256,358700,215468
2491,2023,89,11,1308,3.917,333896,198598
2492,2023,90,11,526,3.755,140082,73620
2493,2023,91,11,5220,3.941,1324546,587710
2494,2023,92,11,4982,3.024,1647435,824372
2495,2023,93,11,7957,4.731,1681725,705282
2496,2023,94,11,5121,3.608,1419531,662168
2497,2023,95,11,5006,3.939,1270845,529926
2498,2024,01,11,2099,3.127,671289,329783
2499,2024,02,11,2205,4.196,525558,268381
2500,2024,03,11,970,2.898,334715,209666
2501,2024,04,11,612,3.661,167179,131551
2502,2024,05,11,475,3.353,141677,139877
2503,2024,06,11,4242,3.806,1114579,788916
2504,2024,07,11,936,2.809,333229,209963
2505,2024,08,11,1054,3.945,267204,143973
2506,2024,09,11,538,3.463,155339,111352
2507,2024,10,11,1246,4.005,311076,167657
2508,2024,11,11,1328,3.515,377773,268987
2509,2024,12,11,681,2.434,279736,184954
2510,2024,13,11,7499,3.623,2069811,1066675
2511,2024,14,11,2543,3.609,704605,429997
2512,2024,15,11,349,2.417,144399,102634
2513,2024,16,11,1225,3.484,351603,200757
2514,2024,17,11,2145,3.210,668160,451118
2515,2024,18,11,863,2.882,299496,179274
2516,2024,19,11,919,3.827,240120,156356
2517,2024,21,11,1459,2.714,537577,297329
2518,2024,22,11,2152,3.530,609598,376517
2519,2024,23,11,407,3.523,115529,89016
2520,2024,24,11,1333,3.202,416325,264136
2521,2024,25,11,1961,3.574,548662,288184
2522,2024,26,11,1991,3.818,521432,282419
2523,2024,27,11,2245,3.734,601305,300922
2524,2024,28,11,1436,3.317,432950,219670
2525,2024,29,11,2647,2.853,927912,556255
2526,2024,2A,11,414,2.493,166045,124954
2527,2024,2B,11,530,2.861,185231,136722
2528,2024,30,11,2556,3.346,764010,441086
2529,2024,31,11,4834,3.319,1456261,769604
2530,2024,32,11,537,2.787,192649,112806
2531,2024,33,11,5749,3.432,1674980,913452
2532,2024,34,11,4111,3.377,1217331,760879
2533,2024,35,11,3624,3.267,1109232,575321
2534,2024,36,11,697,3.215,216809,139055
2535,2024,37,11,2246,3.644,616326,333159
2536,2024,38,11,4366,3.381,1291380,673024
2537,2024,39,11,897,3.471,258405,151865
2538,2024,40,11,1369,3.195,428427,270194
2539,2024,41,11,1366,4.153,328953,186408
2540,2024,42,11,2312,2.995,772041,405452
2541,2024,43,11,622,2.726,228161,145236
2542,2024,44,11,4327,2.937,1473156,787187
2543,2024,45,11,2607,3.794,687063,353544
2544,2024,46,11,511,2.910,175620,120797
2545,2024,47,11,1120,3.371,332226,189189
2546,2024,48,11,185,2.418,76503,62006
2547,2024,49,11,2671,3.225,828151,406488
2548,2024,50,11,1402,2.822,496815,302441
2549,2024,51,11,2275,4.033,564107,300919
2550,2024,52,11,577,3.397,169865,100716
2551,2024,53,11,1294,4.237,305437,159714
2552,2024,54,11,2518,3.436,732898,384639
2553,2024,55,11,582,3.220,180745,100190
2554,2024,56,11,2379,3.065,776103,481682
2555,2024,57,11,3471,3.303,1050721,531542
2556,2024,58,11,633,3.129,202299,141381
2557,2024,59,11,12363,4.724,2616909,1251657
2558,2024,60,11,3325,4.003,830725,382118
2559,2024,61,11,1142,4.136,276144,165115
2560,2024,62,11,8502,5.823,1460184,727951
2561,2024,63,11,1633,2.458,664385,397923
2562,2024,64,11,1672,2.390,699473,421756
2563,2024,65,11,685,2.960,231453,165621
2564,2024,66,11,1677,3.402,492964,362350
2565,2024,67,11,3575,3.090,1156963,581630
2566,2024,68,11,2944,3.834,767800,389445
2567,2024,69,11,5704,2.990,1907982,964037
2568,2024,70,11,741,3.168,233920,129449
2569,2024,71,11,1587,2.890,549136,314053
2570,2024,72,11,2364,4.176,566129,296419
2571,2024,73,11,1315,2.953,445288,358886
2572,2024,74,11,2640,3.107,849583,540705
2573,2024,75,11,6110,2.891,2113705,1396753
2574,2024,76,11,4931,3.913,1260205,657851
2575,2024,77,11,5505,3.790,1452399,641376
2576,2024,78,11,4969,3.378,1470778,661312
2577,2024,79,11,1243,3.311,375415,197430
2578,2024,80,11,2765,4.889,565540,307149
2579,2024,81,11,1155,2.915,396168,218036
2580,2024,82,11,889,3.356,264924,135891
2581,2024,83,11,4517,4.075,1108364,743682
2582,2024,84,11,1772,3.116,568702,314424
2583,2024,85,11,1746,2.472,706343,441153
2584,2024,86,11,1434,3.269,438688,245247
2585,2024,87,11,1038,2.787,372438,222826
2586,2024,88,11,1199,3.343,358700,215468
2587,2024,89,11,1495,4.477,333896,198598
2588,2024,90,11,566,4.040,140082,73620
2589,2024,91,11,5150,3.888,1324546,587710
2590,2024,92,11,4805,2.917,1647435,824372
2591,2024,93,11,8269,4.917,1681725,705282
2592,2024,94,11,5423,3.820,1419531,662168
2593,2024,95,11,5119,4.028,1270845,529926
2594,2016,01,10,971,1.521,638425,308491
2595,2016,02,10,1287,2.401,536136,264180
2596,2016,03,10,552,1.626,339384,206980
2597,2016,04,10,352,2.165,162565,126760
2598,2016,05,10,300,2.126,141107,134647
2599,2016,06,10,3213,2.965,1083704,761857
2600,2016,07,10,517,1.590,325157,201264
2601,2016,08,10,773,2.807,275371,142010
2602,2016,09,10,324,2.117,153067,108589
2603,2016,10,10,871,2.820,308910,163064
2604,2016,11,10,885,2.405,368025,258453
2605,2016,12,10,371,1.331,278697,179901
2606,2016,13,10,6472,3.204,2019717,1009576
2607,2016,14,10,1372,1.978,693679,412038
2608,2016,15,10,173,1.185,145969,101070
2609,2016,16,10,652,1.846,353288,196145
2610,2016,17,10,1088,1.694,642191,427696
2611,2016,18,10,579,1.885,307110,177873
2612,2016,19,10,401,1.660,241535,153380
2613,2016,21,10,1051,1.971,533213,285326
2614,2016,22,10,834,1.392,598953,363788
2615,2016,23,10,179,1.498,119502,88330
2616,2016,24,10,597,1.439,414789,256942
2617,2016,25,10,1451,2.694,538549,277578
2618,2016,26,10,1271,2.502,508006,269062
2619,2016,27,10,1361,2.258,602825,292969
2620,2016,28,10,876,2.019,433929,213849
2621,2016,29,10,1502,1.654,908249,537671
2622,2016,2A,10,355,2.301,154303,116432
2623,2016,2B,10,331,1.879,176152,129422
2624,2016,30,10,1627,2.193,742006,419029
2625,2016,31,10,3111,2.308,1348183,703754
2626,2016,32,10,230,1.206,190664,109392
2627,2016,33,10,3638,2.322,1566679,843050
2628,2016,34,10,3553,3.137,1132481,707572
2629,2016,35,10,1880,1.787,1051779,538258
2630,2016,36,10,447,2.000,223505,138229
2631,2016,37,10,938,1.547,606223,318933
2632,2016,38,10,3052,2.436,1252912,639743
2633,2016,39,10,438,1.681,260517,148337
2634,2016,40,10,607,1.499,405010,252298
2635,2016,41,10,583,1.752,332769,182821
2636,2016,42,10,1783,2.340,761997,394202
2637,2016,43,10,335,1.474,227339,142111
2638,2016,44,10,2915,2.111,1380852,729714
2639,2016,45,10,1675,2.484,674330,341549
2640,2016,46,10,214,1.235,173347,117328
2641,2016,47,10,665,1.998,332833,184194
2642,2016,48,10,97,1.269,76422,60395
2643,2016,49,10,1232,1.519,810934,391283
2644,2016,50,10,718,1.441,498362,295248
2645,2016,51,10,1723,3.018,570883,292095
2646,2016,52,10,460,2.583,178084,100722
2647,2016,53,10,384,1.248,307688,155625
2648,2016,54,10,2008,2.736,733821,373165
2649,2016,55,10,440,2.327,189055,99550
2650,2016,56,10,1135,1.518,747548,459455
2651,2016,57,10,2226,2.130,1045271,510597
2652,2016,58,10,361,1.726,209161,141593
2653,2016,59,10,8245,3.167,2603723,1205062
2654,2016,60,10,2052,2.492,823542,369320
2655,2016,61,10,582,2.040,285308,164640
2656,2016,62,10,4603,3.130,1470725,708207
2657,2016,63,10,1031,1.584,650700,382695
2658,2016,64,10,954,1.415,673986,400053
2659,2016,65,10,356,1.563,227829,160809
2660,2016,66,10,1399,2.949,474369,346847
2661,2016,67,10,2392,2.133,1121407,546387
2662,2016,68,10,1860,2.439,762743,373686
2663,2016,69,10,5930,3.230,1835903,904462
2664,2016,70,10,554,2.335,237242,126631
2665,2016,71,10,1063,1.915,555023,309191
2666,2016,72,10,1184,2.086,567561,289447
2667,2016,73,10,902,2.099,429681,341648
2668,2016,74,10,1361,1.698,801416,500698
2669,2016,75,10,9738,4.446,2190327,1374377
2670,2016,76,10,2927,2.331,1255755,634421
2671,2016,77,10,3302,2.363,1397665,604627
2672,2016,78,10,2946,2.058,1431808,629383
2673,2016,79,10,500,1.334,374743,192620
2674,2016,80,10,1567,2.736,572744,297094
2675,2016,81,10,622,1.610,386448,209380
2676,2016,82,10,471,1.833,256897,130059
2677,2016,83,10,3049,2.888,1055821,707520
2678,2016,84,10,1384,2.476,559014,298637
2679,2016,85,10,876,1.306,670597,417192
2680,2016,86,10,691,1.585,436069,237993
2681,2016,87,10,635,1.693,374978,219170
2682,2016,88,10,793,2.145,369641,212925
2683,2016,89,10,881,2.587,340544,195822
2684,2016,90,10,421,2.922,144089,71929
2685,2016,91,10,3060,2.377,1287330,550895
2686,2016,92,10,3089,1.927,1603268,789809
2687,2016,93,10,6589,4.101,1606660,662466
2688,2016,94,10,3371,2.446,1378151,626297
2689,2016,95,10,3299,2.700,1221923,497749
2690,2017,01,10,1121,1.742,643350,313061
2691,2017,02,10,1349,2.524,534490,265548
2692,2017,03,10,730,2.160,337988,207725
2693,2017,04,10,349,2.129,163915,127940
2694,2017,05,10,244,1.727,141284,135493
2695,2017,06,10,3020,2.788,1083310,766748
2696,2017,07,10,521,1.600,325712,203015
2697,2017,08,10,783,2.862,273579,142452
2698,2017,09,10,411,2.684,153153,109392
2699,2017,10,10,916,2.955,310020,164453
2700,2017,11,10,854,2.306,370260,261180
2701,2017,12,10,370,1.325,279206,181053
2702,2017,13,10,6663,3.292,2024162,1021226
2703,2017,14,10,1395,2.010,694002,416115
2704,2017,15,10,148,1.020,145143,101363
2705,2017,16,10,730,2.072,352335,197059
2706,2017,17,10,1271,1.973,644303,431948
2707,2017,18,10,677,2.225,304256,178580
2708,2017,19,10,463,1.917,241464,154124
2709,2017,21,10,1124,2.106,533819,287831
2710,2017,22,10,926,1.546,598814,366683
2711,2017,23,10,158,1.332,118638,88506
2712,2017,24,10,619,1.497,413606,258732
2713,2017,25,10,1577,2.925,539067,279578
2714,2017,26,10,1186,2.318,511553,272494
2715,2017,27,10,1379,2.291,601843,295109
2716,2017,28,10,944,2.179,433233,215350
2717,2017,29,10,1797,1.977,909028,542677
2718,2017,2A,10,361,2.296,157249,118848
2719,2017,2B,10,346,1.947,177689,130820
2720,2017,30,10,1850,2.486,744178,423840
2721,2017,31,10,3338,2.450,1362672,715532
2722,2017,32,10,269,1.408,191091,110358
2723,2017,33,10,3795,2.397,1583384,856616
2724,2017,34,10,3647,3.185,1144892,718743
2725,2017,35,10,1999,1.885,1060199,546440
2726,2017,36,10,418,1.881,222232,138634
2727,2017,37,10,1083,1.786,606511,321881
2728,2017,38,10,3015,2.395,1258722,646707
2729,2017,39,10,459,1.764,260188,149350
2730,2017,40,10,708,1.738,407444,255992
2731,2017,41,10,688,2.073,331915,183643
2732,2017,42,10,2004,2.627,762941,396655
2733,2017,43,10,349,1.536,227283,142989
2734,2017,44,10,3084,2.211,1394909,740924
2735,2017,45,10,1783,2.629,678105,344708
2736,2017,46,10,280,1.611,173828,118075
2737,2017,47,10,710,2.133,332842,185343
2738,2017,48,10,150,1.958,76601,60898
2739,2017,49,10,1388,1.706,813493,394578
2740,2017,50,10,821,1.652,496883,297133
2741,2017,51,10,1701,2.990,568895,294041
2742,2017,52,10,529,3.012,175640,100650
2743,2017,53,10,446,1.451,307445,156662
2744,2017,54,10,2025,2.761,733481,375755
2745,2017,55,10,476,2.543,187187,99736
2746,2017,56,10,1283,1.709,750863,464186
2747,2017,57,10,2559,2.452,1043522,514328
2748,2017,58,10,372,1.796,207182,141642
2749,2017,59,10,8506,3.266,2604361,1214497
2750,2017,60,10,2051,2.488,824503,372778
2751,2017,61,10,615,2.170,283372,164926
2752,2017,62,10,4521,3.080,1468018,713245
2753,2017,63,10,1208,1.848,653742,386425
2754,2017,64,10,1139,1.682,677309,404979
2755,2017,65,10,388,1.698,228530,161703
2756,2017,66,10,1391,2.932,474452,349914
2757,2017,67,10,2620,2.328,1125559,554075
2758,2017,68,10,1996,2.612,764030,376960
2759,2017,69,10,6080,3.298,1843319,914980
2760,2017,70,10,522,2.206,236659,127615
2761,2017,71,10,1092,1.973,553595,310391
2762,2017,72,10,1342,2.369,566506,291039
2763,2017,73,10,881,2.043,431174,345226
2764,2017,74,10,1481,1.834,807360,508229
2765,2017,75,10,10123,4.628,2187526,1382779
2766,2017,76,10,2976,2.372,1254378,640334
2767,2017,77,10,3420,2.436,1403997,612076
2768,2017,78,10,3090,2.148,1438266,637200
2769,2017,79,10,565,1.509,374351,193971
2770,2017,80,10,1503,2.626,572443,299211
2771,2017,81,10,689,1.776,387890,211038
2772,2017,82,10,522,2.021,258349,131300
2773,2017,83,10,2951,2.787,1058740,714503
2774,2017,84,10,1384,2.474,559479,301947
2775,2017,85,10,944,1.398,675247,421680
2776,2017,86,10,785,1.797,436876,240200
2777,2017,87,10,554,1.480,374426,219980
2778,2017,88,10,742,2.018,367673,213629
2779,2017,89,10,1015,3.000,338291,196697
2780,2017,90,10,461,3.232,142622,72211
2781,2017,91,10,3293,2.541,1296130,558684
2782,2017,92,10,3306,2.054,1609306,796181
2783,2017,93,10,7306,4.501,1623111,671680
2784,2017,94,10,3531,2.544,1387926,633207
2785,2017,95,10,3483,2.835,1228618,504100
2786,2018,01,10,1117,1.725,647634,317983
2787,2018,02,10,1536,2.880,533316,266641
2788,2018,03,10,697,2.067,337171,208375
2789,2018,04,10,365,2.225,164068,129062
2790,2018,05,10,363,2.580,140698,136581
2791,2018,06,10,3369,3.102,1086219,772317
2792,2018,07,10,600,1.837,326606,204906
2793,2018,08,10,752,2.766,271845,143015
2794,2018,09,10,351,2.293,153066,110222
2795,2018,10,10,1081,3.487,310020,165502
2796,2018,11,10,936,2.511,372806,263889
2797,2018,12,10,345,1.235,279274,182028
2798,2018,13,10,7302,3.589,2034357,1034043
2799,2018,14,10,1607,2.315,694056,419714
2800,2018,15,10,193,1.333,144765,101693
2801,2018,16,10,757,2.152,351778,198242
2802,2018,17,10,1313,2.030,646932,436869
2803,2018,18,10,648,2.136,303408,179125
2804,2018,19,10,467,1.941,240583,154657
2805,2018,21,10,1214,2.277,533220,290523
2806,2018,22,10,951,1.586,599584,369601
2807,2018,23,10,168,1.430,117503,88728
2808,2018,24,10,695,1.681,413418,260245
2809,2018,25,10,1690,3.121,541454,282056
2810,2018,26,10,1355,2.632,514732,275727
2811,2018,27,10,1493,2.488,599962,297286
2812,2018,28,10,1059,2.451,431997,216684
2813,2018,29,10,1978,2.169,911735,545808
2814,2018,2A,10,345,2.186,157853,120567
2815,2018,2B,10,391,2.164,180701,132077
2816,2018,30,10,1956,2.624,745458,428087
2817,2018,31,10,3527,2.555,1380672,728249
2818,2018,32,10,244,1.276,191283,111171
2819,2018,33,10,3999,2.496,1601845,872327
2820,2018,34,10,4026,3.473,1159220,729653
2821,2018,35,10,2099,1.963,1069228,554254
2822,2018,36,10,501,2.271,220595,138879
2823,2018,37,10,1224,2.014,607760,325172
2824,2018,38,10,3515,2.782,1263563,653289
2825,2018,39,10,539,2.075,259746,150169
2826,2018,40,10,763,1.859,410355,259512
2827,2018,41,10,669,2.026,330248,184614
2828,2018,42,10,1960,2.567,763441,399134
2829,2018,43,10,372,1.635,227552,143699
2830,2018,44,10,3418,2.420,1412502,752968
2831,2018,45,10,2001,2.948,678845,347107
2832,2018,46,10,287,1.650,173929,118998
2833,2018,47,10,871,2.624,331970,186511
2834,2018,48,10,156,2.039,76520,61340
2835,2018,49,10,1430,1.753,815883,397887
2836,2018,50,10,776,1.565,495983,298631
2837,2018,51,10,1700,2.996,567462,295611
2838,2018,52,10,500,2.872,174069,100617
2839,2018,53,10,464,1.511,307084,157552
2840,2018,54,10,2276,3.103,733469,378055
2841,2018,55,10,530,2.859,185355,99893
2842,2018,56,10,1466,1.942,754867,468872
2843,2018,57,10,2311,2.215,1043524,518772
2844,2018,58,10,385,1.870,205828,141623
2845,2018,59,10,9112,3.496,2606234,1224589
2846,2018,60,10,2177,2.632,827153,376185
2847,2018,61,10,682,2.422,281593,165463
2848,2018,62,10,4707,3.209,1466743,717901
2849,2018,63,10,1253,1.901,659048,389711
2850,2018,64,10,1205,1.773,679810,409790
2851,2018,65,10,511,2.230,229191,162729
2852,2018,66,10,1594,3.346,476357,352742
2853,2018,67,10,2910,2.567,1133552,561562
2854,2018,68,10,2012,2.630,764981,380238
2855,2018,69,10,6606,3.553,1859524,926576
2856,2018,70,10,583,2.470,236018,128333
2857,2018,71,10,1110,2.010,552185,311499
2858,2018,72,10,1402,2.477,565963,292628
2859,2018,73,10,1086,2.504,433724,349226
2860,2018,74,10,1659,2.031,816699,517217
2861,2018,75,10,9684,4.451,2175601,1386846
2862,2018,76,10,3489,2.778,1255883,645786
2863,2018,77,10,3680,2.605,1412516,619784
2864,2018,78,10,3216,2.231,1441398,643946
2865,2018,79,10,482,1.286,374799,195051
2866,2018,80,10,1784,3.126,570662,301740
2867,2018,81,10,877,2.257,388596,212905
2868,2018,82,10,623,2.404,259124,132603
2869,2018,83,10,3484,3.263,1067697,722128
2870,2018,84,10,1521,2.717,559793,305436
2871,2018,85,10,1038,1.526,679991,426426
2872,2018,86,10,809,1.849,437586,241951
2873,2018,87,10,678,1.817,373199,220762
2874,2018,88,10,798,2.180,366112,214363
2875,2018,89,10,1061,3.144,337504,197683
2876,2018,90,10,420,2.961,141852,72929
2877,2018,91,10,3406,2.627,1296641,564587
2878,2018,92,10,3569,2.204,1619120,801737
2879,2018,93,10,7425,4.548,1632677,679663
2880,2018,94,10,3688,2.640,1396913,640016
2881,2018,95,10,3727,3.009,1238581,510302
2882,2019,01,10,1161,1.779,652432,321432
2883,2019,02,10,1459,2.746,531345,266922
2884,2019,03,10,731,2.176,335975,208863
2885,2019,04,10,395,2.404,164308,129690
2886,2019,05,10,282,1.997,141220,137644
2887,2019,06,10,3445,3.148,1094283,778291
2888,2019,07,10,578,1.761,328278,206435
2889,2019,08,10,867,3.204,270582,142983
2890,2019,09,10,429,2.799,153287,110526
2891,2019,10,10,997,3.214,310242,166101
2892,2019,11,10,921,2.462,374070,265167
2893,2019,12,10,526,1.881,279595,182769
2894,2019,13,10,7371,3.608,2043110,1044973
2895,2019,14,10,1568,2.256,694905,422082
2896,2019,15,10,217,1.500,144692,101953
2897,2019,16,10,812,2.307,352015,198920
2898,2019,17,10,1487,2.283,651358,440935
2899,2019,18,10,683,2.259,302306,179430
2900,2019,19,10,431,1.795,240073,155041
2901,2019,21,10,1264,2.366,534124,292479
2902,2019,22,10,1004,1.672,600582,371643
2903,2019,23,10,225,1.929,116617,88646
2904,2019,24,10,714,1.728,413223,261104
2905,2019,25,10,1639,3.013,543974,283778
2906,2019,26,10,1225,2.371,516762,277777
2907,2019,27,10,1474,2.459,599507,298148
2908,2019,28,10,1062,2.461,431575,217440
2909,2019,29,10,1881,2.056,915090,549039
2910,2019,2A,10,364,2.296,158507,122005
2911,2019,2B,10,380,2.089,181933,133540
2912,2019,30,10,2051,2.740,748437,431684
2913,2019,31,10,3923,2.802,1400039,740546
2914,2019,32,10,241,1.259,191377,111536
2915,2019,33,10,4302,2.649,1623749,886986
2916,2019,34,10,4140,3.522,1175623,739737
2917,2019,35,10,2324,2.153,1079498,561343
2918,2019,36,10,452,2.061,219316,138826
2919,2019,37,10,1362,2.232,610079,328095
2920,2019,38,10,3581,2.817,1271166,659031
2921,2019,39,10,572,2.207,259199,150475
2922,2019,40,10,670,1.620,413690,262370
2923,2019,41,10,722,2.191,329470,185077
2924,2019,42,10,2010,2.625,765634,401112
2925,2019,43,10,361,1.586,227570,143916
2926,2019,44,10,3667,2.566,1429272,764010
2927,2019,45,10,1767,2.597,680434,348977
2928,2019,46,10,291,1.672,174094,119499
2929,2019,47,10,889,2.684,331271,187058
2930,2019,48,10,182,2.376,76604,61547
2931,2019,49,10,1425,1.741,818273,400508
2932,2019,50,10,891,1.800,495045,299656
2933,2019,51,10,1631,2.877,566855,297288
2934,2019,52,10,520,3.014,172512,100382
2935,2019,53,10,526,1.713,307062,158083
2936,2019,54,10,2153,2.934,733760,379680
2937,2019,55,10,480,2.608,184083,99834
2938,2019,56,10,1562,2.056,759684,472749
2939,2019,57,10,2634,2.517,1046543,523268
2940,2019,58,10,392,1.917,204452,141411
2941,2019,59,10,9019,3.458,2608346,1232504
2942,2019,60,10,2168,2.614,829419,378048
2943,2019,61,10,616,2.200,279942,165100
2944,2019,62,10,4873,3.326,1465278,720800
2945,2019,63,10,1247,1.883,662152,392038
2946,2019,64,10,1250,1.831,682621,413357
2947,2019,65,10,490,2.134,229567,163634
2948,2019,66,10,1705,3.552,479979,355661
2949,2019,67,10,2900,2.544,1140057,567991
2950,2019,68,10,2121,2.765,767086,382805
2951,2019,69,10,6568,3.502,1875747,937544
2952,2019,70,10,502,2.133,235313,128450
2953,2019,71,10,1062,1.926,551493,311966
2954,2019,72,10,1457,2.572,566412,293561
2955,2019,73,10,1069,2.449,436434,352254
2956,2019,74,10,1784,2.160,826094,525404
2957,2019,75,10,10183,4.703,2165423,1389375
2958,2019,76,10,3594,2.862,1255633,649681
2959,2019,77,10,3418,2.405,1421197,626435
2960,2019,78,10,3214,2.219,1448207,649383
2961,2019,79,10,664,1.771,374878,195568
2962,2019,80,10,1610,2.822,570559,303449
2963,2019,81,10,853,2.188,389844,214423
2964,2019,82,10,571,2.191,260669,133522
2965,2019,83,10,3328,3.091,1076711,729223
2966,2019,84,10,1566,2.789,561469,308505
2967,2019,85,10,1051,1.533,685442,430815
2968,2019,86,10,908,2.071,438435,242907
2969,2019,87,10,704,1.891,372359,221194
2970,2019,88,10,798,2.189,364499,214287
2971,2019,89,10,916,2.729,335707,197718
2972,2019,90,10,439,3.106,141318,73180
2973,2019,91,10,3361,2.582,1301659,570417
2974,2019,92,10,3466,2.134,1624357,807711
2975,2019,93,10,7241,4.402,1644903,687238
2976,2019,94,10,3797,2.698,1407124,647289
2977,2019,95,10,3692,2.954,1249674,517063
2978,2020,01,10,1056,1.605,657856,325431
2979,2020,02,10,1346,2.543,529374,267555
2980,2020,03,10,630,1.877,335628,209251
2981,2020,04,10,410,2.478,165451,130500
2982,2020,05,10,299,2.127,140605,138751
2983,2020,06,10,3214,2.929,1097410,783398
2984,2020,07,10,545,1.655,329325,207922
2985,2020,08,10,669,2.481,269701,143402
2986,2020,09,10,402,2.611,153954,110875
2987,2020,10,10,905,2.906,311435,166928
2988,2020,11,10,907,2.417,375217,266877
2989,2020,12,10,467,1.671,279554,183702
2990,2020,13,10,6611,3.228,2048070,1055315
2991,2020,14,10,1436,2.059,697547,426069
2992,2020,15,10,205,1.420,144379,102234
2993,2020,16,10,692,1.967,351718,199746
2994,2020,17,10,1403,2.140,655709,445578
2995,2020,18,10,625,2.077,300933,179389
2996,2020,19,10,461,1.927,239190,155575
2997,2020,21,10,1190,2.224,535078,294776
2998,2020,22,10,1004,1.663,603640,373909
2999,2020,23,10,202,1.741,115995,88769
3000,2020,24,10,713,1.727,412807,262321
3001,2020,25,10,1422,2.608,545209,285770
3002,2020,26,10,1138,2.198,517709,279948
3003,2020,27,10,1297,2.163,599668,299419
3004,2020,28,10,900,2.086,431443,218433
3005,2020,29,10,1716,1.871,917179,552465
3006,2020,2A,10,397,2.469,160814,123650
3007,2020,2B,10,339,1.854,182887,135125
3008,2020,30,10,1937,2.578,751457,435785
3009,2020,31,10,3538,2.499,1415757,754396
3010,2020,32,10,243,1.267,191819,112134
3011,2020,33,10,4065,2.484,1636391,900198
3012,2020,34,10,3608,3.035,1188973,750002
3013,2020,35,10,2204,2.024,1088855,568308
3014,2020,36,10,504,2.304,218707,138959
3015,2020,37,10,1146,1.872,612119,330454
3016,2020,38,10,3247,2.542,1277513,665362
3017,2020,39,10,496,1.917,258798,151009
3018,2020,40,10,717,1.715,418122,265930
3019,2020,41,10,594,1.804,329357,185591
3020,2020,42,10,1814,2.360,768508,403254
3021,2020,43,10,348,1.530,227489,144442
3022,2020,44,10,3226,2.232,1445171,776207
3023,2020,45,10,1743,2.555,682304,351028
3024,2020,46,10,278,1.592,174670,120123
3025,2020,47,10,815,2.463,330844,188120
3026,2020,48,10,154,2.010,76633,61734
3027,2020,49,10,1430,1.742,820713,403157
3028,2020,50,10,683,1.380,495093,301071
3029,2020,51,10,1403,2.476,566659,299421
3030,2020,52,10,414,2.410,171798,100520
3031,2020,53,10,425,1.386,306538,158874
3032,2020,54,10,1953,2.666,732590,381849
3033,2020,55,10,495,2.705,183001,100007
3034,2020,56,10,1425,1.865,764161,476941
3035,2020,57,10,2191,2.088,1049155,527832
3036,2020,58,10,379,1.870,202670,141219
3037,2020,59,10,7921,3.037,2607746,1241241
3038,2020,60,10,2034,2.451,829699,380003
3039,2020,61,10,549,1.971,278475,164988
3040,2020,62,10,4336,2.965,1462167,724156
3041,2020,63,10,1152,1.741,661852,394760
3042,2020,64,10,1172,1.705,687240,417293
3043,2020,65,10,425,1.850,229788,164545
3044,2020,66,10,1515,3.138,482765,359151
3045,2020,67,10,2569,2.238,1148073,575001
3046,2020,68,10,1970,2.566,767842,386082
3047,2020,69,10,5888,3.126,1883437,949531
3048,2020,70,10,495,2.110,234601,128855
3049,2020,71,10,1052,1.909,551063,312880
3050,2020,72,10,1266,2.233,566993,294778
3051,2020,73,10,987,2.244,439750,355575
3052,2020,74,10,1770,2.119,835206,533337
3053,2020,75,10,8511,3.966,2145906,1393800
3054,2020,76,10,3082,2.456,1254739,653680
3055,2020,77,10,2957,2.070,1428636,634163
3056,2020,78,10,2865,1.976,1449723,654741
3057,2020,79,10,612,1.634,374481,196421
3058,2020,80,10,1409,2.477,568748,305380
3059,2020,81,10,900,2.301,391066,215987
3060,2020,82,10,550,2.097,262316,134694
3061,2020,83,10,3132,2.886,1085189,735547
3062,2020,84,10,1392,2.477,561941,311098
3063,2020,85,10,1043,1.506,692705,435953
3064,2020,86,10,809,1.841,439332,243821
3065,2020,87,10,600,1.612,372123,221779
3066,2020,88,10,779,2.150,362397,214812
3067,2020,89,10,838,2.508,334156,197870
3068,2020,90,10,319,2.277,140120,73384
3069,2020,91,10,3023,2.314,1306118,577712
3070,2020,92,10,3174,1.952,1626213,815765
3071,2020,93,10,6587,3.979,1655422,696152
3072,2020,94,10,3577,2.541,1407972,654340
3073,2020,95,10,3250,2.596,1251804,523106
3074,2021,01,10,1412,2.129,663202,329783
3075,2021,02,10,1386,2.628,527468,268381
3076,2021,03,10,768,2.293,334872,209666
3077,2021,04,10,422,2.541,166077,131551
3078,2021,05,10,333,2.362,140976,139877
3079,2021,06,10,3389,3.070,1103941,788916
3080,2021,07,10,656,1.979,331415,209963
3081,2021,08,10,707,2.630,268859,143973
3082,2021,09,10,409,2.646,154596,111352
3083,2021,10,10,861,2.766,311329,167657
3084,2021,11,10,941,2.502,376028,268987
3085,2021,12,10,448,1.602,279649,184954
3086,2021,13,10,7299,3.548,2056943,1066675
3087,2021,14,10,1687,2.408,700633,429997
3088,2021,15,10,219,1.518,144226,102634
3089,2021,16,10,787,2.243,350867,200757
3090,2021,17,10,1414,2.138,661404,451118
3091,2021,18,10,618,2.063,299573,179274
3092,2021,19,10,497,2.073,239784,156356
3093,2021,21,10,1275,2.381,535503,297329
3094,2021,22,10,970,1.601,605917,376517
3095,2021,23,10,235,2.031,115702,89016
3096,2021,24,10,632,1.528,413730,264136
3097,2021,25,10,1627,2.974,547096,288184
3098,2021,26,10,1412,2.718,519458,282419
3099,2021,27,10,1515,2.529,598934,300922
3100,2021,28,10,989,2.293,431277,219670
3101,2021,29,10,1624,1.762,921638,556255
3102,2021,2A,10,421,2.584,162942,124954
3103,2021,2B,10,355,1.923,184655,136722
3104,2021,30,10,2054,2.715,756543,441086
3105,2021,31,10,3744,2.610,1434367,769604
3106,2021,32,10,311,1.616,192437,112806
3107,2021,33,10,4205,2.541,1654970,913452
3108,2021,34,10,3698,3.077,1201883,760879
3109,2021,35,10,2360,2.149,1098325,575321
3110,2021,36,10,433,1.993,217228,139055
3111,2021,37,10,1296,2.117,612160,333159
3112,2021,38,10,3508,2.730,1284948,673024
3113,2021,39,10,552,2.135,258555,151865
3114,2021,40,10,795,1.880,422976,270194
3115,2021,41,10,691,2.103,328504,186408
3116,2021,42,10,2032,2.642,769029,405452
3117,2021,43,10,420,1.848,227284,145236
3118,2021,44,10,3449,2.366,1457806,787187
3119,2021,45,10,1688,2.466,684561,353544
3120,2021,46,10,320,1.829,174942,120797
3121,2021,47,10,780,2.355,331229,189189
3122,2021,48,10,184,2.405,76519,62006
3123,2021,49,10,1460,1.770,824743,406488
3124,2021,50,10,760,1.534,495508,302441
3125,2021,51,10,1700,3.007,565292,300919
3126,2021,52,10,548,3.204,171042,100716
3127,2021,53,10,501,1.638,305933,159714
3128,2021,54,10,2315,3.160,732486,384639
3129,2021,55,10,504,2.770,181919,100190
3130,2021,56,10,1442,1.876,768687,481682
3131,2021,57,10,2501,2.382,1049942,531542
3132,2021,58,10,367,1.813,202417,141381
3133,2021,59,10,9251,3.543,2611293,1251657
3134,2021,60,10,2210,2.666,828838,382118
3135,2021,61,10,656,2.368,276973,165115
3136,2021,62,10,4535,3.103,1461441,727951
3137,2021,63,10,1403,2.118,662285,397923
3138,2021,64,10,1228,1.772,693027,421756
3139,2021,65,10,515,2.230,230956,165621
3140,2021,66,10,1710,3.509,487307,362350
3141,2021,67,10,2815,2.442,1152662,581630
3142,2021,68,10,2107,2.747,767083,389445
3143,2021,69,10,6725,3.551,1893692,964037
3144,2021,70,10,507,2.164,234296,129449
3145,2021,71,10,1159,2.110,549288,314053
3146,2021,72,10,1411,2.493,566058,296419
3147,2021,73,10,1014,2.292,442468,358886
3148,2021,74,10,2006,2.384,841482,540705
3149,2021,75,10,8869,4.158,2133111,1396753
3150,2021,76,10,3414,2.718,1255918,657851
3151,2021,77,10,3310,2.302,1438100,641376
3152,2021,78,10,3010,2.067,1456365,661312
3153,2021,79,10,651,1.738,374587,197430
3154,2021,80,10,1604,2.833,566252,307149
3155,2021,81,10,846,2.150,393572,218036
3156,2021,82,10,552,2.096,263377,135891
3157,2021,83,10,3282,2.996,1095337,743682
3158,2021,84,10,1594,2.823,564566,314424
3159,2021,85,10,1142,1.633,699459,441153
3160,2021,86,10,893,2.032,439385,245247
3161,2021,87,10,738,1.986,371691,222826
3162,2021,88,10,913,2.531,360673,215468
3163,2021,89,10,1010,3.030,333385,198598
3164,2021,90,10,376,2.692,139654,73620
3165,2021,91,10,3347,2.548,1313768,587710
3166,2021,92,10,3362,2.056,1635291,824372
3167,2021,93,10,7428,4.451,1668670,705282
3168,2021,94,10,3764,2.659,1415367,662168
3169,2021,95,10,3359,2.673,1256607,529926
3170,2022,01,10,1319,1.965,671289,329783
3171,2022,02,10,1474,2.805,525558,268381
3172,2022,03,10,814,2.432,334715,209666
3173,2022,04,10,487,2.913,167179,131551
3174,2022,05,10,396,2.795,141677,139877
3175,2022,06,10,3500,3.140,1114579,788916
3176,2022,07,10,767,2.302,333229,209963
3177,2022,08,10,971,3.634,267204,143973
3178,2022,09,10,468,3.013,155339,111352
3179,2022,10,10,1043,3.353,311076,167657
3180,2022,11,10,1086,2.875,377773,268987
3181,2022,12,10,509,1.820,279736,184954
3182,2022,13,10,7598,3.671,2069811,1066675
3183,2022,14,10,1866,2.648,704605,429997
3184,2022,15,10,298,2.064,144399,102634
3185,2022,16,10,934,2.656,351603,200757
3186,2022,17,10,1573,2.354,668160,451118
3187,2022,18,10,650,2.170,299496,179274
3188,2022,19,10,584,2.432,240120,156356
3189,2022,21,10,1397,2.599,537577,297329
3190,2022,22,10,1206,1.978,609598,376517
3191,2022,23,10,266,2.302,115529,89016
3192,2022,24,10,719,1.727,416325,264136
3193,2022,25,10,1755,3.199,548662,288184
3194,2022,26,10,1586,3.042,521432,282419
3195,2022,27,10,1502,2.498,601305,300922
3196,2022,28,10,1137,2.626,432950,219670
3197,2022,29,10,1841,1.984,927912,556255
3198,2022,2A,10,460,2.770,166045,124954
3199,2022,2B,10,449,2.424,185231,136722
3200,2022,30,10,2290,2.997,764010,441086
3201,2022,31,10,4255,2.922,1456261,769604
3202,2022,32,10,351,1.822,192649,112806
3203,2022,33,10,4699,2.805,1674980,913452
3204,2022,34,10,4174,3.429,1217331,760879
3205,2022,35,10,2498,2.252,1109232,575321
3206,2022,36,10,566,2.611,216809,139055
3207,2022,37,10,1489,2.416,616326,333159
3208,2022,38,10,3649,2.826,1291380,673024
3209,2022,39,10,569,2.202,258405,151865
3210,2022,40,10,1030,2.404,428427,270194
3211,2022,41,10,722,2.195,328953,186408
3212,2022,42,10,2242,2.904,772041,405452
3213,2022,43,10,438,1.920,228161,145236
3214,2022,44,10,3932,2.669,1473156,787187
3215,2022,45,10,1805,2.627,687063,353544
3216,2022,46,10,335,1.908,175620,120797
3217,2022,47,10,915,2.754,332226,189189
3218,2022,48,10,142,1.856,76503,62006
3219,2022,49,10,1620,1.956,828151,406488
3220,2022,50,10,922,1.856,496815,302441
3221,2022,51,10,1783,3.161,564107,300919
3222,2022,52,10,514,3.026,169865,100716
3223,2022,53,10,521,1.706,305437,159714
3224,2022,54,10,2348,3.204,732898,384639
3225,2022,55,10,602,3.331,180745,100190
3226,2022,56,10,1831,2.359,776103,481682
3227,2022,57,10,2761,2.628,1050721,531542
3228,2022,58,10,421,2.081,202299,141381
3229,2022,59,10,9368,3.580,2616909,1251657
3230,2022,60,10,2340,2.817,830725,382118
3231,2022,61,10,709,2.568,276144,165115
3232,2022,62,10,5036,3.449,1460184,727951
3233,2022,63,10,1559,2.347,664385,397923
3234,2022,64,10,1533,2.192,699473,421756
3235,2022,65,10,546,2.359,231453,165621
3236,2022,66,10,1767,3.584,492964,362350
3237,2022,67,10,3161,2.732,1156963,581630
3238,2022,68,10,2322,3.024,767800,389445
3239,2022,69,10,7298,3.825,1907982,964037
3240,2022,70,10,542,2.317,233920,129449
3241,2022,71,10,1233,2.245,549136,314053
3242,2022,72,10,1554,2.745,566129,296419
3243,2022,73,10,1176,2.641,445288,358886
3244,2022,74,10,2021,2.379,849583,540705
3245,2022,75,10,10863,5.139,2113705,1396753
3246,2022,76,10,3824,3.034,1260205,657851
3247,2022,77,10,3621,2.493,1452399,641376
3248,2022,78,10,3241,2.204,1470778,661312
3249,2022,79,10,802,2.136,375415,197430
3250,2022,80,10,1751,3.096,565540,307149
3251,2022,81,10,967,2.441,396168,218036
3252,2022,82,10,663,2.503,264924,135891
3253,2022,83,10,3711,3.348,1108364,743682
3254,2022,84,10,1768,3.109,568702,314424
3255,2022,85,10,1089,1.542,706343,441153
3256,2022,86,10,1052,2.398,438688,245247
3257,2022,87,10,883,2.371,372438,222826
3258,2022,88,10,977,2.724,358700,215468
3259,2022,89,10,933,2.794,333896,198598
3260,2022,90,10,456,3.255,140082,73620
3261,2022,91,10,3570,2.695,1324546,587710
3262,2022,92,10,3565,2.164,1647435,824372
3263,2022,93,10,7824,4.652,1681725,705282
3264,2022,94,10,4067,2.865,1419531,662168
3265,2022,95,10,3796,2.987,1270845,529926
3266,2023,01,10,1448,2.157,671289,329783
3267,2023,02,10,1552,2.953,525558,268381
3268,2023,03,10,789,2.357,334715,209666
3269,2023,04,10,470,2.811,167179,131551
3270,2023,05,10,396,2.795,141677,139877
3271,2023,06,10,3707,3.326,1114579,788916
3272,2023,07,10,859,2.578,333229,209963
3273,2023,08,10,990,3.705,267204,143973
3274,2023,09,10,519,3.341,155339,111352
3275,2023,10,10,1149,3.694,311076,167657
3276,2023,11,10,1242,3.288,377773,268987
3277,2023,12,10,503,1.798,279736,184954
3278,2023,13,10,7586,3.665,2069811,1066675
3279,2023,14,10,1972,2.799,704605,429997
3280,2023,15,10,271,1.877,144399,102634
3281,2023,16,10,1029,2.927,351603,200757
3282,2023,17,10,1728,2.586,668160,451118
3283,2023,18,10,655,2.187,299496,179274
3284,2023,19,10,594,2.474,240120,156356
3285,2023,21,10,1555,2.893,537577,297329
3286,2023,22,10,1227,2.013,609598,376517
3287,2023,23,10,305,2.640,115529,89016
3288,2023,24,10,792,1.902,416325,264136
3289,2023,25,10,1696,3.091,548662,288184
3290,2023,26,10,1556,2.984,521432,282419
3291,2023,27,10,1555,2.586,601305,300922
3292,2023,28,10,1109,2.561,432950,219670
3293,2023,29,10,1979,2.133,927912,556255
3294,2023,2A,10,445,2.680,166045,124954
3295,2023,2B,10,402,2.170,185231,136722
3296,2023,30,10,2471,3.234,764010,441086
3297,2023,31,10,4435,3.045,1456261,769604
3298,2023,32,10,368,1.910,192649,112806
3299,2023,33,10,4970,2.967,1674980,913452
3300,2023,34,10,4215,3.462,1217331,760879
3301,2023,35,10,2654,2.393,1109232,575321
3302,2023,36,10,590,2.721,216809,139055
3303,2023,37,10,1529,2.481,616326,333159
3304,2023,38,10,3819,2.957,1291380,673024
3305,2023,39,10,669,2.589,258405,151865
3306,2023,40,10,980,2.287,428427,270194
3307,2023,41,10,839,2.551,328953,186408
3308,2023,42,10,2341,3.032,772041,405452
3309,2023,43,10,423,1.854,228161,145236
3310,2023,44,10,3699,2.511,1473156,787187
3311,2023,45,10,1807,2.630,687063,353544
3312,2023,46,10,334,1.902,175620,120797
3313,2023,47,10,950,2.859,332226,189189
3314,2023,48,10,185,2.418,76503,62006
3315,2023,49,10,1548,1.869,828151,406488
3316,2023,50,10,885,1.781,496815,302441
3317,2023,51,10,1812,3.212,564107,300919
3318,2023,52,10,547,3.220,169865,100716
3319,2023,53,10,542,1.775,305437,159714
3320,2023,54,10,2507,3.421,732898,384639
3321,2023,55,10,632,3.497,180745,100190
3322,2023,56,10,1685,2.171,776103,481682
3323,2023,57,10,2769,2.635,1050721,531542
3324,2023,58,10,393,1.943,202299,141381
3325,2023,59,10,9231,3.527,2616909,1251657
3326,2023,60,10,2539,3.056,830725,382118
3327,2023,61,10,644,2.332,276144,165115
3328,2023,62,10,5540,3.794,1460184,727951
3329,2023,63,10,1662,2.502,664385,397923
3330,2023,64,10,1405,2.009,699473,421756
3331,2023,65,10,601,2.597,231453,165621
3332,2023,66,10,1863,3.779,492964,362350
3333,2023,67,10,3299,2.851,1156963,581630
3334,2023,68,10,2338,3.045,767800,389445
3335,2023,69,10,6856,3.593,1907982,964037
3336,2023,70,10,636,2.719,233920,129449
3337,2023,71,10,1251,2.278,549136,314053
3338,2023,72,10,1670,2.950,566129,296419
3339,2023,73,10,1185,2.661,445288,358886
3340,2023,74,10,2227,2.621,849583,540705
3341,2023,75,10,10109,4.783,2113705,1396753
3342,2023,76,10,4243,3.367,1260205,657851
3343,2023,77,10,3596,2.476,1452399,641376
3344,2023,78,10,3292,2.238,1470778,661312
3345,2023,79,10,811,2.160,375415,197430
3346,2023,80,10,1811,3.202,565540,307149
3347,2023,81,10,1016,2.565,396168,218036
3348,2023,82,10,643,2.427,264924,135891
3349,2023,83,10,3699,3.337,1108364,743682
3350,2023,84,10,1806,3.176,568702,314424
3351,2023,85,10,1284,1.818,706343,441153
3352,2023,86,10,1026,2.339,438688,245247
3353,2023,87,10,922,2.476,372438,222826
3354,2023,88,10,1115,3.108,358700,215468
3355,2023,89,10,960,2.875,333896,198598
3356,2023,90,10,493,3.519,140082,73620
3357,2023,91,10,3976,3.002,1324546,587710
3358,2023,92,10,3847,2.335,1647435,824372
3359,2023,93,10,7901,4.698,1681725,705282
3360,2023,94,10,4233,2.982,1419531,662168
3361,2023,95,10,3803,2.992,1270845,529926
3362,2024,01,10,1369,2.039,671289,329783
3363,2024,02,10,1672,3.181,525558,268381
3364,2024,03,10,857,2.560,334715,209666
3365,2024,04,10,437,2.614,167179,131551
3366,2024,05,10,405,2.859,141677,139877
3367,2024,06,10,3853,3.457,1114579,788916
3368,2024,07,10,866,2.599,333229,209963
3369,2024,08,10,966,3.615,267204,143973
3370,2024,09,10,441,2.839,155339,111352
3371,2024,10,10,1147,3.687,311076,167657
3372,2024,11,10,1266,3.351,377773,268987
3373,2024,12,10,536,1.916,279736,184954
3374,2024,13,10,7818,3.777,2069811,1066675
3375,2024,14,10,1820,2.583,704605,429997
3376,2024,15,10,289,2.001,144399,102634
3377,2024,16,10,1048,2.981,351603,200757
3378,2024,17,10,1661,2.486,668160,451118
3379,2024,18,10,671,2.240,299496,179274
3380,2024,19,10,535,2.228,240120,156356
3381,2024,21,10,1429,2.658,537577,297329
3382,2024,22,10,1219,2.000,609598,376517
3383,2024,23,10,316,2.735,115529,89016
3384,2024,24,10,773,1.857,416325,264136
3385,2024,25,10,1777,3.239,548662,288184
3386,2024,26,10,1632,3.130,521432,282419
3387,2024,27,10,1587,2.639,601305,300922
3388,2024,28,10,1053,2.432,432950,219670
3389,2024,29,10,2076,2.237,927912,556255
3390,2024,2A,10,395,2.379,166045,124954
3391,2024,2B,10,415,2.240,185231,136722
3392,2024,30,10,2425,3.174,764010,441086
3393,2024,31,10,4327,2.971,1456261,769604
3394,2024,32,10,403,2.092,192649,112806
3395,2024,33,10,4798,2.865,1674980,913452
3396,2024,34,10,4459,3.663,1217331,760879
3397,2024,35,10,2468,2.225,1109232,575321
3398,2024,36,10,572,2.638,216809,139055
3399,2024,37,10,1583,2.568,616326,333159
3400,2024,38,10,4047,3.134,1291380,673024
3401,2024,39,10,547,2.117,258405,151865
3402,2024,40,10,1046,2.441,428427,270194
3403,2024,41,10,773,2.350,328953,186408
3404,2024,42,10,2329,3.017,772041,405452
3405,2024,43,10,438,1.920,228161,145236
3406,2024,44,10,3414,2.317,1473156,787187
3407,2024,45,10,1849,2.691,687063,353544
3408,2024,46,10,359,2.044,175620,120797
3409,2024,47,10,1012,3.046,332226,189189
3410,2024,48,10,179,2.340,76503,62006
3411,2024,49,10,1570,1.896,828151,406488
3412,2024,50,10,856,1.723,496815,302441
3413,2024,51,10,1917,3.398,564107,300919
3414,2024,52,10,486,2.861,169865,100716
3415,2024,53,10,595,1.948,305437,159714
3416,2024,54,10,2476,3.378,732898,384639
3417,2024,55,10,581,3.214,180745,100190
3418,2024,56,10,1765,2.274,776103,481682
3419,2024,57,10,2606,2.480,1050721,531542
3420,2024,58,10,441,2.180,202299,141381
3421,2024,59,10,9603,3.670,2616909,1251657
3422,2024,60,10,2483,2.989,830725,382118
3423,2024,61,10,674,2.441,276144,165115
3424,2024,62,10,5672,3.884,1460184,727951
3425,2024,63,10,1614,2.429,664385,397923
3426,2024,64,10,1411,2.017,699473,421756
3427,2024,65,10,535,2.311,231453,165621
3428,2024,66,10,1899,3.852,492964,362350
3429,2024,67,10,3292,2.845,1156963,581630
3430,2024,68,10,2322,3.024,767800,389445
3431,2024,69,10,6625,3.472,1907982,964037
3432,2024,70,10,613,2.621,233920,129449
3433,2024,71,10,1210,2.203,549136,314053
3434,2024,72,10,1658,2.929,566129,296419
3435,2024,73,10,1203,2.702,445288,358886
3436,2024,74,10,2089,2.459,849583,540705
3437,2024,75,10,9861,4.665,2113705,1396753
3438,2024,76,10,4155,3.297,1260205,657851
3439,2024,77,10,3607,2.483,1452399,641376
3440,2024,78,10,3401,2.312,1470778,661312
3441,2024,79,10,765,2.038,375415,197430
3442,2024,80,10,1936,3.423,565540,307149
3443,2024,81,10,1014,2.560,396168,218036
3444,2024,82,10,715,2.699,264924,135891
3445,2024,83,10,3515,3.171,1108364,743682
3446,2024,84,10,2045,3.596,568702,314424
3447,2024,85,10,1248,1.767,706343,441153
3448,2024,86,10,1019,2.323,438688,245247
3449,2024,87,10,888,2.384,372438,222826
3450,2024,88,10,1027,2.863,358700,215468
3451,2024,89,10,937,2.806,333896,198598
3452,2024,90,10,440,3.141,140082,73620
3453,2024,91,10,3981,3.006,1324546,587710
3454,2024,92,10,3614,2.194,1647435,824372
3455,2024,93,10,7766,4.618,1681725,705282
3456,2024,94,10,4191,2.952,1419531,662168
3457,2024,95,10,3956,3.113,1270845,529926
3458,2016,01,12,397,0.622,638425,308491
3459,2016,02,12,482,0.899,536136,264180
3460,2016,03,12,219,0.645,339384,206980
3461,2016,04,12,99,0.609,162565,126760
3462,2016,05,12,73,0.517,141107,134647
3463,2016,06,12,792,0.731,1083704,761857
3464,2016,07,12,188,0.578,325157,201264
3465,2016,08,12,234,0.850,275371,142010
3466,2016,09,12,119,0.777,153067,108589
3467,2016,10,12,252,0.816,308910,163064
3468,2016,11,12,277,0.753,368025,258453
3469,2016,12,12,164,0.588,278697,179901
3470,2016,13,12,1449,0.717,2019717,1009576
3471,2016,14,12,559,0.806,693679,412038
3472,2016,15,12,78,0.534,145969,101070
3473,2016,16,12,335,0.948,353288,196145
3474,2016,17,12,500,0.779,642191,427696
3475,2016,18,12,254,0.827,307110,177873
3476,2016,19,12,156,0.646,241535,153380
3477,2016,21,12,387,0.726,533213,285326
3478,2016,22,12,414,0.691,598953,363788
3479,2016,23,12,82,0.686,119502,88330
3480,2016,24,12,312,0.752,414789,256942
3481,2016,25,12,408,0.758,538549,277578
3482,2016,26,12,343,0.675,508006,269062
3483,2016,27,12,481,0.798,602825,292969
3484,2016,28,12,426,0.982,433929,213849
3485,2016,29,12,609,0.671,908249,537671
3486,2016,2A,12,91,0.590,154303,116432
3487,2016,2B,12,91,0.517,176152,129422
3488,2016,30,12,488,0.658,742006,419029
3489,2016,31,12,964,0.715,1348183,703754
3490,2016,32,12,107,0.561,190664,109392
3491,2016,33,12,1418,0.905,1566679,843050
3492,2016,34,12,896,0.791,1132481,707572
3493,2016,35,12,784,0.745,1051779,538258
3494,2016,36,12,153,0.685,223505,138229
3495,2016,37,12,433,0.714,606223,318933
3496,2016,38,12,873,0.697,1252912,639743
3497,2016,39,12,232,0.891,260517,148337
3498,2016,40,12,263,0.649,405010,252298
3499,2016,41,12,249,0.748,332769,182821
3500,2016,42,12,509,0.668,761997,394202
3501,2016,43,12,132,0.581,227339,142111
3502,2016,44,12,1031,0.747,1380852,729714
3503,2016,45,12,606,0.899,674330,341549
3504,2016,46,12,112,0.646,173347,117328
3505,2016,47,12,221,0.664,332833,184194
3506,2016,48,12,38,0.497,76422,60395
3507,2016,49,12,701,0.864,810934,391283
3508,2016,50,12,423,0.849,498362,295248
3509,2016,51,12,510,0.893,570883,292095
3510,2016,52,12,173,0.971,178084,100722
3511,2016,53,12,231,0.751,307688,155625
3512,2016,54,12,572,0.779,733821,373165
3513,2016,55,12,128,0.677,189055,99550
3514,2016,56,12,458,0.613,747548,459455
3515,2016,57,12,644,0.616,1045271,510597
3516,2016,58,12,127,0.607,209161,141593
3517,2016,59,12,2542,0.976,2603723,1205062
3518,2016,60,12,659,0.800,823542,369320
3519,2016,61,12,310,1.087,285308,164640
3520,2016,62,12,1546,1.051,1470725,708207
3521,2016,63,12,384,0.590,650700,382695
3522,2016,64,12,356,0.528,673986,400053
3523,2016,65,12,114,0.500,227829,160809
3524,2016,66,12,362,0.763,474369,346847
3525,2016,67,12,778,0.694,1121407,546387
3526,2016,68,12,476,0.624,762743,373686
3527,2016,69,12,1373,0.748,1835903,904462
3528,2016,70,12,212,0.894,237242,126631
3529,2016,71,12,301,0.542,555023,309191
3530,2016,72,12,591,1.041,567561,289447
3531,2016,73,12,315,0.733,429681,341648
3532,2016,74,12,522,0.651,801416,500698
3533,2016,75,12,2871,1.311,2190327,1374377
3534,2016,76,12,1037,0.826,1255755,634421
3535,2016,77,12,1006,0.720,1397665,604627
3536,2016,78,12,974,0.680,1431808,629383
3537,2016,79,12,278,0.742,374743,192620
3538,2016,80,12,471,0.822,572744,297094
3539,2016,81,12,214,0.554,386448,209380
3540,2016,82,12,192,0.747,256897,130059
3541,2016,83,12,736,0.697,1055821,707520
3542,2016,84,12,429,0.767,559014,298637
3543,2016,85,12,452,0.674,670597,417192
3544,2016,86,12,305,0.699,436069,237993
3545,2016,87,12,265,0.707,374978,219170
3546,2016,88,12,256,0.693,369641,212925
3547,2016,89,12,300,0.881,340544,195822
3548,2016,90,12,143,0.992,144089,71929
3549,2016,91,12,839,0.652,1287330,550895
3550,2016,92,12,1071,0.668,1603268,789809
3551,2016,93,12,1377,0.857,1606660,662466
3552,2016,94,12,908,0.659,1378151,626297
3553,2016,95,12,921,0.754,1221923,497749
3554,2017,01,12,437,0.679,643350,313061
3555,2017,02,12,563,1.053,534490,265548
3556,2017,03,12,259,0.766,337988,207725
3557,2017,04,12,123,0.750,163915,127940
3558,2017,05,12,109,0.771,141284,135493
3559,2017,06,12,887,0.819,1083310,766748
3560,2017,07,12,214,0.657,325712,203015
3561,2017,08,12,289,1.056,273579,142452
3562,2017,09,12,149,0.973,153153,109392
3563,2017,10,12,299,0.964,310020,164453
3564,2017,11,12,268,0.724,370260,261180
3565,2017,12,12,224,0.802,279206,181053
3566,2017,13,12,1577,0.779,2024162,1021226
3567,2017,14,12,657,0.947,694002,416115
3568,2017,15,12,85,0.586,145143,101363
3569,2017,16,12,369,1.047,352335,197059
3570,2017,17,12,590,0.916,644303,431948
3571,2017,18,12,275,0.904,304256,178580
3572,2017,19,12,163,0.675,241464,154124
3573,2017,21,12,433,0.811,533819,287831
3574,2017,22,12,403,0.673,598814,366683
3575,2017,23,12,73,0.615,118638,88506
3576,2017,24,12,378,0.914,413606,258732
3577,2017,25,12,439,0.814,539067,279578
3578,2017,26,12,403,0.788,511553,272494
3579,2017,27,12,538,0.894,601843,295109
3580,2017,28,12,340,0.785,433233,215350
3581,2017,29,12,639,0.703,909028,542677
3582,2017,2A,12,79,0.502,157249,118848
3583,2017,2B,12,131,0.737,177689,130820
3584,2017,30,12,568,0.763,744178,423840
3585,2017,31,12,1081,0.793,1362672,715532
3586,2017,32,12,151,0.790,191091,110358
3587,2017,33,12,1356,0.856,1583384,856616
3588,2017,34,12,954,0.833,1144892,718743
3589,2017,35,12,904,0.853,1060199,546440
3590,2017,36,12,166,0.747,222232,138634
3591,2017,37,12,482,0.795,606511,321881
3592,2017,38,12,916,0.728,1258722,646707
3593,2017,39,12,254,0.976,260188,149350
3594,2017,40,12,340,0.834,407444,255992
3595,2017,41,12,265,0.798,331915,183643
3596,2017,42,12,490,0.642,762941,396655
3597,2017,43,12,184,0.810,227283,142989
3598,2017,44,12,1272,0.912,1394909,740924
3599,2017,45,12,684,1.009,678105,344708
3600,2017,46,12,135,0.777,173828,118075
3601,2017,47,12,266,0.799,332842,185343
3602,2017,48,12,51,0.666,76601,60898
3603,2017,49,12,749,0.921,813493,394578
3604,2017,50,12,516,1.038,496883,297133
3605,2017,51,12,473,0.831,568895,294041
3606,2017,52,12,196,1.116,175640,100650
3607,2017,53,12,258,0.839,307445,156662
3608,2017,54,12,608,0.829,733481,375755
3609,2017,55,12,195,1.042,187187,99736
3610,2017,56,12,509,0.678,750863,464186
3611,2017,57,12,750,0.719,1043522,514328
3612,2017,58,12,179,0.864,207182,141642
3613,2017,59,12,2563,0.984,2604361,1214497
3614,2017,60,12,768,0.931,824503,372778
3615,2017,61,12,297,1.048,283372,164926
3616,2017,62,12,1645,1.121,1468018,713245
3617,2017,63,12,393,0.601,653742,386425
3618,2017,64,12,389,0.574,677309,404979
3619,2017,65,12,135,0.591,228530,161703
3620,2017,66,12,436,0.919,474452,349914
3621,2017,67,12,876,0.778,1125559,554075
3622,2017,68,12,588,0.770,764030,376960
3623,2017,69,12,1541,0.836,1843319,914980
3624,2017,70,12,251,1.061,236659,127615
3625,2017,71,12,354,0.639,553595,310391
3626,2017,72,12,603,1.064,566506,291039
3627,2017,73,12,335,0.777,431174,345226
3628,2017,74,12,557,0.690,807360,508229
3629,2017,75,12,2754,1.259,2187526,1382779
3630,2017,76,12,1112,0.886,1254378,640334
3631,2017,77,12,1252,0.892,1403997,612076
3632,2017,78,12,1060,0.737,1438266,637200
3633,2017,79,12,337,0.900,374351,193971
3634,2017,80,12,567,0.990,572443,299211
3635,2017,81,12,279,0.719,387890,211038
3636,2017,82,12,224,0.867,258349,131300
3637,2017,83,12,804,0.759,1058740,714503
3638,2017,84,12,446,0.797,559479,301947
3639,2017,85,12,506,0.749,675247,421680
3640,2017,86,12,402,0.920,436876,240200
3641,2017,87,12,284,0.758,374426,219980
3642,2017,88,12,270,0.734,367673,213629
3643,2017,89,12,397,1.174,338291,196697
3644,2017,90,12,149,1.045,142622,72211
3645,2017,91,12,965,0.745,1296130,558684
3646,2017,92,12,1055,0.656,1609306,796181
3647,2017,93,12,1573,0.969,1623111,671680
3648,2017,94,12,1009,0.727,1387926,633207
3649,2017,95,12,986,0.803,1228618,504100
3650,2018,01,12,531,0.820,647634,317983
3651,2018,02,12,622,1.166,533316,266641
3652,2018,03,12,329,0.976,337171,208375
3653,2018,04,12,167,1.018,164068,129062
3654,2018,05,12,159,1.130,140698,136581
3655,2018,06,12,859,0.791,1086219,772317
3656,2018,07,12,243,0.744,326606,204906
3657,2018,08,12,299,1.100,271845,143015
3658,2018,09,12,159,1.039,153066,110222
3659,2018,10,12,379,1.223,310020,165502
3660,2018,11,12,357,0.958,372806,263889
3661,2018,12,12,201,0.720,279274,182028
3662,2018,13,12,1957,0.962,2034357,1034043
3663,2018,14,12,773,1.114,694056,419714
3664,2018,15,12,186,1.285,144765,101693
3665,2018,16,12,388,1.103,351778,198242
3666,2018,17,12,634,0.980,646932,436869
3667,2018,18,12,305,1.005,303408,179125
3668,2018,19,12,193,0.802,240583,154657
3669,2018,21,12,524,0.983,533220,290523
3670,2018,22,12,536,0.894,599584,369601
3671,2018,23,12,105,0.894,117503,88728
3672,2018,24,12,350,0.847,413418,260245
3673,2018,25,12,521,0.962,541454,282056
3674,2018,26,12,479,0.931,514732,275727
3675,2018,27,12,669,1.115,599962,297286
3676,2018,28,12,446,1.032,431997,216684
3677,2018,29,12,786,0.862,911735,545808
3678,2018,2A,12,123,0.779,157853,120567
3679,2018,2B,12,110,0.609,180701,132077
3680,2018,30,12,598,0.802,745458,428087
3681,2018,31,12,1292,0.936,1380672,728249
3682,2018,32,12,173,0.904,191283,111171
3683,2018,33,12,1651,1.031,1601845,872327
3684,2018,34,12,1203,1.038,1159220,729653
3685,2018,35,12,1033,0.966,1069228,554254
3686,2018,36,12,187,0.848,220595,138879
3687,2018,37,12,596,0.981,607760,325172
3688,2018,38,12,1175,0.930,1263563,653289
3689,2018,39,12,259,0.997,259746,150169
3690,2018,40,12,410,0.999,410355,259512
3691,2018,41,12,358,1.084,330248,184614
3692,2018,42,12,539,0.706,763441,399134
3693,2018,43,12,175,0.769,227552,143699
3694,2018,44,12,1431,1.013,1412502,752968
3695,2018,45,12,720,1.061,678845,347107
3696,2018,46,12,179,1.029,173929,118998
3697,2018,47,12,316,0.952,331970,186511
3698,2018,48,12,67,0.876,76520,61340
3699,2018,49,12,836,1.025,815883,397887
3700,2018,50,12,562,1.133,495983,298631
3701,2018,51,12,553,0.975,567462,295611
3702,2018,52,12,201,1.155,174069,100617
3703,2018,53,12,325,1.058,307084,157552
3704,2018,54,12,743,1.013,733469,378055
3705,2018,55,12,182,0.982,185355,99893
3706,2018,56,12,664,0.880,754867,468872
3707,2018,57,12,845,0.810,1043524,518772
3708,2018,58,12,197,0.957,205828,141623
3709,2018,59,12,3127,1.200,2606234,1224589
3710,2018,60,12,877,1.060,827153,376185
3711,2018,61,12,328,1.165,281593,165463
3712,2018,62,12,1936,1.320,1466743,717901
3713,2018,63,12,495,0.751,659048,389711
3714,2018,64,12,496,0.730,679810,409790
3715,2018,65,12,192,0.838,229191,162729
3716,2018,66,12,436,0.915,476357,352742
3717,2018,67,12,1008,0.889,1133552,561562
3718,2018,68,12,669,0.875,764981,380238
3719,2018,69,12,1814,0.976,1859524,926576
3720,2018,70,12,244,1.034,236018,128333
3721,2018,71,12,464,0.840,552185,311499
3722,2018,72,12,809,1.429,565963,292628
3723,2018,73,12,394,0.908,433724,349226
3724,2018,74,12,639,0.782,816699,517217
3725,2018,75,12,3654,1.680,2175601,1386846
3726,2018,76,12,1285,1.023,1255883,645786
3727,2018,77,12,1385,0.981,1412516,619784
3728,2018,78,12,1230,0.853,1441398,643946
3729,2018,79,12,331,0.883,374799,195051
3730,2018,80,12,704,1.234,570662,301740
3731,2018,81,12,361,0.929,388596,212905
3732,2018,82,12,255,0.984,259124,132603
3733,2018,83,12,912,0.854,1067697,722128
3734,2018,84,12,513,0.916,559793,305436
3735,2018,85,12,626,0.921,679991,426426
3736,2018,86,12,435,0.994,437586,241951
3737,2018,87,12,321,0.860,373199,220762
3738,2018,88,12,376,1.027,366112,214363
3739,2018,89,12,453,1.342,337504,197683
3740,2018,90,12,146,1.029,141852,72929
3741,2018,91,12,1123,0.866,1296641,564587
3742,2018,92,12,1289,0.796,1619120,801737
3743,2018,93,12,2076,1.272,1632677,679663
3744,2018,94,12,1287,0.921,1396913,640016
3745,2018,95,12,1199,0.968,1238581,510302
3746,2019,01,12,620,0.950,652432,321432
3747,2019,02,12,712,1.340,531345,266922
3748,2019,03,12,377,1.122,335975,208863
3749,2019,04,12,160,0.974,164308,129690
3750,2019,05,12,146,1.034,141220,137644
3751,2019,06,12,1000,0.914,1094283,778291
3752,2019,07,12,282,0.859,328278,206435
3753,2019,08,12,326,1.205,270582,142983
3754,2019,09,12,176,1.148,153287,110526
3755,2019,10,12,372,1.199,310242,166101
3756,2019,11,12,374,1.000,374070,265167
3757,2019,12,12,244,0.873,279595,182769
3758,2019,13,12,2121,1.038,2043110,1044973
3759,2019,14,12,891,1.282,694905,422082
3760,2019,15,12,131,0.905,144692,101953
3761,2019,16,12,414,1.176,352015,198920
3762,2019,17,12,815,1.251,651358,440935
3763,2019,18,12,343,1.135,302306,179430
3764,2019,19,12,248,1.033,240073,155041
3765,2019,21,12,556,1.041,534124,292479
3766,2019,22,12,549,0.914,600582,371643
3767,2019,23,12,130,1.115,116617,88646
3768,2019,24,12,415,1.004,413223,261104
3769,2019,25,12,588,1.081,543974,283778
3770,2019,26,12,609,1.178,516762,277777
3771,2019,27,12,724,1.208,599507,298148
3772,2019,28,12,506,1.172,431575,217440
3773,2019,29,12,928,1.014,915090,549039
3774,2019,2A,12,138,0.871,158507,122005
3775,2019,2B,12,157,0.863,181933,133540
3776,2019,30,12,753,1.006,748437,431684
3777,2019,31,12,1382,0.987,1400039,740546
3778,2019,32,12,183,0.956,191377,111536
3779,2019,33,12,1821,1.121,1623749,886986
3780,2019,34,12,1225,1.042,1175623,739737
3781,2019,35,12,1096,1.015,1079498,561343
3782,2019,36,12,220,1.003,219316,138826
3783,2019,37,12,705,1.156,610079,328095
3784,2019,38,12,1322,1.040,1271166,659031
3785,2019,39,12,297,1.146,259199,150475
3786,2019,40,12,468,1.131,413690,262370
3787,2019,41,12,408,1.238,329470,185077
3788,2019,42,12,594,0.776,765634,401112
3789,2019,43,12,192,0.844,227570,143916
3790,2019,44,12,1550,1.084,1429272,764010
3791,2019,45,12,852,1.252,680434,348977
3792,2019,46,12,185,1.063,174094,119499
3793,2019,47,12,377,1.138,331271,187058
3794,2019,48,12,78,1.018,76604,61547
3795,2019,49,12,993,1.214,818273,400508
3796,2019,50,12,667,1.347,495045,299656
3797,2019,51,12,613,1.081,566855,297288
3798,2019,52,12,234,1.356,172512,100382
3799,2019,53,12,397,1.293,307062,158083
3800,2019,54,12,869,1.184,733760,379680
3801,2019,55,12,200,1.086,184083,99834
3802,2019,56,12,890,1.172,759684,472749
3803,2019,57,12,889,0.849,1046543,523268
3804,2019,58,12,253,1.237,204452,141411
3805,2019,59,12,3737,1.433,2608346,1232504
3806,2019,60,12,997,1.202,829419,378048
3807,2019,61,12,328,1.172,279942,165100
3808,2019,62,12,2090,1.426,1465278,720800
3809,2019,63,12,631,0.953,662152,392038
3810,2019,64,12,556,0.815,682621,413357
3811,2019,65,12,187,0.815,229567,163634
3812,2019,66,12,569,1.185,479979,355661
3813,2019,67,12,1159,1.017,1140057,567991
3814,2019,68,12,798,1.040,767086,382805
3815,2019,69,12,2099,1.119,1875747,937544
3816,2019,70,12,296,1.258,235313,128450
3817,2019,71,12,471,0.854,551493,311966
3818,2019,72,12,921,1.626,566412,293561
3819,2019,73,12,435,0.997,436434,352254
3820,2019,74,12,710,0.859,826094,525404
3821,2019,75,12,3711,1.714,2165423,1389375
3822,2019,76,12,1470,1.171,1255633,649681
3823,2019,77,12,1478,1.040,1421197,626435
3824,2019,78,12,1408,0.972,1448207,649383
3825,2019,79,12,386,1.030,374878,195568
3826,2019,80,12,825,1.446,570559,303449
3827,2019,81,12,393,1.008,389844,214423
3828,2019,82,12,251,0.963,260669,133522
3829,2019,83,12,985,0.915,1076711,729223
3830,2019,84,12,503,0.896,561469,308505
3831,2019,85,12,675,0.985,685442,430815
3832,2019,86,12,481,1.097,438435,242907
3833,2019,87,12,360,0.967,372359,221194
3834,2019,88,12,362,0.993,364499,214287
3835,2019,89,12,428,1.275,335707,197718
3836,2019,90,12,158,1.118,141318,73180
3837,2019,91,12,1208,0.928,1301659,570417
3838,2019,92,12,1444,0.889,1624357,807711
3839,2019,93,12,2032,1.235,1644903,687238
3840,2019,94,12,1372,0.975,1407124,647289
3841,2019,95,12,1435,1.148,1249674,517063
3842,2020,01,12,671,1.020,657856,325431
3843,2020,02,12,790,1.492,529374,267555
3844,2020,03,12,397,1.183,335628,209251
3845,2020,04,12,165,0.997,165451,130500
3846,2020,05,12,148,1.053,140605,138751
3847,2020,06,12,1055,0.961,1097410,783398
3848,2020,07,12,333,1.011,329325,207922
3849,2020,08,12,319,1.183,269701,143402
3850,2020,09,12,258,1.676,153954,110875
3851,2020,10,12,568,1.824,311435,166928
3852,2020,11,12,384,1.023,375217,266877
3853,2020,12,12,306,1.095,279554,183702
3854,2020,13,12,1985,0.969,2048070,1055315
3855,2020,14,12,966,1.385,697547,426069
3856,2020,15,12,138,0.956,144379,102234
3857,2020,16,12,537,1.527,351718,199746
3858,2020,17,12,874,1.333,655709,445578
3859,2020,18,12,313,1.040,300933,179389
3860,2020,19,12,285,1.192,239190,155575
3861,2020,21,12,590,1.103,535078,294776
3862,2020,22,12,553,0.916,603640,373909
3863,2020,23,12,158,1.362,115995,88769
3864,2020,24,12,446,1.080,412807,262321
3865,2020,25,12,587,1.077,545209,285770
3866,2020,26,12,473,0.914,517709,279948
3867,2020,27,12,783,1.306,599668,299419
3868,2020,28,12,552,1.279,431443,218433
3869,2020,29,12,1050,1.145,917179,552465
3870,2020,2A,12,126,0.784,160814,123650
3871,2020,2B,12,178,0.973,182887,135125
3872,2020,30,12,785,1.045,751457,435785
3873,2020,31,12,1397,0.987,1415757,754396
3874,2020,32,12,193,1.006,191819,112134
3875,2020,33,12,1998,1.221,1636391,900198
3876,2020,34,12,1257,1.057,1188973,750002
3877,2020,35,12,1247,1.145,1088855,568308
3878,2020,36,12,235,1.074,218707,138959
3879,2020,37,12,695,1.135,612119,330454
3880,2020,38,12,1388,1.086,1277513,665362
3881,2020,39,12,306,1.182,258798,151009
3882,2020,40,12,512,1.225,418122,265930
3883,2020,41,12,381,1.157,329357,185591
3884,2020,42,12,669,0.871,768508,403254
3885,2020,43,12,224,0.985,227489,144442
3886,2020,44,12,1693,1.171,1445171,776207
3887,2020,45,12,840,1.231,682304,351028
3888,2020,46,12,204,1.168,174670,120123
3889,2020,47,12,391,1.182,330844,188120
3890,2020,48,12,100,1.305,76633,61734
3891,2020,49,12,1003,1.222,820713,403157
3892,2020,50,12,588,1.188,495093,301071
3893,2020,51,12,606,1.069,566659,299421
3894,2020,52,12,251,1.461,171798,100520
3895,2020,53,12,404,1.318,306538,158874
3896,2020,54,12,859,1.173,732590,381849
3897,2020,55,12,242,1.322,183001,100007
3898,2020,56,12,995,1.302,764161,476941
3899,2020,57,12,931,0.887,1049155,527832
3900,2020,58,12,262,1.293,202670,141219
3901,2020,59,12,3527,1.353,2607746,1241241
3902,2020,60,12,957,1.153,829699,380003
3903,2020,61,12,405,1.454,278475,164988
3904,2020,62,12,1963,1.343,1462167,724156
3905,2020,63,12,592,0.894,661852,394760
3906,2020,64,12,572,0.832,687240,417293
3907,2020,65,12,196,0.853,229788,164545
3908,2020,66,12,571,1.183,482765,359151
3909,2020,67,12,1123,0.978,1148073,575001
3910,2020,68,12,921,1.199,767842,386082
3911,2020,69,12,2046,1.086,1883437,949531
3912,2020,70,12,269,1.147,234601,128855
3913,2020,71,12,544,0.987,551063,312880
3914,2020,72,12,776,1.369,566993,294778
3915,2020,73,12,492,1.119,439750,355575
3916,2020,74,12,849,1.017,835206,533337
3917,2020,75,12,3427,1.597,2145906,1393800
3918,2020,76,12,1469,1.171,1254739,653680
3919,2020,77,12,1444,1.011,1428636,634163
3920,2020,78,12,1363,0.940,1449723,654741
3921,2020,79,12,489,1.306,374481,196421
3922,2020,80,12,770,1.354,568748,305380
3923,2020,81,12,451,1.153,391066,215987
3924,2020,82,12,327,1.247,262316,134694
3925,2020,83,12,1045,0.963,1085189,735547
3926,2020,84,12,529,0.941,561941,311098
3927,2020,85,12,786,1.135,692705,435953
3928,2020,86,12,592,1.348,439332,243821
3929,2020,87,12,338,0.908,372123,221779
3930,2020,88,12,429,1.184,362397,214812
3931,2020,89,12,503,1.505,334156,197870
3932,2020,90,12,158,1.128,140120,73384
3933,2020,91,12,1216,0.931,1306118,577712
3934,2020,92,12,1502,0.924,1626213,815765
3935,2020,93,12,1885,1.139,1655422,696152
3936,2020,94,12,1332,0.946,1407972,654340
3937,2020,95,12,1386,1.107,1251804,523106
3938,2021,01,12,833,1.256,663202,329783
3939,2021,02,12,893,1.693,527468,268381
3940,2021,03,12,436,1.302,334872,209666
3941,2021,04,12,248,1.493,166077,131551
3942,2021,05,12,246,1.745,140976,139877
3943,2021,06,12,1283,1.162,1103941,788916
3944,2021,07,12,425,1.282,331415,209963
3945,2021,08,12,418,1.555,268859,143973
3946,2021,09,12,233,1.507,154596,111352
3947,2021,10,12,469,1.506,311329,167657
3948,2021,11,12,588,1.564,376028,268987
3949,2021,12,12,295,1.055,279649,184954
3950,2021,13,12,2523,1.227,2056943,1066675
3951,2021,14,12,1216,1.736,700633,429997
3952,2021,15,12,178,1.234,144226,102634
3953,2021,16,12,553,1.576,350867,200757
3954,2021,17,12,1095,1.656,661404,451118
3955,2021,18,12,378,1.262,299573,179274
3956,2021,19,12,315,1.314,239784,156356
3957,2021,21,12,757,1.414,535503,297329
3958,2021,22,12,721,1.190,605917,376517
3959,2021,23,12,190,1.642,115702,89016
3960,2021,24,12,577,1.395,413730,264136
3961,2021,25,12,741,1.354,547096,288184
3962,2021,26,12,679,1.307,519458,282419
3963,2021,27,12,994,1.660,598934,300922
3964,2021,28,12,680,1.577,431277,219670
3965,2021,29,12,1297,1.407,921638,556255
3966,2021,2A,12,142,0.871,162942,124954
3967,2021,2B,12,212,1.148,184655,136722
3968,2021,30,12,976,1.290,756543,441086
3969,2021,31,12,1857,1.295,1434367,769604
3970,2021,32,12,226,1.174,192437,112806
3971,2021,33,12,2516,1.520,1654970,913452
3972,2021,34,12,1694,1.409,1201883,760879
3973,2021,35,12,1424,1.297,1098325,575321
3974,2021,36,12,358,1.648,217228,139055
3975,2021,37,12,988,1.614,612160,333159
3976,2021,38,12,1610,1.253,1284948,673024
3977,2021,39,12,338,1.307,258555,151865
3978,2021,40,12,630,1.489,422976,270194
3979,2021,41,12,497,1.513,328504,186408
3980,2021,42,12,870,1.131,769029,405452
3981,2021,43,12,283,1.245,227284,145236
3982,2021,44,12,2215,1.519,1457806,787187
3983,2021,45,12,1138,1.662,684561,353544
3984,2021,46,12,209,1.195,174942,120797
3985,2021,47,12,506,1.528,331229,189189
3986,2021,48,12,113,1.477,76519,62006
3987,2021,49,12,1294,1.569,824743,406488
3988,2021,50,12,738,1.489,495508,302441
3989,2021,51,12,847,1.498,565292,300919
3990,2021,52,12,317,1.853,171042,100716
3991,2021,53,12,421,1.376,305933,159714
3992,2021,54,12,1114,1.521,732486,384639
3993,2021,55,12,285,1.567,181919,100190
3994,2021,56,12,1147,1.492,768687,481682
3995,2021,57,12,1085,1.033,1049942,531542
3996,2021,58,12,305,1.507,202417,141381
3997,2021,59,12,4450,1.704,2611293,1251657
3998,2021,60,12,1286,1.552,828838,382118
3999,2021,61,12,528,1.906,276973,165115
4000,2021,62,12,2514,1.720,1461441,727951
4001,2021,63,12,734,1.108,662285,397923
4002,2021,64,12,805,1.162,693027,421756
4003,2021,65,12,346,1.498,230956,165621
4004,2021,66,12,761,1.562,487307,362350
4005,2021,67,12,1453,1.261,1152662,581630
4006,2021,68,12,1066,1.390,767083,389445
4007,2021,69,12,2366,1.249,1893692,964037
4008,2021,70,12,269,1.148,234296,129449
4009,2021,71,12,590,1.074,549288,314053
4010,2021,72,12,1068,1.887,566058,296419
4011,2021,73,12,605,1.367,442468,358886
4012,2021,74,12,1010,1.200,841482,540705
4013,2021,75,12,4401,2.063,2133111,1396753
4014,2021,76,12,1768,1.408,1255918,657851
4015,2021,77,12,1765,1.227,1438100,641376
4016,2021,78,12,1800,1.236,1456365,661312
4017,2021,79,12,618,1.650,374587,197430
4018,2021,80,12,958,1.692,566252,307149
4019,2021,81,12,540,1.372,393572,218036
4020,2021,82,12,357,1.355,263377,135891
4021,2021,83,12,1373,1.253,1095337,743682
4022,2021,84,12,631,1.118,564566,314424
4023,2021,85,12,893,1.277,699459,441153
4024,2021,86,12,632,1.438,439385,245247
4025,2021,87,12,490,1.318,371691,222826
4026,2021,88,12,570,1.580,360673,215468
4027,2021,89,12,608,1.824,333385,198598
4028,2021,90,12,193,1.382,139654,73620
4029,2021,91,12,1525,1.161,1313768,587710
4030,2021,92,12,1807,1.105,1635291,824372
4031,2021,93,12,2525,1.513,1668670,705282
4032,2021,94,12,1873,1.323,1415367,662168
4033,2021,95,12,1532,1.219,1256607,529926
4034,2022,01,12,911,1.357,671289,329783
4035,2022,02,12,963,1.832,525558,268381
4036,2022,03,12,480,1.434,334715,209666
4037,2022,04,12,264,1.579,167179,131551
4038,2022,05,12,248,1.750,141677,139877
4039,2022,06,12,1474,1.322,1114579,788916
4040,2022,07,12,457,1.371,333229,209963
4041,2022,08,12,436,1.632,267204,143973
4042,2022,09,12,279,1.796,155339,111352
4043,2022,10,12,527,1.694,311076,167657
4044,2022,11,12,609,1.612,377773,268987
4045,2022,12,12,345,1.233,279736,184954
4046,2022,13,12,2768,1.337,2069811,1066675
4047,2022,14,12,1285,1.824,704605,429997
4048,2022,15,12,198,1.371,144399,102634
4049,2022,16,12,584,1.661,351603,200757
4050,2022,17,12,1058,1.583,668160,451118
4051,2022,18,12,391,1.306,299496,179274
4052,2022,19,12,383,1.595,240120,156356
4053,2022,21,12,854,1.589,537577,297329
4054,2022,22,12,961,1.576,609598,376517
4055,2022,23,12,173,1.497,115529,89016
4056,2022,24,12,632,1.518,416325,264136
4057,2022,25,12,737,1.343,548662,288184
4058,2022,26,12,806,1.546,521432,282419
4059,2022,27,12,1023,1.701,601305,300922
4060,2022,28,12,737,1.702,432950,219670
4061,2022,29,12,1250,1.347,927912,556255
4062,2022,2A,12,159,0.958,166045,124954
4063,2022,2B,12,213,1.150,185231,136722
4064,2022,30,12,1117,1.462,764010,441086
4065,2022,31,12,2023,1.389,1456261,769604
4066,2022,32,12,283,1.469,192649,112806
4067,2022,33,12,2898,1.730,1674980,913452
4068,2022,34,12,1833,1.506,1217331,760879
4069,2022,35,12,1661,1.497,1109232,575321
4070,2022,36,12,351,1.619,216809,139055
4071,2022,37,12,1141,1.851,616326,333159
4072,2022,38,12,1825,1.413,1291380,673024
4073,2022,39,12,500,1.935,258405,151865
4074,2022,40,12,722,1.685,428427,270194
4075,2022,41,12,580,1.763,328953,186408
4076,2022,42,12,926,1.199,772041,405452
4077,2022,43,12,274,1.201,228161,145236
4078,2022,44,12,2292,1.556,1473156,787187
4079,2022,45,12,1218,1.773,687063,353544
4080,2022,46,12,317,1.805,175620,120797
4081,2022,47,12,482,1.451,332226,189189
4082,2022,48,12,128,1.673,76503,62006
4083,2022,49,12,1338,1.616,828151,406488
4084,2022,50,12,799,1.608,496815,302441
4085,2022,51,12,955,1.693,564107,300919
4086,2022,52,12,300,1.766,169865,100716
4087,2022,53,12,522,1.709,305437,159714
4088,2022,54,12,1269,1.731,732898,384639
4089,2022,55,12,326,1.804,180745,100190
4090,2022,56,12,1237,1.594,776103,481682
4091,2022,57,12,1239,1.179,1050721,531542
4092,2022,58,12,303,1.498,202299,141381
4093,2022,59,12,4657,1.780,2616909,1251657
4094,2022,60,12,1299,1.564,830725,382118
4095,2022,61,12,502,1.818,276144,165115
4096,2022,62,12,2719,1.862,1460184,727951
4097,2022,63,12,832,1.252,664385,397923
4098,2022,64,12,862,1.232,699473,421756
4099,2022,65,12,362,1.564,231453,165621
4100,2022,66,12,899,1.824,492964,362350
4101,2022,67,12,1658,1.433,1156963,581630
4102,2022,68,12,1445,1.882,767800,389445
4103,2022,69,12,2704,1.417,1907982,964037
4104,2022,70,12,348,1.488,233920,129449
4105,2022,71,12,611,1.113,549136,314053
4106,2022,72,12,1011,1.786,566129,296419
4107,2022,73,12,601,1.350,445288,358886
4108,2022,74,12,1119,1.317,849583,540705
4109,2022,75,12,5142,2.433,2113705,1396753
4110,2022,76,12,2114,1.678,1260205,657851
4111,2022,77,12,1940,1.336,1452399,641376
4112,2022,78,12,1991,1.354,1470778,661312
4113,2022,79,12,615,1.638,375415,197430
4114,2022,80,12,969,1.713,565540,307149
4115,2022,81,12,619,1.562,396168,218036
4116,2022,82,12,345,1.302,264924,135891
4117,2022,83,12,1471,1.327,1108364,743682
4118,2022,84,12,711,1.250,568702,314424
4119,2022,85,12,1090,1.543,706343,441153
4120,2022,86,12,788,1.796,438688,245247
4121,2022,87,12,506,1.359,372438,222826
4122,2022,88,12,568,1.583,358700,215468
4123,2022,89,12,641,1.920,333896,198598
4124,2022,90,12,180,1.285,140082,73620
4125,2022,91,12,1839,1.388,1324546,587710
4126,2022,92,12,1998,1.213,1647435,824372
4127,2022,93,12,2937,1.746,1681725,705282
4128,2022,94,12,1984,1.398,1419531,662168
4129,2022,95,12,1791,1.409,1270845,529926
4130,2023,01,12,871,1.298,671289,329783
4131,2023,02,12,982,1.868,525558,268381
4132,2023,03,12,572,1.709,334715,209666
4133,2023,04,12,293,1.753,167179,131551
4134,2023,05,12,293,2.068,141677,139877
4135,2023,06,12,1553,1.393,1114579,788916
4136,2023,07,12,476,1.428,333229,209963
4137,2023,08,12,490,1.834,267204,143973
4138,2023,09,12,285,1.835,155339,111352
4139,2023,10,12,453,1.456,311076,167657
4140,2023,11,12,650,1.721,377773,268987
4141,2023,12,12,402,1.437,279736,184954
4142,2023,13,12,3155,1.524,2069811,1066675
4143,2023,14,12,1375,1.951,704605,429997
4144,2023,15,12,231,1.600,144399,102634
4145,2023,16,12,741,2.107,351603,200757
4146,2023,17,12,1193,1.786,668160,451118
4147,2023,18,12,450,1.503,299496,179274
4148,2023,19,12,382,1.591,240120,156356
4149,2023,21,12,919,1.710,537577,297329
4150,2023,22,12,886,1.453,609598,376517
4151,2023,23,12,198,1.714,115529,89016
4152,2023,24,12,749,1.799,416325,264136
4153,2023,25,12,767,1.398,548662,288184
4154,2023,26,12,847,1.624,521432,282419
4155,2023,27,12,1135,1.888,601305,300922
4156,2023,28,12,838,1.936,432950,219670
4157,2023,29,12,1452,1.565,927912,556255
4158,2023,2A,12,176,1.060,166045,124954
4159,2023,2B,12,196,1.058,185231,136722
4160,2023,30,12,1072,1.403,764010,441086
4161,2023,31,12,2306,1.584,1456261,769604
4162,2023,32,12,295,1.531,192649,112806
4163,2023,33,12,3243,1.936,1674980,913452
4164,2023,34,12,1896,1.558,1217331,760879
4165,2023,35,12,1841,1.660,1109232,575321
4166,2023,36,12,345,1.591,216809,139055
4167,2023,37,12,1203,1.952,616326,333159
4168,2023,38,12,2000,1.549,1291380,673024
4169,2023,39,12,517,2.001,258405,151865
4170,2023,40,12,807,1.884,428427,270194
4171,2023,41,12,653,1.985,328953,186408
4172,2023,42,12,1044,1.352,772041,405452
4173,2023,43,12,401,1.758,228161,145236
4174,2023,44,12,2401,1.630,1473156,787187
4175,2023,45,12,1158,1.685,687063,353544
4176,2023,46,12,320,1.822,175620,120797
4177,2023,47,12,560,1.686,332226,189189
4178,2023,48,12,167,2.183,76503,62006
4179,2023,49,12,1484,1.792,828151,406488
4180,2023,50,12,847,1.705,496815,302441
4181,2023,51,12,916,1.624,564107,300919
4182,2023,52,12,348,2.049,169865,100716
4183,2023,53,12,560,1.833,305437,159714
4184,2023,54,12,1271,1.734,732898,384639
4185,2023,55,12,312,1.726,180745,100190
4186,2023,56,12,1227,1.581,776103,481682
4187,2023,57,12,1437,1.368,1050721,531542
4188,2023,58,12,381,1.883,202299,141381
4189,2023,59,12,5142,1.965,2616909,1251657
4190,2023,60,12,1536,1.849,830725,382118
4191,2023,61,12,583,2.111,276144,165115
4192,2023,62,12,3072,2.104,1460184,727951
4193,2023,63,12,823,1.239,664385,397923
4194,2023,64,12,908,1.298,699473,421756
4195,2023,65,12,412,1.780,231453,165621
4196,2023,66,12,913,1.852,492964,362350
4197,2023,67,12,1690,1.461,1156963,581630
4198,2023,68,12,1339,1.744,767800,389445
4199,2023,69,12,3099,1.624,1907982,964037
4200,2023,70,12,409,1.748,233920,129449
4201,2023,71,12,807,1.470,549136,314053
4202,2023,72,12,1231,2.174,566129,296419
4203,2023,73,12,691,1.552,445288,358886
4204,2023,74,12,1096,1.290,849583,540705
4205,2023,75,12,5236,2.477,2113705,1396753
4206,2023,76,12,2330,1.849,1260205,657851
4207,2023,77,12,2090,1.439,1452399,641376
4208,2023,78,12,2012,1.368,1470778,661312
4209,2023,79,12,788,2.099,375415,197430
4210,2023,80,12,1174,2.076,565540,307149
4211,2023,81,12,652,1.646,396168,218036
4212,2023,82,12,381,1.438,264924,135891
4213,2023,83,12,1530,1.380,1108364,743682
4214,2023,84,12,749,1.317,568702,314424
4215,2023,85,12,1179,1.669,706343,441153
4216,2023,86,12,827,1.885,438688,245247
4217,2023,87,12,530,1.423,372438,222826
4218,2023,88,12,590,1.645,358700,215468
4219,2023,89,12,680,2.037,333896,198598
4220,2023,90,12,194,1.385,140082,73620
4221,2023,91,12,1884,1.422,1324546,587710
4222,2023,92,12,2209,1.341,1647435,824372
4223,2023,93,12,2808,1.670,1681725,705282
4224,2023,94,12,2085,1.469,1419531,662168
4225,2023,95,12,1785,1.405,1270845,529926
4226,2024,01,12,1067,1.589,671289,329783
4227,2024,02,12,1068,2.032,525558,268381
4228,2024,03,12,590,1.763,334715,209666
4229,2024,04,12,312,1.866,167179,131551
4230,2024,05,12,324,2.287,141677,139877
4231,2024,06,12,1584,1.421,1114579,788916
4232,2024,07,12,544,1.633,333229,209963
4233,2024,08,12,498,1.864,267204,143973
4234,2024,09,12,299,1.925,155339,111352
4235,2024,10,12,608,1.955,311076,167657
4236,2024,11,12,666,1.763,377773,268987
4237,2024,12,12,381,1.362,279736,184954
4238,2024,13,12,3065,1.481,2069811,1066675
4239,2024,14,12,1337,1.898,704605,429997
4240,2024,15,12,259,1.794,144399,102634
4241,2024,16,12,771,2.193,351603,200757
4242,2024,17,12,1409,2.109,668160,451118
4243,2024,18,12,466,1.556,299496,179274
4244,2024,19,12,417,1.737,240120,156356
4245,2024,21,12,895,1.665,537577,297329
4246,2024,22,12,1060,1.739,609598,376517
4247,2024,23,12,227,1.965,115529,89016
4248,2024,24,12,702,1.686,416325,264136
4249,2024,25,12,1029,1.875,548662,288184
4250,2024,26,12,928,1.780,521432,282419
4251,2024,27,12,1193,1.984,601305,300922
4252,2024,28,12,764,1.765,432950,219670
4253,2024,29,12,1553,1.674,927912,556255
4254,2024,2A,12,153,0.921,166045,124954
4255,2024,2B,12,231,1.247,185231,136722
4256,2024,30,12,1304,1.707,764010,441086
4257,2024,31,12,2418,1.660,1456261,769604
4258,2024,32,12,315,1.635,192649,112806
4259,2024,33,12,3271,1.953,1674980,913452
4260,2024,34,12,1851,1.521,1217331,760879
4261,2024,35,12,2077,1.872,1109232,575321
4262,2024,36,12,383,1.767,216809,139055
4263,2024,37,12,1319,2.140,616326,333159
4264,2024,38,12,2240,1.735,1291380,673024
4265,2024,39,12,481,1.861,258405,151865
4266,2024,40,12,881,2.056,428427,270194
4267,2024,41,12,629,1.912,328953,186408
4268,2024,42,12,1189,1.540,772041,405452
4269,2024,43,12,371,1.626,228161,145236
4270,2024,44,12,2497,1.695,1473156,787187
4271,2024,45,12,1452,2.113,687063,353544
4272,2024,46,12,315,1.794,175620,120797
4273,2024,47,12,567,1.707,332226,189189
4274,2024,48,12,148,1.935,76503,62006
4275,2024,49,12,1642,1.983,828151,406488
4276,2024,50,12,850,1.711,496815,302441
4277,2024,51,12,1024,1.815,564107,300919
4278,2024,52,12,287,1.690,169865,100716
4279,2024,53,12,665,2.177,305437,159714
4280,2024,54,12,1236,1.686,732898,384639
4281,2024,55,12,337,1.865,180745,100190
4282,2024,56,12,1428,1.840,776103,481682
4283,2024,57,12,1431,1.362,1050721,531542
4284,2024,58,12,383,1.893,202299,141381
4285,2024,59,12,5509,2.105,2616909,1251657
4286,2024,60,12,1531,1.843,830725,382118
4287,2024,61,12,603,2.184,276144,165115
4288,2024,62,12,3349,2.294,1460184,727951
4289,2024,63,12,1005,1.513,664385,397923
4290,2024,64,12,1055,1.508,699473,421756
4291,2024,65,12,373,1.612,231453,165621
4292,2024,66,12,946,1.919,492964,362350
4293,2024,67,12,1810,1.564,1156963,581630
4294,2024,68,12,1401,1.825,767800,389445
4295,2024,69,12,3078,1.613,1907982,964037
4296,2024,70,12,437,1.868,233920,129449
4297,2024,71,12,794,1.446,549136,314053
4298,2024,72,12,1392,2.459,566129,296419
4299,2024,73,12,733,1.646,445288,358886
4300,2024,74,12,1246,1.467,849583,540705
4301,2024,75,12,5910,2.796,2113705,1396753
4302,2024,76,12,2515,1.996,1260205,657851
4303,2024,77,12,2426,1.670,1452399,641376
4304,2024,78,12,2081,1.415,1470778,661312
4305,2024,79,12,733,1.953,375415,197430
4306,2024,80,12,1401,2.477,565540,307149
4307,2024,81,12,688,1.737,396168,218036
4308,2024,82,12,426,1.608,264924,135891
4309,2024,83,12,1815,1.638,1108364,743682
4310,2024,84,12,871,1.532,568702,314424
4311,2024,85,12,1155,1.635,706343,441153
4312,2024,86,12,857,1.954,438688,245247
4313,2024,87,12,614,1.649,372438,222826
4314,2024,88,12,667,1.859,358700,215468
4315,2024,89,12,668,2.001,333896,198598
4316,2024,90,12,301,2.149,140082,73620
4317,2024,91,12,2058,1.554,1324546,587710
4318,2024,92,12,2261,1.372,1647435,824372
4319,2024,93,12,3197,1.901,1681725,705282
4320,2024,94,12,2214,1.560,1419531,662168
4321,2024,95,12,1924,1.514,1270845,529926
4322,2016,01,13,31,0.049,638425,308491
4323,2016,02,13,35,0.065,536136,264180
4324,2016,03,13,15,0.044,339384,206980
4325,2016,04,13,8,0.049,162565,126760
4326,2016,05,13,9,0.064,141107,134647
4327,2016,06,13,123,0.113,1083704,761857
4328,2016,07,13,19,0.058,325157,201264
4329,2016,08,13,17,0.062,275371,142010
4330,2016,09,13,2,0.013,153067,108589
4331,2016,10,13,41,0.133,308910,163064
4332,2016,11,13,42,0.114,368025,258453
4333,2016,12,13,7,0.025,278697,179901
4334,2016,13,13,772,0.382,2019717,1009576
4335,2016,14,13,35,0.050,693679,412038
4336,2016,15,13,2,0.014,145969,101070
4337,2016,16,13,17,0.048,353288,196145
4338,2016,17,13,47,0.073,642191,427696
4339,2016,18,13,28,0.091,307110,177873
4340,2016,19,13,9,0.037,241535,153380
4341,2016,21,13,25,0.047,533213,285326
4342,2016,22,13,18,0.030,598953,363788
4343,2016,23,13,3,0.025,119502,88330
4344,2016,24,13,14,0.034,414789,256942
4345,2016,25,13,82,0.152,538549,277578
4346,2016,26,13,52,0.102,508006,269062
4347,2016,27,13,34,0.056,602825,292969
4348,2016,28,13,18,0.041,433929,213849
4349,2016,29,13,66,0.073,908249,537671
4350,2016,2A,13,24,0.156,154303,116432
4351,2016,2B,13,16,0.091,176152,129422
4352,2016,30,13,76,0.102,742006,419029
4353,2016,31,13,175,0.130,1348183,703754
4354,2016,32,13,5,0.026,190664,109392
4355,2016,33,13,170,0.109,1566679,843050
4356,2016,34,13,194,0.171,1132481,707572
4357,2016,35,13,61,0.058,1051779,538258
4358,2016,36,13,2,0.009,223505,138229
4359,2016,37,13,42,0.069,606223,318933
4360,2016,38,13,218,0.174,1252912,639743
4361,2016,39,13,7,0.027,260517,148337
4362,2016,40,13,7,0.017,405010,252298
4363,2016,41,13,25,0.075,332769,182821
4364,2016,42,13,63,0.083,761997,394202
4365,2016,43,13,5,0.022,227339,142111
4366,2016,44,13,216,0.156,1380852,729714
4367,2016,45,13,66,0.098,674330,341549
4368,2016,46,13,2,0.012,173347,117328
4369,2016,47,13,16,0.048,332833,184194
4370,2016,48,13,1,0.013,76422,60395
4371,2016,49,13,49,0.060,810934,391283
4372,2016,50,13,15,0.030,498362,295248
4373,2016,51,13,63,0.110,570883,292095
4374,2016,52,13,6,0.034,178084,100722
4375,2016,53,13,8,0.026,307688,155625
4376,2016,54,13,44,0.060,733821,373165
4377,2016,55,13,7,0.037,189055,99550
4378,2016,56,13,23,0.031,747548,459455
4379,2016,57,13,87,0.083,1045271,510597
4380,2016,58,13,8,0.038,209161,141593
4381,2016,59,13,438,0.168,2603723,1205062
4382,2016,60,13,108,0.131,823542,369320
4383,2016,61,13,13,0.046,285308,164640
4384,2016,62,13,190,0.129,1470725,708207
4385,2016,63,13,43,0.066,650700,382695
4386,2016,64,13,26,0.039,673986,400053
4387,2016,65,13,9,0.040,227829,160809
4388,2016,66,13,54,0.114,474369,346847
4389,2016,67,13,86,0.077,1121407,546387
4390,2016,68,13,38,0.050,762743,373686
4391,2016,69,13,382,0.208,1835903,904462
4392,2016,70,13,13,0.055,237242,126631
4393,2016,71,13,27,0.049,555023,309191
4394,2016,72,13,42,0.074,567561,289447
4395,2016,73,13,37,0.086,429681,341648
4396,2016,74,13,54,0.067,801416,500698
4397,2016,75,13,834,0.381,2190327,1374377
4398,2016,76,13,103,0.082,1255755,634421
4399,2016,77,13,276,0.197,1397665,604627
4400,2016,78,13,137,0.096,1431808,629383
4401,2016,79,13,18,0.048,374743,192620
4402,2016,80,13,49,0.086,572744,297094
4403,2016,81,13,23,0.060,386448,209380
4404,2016,82,13,7,0.027,256897,130059
4405,2016,83,13,118,0.112,1055821,707520
4406,2016,84,13,60,0.107,559014,298637
4407,2016,85,13,16,0.024,670597,417192
4408,2016,86,13,15,0.034,436069,237993
4409,2016,87,13,26,0.069,374978,219170
4410,2016,88,13,13,0.035,369641,212925
4411,2016,89,13,28,0.082,340544,195822
4412,2016,90,13,11,0.076,144089,71929
4413,2016,91,13,245,0.190,1287330,550895
4414,2016,92,13,287,0.179,1603268,789809
4415,2016,93,13,724,0.451,1606660,662466
4416,2016,94,13,332,0.241,1378151,626297
4417,2016,95,13,328,0.268,1221923,497749
4418,2017,01,13,33,0.051,643350,313061
4419,2017,02,13,57,0.107,534490,265548
4420,2017,03,13,17,0.050,337988,207725
4421,2017,04,13,10,0.061,163915,127940
4422,2017,05,13,5,0.035,141284,135493
4423,2017,06,13,139,0.128,1083310,766748
4424,2017,07,13,15,0.046,325712,203015
4425,2017,08,13,7,0.026,273579,142452
4426,2017,09,13,2,0.013,153153,109392
4427,2017,10,13,18,0.058,310020,164453
4428,2017,11,13,32,0.086,370260,261180
4429,2017,12,13,8,0.029,279206,181053
4430,2017,13,13,765,0.378,2024162,1021226
4431,2017,14,13,37,0.053,694002,416115
4432,2017,15,13,4,0.028,145143,101363
4433,2017,16,13,11,0.031,352335,197059
4434,2017,17,13,33,0.051,644303,431948
4435,2017,18,13,15,0.049,304256,178580
4436,2017,19,13,3,0.012,241464,154124
4437,2017,21,13,39,0.073,533819,287831
4438,2017,22,13,23,0.038,598814,366683
4439,2017,23,13,3,0.025,118638,88506
4440,2017,24,13,14,0.034,413606,258732
4441,2017,25,13,57,0.106,539067,279578
4442,2017,26,13,54,0.106,511553,272494
4443,2017,27,13,40,0.066,601843,295109
4444,2017,28,13,28,0.065,433233,215350
4445,2017,29,13,54,0.059,909028,542677
4446,2017,2A,13,13,0.083,157249,118848
4447,2017,2B,13,21,0.118,177689,130820
4448,2017,30,13,87,0.117,744178,423840
4449,2017,31,13,185,0.136,1362672,715532
4450,2017,32,13,7,0.037,191091,110358
4451,2017,33,13,183,0.116,1583384,856616
4452,2017,34,13,234,0.204,1144892,718743
4453,2017,35,13,65,0.061,1060199,546440
4454,2017,36,13,4,0.018,222232,138634
4455,2017,37,13,51,0.084,606511,321881
4456,2017,38,13,249,0.198,1258722,646707
4457,2017,39,13,12,0.046,260188,149350
4458,2017,40,13,15,0.037,407444,255992
4459,2017,41,13,19,0.057,331915,183643
4460,2017,42,13,65,0.085,762941,396655
4461,2017,43,13,5,0.022,227283,142989
4462,2017,44,13,199,0.143,1394909,740924
4463,2017,45,13,45,0.066,678105,344708
4464,2017,46,13,4,0.023,173828,118075
4465,2017,47,13,21,0.063,332842,185343
4466,2017,48,13,2,0.026,76601,60898
4467,2017,49,13,44,0.054,813493,394578
4468,2017,50,13,12,0.024,496883,297133
4469,2017,51,13,48,0.084,568895,294041
4470,2017,52,13,9,0.051,175640,100650
4471,2017,53,13,8,0.026,307445,156662
4472,2017,54,13,50,0.068,733481,375755
4473,2017,55,13,6,0.032,187187,99736
4474,2017,56,13,22,0.029,750863,464186
4475,2017,57,13,67,0.064,1043522,514328
4476,2017,58,13,17,0.082,207182,141642
4477,2017,59,13,393,0.151,2604361,1214497
4478,2017,60,13,84,0.102,824503,372778
4479,2017,61,13,9,0.032,283372,164926
4480,2017,62,13,109,0.074,1468018,713245
4481,2017,63,13,63,0.096,653742,386425
4482,2017,64,13,24,0.035,677309,404979
4483,2017,65,13,13,0.057,228530,161703
4484,2017,66,13,60,0.126,474452,349914
4485,2017,67,13,77,0.068,1125559,554075
4486,2017,68,13,49,0.064,764030,376960
4487,2017,69,13,338,0.183,1843319,914980
4488,2017,70,13,6,0.025,236659,127615
4489,2017,71,13,24,0.043,553595,310391
4490,2017,72,13,46,0.081,566506,291039
4491,2017,73,13,44,0.102,431174,345226
4492,2017,74,13,41,0.051,807360,508229
4493,2017,75,13,800,0.366,2187526,1382779
4494,2017,76,13,115,0.092,1254378,640334
4495,2017,77,13,235,0.167,1403997,612076
4496,2017,78,13,144,0.100,1438266,637200
4497,2017,79,13,15,0.040,374351,193971
4498,2017,80,13,43,0.075,572443,299211
4499,2017,81,13,25,0.064,387890,211038
4500,2017,82,13,20,0.077,258349,131300
4501,2017,83,13,124,0.117,1058740,714503
4502,2017,84,13,67,0.120,559479,301947
4503,2017,85,13,24,0.036,675247,421680
4504,2017,86,13,27,0.062,436876,240200
4505,2017,87,13,17,0.045,374426,219980
4506,2017,88,13,26,0.071,367673,213629
4507,2017,89,13,27,0.080,338291,196697
4508,2017,90,13,14,0.098,142622,72211
4509,2017,91,13,210,0.162,1296130,558684
4510,2017,92,13,246,0.153,1609306,796181
4511,2017,93,13,658,0.405,1623111,671680
4512,2017,94,13,320,0.231,1387926,633207
4513,2017,95,13,381,0.310,1228618,504100
4514,2018,01,13,30,0.046,647634,317983
4515,2018,02,13,38,0.071,533316,266641
4516,2018,03,13,13,0.039,337171,208375
4517,2018,04,13,16,0.098,164068,129062
4518,2018,05,13,2,0.014,140698,136581
4519,2018,06,13,100,0.092,1086219,772317
4520,2018,07,13,16,0.049,326606,204906
4521,2018,08,13,14,0.051,271845,143015
4522,2018,09,13,6,0.039,153066,110222
4523,2018,10,13,22,0.071,310020,165502
4524,2018,11,13,27,0.072,372806,263889
4525,2018,12,13,8,0.029,279274,182028
4526,2018,13,13,784,0.385,2034357,1034043
4527,2018,14,13,36,0.052,694056,419714
4528,2018,15,13,2,0.014,144765,101693
4529,2018,16,13,18,0.051,351778,198242
4530,2018,17,13,35,0.054,646932,436869
4531,2018,18,13,14,0.046,303408,179125
4532,2018,19,13,8,0.033,240583,154657
4533,2018,21,13,37,0.069,533220,290523
4534,2018,22,13,20,0.033,599584,369601
4535,2018,23,13,2,0.017,117503,88728
4536,2018,24,13,10,0.024,413418,260245
4537,2018,25,13,66,0.122,541454,282056
4538,2018,26,13,44,0.085,514732,275727
4539,2018,27,13,32,0.053,599962,297286
4540,2018,28,13,22,0.051,431997,216684
4541,2018,29,13,34,0.037,911735,545808
4542,2018,2A,13,14,0.089,157853,120567
4543,2018,2B,13,4,0.022,180701,132077
4544,2018,30,13,56,0.075,745458,428087
4545,2018,31,13,159,0.115,1380672,728249
4546,2018,32,13,5,0.026,191283,111171
4547,2018,33,13,161,0.101,1601845,872327
4548,2018,34,13,216,0.186,1159220,729653
4549,2018,35,13,74,0.069,1069228,554254
4550,2018,36,13,4,0.018,220595,138879
4551,2018,37,13,50,0.082,607760,325172
4552,2018,38,13,183,0.145,1263563,653289
4553,2018,39,13,2,0.008,259746,150169
4554,2018,40,13,7,0.017,410355,259512
4555,2018,41,13,16,0.048,330248,184614
4556,2018,42,13,58,0.076,763441,399134
4557,2018,43,13,5,0.022,227552,143699
4558,2018,44,13,190,0.135,1412502,752968
4559,2018,45,13,47,0.069,678845,347107
4560,2018,46,13,7,0.040,173929,118998
4561,2018,47,13,22,0.066,331970,186511
4562,2018,48,13,1,0.013,76520,61340
4563,2018,49,13,27,0.033,815883,397887
4564,2018,50,13,11,0.022,495983,298631
4565,2018,51,13,42,0.074,567462,295611
4566,2018,52,13,11,0.063,174069,100617
4567,2018,53,13,10,0.033,307084,157552
4568,2018,54,13,36,0.049,733469,378055
4569,2018,55,13,10,0.054,185355,99893
4570,2018,56,13,28,0.037,754867,468872
4571,2018,57,13,62,0.059,1043524,518772
4572,2018,58,13,7,0.034,205828,141623
4573,2018,59,13,378,0.145,2606234,1224589
4574,2018,60,13,108,0.131,827153,376185
4575,2018,61,13,10,0.036,281593,165463
4576,2018,62,13,116,0.079,1466743,717901
4577,2018,63,13,40,0.061,659048,389711
4578,2018,64,13,40,0.059,679810,409790
4579,2018,65,13,13,0.057,229191,162729
4580,2018,66,13,60,0.126,476357,352742
4581,2018,67,13,77,0.068,1133552,561562
4582,2018,68,13,35,0.046,764981,380238
4583,2018,69,13,366,0.197,1859524,926576
4584,2018,70,13,11,0.047,236018,128333
4585,2018,71,13,30,0.054,552185,311499
4586,2018,72,13,68,0.120,565963,292628
4587,2018,73,13,24,0.055,433724,349226
4588,2018,74,13,64,0.078,816699,517217
4589,2018,75,13,759,0.349,2175601,1386846
4590,2018,76,13,121,0.096,1255883,645786
4591,2018,77,13,199,0.141,1412516,619784
4592,2018,78,13,94,0.065,1441398,643946
4593,2018,79,13,11,0.029,374799,195051
4594,2018,80,13,37,0.065,570662,301740
4595,2018,81,13,15,0.039,388596,212905
4596,2018,82,13,12,0.046,259124,132603
4597,2018,83,13,110,0.103,1067697,722128
4598,2018,84,13,37,0.066,559793,305436
4599,2018,85,13,22,0.032,679991,426426
4600,2018,86,13,27,0.062,437586,241951
4601,2018,87,13,24,0.064,373199,220762
4602,2018,88,13,17,0.046,366112,214363
4603,2018,89,13,24,0.071,337504,197683
4604,2018,90,13,8,0.056,141852,72929
4605,2018,91,13,157,0.121,1296641,564587
4606,2018,92,13,185,0.114,1619120,801737
4607,2018,93,13,636,0.390,1632677,679663
4608,2018,94,13,258,0.185,1396913,640016
4609,2018,95,13,230,0.186,1238581,510302
4610,2019,01,13,55,0.084,652432,321432
4611,2019,02,13,39,0.073,531345,266922
4612,2019,03,13,23,0.068,335975,208863
4613,2019,04,13,8,0.049,164308,129690
4614,2019,05,13,3,0.021,141220,137644
4615,2019,06,13,120,0.110,1094283,778291
4616,2019,07,13,10,0.030,328278,206435
4617,2019,08,13,12,0.044,270582,142983
4618,2019,09,13,3,0.020,153287,110526
4619,2019,10,13,22,0.071,310242,166101
4620,2019,11,13,20,0.053,374070,265167
4621,2019,12,13,3,0.011,279595,182769
4622,2019,13,13,724,0.354,2043110,1044973
4623,2019,14,13,38,0.055,694905,422082
4624,2019,15,13,9,0.062,144692,101953
4625,2019,16,13,12,0.034,352015,198920
4626,2019,17,13,39,0.060,651358,440935
4627,2019,18,13,15,0.050,302306,179430
4628,2019,19,13,4,0.017,240073,155041
4629,2019,21,13,49,0.092,534124,292479
4630,2019,22,13,20,0.033,600582,371643
4631,2019,23,13,3,0.026,116617,88646
4632,2019,24,13,18,0.044,413223,261104
4633,2019,25,13,78,0.143,543974,283778
4634,2019,26,13,48,0.093,516762,277777
4635,2019,27,13,47,0.078,599507,298148
4636,2019,28,13,30,0.070,431575,217440
4637,2019,29,13,44,0.048,915090,549039
4638,2019,2A,13,13,0.082,158507,122005
4639,2019,2B,13,11,0.060,181933,133540
4640,2019,30,13,70,0.094,748437,431684
4641,2019,31,13,164,0.117,1400039,740546
4642,2019,32,13,4,0.021,191377,111536
4643,2019,33,13,151,0.093,1623749,886986
4644,2019,34,13,186,0.158,1175623,739737
4645,2019,35,13,72,0.067,1079498,561343
4646,2019,36,13,6,0.027,219316,138826
4647,2019,37,13,51,0.084,610079,328095
4648,2019,38,13,187,0.147,1271166,659031
4649,2019,39,13,8,0.031,259199,150475
4650,2019,40,13,10,0.024,413690,262370
4651,2019,41,13,16,0.049,329470,185077
4652,2019,42,13,45,0.059,765634,401112
4653,2019,43,13,6,0.026,227570,143916
4654,2019,44,13,218,0.153,1429272,764010
4655,2019,45,13,49,0.072,680434,348977
4656,2019,46,13,6,0.034,174094,119499
4657,2019,47,13,14,0.042,331271,187058
4658,2019,48,13,4,0.052,76604,61547
4659,2019,49,13,46,0.056,818273,400508
4660,2019,50,13,12,0.024,495045,299656
4661,2019,51,13,58,0.102,566855,297288
4662,2019,52,13,5,0.029,172512,100382
4663,2019,53,13,5,0.016,307062,158083
4664,2019,54,13,36,0.049,733760,379680
4665,2019,55,13,11,0.060,184083,99834
4666,2019,56,13,29,0.038,759684,472749
4667,2019,57,13,55,0.053,1046543,523268
4668,2019,58,13,15,0.073,204452,141411
4669,2019,59,13,392,0.150,2608346,1232504
4670,2019,60,13,119,0.143,829419,378048
4671,2019,61,13,11,0.039,279942,165100
4672,2019,62,13,100,0.068,1465278,720800
4673,2019,63,13,48,0.072,662152,392038
4674,2019,64,13,24,0.035,682621,413357
4675,2019,65,13,14,0.061,229567,163634
4676,2019,66,13,46,0.096,479979,355661
4677,2019,67,13,68,0.060,1140057,567991
4678,2019,68,13,47,0.061,767086,382805
4679,2019,69,13,353,0.188,1875747,937544
4680,2019,70,13,8,0.034,235313,128450
4681,2019,71,13,22,0.040,551493,311966
4682,2019,72,13,66,0.117,566412,293561
4683,2019,73,13,19,0.044,436434,352254
4684,2019,74,13,39,0.047,826094,525404
4685,2019,75,13,804,0.371,2165423,1389375
4686,2019,76,13,106,0.084,1255633,649681
4687,2019,77,13,170,0.120,1421197,626435
4688,2019,78,13,120,0.083,1448207,649383
4689,2019,79,13,11,0.029,374878,195568
4690,2019,80,13,45,0.079,570559,303449
4691,2019,81,13,18,0.046,389844,214423
4692,2019,82,13,12,0.046,260669,133522
4693,2019,83,13,105,0.098,1076711,729223
4694,2019,84,13,52,0.093,561469,308505
4695,2019,85,13,16,0.023,685442,430815
4696,2019,86,13,23,0.052,438435,242907
4697,2019,87,13,17,0.046,372359,221194
4698,2019,88,13,17,0.047,364499,214287
4699,2019,89,13,25,0.074,335707,197718
4700,2019,90,13,14,0.099,141318,73180
4701,2019,91,13,132,0.101,1301659,570417
4702,2019,92,13,193,0.119,1624357,807711
4703,2019,93,13,514,0.312,1644903,687238
4704,2019,94,13,268,0.190,1407124,647289
4705,2019,95,13,260,0.208,1249674,517063
4706,2020,01,13,46,0.070,657856,325431
4707,2020,02,13,36,0.068,529374,267555
4708,2020,03,13,29,0.086,335628,209251
4709,2020,04,13,6,0.036,165451,130500
4710,2020,05,13,6,0.043,140605,138751
4711,2020,06,13,88,0.080,1097410,783398
4712,2020,07,13,10,0.030,329325,207922
4713,2020,08,13,7,0.026,269701,143402
4714,2020,09,13,3,0.019,153954,110875
4715,2020,10,13,22,0.071,311435,166928
4716,2020,11,13,30,0.080,375217,266877
4717,2020,12,13,4,0.014,279554,183702
4718,2020,13,13,657,0.321,2048070,1055315
4719,2020,14,13,24,0.034,697547,426069
4720,2020,15,13,3,0.021,144379,102234
4721,2020,16,13,14,0.040,351718,199746
4722,2020,17,13,47,0.072,655709,445578
4723,2020,18,13,7,0.023,300933,179389
4724,2020,19,13,9,0.038,239190,155575
4725,2020,21,13,27,0.050,535078,294776
4726,2020,22,13,29,0.048,603640,373909
4727,2020,23,13,0,0.000,115995,88769
4728,2020,24,13,8,0.019,412807,262321
4729,2020,25,13,75,0.138,545209,285770
4730,2020,26,13,40,0.077,517709,279948
4731,2020,27,13,46,0.077,599668,299419
4732,2020,28,13,24,0.056,431443,218433
4733,2020,29,13,53,0.058,917179,552465
4734,2020,2A,13,4,0.025,160814,123650
4735,2020,2B,13,6,0.033,182887,135125
4736,2020,30,13,62,0.083,751457,435785
4737,2020,31,13,167,0.118,1415757,754396
4738,2020,32,13,10,0.052,191819,112134
4739,2020,33,13,230,0.141,1636391,900198
4740,2020,34,13,221,0.186,1188973,750002
4741,2020,35,13,85,0.078,1088855,568308
4742,2020,36,13,5,0.023,218707,138959
4743,2020,37,13,58,0.095,612119,330454
4744,2020,38,13,164,0.128,1277513,665362
4745,2020,39,13,5,0.019,258798,151009
4746,2020,40,13,6,0.014,418122,265930
4747,2020,41,13,19,0.058,329357,185591
4748,2020,42,13,61,0.079,768508,403254
4749,2020,43,13,8,0.035,227489,144442
4750,2020,44,13,198,0.137,1445171,776207
4751,2020,45,13,47,0.069,682304,351028
4752,2020,46,13,4,0.023,174670,120123
4753,2020,47,13,5,0.015,330844,188120
4754,2020,48,13,2,0.026,76633,61734
4755,2020,49,13,39,0.048,820713,403157
4756,2020,50,13,6,0.012,495093,301071
4757,2020,51,13,32,0.056,566659,299421
4758,2020,52,13,2,0.012,171798,100520
4759,2020,53,13,14,0.046,306538,158874
4760,2020,54,13,43,0.059,732590,381849
4761,2020,55,13,9,0.049,183001,100007
4762,2020,56,13,15,0.020,764161,476941
4763,2020,57,13,57,0.054,1049155,527832
4764,2020,58,13,6,0.030,202670,141219
4765,2020,59,13,287,0.110,2607746,1241241
4766,2020,60,13,89,0.107,829699,380003
4767,2020,61,13,5,0.018,278475,164988
4768,2020,62,13,90,0.062,1462167,724156
4769,2020,63,13,27,0.041,661852,394760
4770,2020,64,13,24,0.035,687240,417293
4771,2020,65,13,5,0.022,229788,164545
4772,2020,66,13,62,0.128,482765,359151
4773,2020,67,13,77,0.067,1148073,575001
4774,2020,68,13,33,0.043,767842,386082
4775,2020,69,13,342,0.182,1883437,949531
4776,2020,70,13,10,0.043,234601,128855
4777,2020,71,13,18,0.033,551063,312880
4778,2020,72,13,44,0.078,566993,294778
4779,2020,73,13,20,0.045,439750,355575
4780,2020,74,13,48,0.057,835206,533337
4781,2020,75,13,580,0.270,2145906,1393800
4782,2020,76,13,110,0.088,1254739,653680
4783,2020,77,13,154,0.108,1428636,634163
4784,2020,78,13,124,0.086,1449723,654741
4785,2020,79,13,21,0.056,374481,196421
4786,2020,80,13,39,0.069,568748,305380
4787,2020,81,13,17,0.043,391066,215987
4788,2020,82,13,15,0.057,262316,134694
4789,2020,83,13,100,0.092,1085189,735547
4790,2020,84,13,44,0.078,561941,311098
4791,2020,85,13,15,0.022,692705,435953
4792,2020,86,13,21,0.048,439332,243821
4793,2020,87,13,17,0.046,372123,221779
4794,2020,88,13,14,0.039,362397,214812
4795,2020,89,13,13,0.039,334156,197870
4796,2020,90,13,9,0.064,140120,73384
4797,2020,91,13,150,0.115,1306118,577712
4798,2020,92,13,173,0.106,1626213,815765
4799,2020,93,13,546,0.330,1655422,696152
4800,2020,94,13,266,0.189,1407972,654340
4801,2020,95,13,233,0.186,1251804,523106
4802,2021,01,13,25,0.038,663202,329783
4803,2021,02,13,27,0.051,527468,268381
4804,2021,03,13,17,0.051,334872,209666
4805,2021,04,13,10,0.060,166077,131551
4806,2021,05,13,4,0.028,140976,139877
4807,2021,06,13,126,0.114,1103941,788916
4808,2021,07,13,16,0.048,331415,209963
4809,2021,08,13,8,0.030,268859,143973
4810,2021,09,13,1,0.006,154596,111352
4811,2021,10,13,24,0.077,311329,167657
4812,2021,11,13,23,0.061,376028,268987
4813,2021,12,13,3,0.011,279649,184954
4814,2021,13,13,586,0.285,2056943,1066675
4815,2021,14,13,30,0.043,700633,429997
4816,2021,15,13,1,0.007,144226,102634
4817,2021,16,13,18,0.051,350867,200757
4818,2021,17,13,34,0.051,661404,451118
4819,2021,18,13,7,0.023,299573,179274
4820,2021,19,13,7,0.029,239784,156356
4821,2021,21,13,46,0.086,535503,297329
4822,2021,22,13,18,0.030,605917,376517
4823,2021,23,13,1,0.009,115702,89016
4824,2021,24,13,14,0.034,413730,264136
4825,2021,25,13,61,0.111,547096,288184
4826,2021,26,13,40,0.077,519458,282419
4827,2021,27,13,34,0.057,598934,300922
4828,2021,28,13,15,0.035,431277,219670
4829,2021,29,13,43,0.047,921638,556255
4830,2021,2A,13,8,0.049,162942,124954
4831,2021,2B,13,7,0.038,184655,136722
4832,2021,30,13,54,0.071,756543,441086
4833,2021,31,13,160,0.112,1434367,769604
4834,2021,32,13,5,0.026,192437,112806
4835,2021,33,13,174,0.105,1654970,913452
4836,2021,34,13,154,0.128,1201883,760879
4837,2021,35,13,78,0.071,1098325,575321
4838,2021,36,13,3,0.014,217228,139055
4839,2021,37,13,69,0.113,612160,333159
4840,2021,38,13,167,0.130,1284948,673024
4841,2021,39,13,5,0.019,258555,151865
4842,2021,40,13,5,0.012,422976,270194
4843,2021,41,13,17,0.052,328504,186408
4844,2021,42,13,70,0.091,769029,405452
4845,2021,43,13,6,0.026,227284,145236
4846,2021,44,13,199,0.137,1457806,787187
4847,2021,45,13,50,0.073,684561,353544
4848,2021,46,13,2,0.011,174942,120797
4849,2021,47,13,20,0.060,331229,189189
4850,2021,48,13,0,0.000,76519,62006
4851,2021,49,13,33,0.040,824743,406488
4852,2021,50,13,13,0.026,495508,302441
4853,2021,51,13,44,0.078,565292,300919
4854,2021,52,13,5,0.029,171042,100716
4855,2021,53,13,9,0.029,305933,159714
4856,2021,54,13,44,0.060,732486,384639
4857,2021,55,13,6,0.033,181919,100190
4858,2021,56,13,23,0.030,768687,481682
4859,2021,57,13,41,0.039,1049942,531542
4860,2021,58,13,11,0.054,202417,141381
4861,2021,59,13,281,0.108,2611293,1251657
4862,2021,60,13,75,0.090,828838,382118
4863,2021,61,13,6,0.022,276973,165115
4864,2021,62,13,67,0.046,1461441,727951
4865,2021,63,13,34,0.051,662285,397923
4866,2021,64,13,20,0.029,693027,421756
4867,2021,65,13,3,0.013,230956,165621
4868,2021,66,13,52,0.107,487307,362350
4869,2021,67,13,64,0.056,1152662,581630
4870,2021,68,13,37,0.048,767083,389445
4871,2021,69,13,337,0.178,1893692,964037
4872,2021,70,13,9,0.038,234296,129449
4873,2021,71,13,16,0.029,549288,314053
4874,2021,72,13,48,0.085,566058,296419
4875,2021,73,13,17,0.038,442468,358886
4876,2021,74,13,41,0.049,841482,540705
4877,2021,75,13,535,0.251,2133111,1396753
4878,2021,76,13,119,0.095,1255918,657851
4879,2021,77,13,181,0.126,1438100,641376
4880,2021,78,13,95,0.065,1456365,661312
4881,2021,79,13,18,0.048,374587,197430
4882,2021,80,13,37,0.065,566252,307149
4883,2021,81,13,13,0.033,393572,218036
4884,2021,82,13,12,0.046,263377,135891
4885,2021,83,13,81,0.074,1095337,743682
4886,2021,84,13,56,0.099,564566,314424
4887,2021,85,13,21,0.030,699459,441153
4888,2021,86,13,26,0.059,439385,245247
4889,2021,87,13,27,0.073,371691,222826
4890,2021,88,13,9,0.025,360673,215468
4891,2021,89,13,23,0.069,333385,198598
4892,2021,90,13,6,0.043,139654,73620
4893,2021,91,13,168,0.128,1313768,587710
4894,2021,92,13,156,0.095,1635291,824372
4895,2021,93,13,478,0.286,1668670,705282
4896,2021,94,13,239,0.169,1415367,662168
4897,2021,95,13,221,0.176,1256607,529926
4898,2022,01,13,34,0.051,671289,329783
4899,2022,02,13,26,0.049,525558,268381
4900,2022,03,13,14,0.042,334715,209666
4901,2022,04,13,9,0.054,167179,131551
4902,2022,05,13,2,0.014,141677,139877
4903,2022,06,13,124,0.111,1114579,788916
4904,2022,07,13,18,0.054,333229,209963
4905,2022,08,13,5,0.019,267204,143973
4906,2022,09,13,6,0.039,155339,111352
4907,2022,10,13,21,0.068,311076,167657
4908,2022,11,13,24,0.064,377773,268987
4909,2022,12,13,7,0.025,279736,184954
4910,2022,13,13,608,0.294,2069811,1066675
4911,2022,14,13,35,0.050,704605,429997
4912,2022,15,13,3,0.021,144399,102634
4913,2022,16,13,16,0.046,351603,200757
4914,2022,17,13,37,0.055,668160,451118
4915,2022,18,13,10,0.033,299496,179274
4916,2022,19,13,6,0.025,240120,156356
4917,2022,21,13,43,0.080,537577,297329
4918,2022,22,13,26,0.043,609598,376517
4919,2022,23,13,1,0.009,115529,89016
4920,2022,24,13,13,0.031,416325,264136
4921,2022,25,13,44,0.080,548662,288184
4922,2022,26,13,50,0.096,521432,282419
4923,2022,27,13,24,0.040,601305,300922
4924,2022,28,13,16,0.037,432950,219670
4925,2022,29,13,49,0.053,927912,556255
4926,2022,2A,13,6,0.036,166045,124954
4927,2022,2B,13,8,0.043,185231,136722
4928,2022,30,13,73,0.096,764010,441086
4929,2022,31,13,158,0.108,1456261,769604
4930,2022,32,13,2,0.010,192649,112806
4931,2022,33,13,185,0.110,1674980,913452
4932,2022,34,13,148,0.122,1217331,760879
4933,2022,35,13,81,0.073,1109232,575321
4934,2022,36,13,4,0.018,216809,139055
4935,2022,37,13,62,0.101,616326,333159
4936,2022,38,13,140,0.108,1291380,673024
4937,2022,39,13,4,0.015,258405,151865
4938,2022,40,13,8,0.019,428427,270194
4939,2022,41,13,16,0.049,328953,186408
4940,2022,42,13,63,0.082,772041,405452
4941,2022,43,13,7,0.031,228161,145236
4942,2022,44,13,204,0.138,1473156,787187
4943,2022,45,13,54,0.079,687063,353544
4944,2022,46,13,4,0.023,175620,120797
4945,2022,47,13,5,0.015,332226,189189
4946,2022,48,13,1,0.013,76503,62006
4947,2022,49,13,32,0.039,828151,406488
4948,2022,50,13,10,0.020,496815,302441
4949,2022,51,13,47,0.083,564107,300919
4950,2022,52,13,2,0.012,169865,100716
4951,2022,53,13,7,0.023,305437,159714
4952,2022,54,13,46,0.063,732898,384639
4953,2022,55,13,7,0.039,180745,100190
4954,2022,56,13,21,0.027,776103,481682
4955,2022,57,13,51,0.049,1050721,531542
4956,2022,58,13,4,0.020,202299,141381
4957,2022,59,13,308,0.118,2616909,1251657
4958,2022,60,13,59,0.071,830725,382118
4959,2022,61,13,3,0.011,276144,165115
4960,2022,62,13,66,0.045,1460184,727951
4961,2022,63,13,50,0.075,664385,397923
4962,2022,64,13,14,0.020,699473,421756
4963,2022,65,13,9,0.039,231453,165621
4964,2022,66,13,51,0.103,492964,362350
4965,2022,67,13,77,0.067,1156963,581630
4966,2022,68,13,35,0.046,767800,389445
4967,2022,69,13,356,0.187,1907982,964037
4968,2022,70,13,5,0.021,233920,129449
4969,2022,71,13,23,0.042,549136,314053
4970,2022,72,13,37,0.065,566129,296419
4971,2022,73,13,16,0.036,445288,358886
4972,2022,74,13,30,0.035,849583,540705
4973,2022,75,13,541,0.256,2113705,1396753
4974,2022,76,13,164,0.130,1260205,657851
4975,2022,77,13,139,0.096,1452399,641376
4976,2022,78,13,102,0.069,1470778,661312
4977,2022,79,13,27,0.072,375415,197430
4978,2022,80,13,24,0.042,565540,307149
4979,2022,81,13,16,0.040,396168,218036
4980,2022,82,13,11,0.042,264924,135891
4981,2022,83,13,80,0.072,1108364,743682
4982,2022,84,13,57,0.100,568702,314424
4983,2022,85,13,20,0.028,706343,441153
4984,2022,86,13,24,0.055,438688,245247
4985,2022,87,13,21,0.056,372438,222826
4986,2022,88,13,13,0.036,358700,215468
4987,2022,89,13,20,0.060,333896,198598
4988,2022,90,13,6,0.043,140082,73620
4989,2022,91,13,178,0.134,1324546,587710
4990,2022,92,13,144,0.087,1647435,824372
4991,2022,93,13,484,0.288,1681725,705282
4992,2022,94,13,240,0.169,1419531,662168
4993,2022,95,13,226,0.178,1270845,529926
4994,2023,01,13,38,0.057,671289,329783
4995,2023,02,13,35,0.067,525558,268381
4996,2023,03,13,21,0.063,334715,209666
4997,2023,04,13,5,0.030,167179,131551
4998,2023,05,13,4,0.028,141677,139877
4999,2023,06,13,148,0.133,1114579,788916
5000,2023,07,13,15,0.045,333229,209963
5001,2023,08,13,6,0.022,267204,143973
5002,2023,09,13,1,0.006,155339,111352
5003,2023,10,13,14,0.045,311076,167657
5004,2023,11,13,28,0.074,377773,268987
5005,2023,12,13,7,0.025,279736,184954
5006,2023,13,13,613,0.296,2069811,1066675
5007,2023,14,13,32,0.045,704605,429997
5008,2023,15,13,2,0.014,144399,102634
5009,2023,16,13,21,0.060,351603,200757
5010,2023,17,13,44,0.066,668160,451118
5011,2023,18,13,10,0.033,299496,179274
5012,2023,19,13,4,0.017,240120,156356
5013,2023,21,13,40,0.074,537577,297329
5014,2023,22,13,12,0.020,609598,376517
5015,2023,23,13,6,0.052,115529,89016
5016,2023,24,13,24,0.058,416325,264136
5017,2023,25,13,47,0.086,548662,288184
5018,2023,26,13,65,0.125,521432,282419
5019,2023,27,13,34,0.057,601305,300922
5020,2023,28,13,34,0.079,432950,219670
5021,2023,29,13,44,0.047,927912,556255
5022,2023,2A,13,11,0.066,166045,124954
5023,2023,2B,13,8,0.043,185231,136722
5024,2023,30,13,82,0.107,764010,441086
5025,2023,31,13,143,0.098,1456261,769604
5026,2023,32,13,4,0.021,192649,112806
5027,2023,33,13,187,0.112,1674980,913452
5028,2023,34,13,179,0.147,1217331,760879
5029,2023,35,13,70,0.063,1109232,575321
5030,2023,36,13,7,0.032,216809,139055
5031,2023,37,13,53,0.086,616326,333159
5032,2023,38,13,196,0.152,1291380,673024
5033,2023,39,13,10,0.039,258405,151865
5034,2023,40,13,8,0.019,428427,270194
5035,2023,41,13,19,0.058,328953,186408
5036,2023,42,13,76,0.098,772041,405452
5037,2023,43,13,10,0.044,228161,145236
5038,2023,44,13,178,0.121,1473156,787187
5039,2023,45,13,49,0.071,687063,353544
5040,2023,46,13,3,0.017,175620,120797
5041,2023,47,13,10,0.030,332226,189189
5042,2023,48,13,1,0.013,76503,62006
5043,2023,49,13,33,0.040,828151,406488
5044,2023,50,13,12,0.024,496815,302441
5045,2023,51,13,65,0.115,564107,300919
5046,2023,52,13,8,0.047,169865,100716
5047,2023,53,13,14,0.046,305437,159714
5048,2023,54,13,62,0.085,732898,384639
5049,2023,55,13,5,0.028,180745,100190
5050,2023,56,13,37,0.048,776103,481682
5051,2023,57,13,63,0.060,1050721,531542
5052,2023,58,13,11,0.054,202299,141381
5053,2023,59,13,263,0.101,2616909,1251657
5054,2023,60,13,74,0.089,830725,382118
5055,2023,61,13,12,0.043,276144,165115
5056,2023,62,13,96,0.066,1460184,727951
5057,2023,63,13,31,0.047,664385,397923
5058,2023,64,13,24,0.034,699473,421756
5059,2023,65,13,9,0.039,231453,165621
5060,2023,66,13,41,0.083,492964,362350
5061,2023,67,13,67,0.058,1156963,581630
5062,2023,68,13,35,0.046,767800,389445
5063,2023,69,13,293,0.154,1907982,964037
5064,2023,70,13,7,0.030,233920,129449
5065,2023,71,13,26,0.047,549136,314053
5066,2023,72,13,35,0.062,566129,296419
5067,2023,73,13,23,0.052,445288,358886
5068,2023,74,13,44,0.052,849583,540705
5069,2023,75,13,478,0.226,2113705,1396753
5070,2023,76,13,106,0.084,1260205,657851
5071,2023,77,13,148,0.102,1452399,641376
5072,2023,78,13,102,0.069,1470778,661312
5073,2023,79,13,22,0.059,375415,197430
5074,2023,80,13,34,0.060,565540,307149
5075,2023,81,13,18,0.045,396168,218036
5076,2023,82,13,2,0.008,264924,135891
5077,2023,83,13,113,0.102,1108364,743682
5078,2023,84,13,64,0.113,568702,314424
5079,2023,85,13,15,0.021,706343,441153
5080,2023,86,13,22,0.050,438688,245247
5081,2023,87,13,31,0.083,372438,222826
5082,2023,88,13,15,0.042,358700,215468
5083,2023,89,13,23,0.069,333896,198598
5084,2023,90,13,10,0.071,140082,73620
5085,2023,91,13,201,0.152,1324546,587710
5086,2023,92,13,182,0.110,1647435,824372
5087,2023,93,13,403,0.240,1681725,705282
5088,2023,94,13,187,0.132,1419531,662168
5089,2023,95,13,224,0.176,1270845,529926
5090,2024,01,13,34,0.051,671289,329783
5091,2024,02,13,32,0.061,525558,268381
5092,2024,03,13,15,0.045,334715,209666
5093,2024,04,13,7,0.042,167179,131551
5094,2024,05,13,9,0.064,141677,139877
5095,2024,06,13,131,0.118,1114579,788916
5096,2024,07,13,9,0.027,333229,209963
5097,2024,08,13,15,0.056,267204,143973
5098,2024,09,13,7,0.045,155339,111352
5099,2024,10,13,12,0.039,311076,167657
5100,2024,11,13,23,0.061,377773,268987
5101,2024,12,13,4,0.014,279736,184954
5102,2024,13,13,572,0.276,2069811,1066675
5103,2024,14,13,31,0.044,704605,429997
5104,2024,15,13,2,0.014,144399,102634
5105,2024,16,13,17,0.048,351603,200757
5106,2024,17,13,15,0.022,668160,451118
5107,2024,18,13,12,0.040,299496,179274
5108,2024,19,13,4,0.017,240120,156356
5109,2024,21,13,43,0.080,537577,297329
5110,2024,22,13,15,0.025,609598,376517
5111,2024,23,13,8,0.069,115529,89016
5112,2024,24,13,7,0.017,416325,264136
5113,2024,25,13,67,0.122,548662,288184
5114,2024,26,13,55,0.105,521432,282419
5115,2024,27,13,28,0.047,601305,300922
5116,2024,28,13,23,0.053,432950,219670
5117,2024,29,13,48,0.052,927912,556255
5118,2024,2A,13,5,0.030,166045,124954
5119,2024,2B,13,6,0.032,185231,136722
5120,2024,30,13,80,0.105,764010,441086
5121,2024,31,13,174,0.119,1456261,769604
5122,2024,32,13,5,0.026,192649,112806
5123,2024,33,13,170,0.101,1674980,913452
5124,2024,34,13,157,0.129,1217331,760879
5125,2024,35,13,92,0.083,1109232,575321
5126,2024,36,13,6,0.028,216809,139055
5127,2024,37,13,37,0.060,616326,333159
5128,2024,38,13,246,0.190,1291380,673024
5129,2024,39,13,9,0.035,258405,151865
5130,2024,40,13,13,0.030,428427,270194
5131,2024,41,13,21,0.064,328953,186408
5132,2024,42,13,72,0.093,772041,405452
5133,2024,43,13,5,0.022,228161,145236
5134,2024,44,13,185,0.126,1473156,787187
5135,2024,45,13,51,0.074,687063,353544
5136,2024,46,13,12,0.068,175620,120797
5137,2024,47,13,7,0.021,332226,189189
5138,2024,48,13,0,0.000,76503,62006
5139,2024,49,13,38,0.046,828151,406488
5140,2024,50,13,8,0.016,496815,302441
5141,2024,51,13,37,0.066,564107,300919
5142,2024,52,13,5,0.029,169865,100716
5143,2024,53,13,5,0.016,305437,159714
5144,2024,54,13,46,0.063,732898,384639
5145,2024,55,13,9,0.050,180745,100190
5146,2024,56,13,20,0.026,776103,481682
5147,2024,57,13,82,0.078,1050721,531542
5148,2024,58,13,6,0.030,202299,141381
5149,2024,59,13,292,0.112,2616909,1251657
5150,2024,60,13,81,0.098,830725,382118
5151,2024,61,13,13,0.047,276144,165115
5152,2024,62,13,107,0.073,1460184,727951
5153,2024,63,13,35,0.053,664385,397923
5154,2024,64,13,30,0.043,699473,421756
5155,2024,65,13,7,0.030,231453,165621
5156,2024,66,13,47,0.095,492964,362350
5157,2024,67,13,86,0.074,1156963,581630
5158,2024,68,13,33,0.043,767800,389445
5159,2024,69,13,273,0.143,1907982,964037
5160,2024,70,13,9,0.038,233920,129449
5161,2024,71,13,27,0.049,549136,314053
5162,2024,72,13,40,0.071,566129,296419
5163,2024,73,13,22,0.049,445288,358886
5164,2024,74,13,77,0.091,849583,540705
5165,2024,75,13,368,0.174,2113705,1396753
5166,2024,76,13,126,0.100,1260205,657851
5167,2024,77,13,174,0.120,1452399,641376
5168,2024,78,13,118,0.080,1470778,661312
5169,2024,79,13,18,0.048,375415,197430
5170,2024,80,13,39,0.069,565540,307149
5171,2024,81,13,14,0.035,396168,218036
5172,2024,82,13,4,0.015,264924,135891
5173,2024,83,13,89,0.080,1108364,743682
5174,2024,84,13,60,0.106,568702,314424
5175,2024,85,13,20,0.028,706343,441153
5176,2024,86,13,29,0.066,438688,245247
5177,2024,87,13,30,0.081,372438,222826
5178,2024,88,13,16,0.045,358700,215468
5179,2024,89,13,17,0.051,333896,198598
5180,2024,90,13,6,0.043,140082,73620
5181,2024,91,13,190,0.143,1324546,587710
5182,2024,92,13,157,0.095,1647435,824372
5183,2024,93,13,329,0.196,1681725,705282
5184,2024,94,13,166,0.117,1419531,662168
5185,2024,95,13,228,0.179,1270845,529926
5186,2016,01,18,139,0.218,638425,308491
5187,2016,02,18,182,0.339,536136,264180
5188,2016,03,18,89,0.262,339384,206980
5189,2016,04,18,82,0.504,162565,126760
5190,2016,05,18,57,0.404,141107,134647
5191,2016,06,18,2043,1.885,1083704,761857
5192,2016,07,18,60,0.185,325157,201264
5193,2016,08,18,110,0.399,275371,142010
5194,2016,09,18,31,0.203,153067,108589
5195,2016,10,18,188,0.609,308910,163064
5196,2016,11,18,226,0.614,368025,258453
5197,2016,12,18,49,0.176,278697,179901
5198,2016,13,18,5303,2.626,2019717,1009576
5199,2016,14,18,422,0.608,693679,412038
5200,2016,15,18,24,0.164,145969,101070
5201,2016,16,18,137,0.388,353288,196145
5202,2016,17,18,287,0.447,642191,427696
5203,2016,18,18,152,0.495,307110,177873
5204,2016,19,18,61,0.253,241535,153380
5205,2016,21,18,218,0.409,533213,285326
5206,2016,22,18,202,0.337,598953,363788
5207,2016,23,18,11,0.092,119502,88330
5208,2016,24,18,101,0.243,414789,256942
5209,2016,25,18,365,0.678,538549,277578
5210,2016,26,18,419,0.825,508006,269062
5211,2016,27,18,252,0.418,602825,292969
5212,2016,28,18,157,0.362,433929,213849
5213,2016,29,18,547,0.602,908249,537671
5214,2016,2A,18,55,0.356,154303,116432
5215,2016,2B,18,48,0.272,176152,129422
5216,2016,30,18,826,1.113,742006,419029
5217,2016,31,18,2692,1.997,1348183,703754
5218,2016,32,18,39,0.205,190664,109392
5219,2016,33,18,1776,1.134,1566679,843050
5220,2016,34,18,2183,1.928,1132481,707572
5221,2016,35,18,754,0.717,1051779,538258
5222,2016,36,18,47,0.210,223505,138229
5223,2016,37,18,505,0.833,606223,318933
5224,2016,38,18,1158,0.924,1252912,639743
5225,2016,39,18,59,0.226,260517,148337
5226,2016,40,18,202,0.499,405010,252298
5227,2016,41,18,125,0.376,332769,182821
5228,2016,42,18,674,0.885,761997,394202
5229,2016,43,18,33,0.145,227339,142111
5230,2016,44,18,1161,0.841,1380852,729714
5231,2016,45,18,573,0.850,674330,341549
5232,2016,46,18,29,0.167,173347,117328
5233,2016,47,18,148,0.445,332833,184194
5234,2016,48,18,7,0.092,76422,60395
5235,2016,49,18,359,0.443,810934,391283
5236,2016,50,18,70,0.140,498362,295248
5237,2016,51,18,663,1.161,570883,292095
5238,2016,52,18,47,0.264,178084,100722
5239,2016,53,18,73,0.237,307688,155625
5240,2016,54,18,257,0.350,733821,373165
5241,2016,55,18,45,0.238,189055,99550
5242,2016,56,18,197,0.264,747548,459455
5243,2016,57,18,496,0.475,1045271,510597
5244,2016,58,18,61,0.292,209161,141593
5245,2016,59,18,5016,1.926,2603723,1205062
5246,2016,60,18,581,0.705,823542,369320
5247,2016,61,18,64,0.224,285308,164640
5248,2016,62,18,1092,0.742,1470725,708207
5249,2016,63,18,351,0.539,650700,382695
5250,2016,64,18,303,0.450,673986,400053
5251,2016,65,18,111,0.487,227829,160809
5252,2016,66,18,547,1.153,474369,346847
5253,2016,67,18,522,0.465,1121407,546387
5254,2016,68,18,422,0.553,762743,373686
5255,2016,69,18,3719,2.026,1835903,904462
5256,2016,70,18,35,0.148,237242,126631
5257,2016,71,18,139,0.250,555023,309191
5258,2016,72,18,383,0.675,567561,289447
5259,2016,73,18,264,0.614,429681,341648
5260,2016,74,18,303,0.378,801416,500698
5261,2016,75,18,17398,7.943,2190327,1374377
5262,2016,76,18,1332,1.061,1255755,634421
5263,2016,77,18,1793,1.283,1397665,604627
5264,2016,78,18,1362,0.951,1431808,629383
5265,2016,79,18,81,0.216,374743,192620
5266,2016,80,18,380,0.663,572744,297094
5267,2016,81,18,181,0.468,386448,209380
5268,2016,82,18,111,0.432,256897,130059
5269,2016,83,18,1110,1.051,1055821,707520
5270,2016,84,18,418,0.748,559014,298637
5271,2016,85,18,128,0.191,670597,417192
5272,2016,86,18,178,0.408,436069,237993
5273,2016,87,18,124,0.331,374978,219170
5274,2016,88,18,107,0.289,369641,212925
5275,2016,89,18,133,0.391,340544,195822
5276,2016,90,18,79,0.548,144089,71929
5277,2016,91,18,1957,1.520,1287330,550895
5278,2016,92,18,3308,2.063,1603268,789809
5279,2016,93,18,11523,7.172,1606660,662466
5280,2016,94,18,3238,2.350,1378151,626297
5281,2016,95,18,3597,2.944,1221923,497749
5282,2017,01,18,112,0.174,643350,313061
5283,2017,02,18,190,0.355,534490,265548
5284,2017,03,18,107,0.317,337988,207725
5285,2017,04,18,62,0.378,163915,127940
5286,2017,05,18,55,0.389,141284,135493
5287,2017,06,18,1769,1.633,1083310,766748
5288,2017,07,18,71,0.218,325712,203015
5289,2017,08,18,125,0.457,273579,142452
5290,2017,09,18,31,0.202,153153,109392
5291,2017,10,18,194,0.626,310020,164453
5292,2017,11,18,218,0.589,370260,261180
5293,2017,12,18,41,0.147,279206,181053
5294,2017,13,18,4497,2.222,2024162,1021226
5295,2017,14,18,421,0.607,694002,416115
5296,2017,15,18,21,0.145,145143,101363
5297,2017,16,18,155,0.440,352335,197059
5298,2017,17,18,299,0.464,644303,431948
5299,2017,18,18,132,0.434,304256,178580
5300,2017,19,18,36,0.149,241464,154124
5301,2017,21,18,244,0.457,533819,287831
5302,2017,22,18,197,0.329,598814,366683
5303,2017,23,18,15,0.126,118638,88506
5304,2017,24,18,76,0.184,413606,258732
5305,2017,25,18,345,0.640,539067,279578
5306,2017,26,18,308,0.602,511553,272494
5307,2017,27,18,271,0.450,601843,295109
5308,2017,28,18,173,0.399,433233,215350
5309,2017,29,18,505,0.556,909028,542677
5310,2017,2A,18,58,0.369,157249,118848
5311,2017,2B,18,49,0.276,177689,130820
5312,2017,30,18,680,0.914,744178,423840
5313,2017,31,18,2484,1.823,1362672,715532
5314,2017,32,18,40,0.209,191091,110358
5315,2017,33,18,1803,1.139,1583384,856616
5316,2017,34,18,2174,1.899,1144892,718743
5317,2017,35,18,680,0.641,1060199,546440
5318,2017,36,18,51,0.229,222232,138634
5319,2017,37,18,495,0.816,606511,321881
5320,2017,38,18,1342,1.066,1258722,646707
5321,2017,39,18,44,0.169,260188,149350
5322,2017,40,18,177,0.434,407444,255992
5323,2017,41,18,117,0.352,331915,183643
5324,2017,42,18,614,0.805,762941,396655
5325,2017,43,18,37,0.163,227283,142989
5326,2017,44,18,1454,1.042,1394909,740924
5327,2017,45,18,478,0.705,678105,344708
5328,2017,46,18,34,0.196,173828,118075
5329,2017,47,18,143,0.430,332842,185343
5330,2017,48,18,9,0.117,76601,60898
5331,2017,49,18,277,0.341,813493,394578
5332,2017,50,18,74,0.149,496883,297133
5333,2017,51,18,509,0.895,568895,294041
5334,2017,52,18,56,0.319,175640,100650
5335,2017,53,18,72,0.234,307445,156662
5336,2017,54,18,329,0.449,733481,375755
5337,2017,55,18,37,0.198,187187,99736
5338,2017,56,18,209,0.278,750863,464186
5339,2017,57,18,581,0.557,1043522,514328
5340,2017,58,18,57,0.275,207182,141642
5341,2017,59,18,4381,1.682,2604361,1214497
5342,2017,60,18,610,0.740,824503,372778
5343,2017,61,18,62,0.219,283372,164926
5344,2017,62,18,898,0.612,1468018,713245
5345,2017,63,18,446,0.682,653742,386425
5346,2017,64,18,331,0.489,677309,404979
5347,2017,65,18,132,0.578,228530,161703
5348,2017,66,18,535,1.128,474452,349914
5349,2017,67,18,589,0.523,1125559,554075
5350,2017,68,18,386,0.505,764030,376960
5351,2017,69,18,3315,1.798,1843319,914980
5352,2017,70,18,34,0.144,236659,127615
5353,2017,71,18,162,0.293,553595,310391
5354,2017,72,18,395,0.697,566506,291039
5355,2017,73,18,229,0.531,431174,345226
5356,2017,74,18,348,0.431,807360,508229
5357,2017,75,18,17344,7.929,2187526,1382779
5358,2017,76,18,1231,0.981,1254378,640334
5359,2017,77,18,1624,1.157,1403997,612076
5360,2017,78,18,1377,0.957,1438266,637200
5361,2017,79,18,85,0.227,374351,193971
5362,2017,80,18,360,0.629,572443,299211
5363,2017,81,18,159,0.410,387890,211038
5364,2017,82,18,88,0.341,258349,131300
5365,2017,83,18,1077,1.017,1058740,714503
5366,2017,84,18,391,0.699,559479,301947
5367,2017,85,18,148,0.219,675247,421680
5368,2017,86,18,191,0.437,436876,240200
5369,2017,87,18,104,0.278,374426,219980
5370,2017,88,18,106,0.288,367673,213629
5371,2017,89,18,104,0.307,338291,196697
5372,2017,90,18,88,0.617,142622,72211
5373,2017,91,18,1803,1.391,1296130,558684
5374,2017,92,18,3128,1.944,1609306,796181
5375,2017,93,18,10844,6.681,1623111,671680
5376,2017,94,18,3141,2.263,1387926,633207
5377,2017,95,18,3336,2.715,1228618,504100
5378,2018,01,18,113,0.174,647634,317983
5379,2018,02,18,193,0.362,533316,266641
5380,2018,03,18,96,0.285,337171,208375
5381,2018,04,18,59,0.360,164068,129062
5382,2018,05,18,60,0.426,140698,136581
5383,2018,06,18,1500,1.381,1086219,772317
5384,2018,07,18,67,0.205,326606,204906
5385,2018,08,18,119,0.438,271845,143015
5386,2018,09,18,26,0.170,153066,110222
5387,2018,10,18,197,0.635,310020,165502
5388,2018,11,18,147,0.394,372806,263889
5389,2018,12,18,48,0.172,279274,182028
5390,2018,13,18,4889,2.403,2034357,1034043
5391,2018,14,18,365,0.526,694056,419714
5392,2018,15,18,21,0.145,144765,101693
5393,2018,16,18,150,0.426,351778,198242
5394,2018,17,18,271,0.419,646932,436869
5395,2018,18,18,113,0.372,303408,179125
5396,2018,19,18,51,0.212,240583,154657
5397,2018,21,18,226,0.424,533220,290523
5398,2018,22,18,184,0.307,599584,369601
5399,2018,23,18,14,0.119,117503,88728
5400,2018,24,18,93,0.225,413418,260245
5401,2018,25,18,260,0.480,541454,282056
5402,2018,26,18,262,0.509,514732,275727
5403,2018,27,18,238,0.397,599962,297286
5404,2018,28,18,164,0.380,431997,216684
5405,2018,29,18,450,0.494,911735,545808
5406,2018,2A,18,36,0.228,157853,120567
5407,2018,2B,18,60,0.332,180701,132077
5408,2018,30,18,637,0.855,745458,428087
5409,2018,31,18,2087,1.512,1380672,728249
5410,2018,32,18,44,0.230,191283,111171
5411,2018,33,18,1901,1.187,1601845,872327
5412,2018,34,18,1900,1.639,1159220,729653
5413,2018,35,18,737,0.689,1069228,554254
5414,2018,36,18,40,0.181,220595,138879
5415,2018,37,18,578,0.951,607760,325172
5416,2018,38,18,1250,0.989,1263563,653289
5417,2018,39,18,50,0.192,259746,150169
5418,2018,40,18,119,0.290,410355,259512
5419,2018,41,18,109,0.330,330248,184614
5420,2018,42,18,672,0.880,763441,399134
5421,2018,43,18,51,0.224,227552,143699
5422,2018,44,18,1494,1.058,1412502,752968
5423,2018,45,18,409,0.602,678845,347107
5424,2018,46,18,42,0.241,173929,118998
5425,2018,47,18,122,0.368,331970,186511
5426,2018,48,18,5,0.065,76520,61340
5427,2018,49,18,295,0.362,815883,397887
5428,2018,50,18,74,0.149,495983,298631
5429,2018,51,18,444,0.782,567462,295611
5430,2018,52,18,39,0.224,174069,100617
5431,2018,53,18,90,0.293,307084,157552
5432,2018,54,18,308,0.420,733469,378055
5433,2018,55,18,36,0.194,185355,99893
5434,2018,56,18,213,0.282,754867,468872
5435,2018,57,18,455,0.436,1043524,518772
5436,2018,58,18,43,0.209,205828,141623
5437,2018,59,18,4117,1.580,2606234,1224589
5438,2018,60,18,533,0.644,827153,376185
5439,2018,61,18,59,0.210,281593,165463
5440,2018,62,18,797,0.543,1466743,717901
5441,2018,63,18,340,0.516,659048,389711
5442,2018,64,18,275,0.405,679810,409790
5443,2018,65,18,104,0.454,229191,162729
5444,2018,66,18,501,1.052,476357,352742
5445,2018,67,18,647,0.571,1133552,561562
5446,2018,68,18,324,0.424,764981,380238
5447,2018,69,18,3249,1.747,1859524,926576
5448,2018,70,18,35,0.148,236018,128333
5449,2018,71,18,124,0.225,552185,311499
5450,2018,72,18,419,0.740,565963,292628
5451,2018,73,18,174,0.401,433724,349226
5452,2018,74,18,301,0.369,816699,517217
5453,2018,75,18,17742,8.155,2175601,1386846
5454,2018,76,18,1336,1.064,1255883,645786
5455,2018,77,18,1343,0.951,1412516,619784
5456,2018,78,18,1151,0.799,1441398,643946
5457,2018,79,18,70,0.187,374799,195051
5458,2018,80,18,375,0.657,570662,301740
5459,2018,81,18,145,0.373,388596,212905
5460,2018,82,18,91,0.351,259124,132603
5461,2018,83,18,812,0.761,1067697,722128
5462,2018,84,18,332,0.593,559793,305436
5463,2018,85,18,131,0.193,679991,426426
5464,2018,86,18,159,0.363,437586,241951
5465,2018,87,18,102,0.273,373199,220762
5466,2018,88,18,88,0.240,366112,214363
5467,2018,89,18,108,0.320,337504,197683
5468,2018,90,18,76,0.536,141852,72929
5469,2018,91,18,1638,1.263,1296641,564587
5470,2018,92,18,2879,1.778,1619120,801737
5471,2018,93,18,8904,5.454,1632677,679663
5472,2018,94,18,2945,2.108,1396913,640016
5473,2018,95,18,2662,2.149,1238581,510302
5474,2019,01,18,140,0.215,652432,321432
5475,2019,02,18,194,0.365,531345,266922
5476,2019,03,18,92,0.274,335975,208863
5477,2019,04,18,66,0.402,164308,129690
5478,2019,05,18,38,0.269,141220,137644
5479,2019,06,18,1444,1.320,1094283,778291
5480,2019,07,18,62,0.189,328278,206435
5481,2019,08,18,100,0.370,270582,142983
5482,2019,09,18,28,0.183,153287,110526
5483,2019,10,18,154,0.496,310242,166101
5484,2019,11,18,162,0.433,374070,265167
5485,2019,12,18,40,0.143,279595,182769
5486,2019,13,18,4511,2.208,2043110,1044973
5487,2019,14,18,310,0.446,694905,422082
5488,2019,15,18,19,0.131,144692,101953
5489,2019,16,18,160,0.455,352015,198920
5490,2019,17,18,270,0.415,651358,440935
5491,2019,18,18,100,0.331,302306,179430
5492,2019,19,18,33,0.137,240073,155041
5493,2019,21,18,186,0.348,534124,292479
5494,2019,22,18,156,0.260,600582,371643
5495,2019,23,18,10,0.086,116617,88646
5496,2019,24,18,89,0.215,413223,261104
5497,2019,25,18,271,0.498,543974,283778
5498,2019,26,18,250,0.484,516762,277777
5499,2019,27,18,258,0.430,599507,298148
5500,2019,28,18,122,0.283,431575,217440
5501,2019,29,18,408,0.446,915090,549039
5502,2019,2A,18,40,0.252,158507,122005
5503,2019,2B,18,48,0.264,181933,133540
5504,2019,30,18,550,0.735,748437,431684
5505,2019,31,18,1818,1.299,1400039,740546
5506,2019,32,18,30,0.157,191377,111536
5507,2019,33,18,2103,1.295,1623749,886986
5508,2019,34,18,1728,1.470,1175623,739737
5509,2019,35,18,712,0.660,1079498,561343
5510,2019,36,18,42,0.192,219316,138826
5511,2019,37,18,485,0.795,610079,328095
5512,2019,38,18,1241,0.976,1271166,659031
5513,2019,39,18,45,0.174,259199,150475
5514,2019,40,18,132,0.319,413690,262370
5515,2019,41,18,109,0.331,329470,185077
5516,2019,42,18,622,0.812,765634,401112
5517,2019,43,18,41,0.180,227570,143916
5518,2019,44,18,1850,1.294,1429272,764010
5519,2019,45,18,447,0.657,680434,348977
5520,2019,46,18,36,0.207,174094,119499
5521,2019,47,18,139,0.420,331271,187058
5522,2019,48,18,5,0.065,76604,61547
5523,2019,49,18,380,0.464,818273,400508
5524,2019,50,18,73,0.147,495045,299656
5525,2019,51,18,514,0.907,566855,297288
5526,2019,52,18,24,0.139,172512,100382
5527,2019,53,18,93,0.303,307062,158083
5528,2019,54,18,266,0.363,733760,379680
5529,2019,55,18,34,0.185,184083,99834
5530,2019,56,18,199,0.262,759684,472749
5531,2019,57,18,418,0.399,1046543,523268
5532,2019,58,18,52,0.254,204452,141411
5533,2019,59,18,3721,1.427,2608346,1232504
5534,2019,60,18,456,0.550,829419,378048
5535,2019,61,18,61,0.218,279942,165100
5536,2019,62,18,726,0.495,1465278,720800
5537,2019,63,18,348,0.526,662152,392038
5538,2019,64,18,257,0.376,682621,413357
5539,2019,65,18,91,0.396,229567,163634
5540,2019,66,18,614,1.279,479979,355661
5541,2019,67,18,501,0.439,1140057,567991
5542,2019,68,18,335,0.437,767086,382805
5543,2019,69,18,3036,1.619,1875747,937544
5544,2019,70,18,33,0.140,235313,128450
5545,2019,71,18,116,0.210,551493,311966
5546,2019,72,18,568,1.003,566412,293561
5547,2019,73,18,150,0.344,436434,352254
5548,2019,74,18,262,0.317,826094,525404
5549,2019,75,18,19141,8.839,2165423,1389375
5550,2019,76,18,1394,1.110,1255633,649681
5551,2019,77,18,1243,0.875,1421197,626435
5552,2019,78,18,1217,0.840,1448207,649383
5553,2019,79,18,81,0.216,374878,195568
5554,2019,80,18,387,0.678,570559,303449
5555,2019,81,18,145,0.372,389844,214423
5556,2019,82,18,68,0.261,260669,133522
5557,2019,83,18,733,0.681,1076711,729223
5558,2019,84,18,297,0.529,561469,308505
5559,2019,85,18,118,0.172,685442,430815
5560,2019,86,18,166,0.379,438435,242907
5561,2019,87,18,119,0.320,372359,221194
5562,2019,88,18,79,0.217,364499,214287
5563,2019,89,18,84,0.250,335707,197718
5564,2019,90,18,76,0.538,141318,73180
5565,2019,91,18,1376,1.057,1301659,570417
5566,2019,92,18,2613,1.609,1624357,807711
5567,2019,93,18,8275,5.031,1644903,687238
5568,2019,94,18,2767,1.966,1407124,647289
5569,2019,95,18,2392,1.914,1249674,517063
5570,2020,01,18,108,0.164,657856,325431
5571,2020,02,18,167,0.315,529374,267555
5572,2020,03,18,51,0.152,335628,209251
5573,2020,04,18,31,0.187,165451,130500
5574,2020,05,18,22,0.156,140605,138751
5575,2020,06,18,1122,1.022,1097410,783398
5576,2020,07,18,52,0.158,329325,207922
5577,2020,08,18,69,0.256,269701,143402
5578,2020,09,18,17,0.110,153954,110875
5579,2020,10,18,124,0.398,311435,166928
5580,2020,11,18,111,0.296,375217,266877
5581,2020,12,18,24,0.086,279554,183702
5582,2020,13,18,3688,1.801,2048070,1055315
5583,2020,14,18,221,0.317,697547,426069
5584,2020,15,18,11,0.076,144379,102234
5585,2020,16,18,105,0.299,351718,199746
5586,2020,17,18,201,0.307,655709,445578
5587,2020,18,18,80,0.266,300933,179389
5588,2020,19,18,39,0.163,239190,155575
5589,2020,21,18,214,0.400,535078,294776
5590,2020,22,18,105,0.174,603640,373909
5591,2020,23,18,9,0.078,115995,88769
5592,2020,24,18,75,0.182,412807,262321
5593,2020,25,18,210,0.385,545209,285770
5594,2020,26,18,182,0.352,517709,279948
5595,2020,27,18,204,0.340,599668,299419
5596,2020,28,18,92,0.213,431443,218433
5597,2020,29,18,313,0.341,917179,552465
5598,2020,2A,18,22,0.137,160814,123650
5599,2020,2B,18,29,0.159,182887,135125
5600,2020,30,18,487,0.648,751457,435785
5601,2020,31,18,1367,0.966,1415757,754396
5602,2020,32,18,19,0.099,191819,112134
5603,2020,33,18,1844,1.127,1636391,900198
5604,2020,34,18,1244,1.046,1188973,750002
5605,2020,35,18,606,0.557,1088855,568308
5606,2020,36,18,35,0.160,218707,138959
5607,2020,37,18,389,0.635,612119,330454
5608,2020,38,18,1066,0.834,1277513,665362
5609,2020,39,18,38,0.147,258798,151009
5610,2020,40,18,65,0.155,418122,265930
5611,2020,41,18,85,0.258,329357,185591
5612,2020,42,18,463,0.602,768508,403254
5613,2020,43,18,28,0.123,227489,144442
5614,2020,44,18,1450,1.003,1445171,776207
5615,2020,45,18,291,0.426,682304,351028
5616,2020,46,18,23,0.132,174670,120123
5617,2020,47,18,85,0.257,330844,188120
5618,2020,48,18,7,0.091,76633,61734
5619,2020,49,18,274,0.334,820713,403157
5620,2020,50,18,49,0.099,495093,301071
5621,2020,51,18,347,0.612,566659,299421
5622,2020,52,18,22,0.128,171798,100520
5623,2020,53,18,73,0.238,306538,158874
5624,2020,54,18,244,0.333,732590,381849
5625,2020,55,18,35,0.191,183001,100007
5626,2020,56,18,134,0.175,764161,476941
5627,2020,57,18,325,0.310,1049155,527832
5628,2020,58,18,46,0.227,202670,141219
5629,2020,59,18,2796,1.072,2607746,1241241
5630,2020,60,18,355,0.428,829699,380003
5631,2020,61,18,48,0.172,278475,164988
5632,2020,62,18,574,0.393,1462167,724156
5633,2020,63,18,243,0.367,661852,394760
5634,2020,64,18,169,0.246,687240,417293
5635,2020,65,18,49,0.213,229788,164545
5636,2020,66,18,462,0.957,482765,359151
5637,2020,67,18,446,0.388,1148073,575001
5638,2020,68,18,258,0.336,767842,386082
5639,2020,69,18,2957,1.570,1883437,949531
5640,2020,70,18,29,0.124,234601,128855
5641,2020,71,18,88,0.160,551063,312880
5642,2020,72,18,335,0.591,566993,294778
5643,2020,73,18,106,0.241,439750,355575
5644,2020,74,18,262,0.314,835206,533337
5645,2020,75,18,15334,7.146,2145906,1393800
5646,2020,76,18,1021,0.814,1254739,653680
5647,2020,77,18,1122,0.785,1428636,634163
5648,2020,78,18,976,0.673,1449723,654741
5649,2020,79,18,81,0.216,374481,196421
5650,2020,80,18,247,0.434,568748,305380
5651,2020,81,18,128,0.327,391066,215987
5652,2020,82,18,66,0.252,262316,134694
5653,2020,83,18,587,0.541,1085189,735547
5654,2020,84,18,244,0.434,561941,311098
5655,2020,85,18,93,0.134,692705,435953
5656,2020,86,18,111,0.253,439332,243821
5657,2020,87,18,98,0.263,372123,221779
5658,2020,88,18,78,0.215,362397,214812
5659,2020,89,18,91,0.272,334156,197870
5660,2020,90,18,50,0.357,140120,73384
5661,2020,91,18,1286,0.985,1306118,577712
5662,2020,92,18,2316,1.424,1626213,815765
5663,2020,93,18,6993,4.224,1655422,696152
5664,2020,94,18,2390,1.697,1407972,654340
5665,2020,95,18,1924,1.537,1251804,523106
5666,2021,01,18,97,0.146,663202,329783
5667,2021,02,18,152,0.288,527468,268381
5668,2021,03,18,64,0.191,334872,209666
5669,2021,04,18,47,0.283,166077,131551
5670,2021,05,18,23,0.163,140976,139877
5671,2021,06,18,1044,0.946,1103941,788916
5672,2021,07,18,49,0.148,331415,209963
5673,2021,08,18,65,0.242,268859,143973
5674,2021,09,18,12,0.078,154596,111352
5675,2021,10,18,108,0.347,311329,167657
5676,2021,11,18,128,0.340,376028,268987
5677,2021,12,18,30,0.107,279649,184954
5678,2021,13,18,3392,1.649,2056943,1066675
5679,2021,14,18,178,0.254,700633,429997
5680,2021,15,18,8,0.055,144226,102634
5681,2021,16,18,121,0.345,350867,200757
5682,2021,17,18,192,0.290,661404,451118
5683,2021,18,18,83,0.277,299573,179274
5684,2021,19,18,39,0.163,239784,156356
5685,2021,21,18,230,0.430,535503,297329
5686,2021,22,18,89,0.147,605917,376517
5687,2021,23,18,11,0.095,115702,89016
5688,2021,24,18,70,0.169,413730,264136
5689,2021,25,18,203,0.371,547096,288184
5690,2021,26,18,244,0.470,519458,282419
5691,2021,27,18,190,0.317,598934,300922
5692,2021,28,18,98,0.227,431277,219670
5693,2021,29,18,303,0.329,921638,556255
5694,2021,2A,18,29,0.178,162942,124954
5695,2021,2B,18,25,0.135,184655,136722
5696,2021,30,18,377,0.498,756543,441086
5697,2021,31,18,1412,0.984,1434367,769604
5698,2021,32,18,27,0.140,192437,112806
5699,2021,33,18,1509,0.912,1654970,913452
5700,2021,34,18,1220,1.015,1201883,760879
5701,2021,35,18,472,0.430,1098325,575321
5702,2021,36,18,48,0.221,217228,139055
5703,2021,37,18,457,0.747,612160,333159
5704,2021,38,18,790,0.615,1284948,673024
5705,2021,39,18,34,0.132,258555,151865
5706,2021,40,18,74,0.175,422976,270194
5707,2021,41,18,59,0.180,328504,186408
5708,2021,42,18,410,0.533,769029,405452
5709,2021,43,18,31,0.136,227284,145236
5710,2021,44,18,1184,0.812,1457806,787187
5711,2021,45,18,281,0.410,684561,353544
5712,2021,46,18,31,0.177,174942,120797
5713,2021,47,18,70,0.211,331229,189189
5714,2021,48,18,6,0.078,76519,62006
5715,2021,49,18,211,0.256,824743,406488
5716,2021,50,18,59,0.119,495508,302441
5717,2021,51,18,274,0.485,565292,300919
5718,2021,52,18,30,0.175,171042,100716
5719,2021,53,18,60,0.196,305933,159714
5720,2021,54,18,253,0.345,732486,384639
5721,2021,55,18,39,0.214,181919,100190
5722,2021,56,18,141,0.183,768687,481682
5723,2021,57,18,274,0.261,1049942,531542
5724,2021,58,18,30,0.148,202417,141381
5725,2021,59,18,2692,1.031,2611293,1251657
5726,2021,60,18,313,0.378,828838,382118
5727,2021,61,18,49,0.177,276973,165115
5728,2021,62,18,547,0.374,1461441,727951
5729,2021,63,18,228,0.344,662285,397923
5730,2021,64,18,165,0.238,693027,421756
5731,2021,65,18,43,0.186,230956,165621
5732,2021,66,18,382,0.784,487307,362350
5733,2021,67,18,449,0.390,1152662,581630
5734,2021,68,18,231,0.301,767083,389445
5735,2021,69,18,4063,2.146,1893692,964037
5736,2021,70,18,25,0.107,234296,129449
5737,2021,71,18,99,0.180,549288,314053
5738,2021,72,18,304,0.537,566058,296419
5739,2021,73,18,101,0.228,442468,358886
5740,2021,74,18,237,0.282,841482,540705
5741,2021,75,18,13963,6.546,2133111,1396753
5742,2021,76,18,852,0.678,1255918,657851
5743,2021,77,18,1027,0.714,1438100,641376
5744,2021,78,18,904,0.621,1456365,661312
5745,2021,79,18,69,0.184,374587,197430
5746,2021,80,18,248,0.438,566252,307149
5747,2021,81,18,95,0.241,393572,218036
5748,2021,82,18,55,0.209,263377,135891
5749,2021,83,18,583,0.532,1095337,743682
5750,2021,84,18,247,0.438,564566,314424
5751,2021,85,18,87,0.124,699459,441153
5752,2021,86,18,126,0.287,439385,245247
5753,2021,87,18,145,0.390,371691,222826
5754,2021,88,18,74,0.205,360673,215468
5755,2021,89,18,110,0.330,333385,198598
5756,2021,90,18,30,0.215,139654,73620
5757,2021,91,18,1362,1.037,1313768,587710
5758,2021,92,18,2213,1.353,1635291,824372
5759,2021,93,18,6258,3.750,1668670,705282
5760,2021,94,18,2364,1.670,1415367,662168
5761,2021,95,18,1731,1.378,1256607,529926
5762,2022,01,18,114,0.170,671289,329783
5763,2022,02,18,143,0.272,525558,268381
5764,2022,03,18,68,0.203,334715,209666
5765,2022,04,18,44,0.263,167179,131551
5766,2022,05,18,18,0.127,141677,139877
5767,2022,06,18,1051,0.943,1114579,788916
5768,2022,07,18,73,0.219,333229,209963
5769,2022,08,18,83,0.311,267204,143973
5770,2022,09,18,21,0.135,155339,111352
5771,2022,10,18,124,0.399,311076,167657
5772,2022,11,18,152,0.402,377773,268987
5773,2022,12,18,26,0.093,279736,184954
5774,2022,13,18,3717,1.796,2069811,1066675
5775,2022,14,18,190,0.270,704605,429997
5776,2022,15,18,18,0.125,144399,102634
5777,2022,16,18,105,0.299,351603,200757
5778,2022,17,18,230,0.344,668160,451118
5779,2022,18,18,93,0.311,299496,179274
5780,2022,19,18,36,0.150,240120,156356
5781,2022,21,18,211,0.393,537577,297329
5782,2022,22,18,156,0.256,609598,376517
5783,2022,23,18,11,0.095,115529,89016
5784,2022,24,18,65,0.156,416325,264136
5785,2022,25,18,184,0.335,548662,288184
5786,2022,26,18,251,0.481,521432,282419
5787,2022,27,18,216,0.359,601305,300922
5788,2022,28,18,119,0.275,432950,219670
5789,2022,29,18,362,0.390,927912,556255
5790,2022,2A,18,30,0.181,166045,124954
5791,2022,2B,18,26,0.140,185231,136722
5792,2022,30,18,413,0.541,764010,441086
5793,2022,31,18,1433,0.984,1456261,769604
5794,2022,32,18,14,0.073,192649,112806
5795,2022,33,18,1451,0.866,1674980,913452
5796,2022,34,18,1042,0.856,1217331,760879
5797,2022,35,18,554,0.499,1109232,575321
5798,2022,36,18,56,0.258,216809,139055
5799,2022,37,18,485,0.787,616326,333159
5800,2022,38,18,709,0.549,1291380,673024
5801,2022,39,18,49,0.190,258405,151865
5802,2022,40,18,88,0.205,428427,270194
5803,2022,41,18,67,0.204,328953,186408
5804,2022,42,18,621,0.804,772041,405452
5805,2022,43,18,36,0.158,228161,145236
5806,2022,44,18,1107,0.751,1473156,787187
5807,2022,45,18,285,0.415,687063,353544
5808,2022,46,18,30,0.171,175620,120797
5809,2022,47,18,104,0.313,332226,189189
5810,2022,48,18,11,0.144,76503,62006
5811,2022,49,18,232,0.280,828151,406488
5812,2022,50,18,88,0.177,496815,302441
5813,2022,51,18,366,0.649,564107,300919
5814,2022,52,18,22,0.130,169865,100716
5815,2022,53,18,88,0.288,305437,159714
5816,2022,54,18,263,0.359,732898,384639
5817,2022,55,18,35,0.194,180745,100190
5818,2022,56,18,165,0.213,776103,481682
5819,2022,57,18,303,0.288,1050721,531542
5820,2022,58,18,46,0.227,202299,141381
5821,2022,59,18,2546,0.973,2616909,1251657
5822,2022,60,18,292,0.352,830725,382118
5823,2022,61,18,37,0.134,276144,165115
5824,2022,62,18,547,0.375,1460184,727951
5825,2022,63,18,252,0.379,664385,397923
5826,2022,64,18,239,0.342,699473,421756
5827,2022,65,18,48,0.207,231453,165621
5828,2022,66,18,456,0.925,492964,362350
5829,2022,67,18,531,0.459,1156963,581630
5830,2022,68,18,287,0.374,767800,389445
5831,2022,69,18,3603,1.888,1907982,964037
5832,2022,70,18,21,0.090,233920,129449
5833,2022,71,18,117,0.213,549136,314053
5834,2022,72,18,248,0.438,566129,296419
5835,2022,73,18,135,0.303,445288,358886
5836,2022,74,18,248,0.292,849583,540705
5837,2022,75,18,12401,5.867,2113705,1396753
5838,2022,76,18,1230,0.976,1260205,657851
5839,2022,77,18,909,0.626,1452399,641376
5840,2022,78,18,872,0.593,1470778,661312
5841,2022,79,18,106,0.282,375415,197430
5842,2022,80,18,316,0.559,565540,307149
5843,2022,81,18,103,0.260,396168,218036
5844,2022,82,18,43,0.162,264924,135891
5845,2022,83,18,596,0.538,1108364,743682
5846,2022,84,18,312,0.549,568702,314424
5847,2022,85,18,87,0.123,706343,441153
5848,2022,86,18,129,0.294,438688,245247
5849,2022,87,18,124,0.333,372438,222826
5850,2022,88,18,72,0.201,358700,215468
5851,2022,89,18,113,0.338,333896,198598
5852,2022,90,18,26,0.186,140082,73620
5853,2022,91,18,1214,0.917,1324546,587710
5854,2022,92,18,2037,1.236,1647435,824372
5855,2022,93,18,5364,3.190,1681725,705282
5856,2022,94,18,1948,1.372,1419531,662168
5857,2022,95,18,1642,1.292,1270845,529926
5858,2023,01,18,111,0.165,671289,329783
5859,2023,02,18,211,0.401,525558,268381
5860,2023,03,18,83,0.248,334715,209666
5861,2023,04,18,41,0.245,167179,131551
5862,2023,05,18,36,0.254,141677,139877
5863,2023,06,18,1101,0.988,1114579,788916
5864,2023,07,18,62,0.186,333229,209963
5865,2023,08,18,98,0.367,267204,143973
5866,2023,09,18,16,0.103,155339,111352
5867,2023,10,18,137,0.440,311076,167657
5868,2023,11,18,163,0.431,377773,268987
5869,2023,12,18,37,0.132,279736,184954
5870,2023,13,18,3409,1.647,2069811,1066675
5871,2023,14,18,199,0.282,704605,429997
5872,2023,15,18,17,0.118,144399,102634
5873,2023,16,18,160,0.455,351603,200757
5874,2023,17,18,208,0.311,668160,451118
5875,2023,18,18,85,0.284,299496,179274
5876,2023,19,18,38,0.158,240120,156356
5877,2023,21,18,219,0.407,537577,297329
5878,2023,22,18,138,0.226,609598,376517
5879,2023,23,18,10,0.087,115529,89016
5880,2023,24,18,76,0.183,416325,264136
5881,2023,25,18,195,0.355,548662,288184
5882,2023,26,18,238,0.456,521432,282419
5883,2023,27,18,171,0.284,601305,300922
5884,2023,28,18,116,0.268,432950,219670
5885,2023,29,18,360,0.388,927912,556255
5886,2023,2A,18,44,0.265,166045,124954
5887,2023,2B,18,27,0.146,185231,136722
5888,2023,30,18,405,0.530,764010,441086
5889,2023,31,18,1282,0.880,1456261,769604
5890,2023,32,18,36,0.187,192649,112806
5891,2023,33,18,1348,0.805,1674980,913452
5892,2023,34,18,1295,1.064,1217331,760879
5893,2023,35,18,646,0.582,1109232,575321
5894,2023,36,18,56,0.258,216809,139055
5895,2023,37,18,348,0.565,616326,333159
5896,2023,38,18,856,0.663,1291380,673024
5897,2023,39,18,50,0.193,258405,151865
5898,2023,40,18,118,0.275,428427,270194
5899,2023,41,18,100,0.304,328953,186408
5900,2023,42,18,575,0.745,772041,405452
5901,2023,43,18,41,0.180,228161,145236
5902,2023,44,18,988,0.671,1473156,787187
5903,2023,45,18,272,0.396,687063,353544
5904,2023,46,18,27,0.154,175620,120797
5905,2023,47,18,104,0.313,332226,189189
5906,2023,48,18,1,0.013,76503,62006
5907,2023,49,18,191,0.231,828151,406488
5908,2023,50,18,78,0.157,496815,302441
5909,2023,51,18,364,0.645,564107,300919
5910,2023,52,18,31,0.182,169865,100716
5911,2023,53,18,84,0.275,305437,159714
5912,2023,54,18,280,0.382,732898,384639
5913,2023,55,18,37,0.205,180745,100190
5914,2023,56,18,191,0.246,776103,481682
5915,2023,57,18,296,0.282,1050721,531542
5916,2023,58,18,36,0.178,202299,141381
5917,2023,59,18,2332,0.891,2616909,1251657
5918,2023,60,18,371,0.447,830725,382118
5919,2023,61,18,73,0.264,276144,165115
5920,2023,62,18,599,0.410,1460184,727951
5921,2023,63,18,258,0.388,664385,397923
5922,2023,64,18,259,0.370,699473,421756
5923,2023,65,18,48,0.207,231453,165621
5924,2023,66,18,386,0.783,492964,362350
5925,2023,67,18,437,0.378,1156963,581630
5926,2023,68,18,256,0.333,767800,389445
5927,2023,69,18,2823,1.480,1907982,964037
5928,2023,70,18,24,0.103,233920,129449
5929,2023,71,18,111,0.202,549136,314053
5930,2023,72,18,255,0.450,566129,296419
5931,2023,73,18,135,0.303,445288,358886
5932,2023,74,18,284,0.334,849583,540705
5933,2023,75,18,9809,4.641,2113705,1396753
5934,2023,76,18,1040,0.825,1260205,657851
5935,2023,77,18,870,0.599,1452399,641376
5936,2023,78,18,811,0.551,1470778,661312
5937,2023,79,18,104,0.277,375415,197430
5938,2023,80,18,308,0.545,565540,307149
5939,2023,81,18,98,0.247,396168,218036
5940,2023,82,18,52,0.196,264924,135891
5941,2023,83,18,692,0.624,1108364,743682
5942,2023,84,18,292,0.513,568702,314424
5943,2023,85,18,125,0.177,706343,441153
5944,2023,86,18,156,0.356,438688,245247
5945,2023,87,18,139,0.373,372438,222826
5946,2023,88,18,66,0.184,358700,215468
5947,2023,89,18,105,0.314,333896,198598
5948,2023,90,18,54,0.385,140082,73620
5949,2023,91,18,1146,0.865,1324546,587710
5950,2023,92,18,1708,1.037,1647435,824372
5951,2023,93,18,4782,2.844,1681725,705282
5952,2023,94,18,1621,1.142,1419531,662168
5953,2023,95,18,1486,1.169,1270845,529926
5954,2024,01,18,137,0.204,671289,329783
5955,2024,02,18,154,0.293,525558,268381
5956,2024,03,18,55,0.164,334715,209666
5957,2024,04,18,39,0.233,167179,131551
5958,2024,05,18,38,0.268,141677,139877
5959,2024,06,18,1049,0.941,1114579,788916
5960,2024,07,18,55,0.165,333229,209963
5961,2024,08,18,83,0.311,267204,143973
5962,2024,09,18,18,0.116,155339,111352
5963,2024,10,18,90,0.289,311076,167657
5964,2024,11,18,148,0.392,377773,268987
5965,2024,12,18,35,0.125,279736,184954
5966,2024,13,18,3183,1.538,2069811,1066675
5967,2024,14,18,176,0.250,704605,429997
5968,2024,15,18,20,0.139,144399,102634
5969,2024,16,18,127,0.361,351603,200757
5970,2024,17,18,166,0.248,668160,451118
5971,2024,18,18,99,0.331,299496,179274
5972,2024,19,18,37,0.154,240120,156356
5973,2024,21,18,205,0.381,537577,297329
5974,2024,22,18,122,0.200,609598,376517
5975,2024,23,18,16,0.138,115529,89016
5976,2024,24,18,59,0.142,416325,264136
5977,2024,25,18,179,0.326,548662,288184
5978,2024,26,18,223,0.428,521432,282419
5979,2024,27,18,149,0.248,601305,300922
5980,2024,28,18,92,0.212,432950,219670
5981,2024,29,18,282,0.304,927912,556255
5982,2024,2A,18,28,0.169,166045,124954
5983,2024,2B,18,35,0.189,185231,136722
5984,2024,30,18,367,0.480,764010,441086
5985,2024,31,18,1182,0.812,1456261,769604
5986,2024,32,18,21,0.109,192649,112806
5987,2024,33,18,1407,0.840,1674980,913452
5988,2024,34,18,1152,0.946,1217331,760879
5989,2024,35,18,558,0.503,1109232,575321
5990,2024,36,18,47,0.217,216809,139055
5991,2024,37,18,292,0.474,616326,333159
5992,2024,38,18,921,0.713,1291380,673024
5993,2024,39,18,41,0.159,258405,151865
5994,2024,40,18,142,0.331,428427,270194
5995,2024,41,18,92,0.280,328953,186408
5996,2024,42,18,628,0.813,772041,405452
5997,2024,43,18,31,0.136,228161,145236
5998,2024,44,18,990,0.672,1473156,787187
5999,2024,45,18,308,0.448,687063,353544
6000,2024,46,18,46,0.262,175620,120797
6001,2024,47,18,79,0.238,332226,189189
6002,2024,48,18,6,0.078,76503,62006
6003,2024,49,18,245,0.296,828151,406488
6004,2024,50,18,92,0.185,496815,302441
6005,2024,51,18,315,0.558,564107,300919
6006,2024,52,18,34,0.200,169865,100716
6007,2024,53,18,61,0.200,305437,159714
6008,2024,54,18,290,0.396,732898,384639
6009,2024,55,18,30,0.166,180745,100190
6010,2024,56,18,180,0.232,776103,481682
6011,2024,57,18,294,0.280,1050721,531542
6012,2024,58,18,45,0.222,202299,141381
6013,2024,59,18,2081,0.795,2616909,1251657
6014,2024,60,18,344,0.414,830725,382118
6015,2024,61,18,68,0.246,276144,165115
6016,2024,62,18,545,0.373,1460184,727951
6017,2024,63,18,290,0.436,664385,397923
6018,2024,64,18,239,0.342,699473,421756
6019,2024,65,18,55,0.238,231453,165621
6020,2024,66,18,369,0.749,492964,362350
6021,2024,67,18,401,0.347,1156963,581630
6022,2024,68,18,220,0.287,767800,389445
6023,2024,69,18,2877,1.508,1907982,964037
6024,2024,70,18,30,0.128,233920,129449
6025,2024,71,18,93,0.169,549136,314053
6026,2024,72,18,285,0.503,566129,296419
6027,2024,73,18,123,0.276,445288,358886
6028,2024,74,18,355,0.418,849583,540705
6029,2024,75,18,7432,3.516,2113705,1396753
6030,2024,76,18,828,0.657,1260205,657851
6031,2024,77,18,815,0.561,1452399,641376
6032,2024,78,18,711,0.483,1470778,661312
6033,2024,79,18,76,0.202,375415,197430
6034,2024,80,18,277,0.490,565540,307149
6035,2024,81,18,87,0.220,396168,218036
6036,2024,82,18,57,0.215,264924,135891
6037,2024,83,18,544,0.491,1108364,743682
6038,2024,84,18,294,0.517,568702,314424
6039,2024,85,18,92,0.130,706343,441153
6040,2024,86,18,161,0.367,438688,245247
6041,2024,87,18,78,0.209,372438,222826
6042,2024,88,18,69,0.192,358700,215468
6043,2024,89,18,76,0.228,333896,198598
6044,2024,90,18,44,0.314,140082,73620
6045,2024,91,18,1079,0.815,1324546,587710
6046,2024,92,18,1326,0.805,1647435,824372
6047,2024,93,18,4020,2.390,1681725,705282
6048,2024,94,18,1434,1.010,1419531,662168
6049,2024,95,18,1235,0.972,1270845,529926
6050,2016,01,17,3206,5.022,638425,308491
6051,2016,02,17,2853,5.321,536136,264180
6052,2016,03,17,1875,5.525,339384,206980
6053,2016,04,17,1338,8.231,162565,126760
6054,2016,05,17,1392,9.865,141107,134647
6055,2016,06,17,18921,17.460,1083704,761857
6056,2016,07,17,1622,4.988,325157,201264
6057,2016,08,17,1588,5.767,275371,142010
6058,2016,09,17,997,6.513,153067,108589
6059,2016,10,17,2338,7.569,308910,163064
6060,2016,11,17,3269,8.883,368025,258453
6061,2016,12,17,1142,4.098,278697,179901
6062,2016,13,17,31315,15.505,2019717,1009576
6063,2016,14,17,5086,7.332,693679,412038
6064,2016,15,17,577,3.953,145969,101070
6065,2016,16,17,2136,6.046,353288,196145
6066,2016,17,17,6206,9.664,642191,427696
6067,2016,18,17,1947,6.340,307110,177873
6068,2016,19,17,1291,5.345,241535,153380
6069,2016,21,17,3859,7.237,533213,285326
6070,2016,22,17,3493,5.832,598953,363788
6071,2016,23,17,426,3.565,119502,88330
6072,2016,24,17,2310,5.569,414789,256942
6073,2016,25,17,3550,6.592,538549,277578
6074,2016,26,17,4183,8.234,508006,269062
6075,2016,27,17,2873,4.766,602825,292969
6076,2016,28,17,2175,5.012,433929,213849
6077,2016,29,17,6482,7.137,908249,537671
6078,2016,2A,17,1150,7.453,154303,116432
6079,2016,2B,17,1117,6.341,176152,129422
6080,2016,30,17,7380,9.946,742006,419029
6081,2016,31,17,18789,13.937,1348183,703754
6082,2016,32,17,857,4.495,190664,109392
6083,2016,33,17,19851,12.671,1566679,843050
6084,2016,34,17,19988,17.650,1132481,707572
6085,2016,35,17,8739,8.309,1051779,538258
6086,2016,36,17,999,4.470,223505,138229
6087,2016,37,17,5150,8.495,606223,318933
6088,2016,38,17,11659,9.306,1252912,639743
6089,2016,39,17,1325,5.086,260517,148337
6090,2016,40,17,3867,9.548,405010,252298
6091,2016,41,17,2087,6.272,332769,182821
6092,2016,42,17,5565,7.303,761997,394202
6093,2016,43,17,896,3.941,227339,142111
6094,2016,44,17,16720,12.108,1380852,729714
6095,2016,45,17,4547,6.743,674330,341549
6096,2016,46,17,732,4.223,173347,117328
6097,2016,47,17,2323,6.979,332833,184194
6098,2016,48,17,358,4.685,76422,60395
6099,2016,49,17,5153,6.354,810934,391283
6100,2016,50,17,2120,4.254,498362,295248
6101,2016,51,17,3989,6.987,570883,292095
6102,2016,52,17,874,4.908,178084,100722
6103,2016,53,17,1369,4.449,307688,155625
6104,2016,54,17,5719,7.793,733821,373165
6105,2016,55,17,871,4.607,189055,99550
6106,2016,56,17,4987,6.671,747548,459455
6107,2016,57,17,6475,6.195,1045271,510597
6108,2016,58,17,1137,5.436,209161,141593
6109,2016,59,17,24916,9.569,2603723,1205062
6110,2016,60,17,5072,6.159,823542,369320
6111,2016,61,17,1195,4.188,285308,164640
6112,2016,62,17,9593,6.523,1470725,708207
6113,2016,63,17,4489,6.899,650700,382695
6114,2016,64,17,5246,7.784,673986,400053
6115,2016,65,17,1800,7.901,227829,160809
6116,2016,66,17,5759,12.140,474369,346847
6117,2016,67,17,8808,7.854,1121407,546387
6118,2016,68,17,5336,6.996,762743,373686
6119,2016,69,17,30097,16.394,1835903,904462
6120,2016,70,17,1132,4.771,237242,126631
6121,2016,71,17,2683,4.834,555023,309191
6122,2016,72,17,4085,7.197,567561,289447
6123,2016,73,17,5498,12.796,429681,341648
6124,2016,74,17,7202,8.987,801416,500698
6125,2016,75,17,131126,59.866,2190327,1374377
6126,2016,76,17,9037,7.196,1255755,634421
6127,2016,77,17,10061,7.198,1397665,604627
6128,2016,78,17,11035,7.707,1431808,629383
6129,2016,79,17,1948,5.198,374743,192620
6130,2016,80,17,4064,7.096,572744,297094
6131,2016,81,17,2288,5.921,386448,209380
6132,2016,82,17,1607,6.255,256897,130059
6133,2016,83,17,12255,11.607,1055821,707520
6134,2016,84,17,5443,9.737,559014,298637
6135,2016,85,17,4164,6.209,670597,417192
6136,2016,86,17,2822,6.471,436069,237993
6137,2016,87,17,2151,5.736,374978,219170
6138,2016,88,17,1967,5.321,369641,212925
6139,2016,89,17,2300,6.754,340544,195822
6140,2016,90,17,1171,8.127,144089,71929
6141,2016,91,17,9268,7.199,1287330,550895
6142,2016,92,17,20889,13.029,1603268,789809
6143,2016,93,17,25080,15.610,1606660,662466
6144,2016,94,17,16530,11.994,1378151,626297
6145,2016,95,17,11788,9.647,1221923,497749
6146,2017,01,17,3142,4.884,643350,313061
6147,2017,02,17,2895,5.416,534490,265548
6148,2017,03,17,1856,5.491,337988,207725
6149,2017,04,17,1315,8.022,163915,127940
6150,2017,05,17,1374,9.725,141284,135493
6151,2017,06,17,16243,14.994,1083310,766748
6152,2017,07,17,1575,4.836,325712,203015
6153,2017,08,17,1550,5.666,273579,142452
6154,2017,09,17,878,5.733,153153,109392
6155,2017,10,17,2332,7.522,310020,164453
6156,2017,11,17,3387,9.148,370260,261180
6157,2017,12,17,1110,3.976,279206,181053
6158,2017,13,17,31479,15.552,2024162,1021226
6159,2017,14,17,5072,7.308,694002,416115
6160,2017,15,17,571,3.934,145143,101363
6161,2017,16,17,2147,6.094,352335,197059
6162,2017,17,17,6254,9.707,644303,431948
6163,2017,18,17,1804,5.929,304256,178580
6164,2017,19,17,1213,5.024,241464,154124
6165,2017,21,17,4170,7.812,533819,287831
6166,2017,22,17,3456,5.771,598814,366683
6167,2017,23,17,480,4.046,118638,88506
6168,2017,24,17,2102,5.082,413606,258732
6169,2017,25,17,3564,6.611,539067,279578
6170,2017,26,17,4100,8.015,511553,272494
6171,2017,27,17,2729,4.534,601843,295109
6172,2017,28,17,2057,4.748,433233,215350
6173,2017,29,17,6730,7.404,909028,542677
6174,2017,2A,17,1079,6.862,157249,118848
6175,2017,2B,17,1047,5.892,177689,130820
6176,2017,30,17,7185,9.655,744178,423840
6177,2017,31,17,20229,14.845,1362672,715532
6178,2017,32,17,924,4.835,191091,110358
6179,2017,33,17,21079,13.313,1583384,856616
6180,2017,34,17,18782,16.405,1144892,718743
6181,2017,35,17,8624,8.134,1060199,546440
6182,2017,36,17,1020,4.590,222232,138634
6183,2017,37,17,5769,9.512,606511,321881
6184,2017,38,17,12852,10.210,1258722,646707
6185,2017,39,17,1518,5.834,260188,149350
6186,2017,40,17,3529,8.661,407444,255992
6187,2017,41,17,1943,5.854,331915,183643
6188,2017,42,17,5152,6.753,762941,396655
6189,2017,43,17,815,3.586,227283,142989
6190,2017,44,17,17508,12.551,1394909,740924
6191,2017,45,17,4385,6.467,678105,344708
6192,2017,46,17,825,4.746,173828,118075
6193,2017,47,17,2416,7.259,332842,185343
6194,2017,48,17,326,4.256,76601,60898
6195,2017,49,17,4921,6.049,813493,394578
6196,2017,50,17,2314,4.657,496883,297133
6197,2017,51,17,4115,7.233,568895,294041
6198,2017,52,17,820,4.669,175640,100650
6199,2017,53,17,1479,4.811,307445,156662
6200,2017,54,17,5612,7.651,733481,375755
6201,2017,55,17,798,4.263,187187,99736
6202,2017,56,17,5027,6.695,750863,464186
6203,2017,57,17,6253,5.992,1043522,514328
6204,2017,58,17,1150,5.551,207182,141642
6205,2017,59,17,24698,9.483,2604361,1214497
6206,2017,60,17,4928,5.977,824503,372778
6207,2017,61,17,1263,4.457,283372,164926
6208,2017,62,17,8742,5.955,1468018,713245
6209,2017,63,17,4427,6.772,653742,386425
6210,2017,64,17,5552,8.197,677309,404979
6211,2017,65,17,1933,8.458,228530,161703
6212,2017,66,17,5780,12.182,474452,349914
6213,2017,67,17,9687,8.606,1125559,554075
6214,2017,68,17,5105,6.682,764030,376960
6215,2017,69,17,32612,17.692,1843319,914980
6216,2017,70,17,1162,4.910,236659,127615
6217,2017,71,17,2809,5.074,553595,310391
6218,2017,72,17,4074,7.191,566506,291039
6219,2017,73,17,5287,12.262,431174,345226
6220,2017,74,17,7044,8.725,807360,508229
6221,2017,75,17,133233,60.906,2187526,1382779
6222,2017,76,17,8909,7.102,1254378,640334
6223,2017,77,17,10463,7.452,1403997,612076
6224,2017,78,17,10367,7.208,1438266,637200
6225,2017,79,17,2098,5.604,374351,193971
6226,2017,80,17,4187,7.314,572443,299211
6227,2017,81,17,2135,5.504,387890,211038
6228,2017,82,17,1631,6.313,258349,131300
6229,2017,83,17,11565,10.923,1058740,714503
6230,2017,84,17,5453,9.747,559479,301947
6231,2017,85,17,4168,6.173,675247,421680
6232,2017,86,17,2885,6.604,436876,240200
6233,2017,87,17,2147,5.734,374426,219980
6234,2017,88,17,2038,5.543,367673,213629
6235,2017,89,17,2119,6.264,338291,196697
6236,2017,90,17,1206,8.456,142622,72211
6237,2017,91,17,9620,7.422,1296130,558684
6238,2017,92,17,19901,12.366,1609306,796181
6239,2017,93,17,25725,15.849,1623111,671680
6240,2017,94,17,17601,12.682,1387926,633207
6241,2017,95,17,12362,10.062,1228618,504100
6242,2018,01,17,3181,4.912,647634,317983
6243,2018,02,17,2941,5.515,533316,266641
6244,2018,03,17,1773,5.258,337171,208375
6245,2018,04,17,1220,7.436,164068,129062
6246,2018,05,17,1211,8.607,140698,136581
6247,2018,06,17,17263,15.893,1086219,772317
6248,2018,07,17,1545,4.730,326606,204906
6249,2018,08,17,1521,5.595,271845,143015
6250,2018,09,17,906,5.919,153066,110222
6251,2018,10,17,2260,7.290,310020,165502
6252,2018,11,17,2955,7.926,372806,263889
6253,2018,12,17,1089,3.899,279274,182028
6254,2018,13,17,28425,13.972,2034357,1034043
6255,2018,14,17,4827,6.955,694056,419714
6256,2018,15,17,530,3.661,144765,101693
6257,2018,16,17,2112,6.004,351778,198242
6258,2018,17,17,5695,8.803,646932,436869
6259,2018,18,17,1646,5.425,303408,179125
6260,2018,19,17,1155,4.801,240583,154657
6261,2018,21,17,3869,7.256,533220,290523
6262,2018,22,17,3380,5.637,599584,369601
6263,2018,23,17,456,3.881,117503,88728
6264,2018,24,17,2264,5.476,413418,260245
6265,2018,25,17,3146,5.810,541454,282056
6266,2018,26,17,4133,8.029,514732,275727
6267,2018,27,17,2749,4.582,599962,297286
6268,2018,28,17,2052,4.750,431997,216684
6269,2018,29,17,6898,7.566,911735,545808
6270,2018,2A,17,1043,6.607,157853,120567
6271,2018,2B,17,994,5.501,180701,132077
6272,2018,30,17,6742,9.044,745458,428087
6273,2018,31,17,19299,13.978,1380672,728249
6274,2018,32,17,880,4.601,191283,111171
6275,2018,33,17,20514,12.806,1601845,872327
6276,2018,34,17,17648,15.224,1159220,729653
6277,2018,35,17,8851,8.278,1069228,554254
6278,2018,36,17,1049,4.755,220595,138879
6279,2018,37,17,5563,9.153,607760,325172
6280,2018,38,17,13074,10.347,1263563,653289
6281,2018,39,17,1335,5.140,259746,150169
6282,2018,40,17,3325,8.103,410355,259512
6283,2018,41,17,1659,5.023,330248,184614
6284,2018,42,17,5319,6.967,763441,399134
6285,2018,43,17,909,3.995,227552,143699
6286,2018,44,17,17232,12.200,1412502,752968
6287,2018,45,17,4236,6.240,678845,347107
6288,2018,46,17,841,4.835,173929,118998
6289,2018,47,17,2530,7.621,331970,186511
6290,2018,48,17,277,3.620,76520,61340
6291,2018,49,17,4738,5.807,815883,397887
6292,2018,50,17,2062,4.157,495983,298631
6293,2018,51,17,4005,7.058,567462,295611
6294,2018,52,17,861,4.946,174069,100617
6295,2018,53,17,1319,4.295,307084,157552
6296,2018,54,17,5122,6.983,733469,378055
6297,2018,55,17,805,4.343,185355,99893
6298,2018,56,17,4516,5.983,754867,468872
6299,2018,57,17,6027,5.776,1043524,518772
6300,2018,58,17,994,4.829,205828,141623
6301,2018,59,17,24954,9.575,2606234,1224589
6302,2018,60,17,4581,5.538,827153,376185
6303,2018,61,17,1167,4.144,281593,165463
6304,2018,62,17,8430,5.747,1466743,717901
6305,2018,63,17,4519,6.857,659048,389711
6306,2018,64,17,5095,7.495,679810,409790
6307,2018,65,17,1967,8.582,229191,162729
6308,2018,66,17,5438,11.416,476357,352742
6309,2018,67,17,9577,8.449,1133552,561562
6310,2018,68,17,4923,6.435,764981,380238
6311,2018,69,17,33345,17.932,1859524,926576
6312,2018,70,17,1121,4.750,236018,128333
6313,2018,71,17,2763,5.004,552185,311499
6314,2018,72,17,3826,6.760,565963,292628
6315,2018,73,17,4824,11.122,433724,349226
6316,2018,74,17,7159,8.766,816699,517217
6317,2018,75,17,139758,64.239,2175601,1386846
6318,2018,76,17,9123,7.264,1255883,645786
6319,2018,77,17,10177,7.205,1412516,619784
6320,2018,78,17,9855,6.837,1441398,643946
6321,2018,79,17,1877,5.008,374799,195051
6322,2018,80,17,4163,7.295,570662,301740
6323,2018,81,17,2044,5.260,388596,212905
6324,2018,82,17,1481,5.715,259124,132603
6325,2018,83,17,11024,10.325,1067697,722128
6326,2018,84,17,5094,9.100,559793,305436
6327,2018,85,17,3828,5.629,679991,426426
6328,2018,86,17,2619,5.985,437586,241951
6329,2018,87,17,2034,5.450,373199,220762
6330,2018,88,17,1910,5.217,366112,214363
6331,2018,89,17,1950,5.778,337504,197683
6332,2018,90,17,1078,7.599,141852,72929
6333,2018,91,17,9010,6.949,1296641,564587
6334,2018,92,17,19898,12.289,1619120,801737
6335,2018,93,17,24949,15.281,1632677,679663
6336,2018,94,17,17036,12.195,1396913,640016
6337,2018,95,17,12681,10.238,1238581,510302
6338,2019,01,17,2974,4.558,652432,321432
6339,2019,02,17,2928,5.511,531345,266922
6340,2019,03,17,1891,5.628,335975,208863
6341,2019,04,17,1112,6.768,164308,129690
6342,2019,05,17,1176,8.327,141220,137644
6343,2019,06,17,16807,15.359,1094283,778291
6344,2019,07,17,1534,4.673,328278,206435
6345,2019,08,17,1474,5.448,270582,142983
6346,2019,09,17,884,5.767,153287,110526
6347,2019,10,17,2172,7.001,310242,166101
6348,2019,11,17,3032,8.105,374070,265167
6349,2019,12,17,1059,3.788,279595,182769
6350,2019,13,17,27074,13.251,2043110,1044973
6351,2019,14,17,4821,6.938,694905,422082
6352,2019,15,17,539,3.725,144692,101953
6353,2019,16,17,2010,5.710,352015,198920
6354,2019,17,17,5365,8.237,651358,440935
6355,2019,18,17,1561,5.164,302306,179430
6356,2019,19,17,1156,4.815,240073,155041
6357,2019,21,17,3718,6.961,534124,292479
6358,2019,22,17,3159,5.260,600582,371643
6359,2019,23,17,407,3.490,116617,88646
6360,2019,24,17,2027,4.905,413223,261104
6361,2019,25,17,3234,5.945,543974,283778
6362,2019,26,17,4030,7.799,516762,277777
6363,2019,27,17,2682,4.474,599507,298148
6364,2019,28,17,1911,4.428,431575,217440
6365,2019,29,17,6055,6.617,915090,549039
6366,2019,2A,17,930,5.867,158507,122005
6367,2019,2B,17,886,4.870,181933,133540
6368,2019,30,17,6650,8.885,748437,431684
6369,2019,31,17,19877,14.197,1400039,740546
6370,2019,32,17,854,4.462,191377,111536
6371,2019,33,17,21291,13.112,1623749,886986
6372,2019,34,17,18340,15.600,1175623,739737
6373,2019,35,17,8445,7.823,1079498,561343
6374,2019,36,17,1013,4.619,219316,138826
6375,2019,37,17,5477,8.978,610079,328095
6376,2019,38,17,13647,10.736,1271166,659031
6377,2019,39,17,1239,4.780,259199,150475
6378,2019,40,17,3160,7.639,413690,262370
6379,2019,41,17,1636,4.966,329470,185077
6380,2019,42,17,5096,6.656,765634,401112
6381,2019,43,17,868,3.814,227570,143916
6382,2019,44,17,17169,12.012,1429272,764010
6383,2019,45,17,4141,6.086,680434,348977
6384,2019,46,17,841,4.831,174094,119499
6385,2019,47,17,2351,7.097,331271,187058
6386,2019,48,17,284,3.707,76604,61547
6387,2019,49,17,4661,5.696,818273,400508
6388,2019,50,17,1994,4.028,495045,299656
6389,2019,51,17,3960,6.986,566855,297288
6390,2019,52,17,850,4.927,172512,100382
6391,2019,53,17,1350,4.397,307062,158083
6392,2019,54,17,5028,6.852,733760,379680
6393,2019,55,17,871,4.732,184083,99834
6394,2019,56,17,4291,5.648,759684,472749
6395,2019,57,17,5885,5.623,1046543,523268
6396,2019,58,17,1047,5.121,204452,141411
6397,2019,59,17,24654,9.452,2608346,1232504
6398,2019,60,17,4621,5.571,829419,378048
6399,2019,61,17,1215,4.340,279942,165100
6400,2019,62,17,7742,5.284,1465278,720800
6401,2019,63,17,4171,6.299,662152,392038
6402,2019,64,17,4908,7.190,682621,413357
6403,2019,65,17,2018,8.790,229567,163634
6404,2019,66,17,5333,11.111,479979,355661
6405,2019,67,17,9347,8.199,1140057,567991
6406,2019,68,17,5231,6.819,767086,382805
6407,2019,69,17,33522,17.871,1875747,937544
6408,2019,70,17,1149,4.883,235313,128450
6409,2019,71,17,2554,4.631,551493,311966
6410,2019,72,17,4028,7.111,566412,293561
6411,2019,73,17,4434,10.160,436434,352254
6412,2019,74,17,6585,7.971,826094,525404
6413,2019,75,17,162378,74.987,2165423,1389375
6414,2019,76,17,10013,7.974,1255633,649681
6415,2019,77,17,9921,6.981,1421197,626435
6416,2019,78,17,10076,6.958,1448207,649383
6417,2019,79,17,2038,5.436,374878,195568
6418,2019,80,17,4073,7.139,570559,303449
6419,2019,81,17,2151,5.518,389844,214423
6420,2019,82,17,1352,5.187,260669,133522
6421,2019,83,17,10616,9.860,1076711,729223
6422,2019,84,17,5101,9.085,561469,308505
6423,2019,85,17,3675,5.362,685442,430815
6424,2019,86,17,2741,6.252,438435,242907
6425,2019,87,17,1993,5.352,372359,221194
6426,2019,88,17,1958,5.372,364499,214287
6427,2019,89,17,1767,5.264,335707,197718
6428,2019,90,17,983,6.956,141318,73180
6429,2019,91,17,8943,6.870,1301659,570417
6430,2019,92,17,20804,12.808,1624357,807711
6431,2019,93,17,27059,16.450,1644903,687238
6432,2019,94,17,17270,12.273,1407124,647289
6433,2019,95,17,12973,10.381,1249674,517063
6434,2020,01,17,2488,3.782,657856,325431
6435,2020,02,17,2298,4.341,529374,267555
6436,2020,03,17,1544,4.600,335628,209251
6437,2020,04,17,896,5.416,165451,130500
6438,2020,05,17,857,6.095,140605,138751
6439,2020,06,17,12970,11.819,1097410,783398
6440,2020,07,17,1296,3.935,329325,207922
6441,2020,08,17,1143,4.238,269701,143402
6442,2020,09,17,728,4.729,153954,110875
6443,2020,10,17,1734,5.568,311435,166928
6444,2020,11,17,2198,5.858,375217,266877
6445,2020,12,17,792,2.833,279554,183702
6446,2020,13,17,22225,10.852,2048070,1055315
6447,2020,14,17,3432,4.920,697547,426069
6448,2020,15,17,379,2.625,144379,102234
6449,2020,16,17,1572,4.469,351718,199746
6450,2020,17,17,4053,6.181,655709,445578
6451,2020,18,17,1145,3.805,300933,179389
6452,2020,19,17,729,3.048,239190,155575
6453,2020,21,17,3112,5.816,535078,294776
6454,2020,22,17,2390,3.959,603640,373909
6455,2020,23,17,330,2.845,115995,88769
6456,2020,24,17,1473,3.568,412807,262321
6457,2020,25,17,2667,4.892,545209,285770
6458,2020,26,17,3276,6.328,517709,279948
6459,2020,27,17,2399,4.001,599668,299419
6460,2020,28,17,1525,3.535,431443,218433
6461,2020,29,17,4163,4.539,917179,552465
6462,2020,2A,17,735,4.570,160814,123650
6463,2020,2B,17,670,3.663,182887,135125
6464,2020,30,17,5304,7.058,751457,435785
6465,2020,31,17,16145,11.404,1415757,754396
6466,2020,32,17,687,3.582,191819,112134
6467,2020,33,17,16373,10.006,1636391,900198
6468,2020,34,17,14020,11.792,1188973,750002
6469,2020,35,17,6792,6.238,1088855,568308
6470,2020,36,17,812,3.713,218707,138959
6471,2020,37,17,4046,6.610,612119,330454
6472,2020,38,17,10679,8.359,1277513,665362
6473,2020,39,17,994,3.841,258798,151009
6474,2020,40,17,2366,5.659,418122,265930
6475,2020,41,17,1205,3.659,329357,185591
6476,2020,42,17,4244,5.522,768508,403254
6477,2020,43,17,713,3.134,227489,144442
6478,2020,44,17,12031,8.325,1445171,776207
6479,2020,45,17,3208,4.702,682304,351028
6480,2020,46,17,606,3.469,174670,120123
6481,2020,47,17,1649,4.984,330844,188120
6482,2020,48,17,228,2.975,76633,61734
6483,2020,49,17,3670,4.472,820713,403157
6484,2020,50,17,1582,3.195,495093,301071
6485,2020,51,17,3063,5.405,566659,299421
6486,2020,52,17,557,3.242,171798,100520
6487,2020,53,17,1087,3.546,306538,158874
6488,2020,54,17,3943,5.382,732590,381849
6489,2020,55,17,755,4.126,183001,100007
6490,2020,56,17,3231,4.228,764161,476941
6491,2020,57,17,4482,4.272,1049155,527832
6492,2020,58,17,871,4.298,202670,141219
6493,2020,59,17,17711,6.792,2607746,1241241
6494,2020,60,17,3578,4.312,829699,380003
6495,2020,61,17,967,3.472,278475,164988
6496,2020,62,17,5760,3.939,1462167,724156
6497,2020,63,17,3222,4.868,661852,394760
6498,2020,64,17,3280,4.773,687240,417293
6499,2020,65,17,1187,5.166,229788,164545
6500,2020,66,17,3986,8.257,482765,359151
6501,2020,67,17,7427,6.469,1148073,575001
6502,2020,68,17,3697,4.815,767842,386082
6503,2020,69,17,26236,13.930,1883437,949531
6504,2020,70,17,935,3.985,234601,128855
6505,2020,71,17,2000,3.629,551063,312880
6506,2020,72,17,2727,4.810,566993,294778
6507,2020,73,17,3213,7.306,439750,355575
6508,2020,74,17,5419,6.488,835206,533337
6509,2020,75,17,110863,51.663,2145906,1393800
6510,2020,76,17,7893,6.291,1254739,653680
6511,2020,77,17,8053,5.637,1428636,634163
6512,2020,78,17,8617,5.944,1449723,654741
6513,2020,79,17,1549,4.136,374481,196421
6514,2020,80,17,3006,5.285,568748,305380
6515,2020,81,17,1639,4.191,391066,215987
6516,2020,82,17,1047,3.991,262316,134694
6517,2020,83,17,8903,8.204,1085189,735547
6518,2020,84,17,3632,6.463,561941,311098
6519,2020,85,17,2856,4.123,692705,435953
6520,2020,86,17,2199,5.005,439332,243821
6521,2020,87,17,1568,4.214,372123,221779
6522,2020,88,17,1381,3.811,362397,214812
6523,2020,89,17,1496,4.477,334156,197870
6524,2020,90,17,559,3.989,140120,73384
6525,2020,91,17,8096,6.199,1306118,577712
6526,2020,92,17,18156,11.165,1626213,815765
6527,2020,93,17,23044,13.920,1655422,696152
6528,2020,94,17,15147,10.758,1407972,654340
6529,2020,95,17,9616,7.682,1251804,523106
6530,2021,01,17,2967,4.474,663202,329783
6531,2021,02,17,2275,4.313,527468,268381
6532,2021,03,17,1522,4.545,334872,209666
6533,2021,04,17,972,5.853,166077,131551
6534,2021,05,17,750,5.320,140976,139877
6535,2021,06,17,13725,12.433,1103941,788916
6536,2021,07,17,1387,4.185,331415,209963
6537,2021,08,17,1174,4.367,268859,143973
6538,2021,09,17,675,4.366,154596,111352
6539,2021,10,17,1929,6.196,311329,167657
6540,2021,11,17,2354,6.260,376028,268987
6541,2021,12,17,817,2.922,279649,184954
6542,2021,13,17,23736,11.539,2056943,1066675
6543,2021,14,17,3521,5.025,700633,429997
6544,2021,15,17,379,2.628,144226,102634
6545,2021,16,17,1706,4.862,350867,200757
6546,2021,17,17,4028,6.090,661404,451118
6547,2021,18,17,1335,4.456,299573,179274
6548,2021,19,17,899,3.749,239784,156356
6549,2021,21,17,2949,5.507,535503,297329
6550,2021,22,17,2506,4.136,605917,376517
6551,2021,23,17,324,2.800,115702,89016
6552,2021,24,17,1690,4.085,413730,264136
6553,2021,25,17,2699,4.933,547096,288184
6554,2021,26,17,3164,6.091,519458,282419
6555,2021,27,17,2433,4.062,598934,300922
6556,2021,28,17,1580,3.664,431277,219670
6557,2021,29,17,4555,4.942,921638,556255
6558,2021,2A,17,844,5.180,162942,124954
6559,2021,2B,17,736,3.986,184655,136722
6560,2021,30,17,5412,7.154,756543,441086
6561,2021,31,17,16833,11.735,1434367,769604
6562,2021,32,17,660,3.430,192437,112806
6563,2021,33,17,17851,10.786,1654970,913452
6564,2021,34,17,14663,12.200,1201883,760879
6565,2021,35,17,6636,6.042,1098325,575321
6566,2021,36,17,973,4.479,217228,139055
6567,2021,37,17,4309,7.039,612160,333159
6568,2021,38,17,10706,8.332,1284948,673024
6569,2021,39,17,976,3.775,258555,151865
6570,2021,40,17,2504,5.920,422976,270194
6571,2021,41,17,1319,4.015,328504,186408
6572,2021,42,17,4515,5.871,769029,405452
6573,2021,43,17,719,3.163,227284,145236
6574,2021,44,17,13902,9.536,1457806,787187
6575,2021,45,17,3377,4.933,684561,353544
6576,2021,46,17,674,3.853,174942,120797
6577,2021,47,17,1813,5.474,331229,189189
6578,2021,48,17,257,3.359,76519,62006
6579,2021,49,17,3865,4.686,824743,406488
6580,2021,50,17,1659,3.348,495508,302441
6581,2021,51,17,3454,6.110,565292,300919
6582,2021,52,17,584,3.414,171042,100716
6583,2021,53,17,1133,3.703,305933,159714
6584,2021,54,17,4335,5.918,732486,384639
6585,2021,55,17,811,4.458,181919,100190
6586,2021,56,17,3405,4.430,768687,481682
6587,2021,57,17,4522,4.307,1049942,531542
6588,2021,58,17,889,4.392,202417,141381
6589,2021,59,17,19171,7.342,2611293,1251657
6590,2021,60,17,3931,4.743,828838,382118
6591,2021,61,17,1066,3.849,276973,165115
6592,2021,62,17,5825,3.986,1461441,727951
6593,2021,63,17,4074,6.151,662285,397923
6594,2021,64,17,3363,4.853,693027,421756
6595,2021,65,17,1213,5.252,230956,165621
6596,2021,66,17,3947,8.100,487307,362350
6597,2021,67,17,8110,7.036,1152662,581630
6598,2021,68,17,4431,5.776,767083,389445
6599,2021,69,17,33323,17.597,1893692,964037
6600,2021,70,17,847,3.615,234296,129449
6601,2021,71,17,2207,4.018,549288,314053
6602,2021,72,17,2859,5.051,566058,296419
6603,2021,73,17,2526,5.709,442468,358886
6604,2021,74,17,5915,7.029,841482,540705
6605,2021,75,17,107992,50.627,2133111,1396753
6606,2021,76,17,7600,6.051,1255918,657851
6607,2021,77,17,9100,6.328,1438100,641376
6608,2021,78,17,9202,6.318,1456365,661312
6609,2021,79,17,1521,4.060,374587,197430
6610,2021,80,17,3054,5.393,566252,307149
6611,2021,81,17,1560,3.964,393572,218036
6612,2021,82,17,1070,4.063,263377,135891
6613,2021,83,17,9854,8.996,1095337,743682
6614,2021,84,17,4194,7.429,564566,314424
6615,2021,85,17,2919,4.173,699459,441153
6616,2021,86,17,1997,4.545,439385,245247
6617,2021,87,17,1935,5.206,371691,222826
6618,2021,88,17,1447,4.012,360673,215468
6619,2021,89,17,1601,4.802,333385,198598
6620,2021,90,17,590,4.225,139654,73620
6621,2021,91,17,9211,7.011,1313768,587710
6622,2021,92,17,19950,12.200,1635291,824372
6623,2021,93,17,25160,15.078,1668670,705282
6624,2021,94,17,16781,11.856,1415367,662168
6625,2021,95,17,10787,8.584,1256607,529926
6626,2022,01,17,3219,4.795,671289,329783
6627,2022,02,17,2582,4.913,525558,268381
6628,2022,03,17,1706,5.097,334715,209666
6629,2022,04,17,1035,6.191,167179,131551
6630,2022,05,17,995,7.023,141677,139877
6631,2022,06,17,16187,14.523,1114579,788916
6632,2022,07,17,1495,4.486,333229,209963
6633,2022,08,17,1300,4.865,267204,143973
6634,2022,09,17,893,5.749,155339,111352
6635,2022,10,17,2167,6.966,311076,167657
6636,2022,11,17,2816,7.454,377773,268987
6637,2022,12,17,966,3.453,279736,184954
6638,2022,13,17,27015,13.052,2069811,1066675
6639,2022,14,17,4449,6.314,704605,429997
6640,2022,15,17,442,3.061,144399,102634
6641,2022,16,17,1978,5.626,351603,200757
6642,2022,17,17,4671,6.991,668160,451118
6643,2022,18,17,1366,4.561,299496,179274
6644,2022,19,17,980,4.081,240120,156356
6645,2022,21,17,3371,6.271,537577,297329
6646,2022,22,17,3031,4.972,609598,376517
6647,2022,23,17,441,3.817,115529,89016
6648,2022,24,17,2009,4.826,416325,264136
6649,2022,25,17,2935,5.349,548662,288184
6650,2022,26,17,3886,7.453,521432,282419
6651,2022,27,17,2525,4.199,601305,300922
6652,2022,28,17,1871,4.322,432950,219670
6653,2022,29,17,4956,5.341,927912,556255
6654,2022,2A,17,890,5.360,166045,124954
6655,2022,2B,17,813,4.389,185231,136722
6656,2022,30,17,6009,7.865,764010,441086
6657,2022,31,17,17934,12.315,1456261,769604
6658,2022,32,17,742,3.852,192649,112806
6659,2022,33,17,18411,10.992,1674980,913452
6660,2022,34,17,15573,12.793,1217331,760879
6661,2022,35,17,9247,8.336,1109232,575321
6662,2022,36,17,1009,4.654,216809,139055
6663,2022,37,17,4846,7.863,616326,333159
6664,2022,38,17,11273,8.729,1291380,673024
6665,2022,39,17,1196,4.628,258405,151865
6666,2022,40,17,3277,7.649,428427,270194
6667,2022,41,17,1454,4.420,328953,186408
6668,2022,42,17,5928,7.678,772041,405452
6669,2022,43,17,754,3.305,228161,145236
6670,2022,44,17,15166,10.295,1473156,787187
6671,2022,45,17,3804,5.537,687063,353544
6672,2022,46,17,797,4.538,175620,120797
6673,2022,47,17,2151,6.475,332226,189189
6674,2022,48,17,272,3.555,76503,62006
6675,2022,49,17,4574,5.523,828151,406488
6676,2022,50,17,2188,4.404,496815,302441
6677,2022,51,17,3974,7.045,564107,300919
6678,2022,52,17,808,4.757,169865,100716
6679,2022,53,17,1368,4.479,305437,159714
6680,2022,54,17,4925,6.720,732898,384639
6681,2022,55,17,835,4.620,180745,100190
6682,2022,56,17,4130,5.321,776103,481682
6683,2022,57,17,5513,5.247,1050721,531542
6684,2022,58,17,938,4.637,202299,141381
6685,2022,59,17,22736,8.688,2616909,1251657
6686,2022,60,17,4274,5.145,830725,382118
6687,2022,61,17,1170,4.237,276144,165115
6688,2022,62,17,7275,4.982,1460184,727951
6689,2022,63,17,4071,6.127,664385,397923
6690,2022,64,17,4798,6.859,699473,421756
6691,2022,65,17,1630,7.042,231453,165621
6692,2022,66,17,4875,9.889,492964,362350
6693,2022,67,17,9917,8.572,1156963,581630
6694,2022,68,17,5039,6.563,767800,389445
6695,2022,69,17,33302,17.454,1907982,964037
6696,2022,70,17,991,4.236,233920,129449
6697,2022,71,17,2484,4.523,549136,314053
6698,2022,72,17,3554,6.278,566129,296419
6699,2022,73,17,4129,9.273,445288,358886
6700,2022,74,17,7673,9.031,849583,540705
6701,2022,75,17,122041,57.738,2113705,1396753
6702,2022,76,17,9275,7.360,1260205,657851
6703,2022,77,17,10543,7.259,1452399,641376
6704,2022,78,17,10841,7.371,1470778,661312
6705,2022,79,17,1786,4.757,375415,197430
6706,2022,80,17,4156,7.349,565540,307149
6707,2022,81,17,1884,4.756,396168,218036
6708,2022,82,17,1281,4.835,264924,135891
6709,2022,83,17,11295,10.191,1108364,743682
6710,2022,84,17,4766,8.380,568702,314424
6711,2022,85,17,3570,5.054,706343,441153
6712,2022,86,17,2801,6.385,438688,245247
6713,2022,87,17,2283,6.130,372438,222826
6714,2022,88,17,1707,4.759,358700,215468
6715,2022,89,17,1773,5.310,333896,198598
6716,2022,90,17,725,5.176,140082,73620
6717,2022,91,17,10124,7.643,1324546,587710
6718,2022,92,17,22089,13.408,1647435,824372
6719,2022,93,17,25597,15.221,1681725,705282
6720,2022,94,17,18216,12.832,1419531,662168
6721,2022,95,17,12473,9.815,1270845,529926
6722,2023,01,17,2922,4.353,671289,329783
6723,2023,02,17,2536,4.825,525558,268381
6724,2023,03,17,1669,4.986,334715,209666
6725,2023,04,17,1072,6.412,167179,131551
6726,2023,05,17,1033,7.291,141677,139877
6727,2023,06,17,14885,13.355,1114579,788916
6728,2023,07,17,1512,4.537,333229,209963
6729,2023,08,17,1371,5.131,267204,143973
6730,2023,09,17,882,5.678,155339,111352
6731,2023,10,17,2119,6.812,311076,167657
6732,2023,11,17,2785,7.372,377773,268987
6733,2023,12,17,1003,3.586,279736,184954
6734,2023,13,17,25512,12.326,2069811,1066675
6735,2023,14,17,4355,6.181,704605,429997
6736,2023,15,17,494,3.421,144399,102634
6737,2023,16,17,2010,5.717,351603,200757
6738,2023,17,17,4790,7.169,668160,451118
6739,2023,18,17,1354,4.521,299496,179274
6740,2023,19,17,1101,4.585,240120,156356
6741,2023,21,17,3574,6.648,537577,297329
6742,2023,22,17,2886,4.734,609598,376517
6743,2023,23,17,441,3.817,115529,89016
6744,2023,24,17,1756,4.218,416325,264136
6745,2023,25,17,2831,5.160,548662,288184
6746,2023,26,17,3921,7.520,521432,282419
6747,2023,27,17,2623,4.362,601305,300922
6748,2023,28,17,1941,4.483,432950,219670
6749,2023,29,17,4889,5.269,927912,556255
6750,2023,2A,17,918,5.529,166045,124954
6751,2023,2B,17,835,4.508,185231,136722
6752,2023,30,17,5776,7.560,764010,441086
6753,2023,31,17,16537,11.356,1456261,769604
6754,2023,32,17,872,4.526,192649,112806
6755,2023,33,17,18166,10.846,1674980,913452
6756,2023,34,17,17057,14.012,1217331,760879
6757,2023,35,17,9531,8.592,1109232,575321
6758,2023,36,17,1072,4.944,216809,139055
6759,2023,37,17,4329,7.024,616326,333159
6760,2023,38,17,10910,8.448,1291380,673024
6761,2023,39,17,1130,4.373,258405,151865
6762,2023,40,17,3231,7.542,428427,270194
6763,2023,41,17,1702,5.174,328953,186408
6764,2023,42,17,5492,7.114,772041,405452
6765,2023,43,17,793,3.476,228161,145236
6766,2023,44,17,14202,9.641,1473156,787187
6767,2023,45,17,4091,5.954,687063,353544
6768,2023,46,17,808,4.601,175620,120797
6769,2023,47,17,2031,6.113,332226,189189
6770,2023,48,17,230,3.006,76503,62006
6771,2023,49,17,4383,5.293,828151,406488
6772,2023,50,17,2029,4.084,496815,302441
6773,2023,51,17,4093,7.256,564107,300919
6774,2023,52,17,677,3.986,169865,100716
6775,2023,53,17,1320,4.322,305437,159714
6776,2023,54,17,5281,7.206,732898,384639
6777,2023,55,17,825,4.564,180745,100190
6778,2023,56,17,4132,5.324,776103,481682
6779,2023,57,17,5612,5.341,1050721,531542
6780,2023,58,17,970,4.795,202299,141381
6781,2023,59,17,21892,8.366,2616909,1251657
6782,2023,60,17,4292,5.167,830725,382118
6783,2023,61,17,1289,4.668,276144,165115
6784,2023,62,17,6972,4.775,1460184,727951
6785,2023,63,17,4325,6.510,664385,397923
6786,2023,64,17,5628,8.046,699473,421756
6787,2023,65,17,1470,6.351,231453,165621
6788,2023,66,17,4862,9.863,492964,362350
6789,2023,67,17,10195,8.812,1156963,581630
6790,2023,68,17,4990,6.499,767800,389445
6791,2023,69,17,30870,16.179,1907982,964037
6792,2023,70,17,1074,4.591,233920,129449
6793,2023,71,17,2219,4.041,549136,314053
6794,2023,72,17,3518,6.214,566129,296419
6795,2023,73,17,4111,9.232,445288,358886
6796,2023,74,17,7888,9.285,849583,540705
6797,2023,75,17,114001,53.934,2113705,1396753
6798,2023,76,17,8928,7.085,1260205,657851
6799,2023,77,17,10443,7.190,1452399,641376
6800,2023,78,17,10438,7.097,1470778,661312
6801,2023,79,17,1807,4.813,375415,197430
6802,2023,80,17,3990,7.055,565540,307149
6803,2023,81,17,1651,4.167,396168,218036
6804,2023,82,17,1240,4.681,264924,135891
6805,2023,83,17,10892,9.827,1108364,743682
6806,2023,84,17,4603,8.094,568702,314424
6807,2023,85,17,3519,4.982,706343,441153
6808,2023,86,17,2345,5.345,438688,245247
6809,2023,87,17,1934,5.193,372438,222826
6810,2023,88,17,1742,4.856,358700,215468
6811,2023,89,17,1582,4.738,333896,198598
6812,2023,90,17,1062,7.581,140082,73620
6813,2023,91,17,10227,7.721,1324546,587710
6814,2023,92,17,21418,13.001,1647435,824372
6815,2023,93,17,25761,15.318,1681725,705282
6816,2023,94,17,16994,11.972,1419531,662168
6817,2023,95,17,13016,10.242,1270845,529926
6818,2024,01,17,3104,4.624,671289,329783
6819,2024,02,17,2658,5.057,525558,268381
6820,2024,03,17,1647,4.921,334715,209666
6821,2024,04,17,905,5.413,167179,131551
6822,2024,05,17,1034,7.298,141677,139877
6823,2024,06,17,14261,12.795,1114579,788916
6824,2024,07,17,1519,4.558,333229,209963
6825,2024,08,17,1376,5.150,267204,143973
6826,2024,09,17,914,5.884,155339,111352
6827,2024,10,17,1928,6.198,311076,167657
6828,2024,11,17,2764,7.317,377773,268987
6829,2024,12,17,945,3.378,279736,184954
6830,2024,13,17,25497,12.319,2069811,1066675
6831,2024,14,17,4216,5.983,704605,429997
6832,2024,15,17,417,2.888,144399,102634
6833,2024,16,17,2051,5.833,351603,200757
6834,2024,17,17,4471,6.692,668160,451118
6835,2024,18,17,1353,4.518,299496,179274
6836,2024,19,17,1107,4.610,240120,156356
6837,2024,21,17,3446,6.410,537577,297329
6838,2024,22,17,2956,4.849,609598,376517
6839,2024,23,17,412,3.566,115529,89016
6840,2024,24,17,1751,4.206,416325,264136
6841,2024,25,17,2552,4.651,548662,288184
6842,2024,26,17,3798,7.284,521432,282419
6843,2024,27,17,2659,4.422,601305,300922
6844,2024,28,17,1754,4.051,432950,219670
6845,2024,29,17,4561,4.915,927912,556255
6846,2024,2A,17,777,4.679,166045,124954
6847,2024,2B,17,808,4.362,185231,136722
6848,2024,30,17,5578,7.301,764010,441086
6849,2024,31,17,15073,10.350,1456261,769604
6850,2024,32,17,790,4.101,192649,112806
6851,2024,33,17,18347,10.954,1674980,913452
6852,2024,34,17,15067,12.377,1217331,760879
6853,2024,35,17,7982,7.196,1109232,575321
6854,2024,36,17,1096,5.055,216809,139055
6855,2024,37,17,4400,7.139,616326,333159
6856,2024,38,17,10964,8.490,1291380,673024
6857,2024,39,17,1091,4.222,258405,151865
6858,2024,40,17,3140,7.329,428427,270194
6859,2024,41,17,1722,5.235,328953,186408
6860,2024,42,17,4733,6.131,772041,405452
6861,2024,43,17,771,3.379,228161,145236
6862,2024,44,17,12565,8.529,1473156,787187
6863,2024,45,17,3984,5.799,687063,353544
6864,2024,46,17,816,4.646,175620,120797
6865,2024,47,17,2039,6.137,332226,189189
6866,2024,48,17,196,2.562,76503,62006
6867,2024,49,17,4293,5.184,828151,406488
6868,2024,50,17,1973,3.971,496815,302441
6869,2024,51,17,3798,6.733,564107,300919
6870,2024,52,17,712,4.192,169865,100716
6871,2024,53,17,1224,4.007,305437,159714
6872,2024,54,17,5048,6.888,732898,384639
6873,2024,55,17,706,3.906,180745,100190
6874,2024,56,17,4109,5.294,776103,481682
6875,2024,57,17,5598,5.328,1050721,531542
6876,2024,58,17,988,4.884,202299,141381
6877,2024,59,17,20379,7.787,2616909,1251657
6878,2024,60,17,4386,5.280,830725,382118
6879,2024,61,17,1202,4.353,276144,165115
6880,2024,62,17,6995,4.790,1460184,727951
6881,2024,63,17,4143,6.236,664385,397923
6882,2024,64,17,4934,7.054,699473,421756
6883,2024,65,17,1567,6.770,231453,165621
6884,2024,66,17,4471,9.070,492964,362350
6885,2024,67,17,10507,9.082,1156963,581630
6886,2024,68,17,5102,6.645,767800,389445
6887,2024,69,17,29693,15.563,1907982,964037
6888,2024,70,17,1070,4.574,233920,129449
6889,2024,71,17,2269,4.132,549136,314053
6890,2024,72,17,2967,5.241,566129,296419
6891,2024,73,17,4198,9.428,445288,358886
6892,2024,74,17,7463,8.784,849583,540705
6893,2024,75,17,99110,46.889,2113705,1396753
6894,2024,76,17,8490,6.737,1260205,657851
6895,2024,77,17,9815,6.758,1452399,641376
6896,2024,78,17,9818,6.675,1470778,661312
6897,2024,79,17,1504,4.006,375415,197430
6898,2024,80,17,3994,7.062,565540,307149
6899,2024,81,17,1689,4.263,396168,218036
6900,2024,82,17,1166,4.401,264924,135891
6901,2024,83,17,9960,8.986,1108364,743682
6902,2024,84,17,4560,8.018,568702,314424
6903,2024,85,17,3292,4.661,706343,441153
6904,2024,86,17,2357,5.373,438688,245247
6905,2024,87,17,2016,5.413,372438,222826
6906,2024,88,17,1645,4.586,358700,215468
6907,2024,89,17,1470,4.403,333896,198598
6908,2024,90,17,906,6.468,140082,73620
6909,2024,91,17,10186,7.690,1324546,587710
6910,2024,92,17,21348,12.958,1647435,824372
6911,2024,93,17,25190,14.979,1681725,705282
6912,2024,94,17,16640,11.722,1419531,662168
6913,2024,95,17,12981,10.214,1270845,529926
6914,2016,01,1,2345,7.602,638425,308491
6915,2016,02,1,1572,5.950,536136,264180
6916,2016,03,1,1036,5.005,339384,206980
6917,2016,04,1,606,4.781,162565,126760
6918,2016,05,1,354,2.629,141107,134647
6919,2016,06,1,5900,7.744,1083704,761857
6920,2016,07,1,937,4.656,325157,201264
6921,2016,08,1,628,4.422,275371,142010
6922,2016,09,1,546,5.028,153067,108589
6923,2016,10,1,1241,7.611,308910,163064
6924,2016,11,1,2027,7.843,368025,258453
6925,2016,12,1,533,2.963,278697,179901
6926,2016,13,1,11275,11.168,2019717,1009576
6927,2016,14,1,1318,3.199,693679,412038
6928,2016,15,1,195,1.929,145969,101070
6929,2016,16,1,1046,5.333,353288,196145
6930,2016,17,1,2363,5.525,642191,427696
6931,2016,18,1,1129,6.347,307110,177873
6932,2016,19,1,504,3.286,241535,153380
6933,2016,21,1,1454,5.096,533213,285326
6934,2016,22,1,1301,3.576,598953,363788
6935,2016,23,1,256,2.898,119502,88330
6936,2016,24,1,1129,4.394,414789,256942
6937,2016,25,1,1675,6.034,538549,277578
6938,2016,26,1,2382,8.853,508006,269062
6939,2016,27,1,1803,6.154,602825,292969
6940,2016,28,1,1144,5.350,433929,213849
6941,2016,29,1,1891,3.517,908249,537671
6942,2016,2A,1,371,3.186,154303,116432
6943,2016,2B,1,276,2.133,176152,129422
6944,2016,30,1,3546,8.462,742006,419029
6945,2016,31,1,10150,14.423,1348183,703754
6946,2016,32,1,790,7.222,190664,109392
6947,2016,33,1,6633,7.868,1566679,843050
6948,2016,34,1,6076,8.587,1132481,707572
6949,2016,35,1,1729,3.212,1051779,538258
6950,2016,36,1,547,3.957,223505,138229
6951,2016,37,1,1438,4.509,606223,318933
6952,2016,38,1,7224,11.292,1252912,639743
6953,2016,39,1,537,3.620,260517,148337
6954,2016,40,1,1015,4.023,405010,252298
6955,2016,41,1,1139,6.230,332769,182821
6956,2016,42,1,3213,8.151,761997,394202
6957,2016,43,1,539,3.793,227339,142111
6958,2016,44,1,5922,8.116,1380852,729714
6959,2016,45,1,2930,8.579,674330,341549
6960,2016,46,1,576,4.909,173347,117328
6961,2016,47,1,1938,10.521,332833,184194
6962,2016,48,1,120,1.987,76422,60395
6963,2016,49,1,1866,4.769,810934,391283
6964,2016,50,1,604,2.046,498362,295248
6965,2016,51,1,1969,6.741,570883,292095
6966,2016,52,1,530,5.262,178084,100722
6967,2016,53,1,485,3.116,307688,155625
6968,2016,54,1,1999,5.357,733821,373165
6969,2016,55,1,599,6.017,189055,99550
6970,2016,56,1,1987,4.325,747548,459455
6971,2016,57,1,3254,6.373,1045271,510597
6972,2016,58,1,624,4.407,209161,141593
6973,2016,59,1,11175,9.273,2603723,1205062
6974,2016,60,1,2528,6.845,823542,369320
6975,2016,61,1,609,3.699,285308,164640
6976,2016,62,1,4558,6.436,1470725,708207
6977,2016,63,1,2869,7.497,650700,382695
6978,2016,64,1,1744,4.359,673986,400053
6979,2016,65,1,737,4.583,227829,160809
6980,2016,66,1,1907,5.498,474369,346847
6981,2016,67,1,2194,4.015,1121407,546387
6982,2016,68,1,1910,5.111,762743,373686
6983,2016,69,1,10234,11.315,1835903,904462
6984,2016,70,1,597,4.714,237242,126631
6985,2016,71,1,1551,5.016,555023,309191
6986,2016,72,1,1374,4.747,567561,289447
6987,2016,73,1,1549,4.534,429681,341648
6988,2016,74,1,3485,6.960,801416,500698
6989,2016,75,1,9443,6.871,2190327,1374377
6990,2016,76,1,3949,6.225,1255755,634421
6991,2016,77,1,5854,9.682,1397665,604627
6992,2016,78,1,4804,7.633,1431808,629383
6993,2016,79,1,807,4.190,374743,192620
6994,2016,80,1,1409,4.743,572744,297094
6995,2016,81,1,1644,7.852,386448,209380
6996,2016,82,1,1420,10.918,256897,130059
6997,2016,83,1,5011,7.082,1055821,707520
6998,2016,84,1,2549,8.535,559014,298637
6999,2016,85,1,1276,3.059,670597,417192
7000,2016,86,1,1034,4.345,436069,237993
7001,2016,87,1,1049,4.786,374978,219170
7002,2016,88,1,1106,5.194,369641,212925
7003,2016,89,1,1065,5.439,340544,195822
7004,2016,90,1,355,4.935,144089,71929
7005,2016,91,1,5496,9.976,1287330,550895
7006,2016,92,1,5295,6.704,1603268,789809
7007,2016,93,1,7719,11.652,1606660,662466
7008,2016,94,1,6021,9.614,1378151,626297
7009,2016,95,1,4915,9.874,1221923,497749
7010,2017,01,1,2542,8.120,643350,313061
7011,2017,02,1,1718,6.470,534490,265548
7012,2017,03,1,1203,5.791,337988,207725
7013,2017,04,1,696,5.440,163915,127940
7014,2017,05,1,408,3.011,141284,135493
7015,2017,06,1,7060,9.208,1083310,766748
7016,2017,07,1,990,4.876,325712,203015
7017,2017,08,1,569,3.994,273579,142452
7018,2017,09,1,541,4.946,153153,109392
7019,2017,10,1,977,5.941,310020,164453
7020,2017,11,1,1823,6.980,370260,261180
7021,2017,12,1,597,3.297,279206,181053
7022,2017,13,1,11143,10.911,2024162,1021226
7023,2017,14,1,1407,3.381,694002,416115
7024,2017,15,1,229,2.259,145143,101363
7025,2017,16,1,1227,6.227,352335,197059
7026,2017,17,1,2505,5.799,644303,431948
7027,2017,18,1,1252,7.011,304256,178580
7028,2017,19,1,544,3.530,241464,154124
7029,2017,21,1,1238,4.301,533819,287831
7030,2017,22,1,1381,3.766,598814,366683
7031,2017,23,1,314,3.548,118638,88506
7032,2017,24,1,1591,6.149,413606,258732
7033,2017,25,1,1312,4.693,539067,279578
7034,2017,26,1,2420,8.881,511553,272494
7035,2017,27,1,1754,5.944,601843,295109
7036,2017,28,1,1246,5.786,433233,215350
7037,2017,29,1,1886,3.475,909028,542677
7038,2017,2A,1,339,2.852,157249,118848
7039,2017,2B,1,335,2.561,177689,130820
7040,2017,30,1,4098,9.669,744178,423840
7041,2017,31,1,8906,12.447,1362672,715532
7042,2017,32,1,617,5.591,191091,110358
7043,2017,33,1,7220,8.429,1583384,856616
7044,2017,34,1,5948,8.276,1144892,718743
7045,2017,35,1,2419,4.427,1060199,546440
7046,2017,36,1,707,5.100,222232,138634
7047,2017,37,1,1462,4.542,606511,321881
7048,2017,38,1,7417,11.469,1258722,646707
7049,2017,39,1,409,2.739,260188,149350
7050,2017,40,1,1057,4.129,407444,255992
7051,2017,41,1,1175,6.398,331915,183643
7052,2017,42,1,2935,7.399,762941,396655
7053,2017,43,1,625,4.371,227283,142989
7054,2017,44,1,5816,7.850,1394909,740924
7055,2017,45,1,2741,7.952,678105,344708
7056,2017,46,1,618,5.234,173828,118075
7057,2017,47,1,1678,9.053,332842,185343
7058,2017,48,1,154,2.529,76601,60898
7059,2017,49,1,1784,4.521,813493,394578
7060,2017,50,1,606,2.039,496883,297133
7061,2017,51,1,1884,6.407,568895,294041
7062,2017,52,1,399,3.964,175640,100650
7063,2017,53,1,529,3.377,307445,156662
7064,2017,54,1,1783,4.745,733481,375755
7065,2017,55,1,529,5.304,187187,99736
7066,2017,56,1,2083,4.487,750863,464186
7067,2017,57,1,3482,6.770,1043522,514328
7068,2017,58,1,866,6.114,207182,141642
7069,2017,59,1,11396,9.383,2604361,1214497
7070,2017,60,1,2532,6.792,824503,372778
7071,2017,61,1,729,4.420,283372,164926
7072,2017,62,1,4361,6.114,1468018,713245
7073,2017,63,1,3327,8.610,653742,386425
7074,2017,64,1,2001,4.941,677309,404979
7075,2017,65,1,766,4.737,228530,161703
7076,2017,66,1,2070,5.916,474452,349914
7077,2017,67,1,2170,3.916,1125559,554075
7078,2017,68,1,2148,5.698,764030,376960
7079,2017,69,1,9688,10.588,1843319,914980
7080,2017,70,1,577,4.521,236659,127615
7081,2017,71,1,1553,5.003,553595,310391
7082,2017,72,1,1370,4.707,566506,291039
7083,2017,73,1,1587,4.597,431174,345226
7084,2017,74,1,3728,7.335,807360,508229
7085,2017,75,1,10197,7.374,2187526,1382779
7086,2017,76,1,3533,5.517,1254378,640334
7087,2017,77,1,6159,10.062,1403997,612076
7088,2017,78,1,4440,6.968,1438266,637200
7089,2017,79,1,1244,6.413,374351,193971
7090,2017,80,1,1606,5.367,572443,299211
7091,2017,81,1,1719,8.145,387890,211038
7092,2017,82,1,1268,9.657,258349,131300
7093,2017,83,1,6332,8.862,1058740,714503
7094,2017,84,1,2867,9.495,559479,301947
7095,2017,85,1,1443,3.422,675247,421680
7096,2017,86,1,1223,5.092,436876,240200
7097,2017,87,1,1270,5.773,374426,219980
7098,2017,88,1,1045,4.892,367673,213629
7099,2017,89,1,939,4.774,338291,196697
7100,2017,90,1,433,5.996,142622,72211
7101,2017,91,1,4866,8.710,1296130,558684
7102,2017,92,1,5263,6.610,1609306,796181
7103,2017,93,1,7757,11.549,1623111,671680
7104,2017,94,1,5708,9.014,1387926,633207
7105,2017,95,1,4525,8.976,1228618,504100
7106,2018,01,1,2679,8.425,647634,317983
7107,2018,02,1,2057,7.714,533316,266641
7108,2018,03,1,1051,5.044,337171,208375
7109,2018,04,1,715,5.540,164068,129062
7110,2018,05,1,325,2.380,140698,136581
7111,2018,06,1,5682,7.357,1086219,772317
7112,2018,07,1,927,4.524,326606,204906
7113,2018,08,1,727,5.083,271845,143015
7114,2018,09,1,421,3.820,153066,110222
7115,2018,10,1,1003,6.060,310020,165502
7116,2018,11,1,1396,5.290,372806,263889
7117,2018,12,1,557,3.060,279274,182028
7118,2018,13,1,11644,11.261,2034357,1034043
7119,2018,14,1,1868,4.451,694056,419714
7120,2018,15,1,272,2.675,144765,101693
7121,2018,16,1,1165,5.877,351778,198242
7122,2018,17,1,2204,5.045,646932,436869
7123,2018,18,1,1113,6.214,303408,179125
7124,2018,19,1,499,3.227,240583,154657
7125,2018,21,1,1236,4.254,533220,290523
7126,2018,22,1,1422,3.847,599584,369601
7127,2018,23,1,240,2.705,117503,88728
7128,2018,24,1,1328,5.103,413418,260245
7129,2018,25,1,1434,5.084,541454,282056
7130,2018,26,1,2145,7.779,514732,275727
7131,2018,27,1,1639,5.513,599962,297286
7132,2018,28,1,1022,4.717,431997,216684
7133,2018,29,1,1941,3.556,911735,545808
7134,2018,2A,1,266,2.206,157853,120567
7135,2018,2B,1,221,1.673,180701,132077
7136,2018,30,1,3285,7.674,745458,428087
7137,2018,31,1,7606,10.444,1380672,728249
7138,2018,32,1,515,4.632,191283,111171
7139,2018,33,1,7013,8.039,1601845,872327
7140,2018,34,1,5440,7.456,1159220,729653
7141,2018,35,1,2299,4.148,1069228,554254
7142,2018,36,1,591,4.255,220595,138879
7143,2018,37,1,1795,5.520,607760,325172
7144,2018,38,1,6149,9.412,1263563,653289
7145,2018,39,1,637,4.242,259746,150169
7146,2018,40,1,924,3.561,410355,259512
7147,2018,41,1,872,4.723,330248,184614
7148,2018,42,1,2656,6.654,763441,399134
7149,2018,43,1,589,4.099,227552,143699
7150,2018,44,1,6220,8.261,1412502,752968
7151,2018,45,1,2492,7.179,678845,347107
7152,2018,46,1,515,4.328,173929,118998
7153,2018,47,1,1486,7.967,331970,186511
7154,2018,48,1,149,2.429,76520,61340
7155,2018,49,1,1825,4.587,815883,397887
7156,2018,50,1,657,2.200,495983,298631
7157,2018,51,1,1793,6.065,567462,295611
7158,2018,52,1,453,4.502,174069,100617
7159,2018,53,1,434,2.755,307084,157552
7160,2018,54,1,1429,3.780,733469,378055
7161,2018,55,1,484,4.845,185355,99893
7162,2018,56,1,1892,4.035,754867,468872
7163,2018,57,1,2980,5.744,1043524,518772
7164,2018,58,1,748,5.282,205828,141623
7165,2018,59,1,9768,7.977,2606234,1224589
7166,2018,60,1,2556,6.795,827153,376185
7167,2018,61,1,590,3.566,281593,165463
7168,2018,62,1,4612,6.424,1466743,717901
7169,2018,63,1,2261,5.802,659048,389711
7170,2018,64,1,1840,4.490,679810,409790
7171,2018,65,1,809,4.971,229191,162729
7172,2018,66,1,1837,5.208,476357,352742
7173,2018,67,1,2326,4.142,1133552,561562
7174,2018,68,1,2038,5.360,764981,380238
7175,2018,69,1,9609,10.370,1859524,926576
7176,2018,70,1,509,3.966,236018,128333
7177,2018,71,1,1595,5.120,552185,311499
7178,2018,72,1,1352,4.620,565963,292628
7179,2018,73,1,1301,3.725,433724,349226
7180,2018,74,1,3043,5.883,816699,517217
7181,2018,75,1,12028,8.673,2175601,1386846
7182,2018,76,1,3349,5.186,1255883,645786
7183,2018,77,1,5575,8.995,1412516,619784
7184,2018,78,1,4483,6.962,1441398,643946
7185,2018,79,1,772,3.958,374799,195051
7186,2018,80,1,1462,4.845,570662,301740
7187,2018,81,1,1532,7.196,388596,212905
7188,2018,82,1,1041,7.851,259124,132603
7189,2018,83,1,5731,7.936,1067697,722128
7190,2018,84,1,2339,7.658,559793,305436
7191,2018,85,1,1340,3.142,679991,426426
7192,2018,86,1,1208,4.993,437586,241951
7193,2018,87,1,983,4.453,373199,220762
7194,2018,88,1,961,4.483,366112,214363
7195,2018,89,1,1027,5.195,337504,197683
7196,2018,90,1,369,5.060,141852,72929
7197,2018,91,1,5041,8.929,1296641,564587
7198,2018,92,1,4917,6.133,1619120,801737
7199,2018,93,1,7755,11.410,1632677,679663
7200,2018,94,1,5681,8.876,1396913,640016
7201,2018,95,1,4266,8.360,1238581,510302
7202,2019,01,1,3072,9.557,652432,321432
7203,2019,02,1,2060,7.718,531345,266922
7204,2019,03,1,1028,4.922,335975,208863
7205,2019,04,1,659,5.081,164308,129690
7206,2019,05,1,291,2.114,141220,137644
7207,2019,06,1,4910,6.309,1094283,778291
7208,2019,07,1,823,3.987,328278,206435
7209,2019,08,1,768,5.371,270582,142983
7210,2019,09,1,429,3.881,153287,110526
7211,2019,10,1,1153,6.942,310242,166101
7212,2019,11,1,1305,4.921,374070,265167
7213,2019,12,1,507,2.774,279595,182769
7214,2019,13,1,12046,11.528,2043110,1044973
7215,2019,14,1,1322,3.132,694905,422082
7216,2019,15,1,236,2.315,144692,101953
7217,2019,16,1,1070,5.379,352015,198920
7218,2019,17,1,2539,5.758,651358,440935
7219,2019,18,1,1165,6.493,302306,179430
7220,2019,19,1,425,2.741,240073,155041
7221,2019,21,1,1279,4.373,534124,292479
7222,2019,22,1,1306,3.514,600582,371643
7223,2019,23,1,185,2.087,116617,88646
7224,2019,24,1,1164,4.458,413223,261104
7225,2019,25,1,1322,4.659,543974,283778
7226,2019,26,1,1968,7.085,516762,277777
7227,2019,27,1,1517,5.088,599507,298148
7228,2019,28,1,1101,5.063,431575,217440
7229,2019,29,1,1652,3.009,915090,549039
7230,2019,2A,1,224,1.836,158507,122005
7231,2019,2B,1,153,1.146,181933,133540
7232,2019,30,1,3581,8.295,748437,431684
7233,2019,31,1,7492,10.117,1400039,740546
7234,2019,32,1,400,3.586,191377,111536
7235,2019,33,1,8369,9.435,1623749,886986
7236,2019,34,1,5708,7.716,1175623,739737
7237,2019,35,1,2053,3.657,1079498,561343
7238,2019,36,1,570,4.106,219316,138826
7239,2019,37,1,1597,4.867,610079,328095
7240,2019,38,1,5975,9.066,1271166,659031
7241,2019,39,1,661,4.393,259199,150475
7242,2019,40,1,903,3.442,413690,262370
7243,2019,41,1,788,4.258,329470,185077
7244,2019,42,1,2535,6.320,765634,401112
7245,2019,43,1,465,3.231,227570,143916
7246,2019,44,1,6396,8.372,1429272,764010
7247,2019,45,1,2158,6.184,680434,348977
7248,2019,46,1,556,4.653,174094,119499
7249,2019,47,1,1168,6.244,331271,187058
7250,2019,48,1,109,1.771,76604,61547
7251,2019,49,1,1692,4.225,818273,400508
7252,2019,50,1,576,1.922,495045,299656
7253,2019,51,1,2190,7.367,566855,297288
7254,2019,52,1,560,5.579,172512,100382
7255,2019,53,1,494,3.125,307062,158083
7256,2019,54,1,1644,4.330,733760,379680
7257,2019,55,1,523,5.239,184083,99834
7258,2019,56,1,1829,3.869,759684,472749
7259,2019,57,1,2709,5.177,1046543,523268
7260,2019,58,1,846,5.983,204452,141411
7261,2019,59,1,10776,8.743,2608346,1232504
7262,2019,60,1,2430,6.428,829419,378048
7263,2019,61,1,640,3.876,279942,165100
7264,2019,62,1,4384,6.082,1465278,720800
7265,2019,63,1,2261,5.767,662152,392038
7266,2019,64,1,1680,4.064,682621,413357
7267,2019,65,1,662,4.046,229567,163634
7268,2019,66,1,2152,6.051,479979,355661
7269,2019,67,1,2235,3.935,1140057,567991
7270,2019,68,1,1642,4.289,767086,382805
7271,2019,69,1,10256,10.939,1875747,937544
7272,2019,70,1,499,3.885,235313,128450
7273,2019,71,1,1936,6.206,551493,311966
7274,2019,72,1,1577,5.372,566412,293561
7275,2019,73,1,1229,3.489,436434,352254
7276,2019,74,1,3271,6.226,826094,525404
7277,2019,75,1,12593,9.064,2165423,1389375
7278,2019,76,1,3486,5.366,1255633,649681
7279,2019,77,1,5218,8.330,1421197,626435
7280,2019,78,1,4403,6.780,1448207,649383
7281,2019,79,1,727,3.717,374878,195568
7282,2019,80,1,1626,5.358,570559,303449
7283,2019,81,1,1543,7.196,389844,214423
7284,2019,82,1,864,6.471,260669,133522
7285,2019,83,1,5424,7.438,1076711,729223
7286,2019,84,1,2410,7.812,561469,308505
7287,2019,85,1,1403,3.257,685442,430815
7288,2019,86,1,913,3.759,438435,242907
7289,2019,87,1,871,3.938,372359,221194
7290,2019,88,1,932,4.349,364499,214287
7291,2019,89,1,1034,5.230,335707,197718
7292,2019,90,1,454,6.204,141318,73180
7293,2019,91,1,4625,8.108,1301659,570417
7294,2019,92,1,5385,6.667,1624357,807711
7295,2019,93,1,7131,10.376,1644903,687238
7296,2019,94,1,5502,8.500,1407124,647289
7297,2019,95,1,4762,9.210,1249674,517063
7298,2020,01,1,2095,6.438,657856,325431
7299,2020,02,1,1608,6.010,529374,267555
7300,2020,03,1,687,3.283,335628,209251
7301,2020,04,1,441,3.379,165451,130500
7302,2020,05,1,177,1.276,140605,138751
7303,2020,06,1,3238,4.133,1097410,783398
7304,2020,07,1,631,3.035,329325,207922
7305,2020,08,1,573,3.996,269701,143402
7306,2020,09,1,242,2.183,153954,110875
7307,2020,10,1,959,5.745,311435,166928
7308,2020,11,1,1035,3.878,375217,266877
7309,2020,12,1,346,1.883,279554,183702
7310,2020,13,1,10165,9.632,2048070,1055315
7311,2020,14,1,1015,2.382,697547,426069
7312,2020,15,1,105,1.027,144379,102234
7313,2020,16,1,800,4.005,351718,199746
7314,2020,17,1,1823,4.091,655709,445578
7315,2020,18,1,849,4.733,300933,179389
7316,2020,19,1,328,2.108,239190,155575
7317,2020,21,1,925,3.138,535078,294776
7318,2020,22,1,1190,3.183,603640,373909
7319,2020,23,1,198,2.231,115995,88769
7320,2020,24,1,1032,3.934,412807,262321
7321,2020,25,1,819,2.866,545209,285770
7322,2020,26,1,1632,5.830,517709,279948
7323,2020,27,1,1511,5.046,599668,299419
7324,2020,28,1,812,3.717,431443,218433
7325,2020,29,1,1483,2.684,917179,552465
7326,2020,2A,1,198,1.601,160814,123650
7327,2020,2B,1,170,1.258,182887,135125
7328,2020,30,1,2631,6.037,751457,435785
7329,2020,31,1,6144,8.144,1415757,754396
7330,2020,32,1,407,3.630,191819,112134
7331,2020,33,1,8623,9.579,1636391,900198
7332,2020,34,1,4469,5.959,1188973,750002
7333,2020,35,1,1677,2.951,1088855,568308
7334,2020,36,1,519,3.735,218707,138959
7335,2020,37,1,1445,4.373,612119,330454
7336,2020,38,1,5075,7.627,1277513,665362
7337,2020,39,1,476,3.152,258798,151009
7338,2020,40,1,877,3.298,418122,265930
7339,2020,41,1,580,3.125,329357,185591
7340,2020,42,1,1853,4.595,768508,403254
7341,2020,43,1,360,2.492,227489,144442
7342,2020,44,1,6238,8.037,1445171,776207
7343,2020,45,1,1614,4.598,682304,351028
7344,2020,46,1,325,2.706,174670,120123
7345,2020,47,1,878,4.667,330844,188120
7346,2020,48,1,100,1.620,76633,61734
7347,2020,49,1,1503,3.728,820713,403157
7348,2020,50,1,482,1.601,495093,301071
7349,2020,51,1,1515,5.060,566659,299421
7350,2020,52,1,397,3.949,171798,100520
7351,2020,53,1,298,1.876,306538,158874
7352,2020,54,1,1279,3.349,732590,381849
7353,2020,55,1,436,4.360,183001,100007
7354,2020,56,1,1430,2.998,764161,476941
7355,2020,57,1,2182,4.134,1049155,527832
7356,2020,58,1,826,5.849,202670,141219
7357,2020,59,1,9038,7.281,2607746,1241241
7358,2020,60,1,1973,5.192,829699,380003
7359,2020,61,1,482,2.921,278475,164988
7360,2020,62,1,3371,4.655,1462167,724156
7361,2020,63,1,1816,4.600,661852,394760
7362,2020,64,1,1348,3.230,687240,417293
7363,2020,65,1,505,3.069,229788,164545
7364,2020,66,1,1647,4.586,482765,359151
7365,2020,67,1,1644,2.859,1148073,575001
7366,2020,68,1,957,2.479,767842,386082
7367,2020,69,1,7652,8.059,1883437,949531
7368,2020,70,1,382,2.965,234601,128855
7369,2020,71,1,1228,3.925,551063,312880
7370,2020,72,1,1151,3.905,566993,294778
7371,2020,73,1,988,2.779,439750,355575
7372,2020,74,1,2426,4.549,835206,533337
7373,2020,75,1,9625,6.906,2145906,1393800
7374,2020,76,1,2702,4.134,1254739,653680
7375,2020,77,1,4393,6.927,1428636,634163
7376,2020,78,1,3900,5.957,1449723,654741
7377,2020,79,1,630,3.207,374481,196421
7378,2020,80,1,1259,4.123,568748,305380
7379,2020,81,1,870,4.028,391066,215987
7380,2020,82,1,610,4.529,262316,134694
7381,2020,83,1,3555,4.833,1085189,735547
7382,2020,84,1,1990,6.397,561941,311098
7383,2020,85,1,1193,2.737,692705,435953
7384,2020,86,1,729,2.990,439332,243821
7385,2020,87,1,593,2.674,372123,221779
7386,2020,88,1,754,3.510,362397,214812
7387,2020,89,1,896,4.528,334156,197870
7388,2020,90,1,283,3.856,140120,73384
7389,2020,91,1,4131,7.151,1306118,577712
7390,2020,92,1,4427,5.427,1626213,815765
7391,2020,93,1,6096,8.757,1655422,696152
7392,2020,94,1,4507,6.888,1407972,654340
7393,2020,95,1,3642,6.962,1251804,523106
7394,2021,01,1,2076,6.295,663202,329783
7395,2021,02,1,1338,4.985,527468,268381
7396,2021,03,1,906,4.321,334872,209666
7397,2021,04,1,475,3.611,166077,131551
7398,2021,05,1,191,1.365,140976,139877
7399,2021,06,1,3569,4.524,1103941,788916
7400,2021,07,1,679,3.234,331415,209963
7401,2021,08,1,642,4.459,268859,143973
7402,2021,09,1,304,2.730,154596,111352
7403,2021,10,1,843,5.028,311329,167657
7404,2021,11,1,1304,4.848,376028,268987
7405,2021,12,1,315,1.703,279649,184954
7406,2021,13,1,11685,10.955,2056943,1066675
7407,2021,14,1,813,1.891,700633,429997
7408,2021,15,1,139,1.354,144226,102634
7409,2021,16,1,905,4.508,350867,200757
7410,2021,17,1,1676,3.715,661404,451118
7411,2021,18,1,821,4.580,299573,179274
7412,2021,19,1,484,3.096,239784,156356
7413,2021,21,1,916,3.081,535503,297329
7414,2021,22,1,968,2.571,605917,376517
7415,2021,23,1,189,2.123,115702,89016
7416,2021,24,1,1121,4.244,413730,264136
7417,2021,25,1,828,2.873,547096,288184
7418,2021,26,1,1868,6.614,519458,282419
7419,2021,27,1,1252,4.161,598934,300922
7420,2021,28,1,725,3.300,431277,219670
7421,2021,29,1,1528,2.747,921638,556255
7422,2021,2A,1,188,1.505,162942,124954
7423,2021,2B,1,152,1.112,184655,136722
7424,2021,30,1,2687,6.092,756543,441086
7425,2021,31,1,5657,7.351,1434367,769604
7426,2021,32,1,362,3.209,192437,112806
7427,2021,33,1,7619,8.341,1654970,913452
7428,2021,34,1,4391,5.771,1201883,760879
7429,2021,35,1,1757,3.054,1098325,575321
7430,2021,36,1,498,3.581,217228,139055
7431,2021,37,1,1690,5.073,612160,333159
7432,2021,38,1,5431,8.070,1284948,673024
7433,2021,39,1,407,2.680,258555,151865
7434,2021,40,1,1025,3.794,422976,270194
7435,2021,41,1,751,4.029,328504,186408
7436,2021,42,1,2166,5.342,769029,405452
7437,2021,43,1,455,3.133,227284,145236
7438,2021,44,1,5766,7.325,1457806,787187
7439,2021,45,1,1507,4.263,684561,353544
7440,2021,46,1,342,2.831,174942,120797
7441,2021,47,1,905,4.784,331229,189189
7442,2021,48,1,101,1.629,76519,62006
7443,2021,49,1,1539,3.786,824743,406488
7444,2021,50,1,568,1.878,495508,302441
7445,2021,51,1,1209,4.018,565292,300919
7446,2021,52,1,390,3.872,171042,100716
7447,2021,53,1,322,2.016,305933,159714
7448,2021,54,1,1084,2.818,732486,384639
7449,2021,55,1,400,3.992,181919,100190
7450,2021,56,1,1512,3.139,768687,481682
7451,2021,57,1,1867,3.512,1049942,531542
7452,2021,58,1,596,4.216,202417,141381
7453,2021,59,1,8683,6.937,2611293,1251657
7454,2021,60,1,1645,4.305,828838,382118
7455,2021,61,1,538,3.258,276973,165115
7456,2021,62,1,3055,4.197,1461441,727951
7457,2021,63,1,2018,5.071,662285,397923
7458,2021,64,1,1335,3.165,693027,421756
7459,2021,65,1,426,2.572,230956,165621
7460,2021,66,1,1383,3.817,487307,362350
7461,2021,67,1,1647,2.832,1152662,581630
7462,2021,68,1,1187,3.048,767083,389445
7463,2021,69,1,8143,8.447,1893692,964037
7464,2021,70,1,378,2.920,234296,129449
7465,2021,71,1,1357,4.321,549288,314053
7466,2021,72,1,1263,4.261,566058,296419
7467,2021,73,1,920,2.563,442468,358886
7468,2021,74,1,2421,4.477,841482,540705
7469,2021,75,1,9645,6.905,2133111,1396753
7470,2021,76,1,2631,3.999,1255918,657851
7471,2021,77,1,4144,6.461,1438100,641376
7472,2021,78,1,4018,6.076,1456365,661312
7473,2021,79,1,740,3.748,374587,197430
7474,2021,80,1,1088,3.542,566252,307149
7475,2021,81,1,747,3.426,393572,218036
7476,2021,82,1,634,4.666,263377,135891
7477,2021,83,1,4195,5.641,1095337,743682
7478,2021,84,1,2630,8.364,564566,314424
7479,2021,85,1,1041,2.360,699459,441153
7480,2021,86,1,1002,4.086,439385,245247
7481,2021,87,1,905,4.061,371691,222826
7482,2021,88,1,689,3.198,360673,215468
7483,2021,89,1,735,3.701,333385,198598
7484,2021,90,1,244,3.314,139654,73620
7485,2021,91,1,3893,6.624,1313768,587710
7486,2021,92,1,4354,5.282,1635291,824372
7487,2021,93,1,6035,8.557,1668670,705282
7488,2021,94,1,4873,7.359,1415367,662168
7489,2021,95,1,3412,6.439,1256607,529926
7490,2022,01,1,2407,7.299,671289,329783
7491,2022,02,1,1683,6.271,525558,268381
7492,2022,03,1,801,3.820,334715,209666
7493,2022,04,1,497,3.778,167179,131551
7494,2022,05,1,298,2.130,141677,139877
7495,2022,06,1,3458,4.383,1114579,788916
7496,2022,07,1,758,3.610,333229,209963
7497,2022,08,1,678,4.709,267204,143973
7498,2022,09,1,346,3.107,155339,111352
7499,2022,10,1,919,5.481,311076,167657
7500,2022,11,1,1551,5.766,377773,268987
7501,2022,12,1,327,1.768,279736,184954
7502,2022,13,1,11904,11.160,2069811,1066675
7503,2022,14,1,1186,2.758,704605,429997
7504,2022,15,1,171,1.666,144399,102634
7505,2022,16,1,862,4.294,351603,200757
7506,2022,17,1,2187,4.848,668160,451118
7507,2022,18,1,966,5.388,299496,179274
7508,2022,19,1,408,2.609,240120,156356
7509,2022,21,1,1243,4.181,537577,297329
7510,2022,22,1,1263,3.354,609598,376517
7511,2022,23,1,270,3.033,115529,89016
7512,2022,24,1,1222,4.626,416325,264136
7513,2022,25,1,880,3.054,548662,288184
7514,2022,26,1,1843,6.526,521432,282419
7515,2022,27,1,1390,4.619,601305,300922
7516,2022,28,1,820,3.733,432950,219670
7517,2022,29,1,2026,3.642,927912,556255
7518,2022,2A,1,177,1.417,166045,124954
7519,2022,2B,1,166,1.214,185231,136722
7520,2022,30,1,2558,5.799,764010,441086
7521,2022,31,1,6265,8.141,1456261,769604
7522,2022,32,1,455,4.033,192649,112806
7523,2022,33,1,7696,8.425,1674980,913452
7524,2022,34,1,4233,5.563,1217331,760879
7525,2022,35,1,2644,4.596,1109232,575321
7526,2022,36,1,547,3.934,216809,139055
7527,2022,37,1,1654,4.965,616326,333159
7528,2022,38,1,5474,8.133,1291380,673024
7529,2022,39,1,461,3.036,258405,151865
7530,2022,40,1,1245,4.608,428427,270194
7531,2022,41,1,902,4.839,328953,186408
7532,2022,42,1,2468,6.087,772041,405452
7533,2022,43,1,497,3.422,228161,145236
7534,2022,44,1,6771,8.602,1473156,787187
7535,2022,45,1,1712,4.842,687063,353544
7536,2022,46,1,310,2.566,175620,120797
7537,2022,47,1,1026,5.423,332226,189189
7538,2022,48,1,83,1.339,76503,62006
7539,2022,49,1,1604,3.946,828151,406488
7540,2022,50,1,632,2.090,496815,302441
7541,2022,51,1,1485,4.935,564107,300919
7542,2022,52,1,476,4.726,169865,100716
7543,2022,53,1,560,3.506,305437,159714
7544,2022,54,1,1303,3.388,732898,384639
7545,2022,55,1,452,4.511,180745,100190
7546,2022,56,1,2213,4.594,776103,481682
7547,2022,57,1,1961,3.689,1050721,531542
7548,2022,58,1,621,4.392,202299,141381
7549,2022,59,1,8614,6.882,2616909,1251657
7550,2022,60,1,1692,4.428,830725,382118
7551,2022,61,1,686,4.155,276144,165115
7552,2022,62,1,3253,4.469,1460184,727951
7553,2022,63,1,2681,6.737,664385,397923
7554,2022,64,1,1575,3.734,699473,421756
7555,2022,65,1,482,2.910,231453,165621
7556,2022,66,1,1405,3.877,492964,362350
7557,2022,67,1,2033,3.495,1156963,581630
7558,2022,68,1,1545,3.967,767800,389445
7559,2022,69,1,9582,9.939,1907982,964037
7560,2022,70,1,406,3.136,233920,129449
7561,2022,71,1,1402,4.464,549136,314053
7562,2022,72,1,1645,5.550,566129,296419
7563,2022,73,1,1178,3.282,445288,358886
7564,2022,74,1,2737,5.062,849583,540705
7565,2022,75,1,12073,8.644,2113705,1396753
7566,2022,76,1,2610,3.967,1260205,657851
7567,2022,77,1,4580,7.141,1452399,641376
7568,2022,78,1,4571,6.912,1470778,661312
7569,2022,79,1,789,3.996,375415,197430
7570,2022,80,1,1036,3.373,565540,307149
7571,2022,81,1,1048,4.807,396168,218036
7572,2022,82,1,688,5.063,264924,135891
7573,2022,83,1,4318,5.806,1108364,743682
7574,2022,84,1,2990,9.509,568702,314424
7575,2022,85,1,1402,3.178,706343,441153
7576,2022,86,1,1296,5.284,438688,245247
7577,2022,87,1,1029,4.618,372438,222826
7578,2022,88,1,727,3.374,358700,215468
7579,2022,89,1,960,4.834,333896,198598
7580,2022,90,1,221,3.002,140082,73620
7581,2022,91,1,4076,6.935,1324546,587710
7582,2022,92,1,5313,6.445,1647435,824372
7583,2022,93,1,6292,8.921,1681725,705282
7584,2022,94,1,5568,8.409,1419531,662168
7585,2022,95,1,3852,7.269,1270845,529926
7586,2023,01,1,2117,6.419,671289,329783
7587,2023,02,1,1540,5.738,525558,268381
7588,2023,03,1,872,4.159,334715,209666
7589,2023,04,1,505,3.839,167179,131551
7590,2023,05,1,305,2.180,141677,139877
7591,2023,06,1,3552,4.502,1114579,788916
7592,2023,07,1,681,3.243,333229,209963
7593,2023,08,1,720,5.001,267204,143973
7594,2023,09,1,400,3.592,155339,111352
7595,2023,10,1,1026,6.120,311076,167657
7596,2023,11,1,1403,5.216,377773,268987
7597,2023,12,1,439,2.374,279736,184954
7598,2023,13,1,11314,10.607,2069811,1066675
7599,2023,14,1,1776,4.130,704605,429997
7600,2023,15,1,165,1.608,144399,102634
7601,2023,16,1,889,4.428,351603,200757
7602,2023,17,1,2206,4.890,668160,451118
7603,2023,18,1,1262,7.040,299496,179274
7604,2023,19,1,365,2.334,240120,156356
7605,2023,21,1,1252,4.211,537577,297329
7606,2023,22,1,1273,3.381,609598,376517
7607,2023,23,1,282,3.168,115529,89016
7608,2023,24,1,1187,4.494,416325,264136
7609,2023,25,1,915,3.175,548662,288184
7610,2023,26,1,1821,6.448,521432,282419
7611,2023,27,1,1659,5.513,601305,300922
7612,2023,28,1,1214,5.526,432950,219670
7613,2023,29,1,2454,4.412,927912,556255
7614,2023,2A,1,233,1.865,166045,124954
7615,2023,2B,1,160,1.170,185231,136722
7616,2023,30,1,2656,6.022,764010,441086
7617,2023,31,1,6210,8.069,1456261,769604
7618,2023,32,1,529,4.689,192649,112806
7619,2023,33,1,7954,8.708,1674980,913452
7620,2023,34,1,4736,6.224,1217331,760879
7621,2023,35,1,3065,5.327,1109232,575321
7622,2023,36,1,638,4.588,216809,139055
7623,2023,37,1,1920,5.763,616326,333159
7624,2023,38,1,5087,7.558,1291380,673024
7625,2023,39,1,439,2.891,258405,151865
7626,2023,40,1,1247,4.615,428427,270194
7627,2023,41,1,930,4.989,328953,186408
7628,2023,42,1,2791,6.884,772041,405452
7629,2023,43,1,451,3.105,228161,145236
7630,2023,44,1,5761,7.318,1473156,787187
7631,2023,45,1,2237,6.327,687063,353544
7632,2023,46,1,423,3.502,175620,120797
7633,2023,47,1,1240,6.554,332226,189189
7634,2023,48,1,74,1.193,76503,62006
7635,2023,49,1,1920,4.723,828151,406488
7636,2023,50,1,849,2.807,496815,302441
7637,2023,51,1,1565,5.201,564107,300919
7638,2023,52,1,424,4.210,169865,100716
7639,2023,53,1,747,4.677,305437,159714
7640,2023,54,1,1724,4.482,732898,384639
7641,2023,55,1,427,4.262,180745,100190
7642,2023,56,1,2106,4.372,776103,481682
7643,2023,57,1,2882,5.422,1050721,531542
7644,2023,58,1,823,5.821,202299,141381
7645,2023,59,1,8663,6.921,2616909,1251657
7646,2023,60,1,2116,5.538,830725,382118
7647,2023,61,1,808,4.894,276144,165115
7648,2023,62,1,3791,5.208,1460184,727951
7649,2023,63,1,2817,7.079,664385,397923
7650,2023,64,1,1699,4.028,699473,421756
7651,2023,65,1,545,3.291,231453,165621
7652,2023,66,1,1804,4.979,492964,362350
7653,2023,67,1,2473,4.252,1156963,581630
7654,2023,68,1,1569,4.029,767800,389445
7655,2023,69,1,7682,7.969,1907982,964037
7656,2023,70,1,427,3.299,233920,129449
7657,2023,71,1,1438,4.579,549136,314053
7658,2023,72,1,2007,6.771,566129,296419
7659,2023,73,1,1022,2.848,445288,358886
7660,2023,74,1,3116,5.763,849583,540705
7661,2023,75,1,11961,8.563,2113705,1396753
7662,2023,76,1,2908,4.420,1260205,657851
7663,2023,77,1,4459,6.952,1452399,641376
7664,2023,78,1,4818,7.286,1470778,661312
7665,2023,79,1,881,4.462,375415,197430
7666,2023,80,1,1099,3.578,565540,307149
7667,2023,81,1,852,3.908,396168,218036
7668,2023,82,1,744,5.475,264924,135891
7669,2023,83,1,4552,6.121,1108364,743682
7670,2023,84,1,2624,8.345,568702,314424
7671,2023,85,1,1503,3.407,706343,441153
7672,2023,86,1,1586,6.467,438688,245247
7673,2023,87,1,945,4.241,372438,222826
7674,2023,88,1,736,3.416,358700,215468
7675,2023,89,1,1119,5.634,333896,198598
7676,2023,90,1,287,3.898,140082,73620
7677,2023,91,1,3619,6.158,1324546,587710
7678,2023,92,1,5791,7.025,1647435,824372
7679,2023,93,1,6005,8.514,1681725,705282
7680,2023,94,1,4703,7.102,1419531,662168
7681,2023,95,1,3815,7.199,1270845,529926
7682,2024,01,1,2811,8.524,671289,329783
7683,2024,02,1,1645,6.129,525558,268381
7684,2024,03,1,1038,4.951,334715,209666
7685,2024,04,1,557,4.234,167179,131551
7686,2024,05,1,336,2.402,141677,139877
7687,2024,06,1,3202,4.059,1114579,788916
7688,2024,07,1,732,3.486,333229,209963
7689,2024,08,1,868,6.029,267204,143973
7690,2024,09,1,403,3.619,155339,111352
7691,2024,10,1,1101,6.567,311076,167657
7692,2024,11,1,1613,5.997,377773,268987
7693,2024,12,1,578,3.125,279736,184954
7694,2024,13,1,9986,9.362,2069811,1066675
7695,2024,14,1,1564,3.637,704605,429997
7696,2024,15,1,199,1.939,144399,102634
7697,2024,16,1,1145,5.703,351603,200757
7698,2024,17,1,2533,5.615,668160,451118
7699,2024,18,1,1431,7.982,299496,179274
7700,2024,19,1,625,3.997,240120,156356
7701,2024,21,1,1279,4.302,537577,297329
7702,2024,22,1,1267,3.365,609598,376517
7703,2024,23,1,284,3.190,115529,89016
7704,2024,24,1,1142,4.324,416325,264136
7705,2024,25,1,885,3.071,548662,288184
7706,2024,26,1,1705,6.037,521432,282419
7707,2024,27,1,1695,5.633,601305,300922
7708,2024,28,1,1243,5.658,432950,219670
7709,2024,29,1,2229,4.007,927912,556255
7710,2024,2A,1,122,0.976,166045,124954
7711,2024,2B,1,119,0.870,185231,136722
7712,2024,30,1,2991,6.781,764010,441086
7713,2024,31,1,6289,8.172,1456261,769604
7714,2024,32,1,823,7.296,192649,112806
7715,2024,33,1,7912,8.662,1674980,913452
7716,2024,34,1,5038,6.621,1217331,760879
7717,2024,35,1,3256,5.659,1109232,575321
7718,2024,36,1,815,5.861,216809,139055
7719,2024,37,1,2505,7.519,616326,333159
7720,2024,38,1,6116,9.087,1291380,673024
7721,2024,39,1,478,3.148,258405,151865
7722,2024,40,1,1249,4.623,428427,270194
7723,2024,41,1,1292,6.931,328953,186408
7724,2024,42,1,3039,7.495,772041,405452
7725,2024,43,1,437,3.009,228161,145236
7726,2024,44,1,5385,6.841,1473156,787187
7727,2024,45,1,2083,5.892,687063,353544
7728,2024,46,1,555,4.594,175620,120797
7729,2024,47,1,1083,5.724,332226,189189
7730,2024,48,1,77,1.242,76503,62006
7731,2024,49,1,1950,4.797,828151,406488
7732,2024,50,1,939,3.105,496815,302441
7733,2024,51,1,1778,5.909,564107,300919
7734,2024,52,1,433,4.299,169865,100716
7735,2024,53,1,821,5.140,305437,159714
7736,2024,54,1,1925,5.005,732898,384639
7737,2024,55,1,549,5.480,180745,100190
7738,2024,56,1,2304,4.783,776103,481682
7739,2024,57,1,2733,5.142,1050721,531542
7740,2024,58,1,858,6.069,202299,141381
7741,2024,59,1,8721,6.968,2616909,1251657
7742,2024,60,1,1964,5.140,830725,382118
7743,2024,61,1,986,5.972,276144,165115
7744,2024,62,1,3686,5.064,1460184,727951
7745,2024,63,1,2842,7.142,664385,397923
7746,2024,64,1,1729,4.100,699473,421756
7747,2024,65,1,529,3.194,231453,165621
7748,2024,66,1,1940,5.354,492964,362350
7749,2024,67,1,2338,4.020,1156963,581630
7750,2024,68,1,1688,4.334,767800,389445
7751,2024,69,1,8302,8.612,1907982,964037
7752,2024,70,1,401,3.098,233920,129449
7753,2024,71,1,1519,4.837,549136,314053
7754,2024,72,1,1987,6.703,566129,296419
7755,2024,73,1,1324,3.689,445288,358886
7756,2024,74,1,3026,5.596,849583,540705
7757,2024,75,1,9235,6.612,2113705,1396753
7758,2024,76,1,3243,4.930,1260205,657851
7759,2024,77,1,3946,6.152,1452399,641376
7760,2024,78,1,4249,6.425,1470778,661312
7761,2024,79,1,1077,5.455,375415,197430
7762,2024,80,1,1192,3.881,565540,307149
7763,2024,81,1,1185,5.435,396168,218036
7764,2024,82,1,943,6.939,264924,135891
7765,2024,83,1,4110,5.527,1108364,743682
7766,2024,84,1,2530,8.046,568702,314424
7767,2024,85,1,1935,4.386,706343,441153
7768,2024,86,1,1619,6.602,438688,245247
7769,2024,87,1,1063,4.771,372438,222826
7770,2024,88,1,787,3.653,358700,215468
7771,2024,89,1,1139,5.735,333896,198598
7772,2024,90,1,192,2.608,140082,73620
7773,2024,91,1,4021,6.842,1324546,587710
7774,2024,92,1,4854,5.888,1647435,824372
7775,2024,93,1,5494,7.790,1681725,705282
7776,2024,94,1,4297,6.489,1419531,662168
7777,2024,95,1,3407,6.429,1270845,529926
7778,2016,01,16,1284,2.011,638425,308491
7779,2016,02,16,1099,2.050,536136,264180
7780,2016,03,16,529,1.559,339384,206980
7781,2016,04,16,345,2.122,162565,126760
7782,2016,05,16,230,1.630,141107,134647
7783,2016,06,16,3544,3.270,1083704,761857
7784,2016,07,16,630,1.938,325157,201264
7785,2016,08,16,415,1.507,275371,142010
7786,2016,09,16,222,1.450,153067,108589
7787,2016,10,16,567,1.835,308910,163064
7788,2016,11,16,753,2.046,368025,258453
7789,2016,12,16,208,0.746,278697,179901
7790,2016,13,16,11946,5.915,2019717,1009576
7791,2016,14,16,776,1.119,693679,412038
7792,2016,15,16,81,0.555,145969,101070
7793,2016,16,16,556,1.574,353288,196145
7794,2016,17,16,1383,2.154,642191,427696
7795,2016,18,16,568,1.850,307110,177873
7796,2016,19,16,227,0.940,241535,153380
7797,2016,21,16,820,1.538,533213,285326
7798,2016,22,16,618,1.032,598953,363788
7799,2016,23,16,68,0.569,119502,88330
7800,2016,24,16,495,1.193,414789,256942
7801,2016,25,16,796,1.478,538549,277578
7802,2016,26,16,1763,3.470,508006,269062
7803,2016,27,16,1308,2.170,602825,292969
7804,2016,28,16,691,1.592,433929,213849
7805,2016,29,16,952,1.048,908249,537671
7806,2016,2A,16,392,2.540,154303,116432
7807,2016,2B,16,371,2.106,176152,129422
7808,2016,30,16,2143,2.888,742006,419029
7809,2016,31,16,2797,2.075,1348183,703754
7810,2016,32,16,165,0.865,190664,109392
7811,2016,33,16,3496,2.231,1566679,843050
7812,2016,34,16,3167,2.797,1132481,707572
7813,2016,35,16,1166,1.109,1051779,538258
7814,2016,36,16,296,1.324,223505,138229
7815,2016,37,16,1149,1.895,606223,318933
7816,2016,38,16,3275,2.614,1252912,639743
7817,2016,39,16,289,1.109,260517,148337
7818,2016,40,16,501,1.237,405010,252298
7819,2016,41,16,903,2.714,332769,182821
7820,2016,42,16,1619,2.125,761997,394202
7821,2016,43,16,195,0.858,227339,142111
7822,2016,44,16,4096,2.966,1380852,729714
7823,2016,45,16,1529,2.267,674330,341549
7824,2016,46,16,222,1.281,173347,117328
7825,2016,47,16,432,1.298,332833,184194
7826,2016,48,16,37,0.484,76422,60395
7827,2016,49,16,1242,1.532,810934,391283
7828,2016,50,16,418,0.839,498362,295248
7829,2016,51,16,1515,2.654,570883,292095
7830,2016,52,16,261,1.466,178084,100722
7831,2016,53,16,232,0.754,307688,155625
7832,2016,54,16,1148,1.564,733821,373165
7833,2016,55,16,268,1.418,189055,99550
7834,2016,56,16,903,1.208,747548,459455
7835,2016,57,16,1330,1.272,1045271,510597
7836,2016,58,16,428,2.046,209161,141593
7837,2016,59,16,8572,3.292,2603723,1205062
7838,2016,60,16,3614,4.388,823542,369320
7839,2016,61,16,338,1.185,285308,164640
7840,2016,62,16,2551,1.735,1470725,708207
7841,2016,63,16,1814,2.788,650700,382695
7842,2016,64,16,1122,1.665,673986,400053
7843,2016,65,16,297,1.304,227829,160809
7844,2016,66,16,1338,2.821,474369,346847
7845,2016,67,16,892,0.795,1121407,546387
7846,2016,68,16,749,0.982,762743,373686
7847,2016,69,16,6051,3.296,1835903,904462
7848,2016,70,16,303,1.277,237242,126631
7849,2016,71,16,805,1.450,555023,309191
7850,2016,72,16,979,1.725,567561,289447
7851,2016,73,16,829,1.929,429681,341648
7852,2016,74,16,1486,1.854,801416,500698
7853,2016,75,16,8932,4.078,2190327,1374377
7854,2016,76,16,2498,1.989,1255755,634421
7855,2016,77,16,4918,3.519,1397665,604627
7856,2016,78,16,4277,2.987,1431808,629383
7857,2016,79,16,467,1.246,374743,192620
7858,2016,80,16,1274,2.224,572744,297094
7859,2016,81,16,580,1.501,386448,209380
7860,2016,82,16,545,2.121,256897,130059
7861,2016,83,16,3175,3.007,1055821,707520
7862,2016,84,16,1607,2.875,559014,298637
7863,2016,85,16,864,1.288,670597,417192
7864,2016,86,16,557,1.277,436069,237993
7865,2016,87,16,431,1.149,374978,219170
7866,2016,88,16,452,1.223,369641,212925
7867,2016,89,16,857,2.517,340544,195822
7868,2016,90,16,187,1.298,144089,71929
7869,2016,91,16,5301,4.118,1287330,550895
7870,2016,92,16,5068,3.161,1603268,789809
7871,2016,93,16,6879,4.282,1606660,662466
7872,2016,94,16,5125,3.719,1378151,626297
7873,2016,95,16,5446,4.457,1221923,497749
7874,2017,01,16,1027,1.596,643350,313061
7875,2017,02,16,1007,1.884,534490,265548
7876,2017,03,16,414,1.225,337988,207725
7877,2017,04,16,261,1.592,163915,127940
7878,2017,05,16,181,1.281,141284,135493
7879,2017,06,16,3278,3.026,1083310,766748
7880,2017,07,16,594,1.824,325712,203015
7881,2017,08,16,324,1.184,273579,142452
7882,2017,09,16,182,1.188,153153,109392
7883,2017,10,16,445,1.435,310020,164453
7884,2017,11,16,731,1.974,370260,261180
7885,2017,12,16,172,0.616,279206,181053
7886,2017,13,16,10746,5.309,2024162,1021226
7887,2017,14,16,826,1.190,694002,416115
7888,2017,15,16,73,0.503,145143,101363
7889,2017,16,16,464,1.317,352335,197059
7890,2017,17,16,1327,2.060,644303,431948
7891,2017,18,16,512,1.683,304256,178580
7892,2017,19,16,210,0.870,241464,154124
7893,2017,21,16,667,1.249,533819,287831
7894,2017,22,16,628,1.049,598814,366683
7895,2017,23,16,79,0.666,118638,88506
7896,2017,24,16,446,1.078,413606,258732
7897,2017,25,16,730,1.354,539067,279578
7898,2017,26,16,1670,3.265,511553,272494
7899,2017,27,16,1119,1.859,601843,295109
7900,2017,28,16,638,1.473,433233,215350
7901,2017,29,16,1057,1.163,909028,542677
7902,2017,2A,16,438,2.785,157249,118848
7903,2017,2B,16,325,1.829,177689,130820
7904,2017,30,16,2269,3.049,744178,423840
7905,2017,31,16,2871,2.107,1362672,715532
7906,2017,32,16,170,0.890,191091,110358
7907,2017,33,16,3535,2.233,1583384,856616
7908,2017,34,16,3124,2.729,1144892,718743
7909,2017,35,16,1320,1.245,1060199,546440
7910,2017,36,16,285,1.282,222232,138634
7911,2017,37,16,1131,1.865,606511,321881
7912,2017,38,16,3295,2.618,1258722,646707
7913,2017,39,16,373,1.434,260188,149350
7914,2017,40,16,450,1.104,407444,255992
7915,2017,41,16,735,2.214,331915,183643
7916,2017,42,16,1654,2.168,762941,396655
7917,2017,43,16,166,0.730,227283,142989
7918,2017,44,16,4188,3.002,1394909,740924
7919,2017,45,16,1250,1.843,678105,344708
7920,2017,46,16,186,1.070,173828,118075
7921,2017,47,16,450,1.352,332842,185343
7922,2017,48,16,52,0.679,76601,60898
7923,2017,49,16,1250,1.537,813493,394578
7924,2017,50,16,404,0.813,496883,297133
7925,2017,51,16,1375,2.417,568895,294041
7926,2017,52,16,237,1.349,175640,100650
7927,2017,53,16,231,0.751,307445,156662
7928,2017,54,16,992,1.352,733481,375755
7929,2017,55,16,254,1.357,187187,99736
7930,2017,56,16,840,1.119,750863,464186
7931,2017,57,16,1142,1.094,1043522,514328
7932,2017,58,16,361,1.742,207182,141642
7933,2017,59,16,7944,3.050,2604361,1214497
7934,2017,60,16,3347,4.059,824503,372778
7935,2017,61,16,384,1.355,283372,164926
7936,2017,62,16,2361,1.608,1468018,713245
7937,2017,63,16,1438,2.200,653742,386425
7938,2017,64,16,1087,1.605,677309,404979
7939,2017,65,16,290,1.269,228530,161703
7940,2017,66,16,1337,2.818,474452,349914
7941,2017,67,16,908,0.807,1125559,554075
7942,2017,68,16,793,1.038,764030,376960
7943,2017,69,16,5768,3.129,1843319,914980
7944,2017,70,16,306,1.293,236659,127615
7945,2017,71,16,873,1.577,553595,310391
7946,2017,72,16,763,1.347,566506,291039
7947,2017,73,16,709,1.644,431174,345226
7948,2017,74,16,1506,1.865,807360,508229
7949,2017,75,16,7992,3.653,2187526,1382779
7950,2017,76,16,2475,1.973,1254378,640334
7951,2017,77,16,4417,3.146,1403997,612076
7952,2017,78,16,3980,2.767,1438266,637200
7953,2017,79,16,540,1.442,374351,193971
7954,2017,80,16,1261,2.203,572443,299211
7955,2017,81,16,530,1.366,387890,211038
7956,2017,82,16,424,1.641,258349,131300
7957,2017,83,16,2674,2.526,1058740,714503
7958,2017,84,16,1376,2.459,559479,301947
7959,2017,85,16,864,1.280,675247,421680
7960,2017,86,16,468,1.071,436876,240200
7961,2017,87,16,443,1.183,374426,219980
7962,2017,88,16,482,1.311,367673,213629
7963,2017,89,16,811,2.397,338291,196697
7964,2017,90,16,121,0.848,142622,72211
7965,2017,91,16,4472,3.450,1296130,558684
7966,2017,92,16,4763,2.960,1609306,796181
7967,2017,93,16,6555,4.039,1623111,671680
7968,2017,94,16,5073,3.655,1387926,633207
7969,2017,95,16,5949,4.842,1228618,504100
7970,2018,01,16,1252,1.933,647634,317983
7971,2018,02,16,1045,1.959,533316,266641
7972,2018,03,16,366,1.086,337171,208375
7973,2018,04,16,255,1.554,164068,129062
7974,2018,05,16,125,0.888,140698,136581
7975,2018,06,16,2813,2.590,1086219,772317
7976,2018,07,16,550,1.684,326606,204906
7977,2018,08,16,337,1.240,271845,143015
7978,2018,09,16,178,1.163,153066,110222
7979,2018,10,16,471,1.519,310020,165502
7980,2018,11,16,642,1.722,372806,263889
7981,2018,12,16,194,0.695,279274,182028
7982,2018,13,16,10282,5.054,2034357,1034043
7983,2018,14,16,814,1.173,694056,419714
7984,2018,15,16,92,0.636,144765,101693
7985,2018,16,16,454,1.291,351778,198242
7986,2018,17,16,1419,2.193,646932,436869
7987,2018,18,16,406,1.338,303408,179125
7988,2018,19,16,181,0.752,240583,154657
7989,2018,21,16,591,1.108,533220,290523
7990,2018,22,16,573,0.956,599584,369601
7991,2018,23,16,92,0.783,117503,88728
7992,2018,24,16,364,0.880,413418,260245
7993,2018,25,16,704,1.300,541454,282056
7994,2018,26,16,1354,2.630,514732,275727
7995,2018,27,16,1132,1.887,599962,297286
7996,2018,28,16,569,1.317,431997,216684
7997,2018,29,16,953,1.045,911735,545808
7998,2018,2A,16,396,2.509,157853,120567
7999,2018,2B,16,268,1.483,180701,132077
8000,2018,30,16,1993,2.674,745458,428087
8001,2018,31,16,2586,1.873,1380672,728249
8002,2018,32,16,163,0.852,191283,111171
8003,2018,33,16,3469,2.166,1601845,872327
8004,2018,34,16,2885,2.489,1159220,729653
8005,2018,35,16,1186,1.109,1069228,554254
8006,2018,36,16,309,1.401,220595,138879
8007,2018,37,16,968,1.593,607760,325172
8008,2018,38,16,3189,2.524,1263563,653289
8009,2018,39,16,349,1.344,259746,150169
8010,2018,40,16,473,1.153,410355,259512
8011,2018,41,16,599,1.814,330248,184614
8012,2018,42,16,1464,1.918,763441,399134
8013,2018,43,16,229,1.006,227552,143699
8014,2018,44,16,3781,2.677,1412502,752968
8015,2018,45,16,1083,1.595,678845,347107
8016,2018,46,16,231,1.328,173929,118998
8017,2018,47,16,524,1.578,331970,186511
8018,2018,48,16,37,0.484,76520,61340
8019,2018,49,16,1006,1.233,815883,397887
8020,2018,50,16,358,0.722,495983,298631
8021,2018,51,16,1230,2.168,567462,295611
8022,2018,52,16,241,1.385,174069,100617
8023,2018,53,16,210,0.684,307084,157552
8024,2018,54,16,851,1.160,733469,378055
8025,2018,55,16,254,1.370,185355,99893
8026,2018,56,16,693,0.918,754867,468872
8027,2018,57,16,1060,1.016,1043524,518772
8028,2018,58,16,292,1.419,205828,141623
8029,2018,59,16,7621,2.924,2606234,1224589
8030,2018,60,16,3029,3.662,827153,376185
8031,2018,61,16,290,1.030,281593,165463
8032,2018,62,16,2219,1.513,1466743,717901
8033,2018,63,16,1278,1.939,659048,389711
8034,2018,64,16,950,1.397,679810,409790
8035,2018,65,16,221,0.964,229191,162729
8036,2018,66,16,1380,2.897,476357,352742
8037,2018,67,16,835,0.737,1133552,561562
8038,2018,68,16,671,0.877,764981,380238
8039,2018,69,16,5230,2.813,1859524,926576
8040,2018,70,16,265,1.123,236018,128333
8041,2018,71,16,897,1.624,552185,311499
8042,2018,72,16,742,1.311,565963,292628
8043,2018,73,16,506,1.167,433724,349226
8044,2018,74,16,1154,1.413,816699,517217
8045,2018,75,16,8566,3.937,2175601,1386846
8046,2018,76,16,2303,1.834,1255883,645786
8047,2018,77,16,4105,2.906,1412516,619784
8048,2018,78,16,3103,2.153,1441398,643946
8049,2018,79,16,455,1.214,374799,195051
8050,2018,80,16,1186,2.078,570662,301740
8051,2018,81,16,477,1.227,388596,212905
8052,2018,82,16,331,1.277,259124,132603
8053,2018,83,16,2355,2.206,1067697,722128
8054,2018,84,16,1235,2.206,559793,305436
8055,2018,85,16,686,1.009,679991,426426
8056,2018,86,16,473,1.081,437586,241951
8057,2018,87,16,289,0.774,373199,220762
8058,2018,88,16,421,1.150,366112,214363
8059,2018,89,16,726,2.151,337504,197683
8060,2018,90,16,97,0.684,141852,72929
8061,2018,91,16,3580,2.761,1296641,564587
8062,2018,92,16,4637,2.864,1619120,801737
8063,2018,93,16,6118,3.747,1632677,679663
8064,2018,94,16,4641,3.322,1396913,640016
8065,2018,95,16,5435,4.388,1238581,510302
8066,2019,01,16,1227,1.881,652432,321432
8067,2019,02,16,1030,1.938,531345,266922
8068,2019,03,16,385,1.146,335975,208863
8069,2019,04,16,238,1.448,164308,129690
8070,2019,05,16,156,1.105,141220,137644
8071,2019,06,16,2863,2.616,1094283,778291
8072,2019,07,16,603,1.837,328278,206435
8073,2019,08,16,347,1.282,270582,142983
8074,2019,09,16,173,1.129,153287,110526
8075,2019,10,16,439,1.415,310242,166101
8076,2019,11,16,728,1.946,374070,265167
8077,2019,12,16,202,0.722,279595,182769
8078,2019,13,16,10092,4.940,2043110,1044973
8079,2019,14,16,753,1.084,694905,422082
8080,2019,15,16,71,0.491,144692,101953
8081,2019,16,16,410,1.165,352015,198920
8082,2019,17,16,1258,1.931,651358,440935
8083,2019,18,16,368,1.217,302306,179430
8084,2019,19,16,147,0.612,240073,155041
8085,2019,21,16,628,1.176,534124,292479
8086,2019,22,16,519,0.864,600582,371643
8087,2019,23,16,65,0.557,116617,88646
8088,2019,24,16,404,0.978,413223,261104
8089,2019,25,16,563,1.035,543974,283778
8090,2019,26,16,1370,2.651,516762,277777
8091,2019,27,16,955,1.593,599507,298148
8092,2019,28,16,465,1.077,431575,217440
8093,2019,29,16,860,0.940,915090,549039
8094,2019,2A,16,366,2.309,158507,122005
8095,2019,2B,16,331,1.819,181933,133540
8096,2019,30,16,2051,2.740,748437,431684
8097,2019,31,16,2967,2.119,1400039,740546
8098,2019,32,16,155,0.810,191377,111536
8099,2019,33,16,3858,2.376,1623749,886986
8100,2019,34,16,3153,2.682,1175623,739737
8101,2019,35,16,1225,1.135,1079498,561343
8102,2019,36,16,222,1.012,219316,138826
8103,2019,37,16,903,1.480,610079,328095
8104,2019,38,16,2926,2.302,1271166,659031
8105,2019,39,16,295,1.138,259199,150475
8106,2019,40,16,407,0.984,413690,262370
8107,2019,41,16,463,1.405,329470,185077
8108,2019,42,16,1622,2.119,765634,401112
8109,2019,43,16,196,0.861,227570,143916
8110,2019,44,16,4294,3.004,1429272,764010
8111,2019,45,16,794,1.167,680434,348977
8112,2019,46,16,163,0.936,174094,119499
8113,2019,47,16,433,1.307,331271,187058
8114,2019,48,16,33,0.431,76604,61547
8115,2019,49,16,1134,1.386,818273,400508
8116,2019,50,16,361,0.729,495045,299656
8117,2019,51,16,1186,2.092,566855,297288
8118,2019,52,16,215,1.246,172512,100382
8119,2019,53,16,183,0.596,307062,158083
8120,2019,54,16,788,1.074,733760,379680
8121,2019,55,16,277,1.505,184083,99834
8122,2019,56,16,767,1.010,759684,472749
8123,2019,57,16,1102,1.053,1046543,523268
8124,2019,58,16,287,1.404,204452,141411
8125,2019,59,16,7124,2.731,2608346,1232504
8126,2019,60,16,2350,2.833,829419,378048
8127,2019,61,16,246,0.879,279942,165100
8128,2019,62,16,2094,1.429,1465278,720800
8129,2019,63,16,1049,1.584,662152,392038
8130,2019,64,16,1105,1.619,682621,413357
8131,2019,65,16,234,1.019,229567,163634
8132,2019,66,16,1415,2.948,479979,355661
8133,2019,67,16,778,0.682,1140057,567991
8134,2019,68,16,653,0.851,767086,382805
8135,2019,69,16,5387,2.872,1875747,937544
8136,2019,70,16,251,1.067,235313,128450
8137,2019,71,16,685,1.242,551493,311966
8138,2019,72,16,860,1.518,566412,293561
8139,2019,73,16,517,1.185,436434,352254
8140,2019,74,16,1203,1.456,826094,525404
8141,2019,75,16,9178,4.238,2165423,1389375
8142,2019,76,16,2063,1.643,1255633,649681
8143,2019,77,16,3662,2.577,1421197,626435
8144,2019,78,16,2876,1.986,1448207,649383
8145,2019,79,16,449,1.198,374878,195568
8146,2019,80,16,927,1.625,570559,303449
8147,2019,81,16,413,1.059,389844,214423
8148,2019,82,16,283,1.086,260669,133522
8149,2019,83,16,2524,2.344,1076711,729223
8150,2019,84,16,1442,2.568,561469,308505
8151,2019,85,16,711,1.037,685442,430815
8152,2019,86,16,476,1.086,438435,242907
8153,2019,87,16,340,0.913,372359,221194
8154,2019,88,16,392,1.075,364499,214287
8155,2019,89,16,616,1.835,335707,197718
8156,2019,90,16,122,0.863,141318,73180
8157,2019,91,16,3445,2.647,1301659,570417
8158,2019,92,16,4411,2.716,1624357,807711
8159,2019,93,16,6231,3.788,1644903,687238
8160,2019,94,16,4456,3.167,1407124,647289
8161,2019,95,16,5015,4.013,1249674,517063
8162,2020,01,16,802,1.219,657856,325431
8163,2020,02,16,859,1.623,529374,267555
8164,2020,03,16,294,0.876,335628,209251
8165,2020,04,16,210,1.269,165451,130500
8166,2020,05,16,112,0.797,140605,138751
8167,2020,06,16,2357,2.148,1097410,783398
8168,2020,07,16,508,1.543,329325,207922
8169,2020,08,16,286,1.060,269701,143402
8170,2020,09,16,164,1.065,153954,110875
8171,2020,10,16,405,1.300,311435,166928
8172,2020,11,16,609,1.623,375217,266877
8173,2020,12,16,172,0.615,279554,183702
8174,2020,13,16,9273,4.528,2048070,1055315
8175,2020,14,16,612,0.877,697547,426069
8176,2020,15,16,51,0.353,144379,102234
8177,2020,16,16,383,1.089,351718,199746
8178,2020,17,16,1115,1.700,655709,445578
8179,2020,18,16,314,1.043,300933,179389
8180,2020,19,16,142,0.594,239190,155575
8181,2020,21,16,601,1.123,535078,294776
8182,2020,22,16,420,0.696,603640,373909
8183,2020,23,16,57,0.491,115995,88769
8184,2020,24,16,330,0.799,412807,262321
8185,2020,25,16,433,0.794,545209,285770
8186,2020,26,16,1228,2.372,517709,279948
8187,2020,27,16,958,1.598,599668,299419
8188,2020,28,16,380,0.881,431443,218433
8189,2020,29,16,722,0.787,917179,552465
8190,2020,2A,16,287,1.785,160814,123650
8191,2020,2B,16,243,1.329,182887,135125
8192,2020,30,16,1600,2.129,751457,435785
8193,2020,31,16,2373,1.676,1415757,754396
8194,2020,32,16,135,0.704,191819,112134
8195,2020,33,16,3671,2.243,1636391,900198
8196,2020,34,16,2762,2.323,1188973,750002
8197,2020,35,16,1066,0.979,1088855,568308
8198,2020,36,16,258,1.180,218707,138959
8199,2020,37,16,802,1.310,612119,330454
8200,2020,38,16,2454,1.921,1277513,665362
8201,2020,39,16,238,0.920,258798,151009
8202,2020,40,16,376,0.899,418122,265930
8203,2020,41,16,368,1.117,329357,185591
8204,2020,42,16,1246,1.621,768508,403254
8205,2020,43,16,142,0.624,227489,144442
8206,2020,44,16,3720,2.574,1445171,776207
8207,2020,45,16,709,1.039,682304,351028
8208,2020,46,16,121,0.693,174670,120123
8209,2020,47,16,320,0.967,330844,188120
8210,2020,48,16,50,0.652,76633,61734
8211,2020,49,16,1039,1.266,820713,403157
8212,2020,50,16,247,0.499,495093,301071
8213,2020,51,16,968,1.708,566659,299421
8214,2020,52,16,206,1.199,171798,100520
8215,2020,53,16,219,0.714,306538,158874
8216,2020,54,16,661,0.902,732590,381849
8217,2020,55,16,216,1.180,183001,100007
8218,2020,56,16,630,0.824,764161,476941
8219,2020,57,16,991,0.945,1049155,527832
8220,2020,58,16,425,2.097,202670,141219
8221,2020,59,16,6486,2.487,2607746,1241241
8222,2020,60,16,2184,2.632,829699,380003
8223,2020,61,16,254,0.912,278475,164988
8224,2020,62,16,1828,1.250,1462167,724156
8225,2020,63,16,900,1.360,661852,394760
8226,2020,64,16,837,1.218,687240,417293
8227,2020,65,16,154,0.670,229788,164545
8228,2020,66,16,1007,2.086,482765,359151
8229,2020,67,16,817,0.712,1148073,575001
8230,2020,68,16,481,0.626,767842,386082
8231,2020,69,16,4922,2.613,1883437,949531
8232,2020,70,16,169,0.720,234601,128855
8233,2020,71,16,654,1.187,551063,312880
8234,2020,72,16,674,1.189,566993,294778
8235,2020,73,16,434,0.987,439750,355575
8236,2020,74,16,848,1.015,835206,533337
8237,2020,75,16,7166,3.339,2145906,1393800
8238,2020,76,16,1939,1.545,1254739,653680
8239,2020,77,16,3108,2.176,1428636,634163
8240,2020,78,16,2813,1.940,1449723,654741
8241,2020,79,16,393,1.049,374481,196421
8242,2020,80,16,893,1.570,568748,305380
8243,2020,81,16,346,0.885,391066,215987
8244,2020,82,16,239,0.911,262316,134694
8245,2020,83,16,2194,2.022,1085189,735547
8246,2020,84,16,1022,1.819,561941,311098
8247,2020,85,16,619,0.894,692705,435953
8248,2020,86,16,426,0.970,439332,243821
8249,2020,87,16,322,0.865,372123,221779
8250,2020,88,16,358,0.988,362397,214812
8251,2020,89,16,599,1.793,334156,197870
8252,2020,90,16,92,0.657,140120,73384
8253,2020,91,16,3042,2.329,1306118,577712
8254,2020,92,16,4099,2.521,1626213,815765
8255,2020,93,16,5502,3.324,1655422,696152
8256,2020,94,16,4326,3.073,1407972,654340
8257,2020,95,16,4242,3.389,1251804,523106
8258,2021,01,16,883,1.331,663202,329783
8259,2021,02,16,829,1.572,527468,268381
8260,2021,03,16,274,0.818,334872,209666
8261,2021,04,16,200,1.204,166077,131551
8262,2021,05,16,82,0.582,140976,139877
8263,2021,06,16,2307,2.090,1103941,788916
8264,2021,07,16,422,1.273,331415,209963
8265,2021,08,16,324,1.205,268859,143973
8266,2021,09,16,177,1.145,154596,111352
8267,2021,10,16,387,1.243,311329,167657
8268,2021,11,16,605,1.609,376028,268987
8269,2021,12,16,132,0.472,279649,184954
8270,2021,13,16,9676,4.704,2056943,1066675
8271,2021,14,16,615,0.878,700633,429997
8272,2021,15,16,33,0.229,144226,102634
8273,2021,16,16,421,1.200,350867,200757
8274,2021,17,16,1125,1.701,661404,451118
8275,2021,18,16,293,0.978,299573,179274
8276,2021,19,16,117,0.488,239784,156356
8277,2021,21,16,600,1.120,535503,297329
8278,2021,22,16,390,0.644,605917,376517
8279,2021,23,16,40,0.346,115702,89016
8280,2021,24,16,365,0.882,413730,264136
8281,2021,25,16,504,0.921,547096,288184
8282,2021,26,16,1174,2.260,519458,282419
8283,2021,27,16,999,1.668,598934,300922
8284,2021,28,16,442,1.025,431277,219670
8285,2021,29,16,778,0.844,921638,556255
8286,2021,2A,16,290,1.780,162942,124954
8287,2021,2B,16,232,1.256,184655,136722
8288,2021,30,16,1366,1.806,756543,441086
8289,2021,31,16,2297,1.601,1434367,769604
8290,2021,32,16,127,0.660,192437,112806
8291,2021,33,16,3303,1.996,1654970,913452
8292,2021,34,16,2506,2.085,1201883,760879
8293,2021,35,16,1131,1.030,1098325,575321
8294,2021,36,16,254,1.169,217228,139055
8295,2021,37,16,742,1.212,612160,333159
8296,2021,38,16,2643,2.057,1284948,673024
8297,2021,39,16,221,0.855,258555,151865
8298,2021,40,16,366,0.865,422976,270194
8299,2021,41,16,519,1.580,328504,186408
8300,2021,42,16,1103,1.434,769029,405452
8301,2021,43,16,143,0.629,227284,145236
8302,2021,44,16,4087,2.804,1457806,787187
8303,2021,45,16,710,1.037,684561,353544
8304,2021,46,16,109,0.623,174942,120797
8305,2021,47,16,346,1.045,331229,189189
8306,2021,48,16,49,0.640,76519,62006
8307,2021,49,16,1078,1.307,824743,406488
8308,2021,50,16,245,0.494,495508,302441
8309,2021,51,16,915,1.619,565292,300919
8310,2021,52,16,184,1.076,171042,100716
8311,2021,53,16,230,0.752,305933,159714
8312,2021,54,16,697,0.952,732486,384639
8313,2021,55,16,272,1.495,181919,100190
8314,2021,56,16,662,0.861,768687,481682
8315,2021,57,16,950,0.905,1049942,531542
8316,2021,58,16,232,1.146,202417,141381
8317,2021,59,16,6070,2.325,2611293,1251657
8318,2021,60,16,2307,2.783,828838,382118
8319,2021,61,16,308,1.112,276973,165115
8320,2021,62,16,1589,1.087,1461441,727951
8321,2021,63,16,756,1.142,662285,397923
8322,2021,64,16,761,1.098,693027,421756
8323,2021,65,16,149,0.645,230956,165621
8324,2021,66,16,908,1.863,487307,362350
8325,2021,67,16,803,0.697,1152662,581630
8326,2021,68,16,472,0.615,767083,389445
8327,2021,69,16,5611,2.963,1893692,964037
8328,2021,70,16,179,0.764,234296,129449
8329,2021,71,16,632,1.151,549288,314053
8330,2021,72,16,658,1.162,566058,296419
8331,2021,73,16,421,0.951,442468,358886
8332,2021,74,16,922,1.096,841482,540705
8333,2021,75,16,6575,3.082,2133111,1396753
8334,2021,76,16,1812,1.443,1255918,657851
8335,2021,77,16,3137,2.181,1438100,641376
8336,2021,78,16,2960,2.032,1456365,661312
8337,2021,79,16,386,1.030,374587,197430
8338,2021,80,16,955,1.687,566252,307149
8339,2021,81,16,321,0.816,393572,218036
8340,2021,82,16,268,1.018,263377,135891
8341,2021,83,16,2192,2.001,1095337,743682
8342,2021,84,16,1146,2.030,564566,314424
8343,2021,85,16,714,1.021,699459,441153
8344,2021,86,16,472,1.074,439385,245247
8345,2021,87,16,305,0.821,371691,222826
8346,2021,88,16,347,0.962,360673,215468
8347,2021,89,16,662,1.986,333385,198598
8348,2021,90,16,88,0.630,139654,73620
8349,2021,91,16,3222,2.452,1313768,587710
8350,2021,92,16,4102,2.508,1635291,824372
8351,2021,93,16,5740,3.440,1668670,705282
8352,2021,94,16,4571,3.230,1415367,662168
8353,2021,95,16,4277,3.404,1256607,529926
8354,2022,01,16,1051,1.566,671289,329783
8355,2022,02,16,1006,1.914,525558,268381
8356,2022,03,16,274,0.819,334715,209666
8357,2022,04,16,234,1.400,167179,131551
8358,2022,05,16,124,0.875,141677,139877
8359,2022,06,16,2803,2.515,1114579,788916
8360,2022,07,16,465,1.395,333229,209963
8361,2022,08,16,385,1.441,267204,143973
8362,2022,09,16,125,0.805,155339,111352
8363,2022,10,16,391,1.257,311076,167657
8364,2022,11,16,693,1.834,377773,268987
8365,2022,12,16,157,0.561,279736,184954
8366,2022,13,16,10583,5.113,2069811,1066675
8367,2022,14,16,652,0.925,704605,429997
8368,2022,15,16,61,0.422,144399,102634
8369,2022,16,16,475,1.351,351603,200757
8370,2022,17,16,1373,2.055,668160,451118
8371,2022,18,16,371,1.239,299496,179274
8372,2022,19,16,151,0.629,240120,156356
8373,2022,21,16,634,1.179,537577,297329
8374,2022,22,16,417,0.684,609598,376517
8375,2022,23,16,70,0.606,115529,89016
8376,2022,24,16,390,0.937,416325,264136
8377,2022,25,16,560,1.021,548662,288184
8378,2022,26,16,1195,2.292,521432,282419
8379,2022,27,16,997,1.658,601305,300922
8380,2022,28,16,507,1.171,432950,219670
8381,2022,29,16,1121,1.208,927912,556255
8382,2022,2A,16,301,1.813,166045,124954
8383,2022,2B,16,221,1.193,185231,136722
8384,2022,30,16,1463,1.915,764010,441086
8385,2022,31,16,2624,1.802,1456261,769604
8386,2022,32,16,157,0.815,192649,112806
8387,2022,33,16,3537,2.112,1674980,913452
8388,2022,34,16,2659,2.184,1217331,760879
8389,2022,35,16,1549,1.396,1109232,575321
8390,2022,36,16,284,1.310,216809,139055
8391,2022,37,16,811,1.316,616326,333159
8392,2022,38,16,2761,2.138,1291380,673024
8393,2022,39,16,283,1.095,258405,151865
8394,2022,40,16,441,1.029,428427,270194
8395,2022,41,16,807,2.453,328953,186408
8396,2022,42,16,1300,1.684,772041,405452
8397,2022,43,16,184,0.806,228161,145236
8398,2022,44,16,4461,3.028,1473156,787187
8399,2022,45,16,835,1.215,687063,353544
8400,2022,46,16,142,0.809,175620,120797
8401,2022,47,16,337,1.014,332226,189189
8402,2022,48,16,42,0.549,76503,62006
8403,2022,49,16,1369,1.653,828151,406488
8404,2022,50,16,406,0.817,496815,302441
8405,2022,51,16,1142,2.024,564107,300919
8406,2022,52,16,214,1.260,169865,100716
8407,2022,53,16,228,0.746,305437,159714
8408,2022,54,16,801,1.093,732898,384639
8409,2022,55,16,289,1.599,180745,100190
8410,2022,56,16,726,0.935,776103,481682
8411,2022,57,16,993,0.945,1050721,531542
8412,2022,58,16,353,1.745,202299,141381
8413,2022,59,16,6160,2.354,2616909,1251657
8414,2022,60,16,2257,2.717,830725,382118
8415,2022,61,16,270,0.978,276144,165115
8416,2022,62,16,1731,1.185,1460184,727951
8417,2022,63,16,890,1.340,664385,397923
8418,2022,64,16,1002,1.433,699473,421756
8419,2022,65,16,189,0.817,231453,165621
8420,2022,66,16,1216,2.467,492964,362350
8421,2022,67,16,782,0.676,1156963,581630
8422,2022,68,16,507,0.660,767800,389445
8423,2022,69,16,6152,3.224,1907982,964037
8424,2022,70,16,220,0.940,233920,129449
8425,2022,71,16,659,1.200,549136,314053
8426,2022,72,16,702,1.240,566129,296419
8427,2022,73,16,459,1.031,445288,358886
8428,2022,74,16,1195,1.407,849583,540705
8429,2022,75,16,6353,3.006,2113705,1396753
8430,2022,76,16,2186,1.735,1260205,657851
8431,2022,77,16,3696,2.545,1452399,641376
8432,2022,78,16,2945,2.002,1470778,661312
8433,2022,79,16,472,1.257,375415,197430
8434,2022,80,16,972,1.719,565540,307149
8435,2022,81,16,293,0.740,396168,218036
8436,2022,82,16,272,1.027,264924,135891
8437,2022,83,16,2537,2.289,1108364,743682
8438,2022,84,16,1180,2.075,568702,314424
8439,2022,85,16,779,1.103,706343,441153
8440,2022,86,16,594,1.354,438688,245247
8441,2022,87,16,297,0.797,372438,222826
8442,2022,88,16,447,1.246,358700,215468
8443,2022,89,16,769,2.303,333896,198598
8444,2022,90,16,76,0.543,140082,73620
8445,2022,91,16,3687,2.784,1324546,587710
8446,2022,92,16,4506,2.735,1647435,824372
8447,2022,93,16,5780,3.437,1681725,705282
8448,2022,94,16,4145,2.920,1419531,662168
8449,2022,95,16,4694,3.694,1270845,529926
8450,2023,01,16,1196,1.782,671289,329783
8451,2023,02,16,1147,2.182,525558,268381
8452,2023,03,16,286,0.854,334715,209666
8453,2023,04,16,212,1.268,167179,131551
8454,2023,05,16,167,1.179,141677,139877
8455,2023,06,16,2636,2.365,1114579,788916
8456,2023,07,16,492,1.476,333229,209963
8457,2023,08,16,389,1.456,267204,143973
8458,2023,09,16,140,0.901,155339,111352
8459,2023,10,16,502,1.614,311076,167657
8460,2023,11,16,702,1.858,377773,268987
8461,2023,12,16,160,0.572,279736,184954
8462,2023,13,16,10799,5.217,2069811,1066675
8463,2023,14,16,838,1.189,704605,429997
8464,2023,15,16,55,0.381,144399,102634
8465,2023,16,16,457,1.300,351603,200757
8466,2023,17,16,1512,2.263,668160,451118
8467,2023,18,16,383,1.279,299496,179274
8468,2023,19,16,131,0.546,240120,156356
8469,2023,21,16,606,1.127,537577,297329
8470,2023,22,16,446,0.732,609598,376517
8471,2023,23,16,70,0.606,115529,89016
8472,2023,24,16,387,0.930,416325,264136
8473,2023,25,16,500,0.911,548662,288184
8474,2023,26,16,1506,2.888,521432,282419
8475,2023,27,16,959,1.595,601305,300922
8476,2023,28,16,764,1.765,432950,219670
8477,2023,29,16,1133,1.221,927912,556255
8478,2023,2A,16,346,2.084,166045,124954
8479,2023,2B,16,232,1.252,185231,136722
8480,2023,30,16,1551,2.030,764010,441086
8481,2023,31,16,3009,2.066,1456261,769604
8482,2023,32,16,196,1.017,192649,112806
8483,2023,33,16,3815,2.278,1674980,913452
8484,2023,34,16,2907,2.388,1217331,760879
8485,2023,35,16,1824,1.644,1109232,575321
8486,2023,36,16,350,1.614,216809,139055
8487,2023,37,16,939,1.524,616326,333159
8488,2023,38,16,3366,2.607,1291380,673024
8489,2023,39,16,268,1.037,258405,151865
8490,2023,40,16,625,1.459,428427,270194
8491,2023,41,16,959,2.915,328953,186408
8492,2023,42,16,1503,1.947,772041,405452
8493,2023,43,16,211,0.925,228161,145236
8494,2023,44,16,5104,3.465,1473156,787187
8495,2023,45,16,938,1.365,687063,353544
8496,2023,46,16,144,0.820,175620,120797
8497,2023,47,16,487,1.466,332226,189189
8498,2023,48,16,43,0.562,76503,62006
8499,2023,49,16,1264,1.526,828151,406488
8500,2023,50,16,477,0.960,496815,302441
8501,2023,51,16,1371,2.430,564107,300919
8502,2023,52,16,258,1.519,169865,100716
8503,2023,53,16,196,0.642,305437,159714
8504,2023,54,16,876,1.195,732898,384639
8505,2023,55,16,262,1.450,180745,100190
8506,2023,56,16,892,1.149,776103,481682
8507,2023,57,16,1074,1.022,1050721,531542
8508,2023,58,16,337,1.666,202299,141381
8509,2023,59,16,7245,2.769,2616909,1251657
8510,2023,60,16,2282,2.747,830725,382118
8511,2023,61,16,300,1.086,276144,165115
8512,2023,62,16,1997,1.368,1460184,727951
8513,2023,63,16,1177,1.772,664385,397923
8514,2023,64,16,1007,1.440,699473,421756
8515,2023,65,16,202,0.873,231453,165621
8516,2023,66,16,1137,2.306,492964,362350
8517,2023,67,16,768,0.664,1156963,581630
8518,2023,68,16,538,0.701,767800,389445
8519,2023,69,16,6323,3.314,1907982,964037
8520,2023,70,16,247,1.056,233920,129449
8521,2023,71,16,680,1.238,549136,314053
8522,2023,72,16,795,1.404,566129,296419
8523,2023,73,16,428,0.961,445288,358886
8524,2023,74,16,1492,1.756,849583,540705
8525,2023,75,16,5228,2.473,2113705,1396753
8526,2023,76,16,2220,1.762,1260205,657851
8527,2023,77,16,3495,2.406,1452399,641376
8528,2023,78,16,3184,2.165,1470778,661312
8529,2023,79,16,506,1.348,375415,197430
8530,2023,80,16,969,1.713,565540,307149
8531,2023,81,16,290,0.732,396168,218036
8532,2023,82,16,283,1.068,264924,135891
8533,2023,83,16,2551,2.302,1108364,743682
8534,2023,84,16,1240,2.180,568702,314424
8535,2023,85,16,907,1.284,706343,441153
8536,2023,86,16,557,1.270,438688,245247
8537,2023,87,16,371,0.996,372438,222826
8538,2023,88,16,370,1.032,358700,215468
8539,2023,89,16,876,2.624,333896,198598
8540,2023,90,16,73,0.521,140082,73620
8541,2023,91,16,3942,2.976,1324546,587710
8542,2023,92,16,4218,2.560,1647435,824372
8543,2023,93,16,5547,3.298,1681725,705282
8544,2023,94,16,4198,2.957,1419531,662168
8545,2023,95,16,4388,3.453,1270845,529926
8546,2024,01,16,1203,1.792,671289,329783
8547,2024,02,16,1210,2.302,525558,268381
8548,2024,03,16,268,0.801,334715,209666
8549,2024,04,16,215,1.286,167179,131551
8550,2024,05,16,167,1.179,141677,139877
8551,2024,06,16,2578,2.313,1114579,788916
8552,2024,07,16,436,1.308,333229,209963
8553,2024,08,16,383,1.433,267204,143973
8554,2024,09,16,137,0.882,155339,111352
8555,2024,10,16,449,1.443,311076,167657
8556,2024,11,16,743,1.967,377773,268987
8557,2024,12,16,183,0.654,279736,184954
8558,2024,13,16,10189,4.923,2069811,1066675
8559,2024,14,16,834,1.184,704605,429997
8560,2024,15,16,65,0.450,144399,102634
8561,2024,16,16,419,1.192,351603,200757
8562,2024,17,16,1307,1.956,668160,451118
8563,2024,18,16,444,1.482,299496,179274
8564,2024,19,16,155,0.646,240120,156356
8565,2024,21,16,547,1.018,537577,297329
8566,2024,22,16,497,0.815,609598,376517
8567,2024,23,16,99,0.857,115529,89016
8568,2024,24,16,299,0.718,416325,264136
8569,2024,25,16,604,1.101,548662,288184
8570,2024,26,16,1430,2.742,521432,282419
8571,2024,27,16,985,1.638,601305,300922
8572,2024,28,16,645,1.490,432950,219670
8573,2024,29,16,1272,1.371,927912,556255
8574,2024,2A,16,326,1.963,166045,124954
8575,2024,2B,16,273,1.474,185231,136722
8576,2024,30,16,1522,1.992,764010,441086
8577,2024,31,16,2696,1.851,1456261,769604
8578,2024,32,16,194,1.007,192649,112806
8579,2024,33,16,3694,2.205,1674980,913452
8580,2024,34,16,2779,2.283,1217331,760879
8581,2024,35,16,1965,1.771,1109232,575321
8582,2024,36,16,347,1.600,216809,139055
8583,2024,37,16,970,1.574,616326,333159
8584,2024,38,16,3651,2.827,1291380,673024
8585,2024,39,16,254,0.983,258405,151865
8586,2024,40,16,502,1.172,428427,270194
8587,2024,41,16,817,2.484,328953,186408
8588,2024,42,16,1666,2.158,772041,405452
8589,2024,43,16,184,0.806,228161,145236
8590,2024,44,16,4352,2.954,1473156,787187
8591,2024,45,16,1041,1.515,687063,353544
8592,2024,46,16,129,0.735,175620,120797
8593,2024,47,16,380,1.144,332226,189189
8594,2024,48,16,35,0.457,76503,62006
8595,2024,49,16,1285,1.552,828151,406488
8596,2024,50,16,479,0.964,496815,302441
8597,2024,51,16,1447,2.565,564107,300919
8598,2024,52,16,262,1.542,169865,100716
8599,2024,53,16,192,0.629,305437,159714
8600,2024,54,16,826,1.127,732898,384639
8601,2024,55,16,252,1.394,180745,100190
8602,2024,56,16,1031,1.328,776103,481682
8603,2024,57,16,1055,1.004,1050721,531542
8604,2024,58,16,343,1.696,202299,141381
8605,2024,59,16,7905,3.021,2616909,1251657
8606,2024,60,16,2402,2.891,830725,382118
8607,2024,61,16,285,1.032,276144,165115
8608,2024,62,16,2294,1.571,1460184,727951
8609,2024,63,16,1327,1.997,664385,397923
8610,2024,64,16,913,1.305,699473,421756
8611,2024,65,16,231,0.998,231453,165621
8612,2024,66,16,1188,2.410,492964,362350
8613,2024,67,16,791,0.684,1156963,581630
8614,2024,68,16,532,0.693,767800,389445
8615,2024,69,16,5899,3.092,1907982,964037
8616,2024,70,16,248,1.060,233920,129449
8617,2024,71,16,618,1.125,549136,314053
8618,2024,72,16,724,1.279,566129,296419
8619,2024,73,16,560,1.258,445288,358886
8620,2024,74,16,1660,1.954,849583,540705
8621,2024,75,16,3937,1.863,2113705,1396753
8622,2024,76,16,2488,1.974,1260205,657851
8623,2024,77,16,3604,2.481,1452399,641376
8624,2024,78,16,3091,2.102,1470778,661312
8625,2024,79,16,443,1.180,375415,197430
8626,2024,80,16,983,1.738,565540,307149
8627,2024,81,16,275,0.694,396168,218036
8628,2024,82,16,293,1.106,264924,135891
8629,2024,83,16,2443,2.204,1108364,743682
8630,2024,84,16,1214,2.135,568702,314424
8631,2024,85,16,947,1.341,706343,441153
8632,2024,86,16,521,1.188,438688,245247
8633,2024,87,16,355,0.953,372438,222826
8634,2024,88,16,370,1.032,358700,215468
8635,2024,89,16,617,1.848,333896,198598
8636,2024,90,16,74,0.528,140082,73620
8637,2024,91,16,4215,3.182,1324546,587710
8638,2024,92,16,3858,2.342,1647435,824372
8639,2024,93,16,5524,3.285,1681725,705282
8640,2024,94,16,4046,2.850,1419531,662168
8641,2024,95,16,4282,3.369,1270845,529926
8642,2016,01,15,1448,2.268,638425,308491
8643,2016,02,15,1160,2.164,536136,264180
8644,2016,03,15,473,1.394,339384,206980
8645,2016,04,15,764,4.700,162565,126760
8646,2016,05,15,378,2.679,141107,134647
8647,2016,06,15,4388,4.049,1083704,761857
8648,2016,07,15,946,2.909,325157,201264
8649,2016,08,15,534,1.939,275371,142010
8650,2016,09,15,326,2.130,153067,108589
8651,2016,10,15,975,3.156,308910,163064
8652,2016,11,15,1700,4.619,368025,258453
8653,2016,12,15,362,1.299,278697,179901
8654,2016,13,15,15547,7.698,2019717,1009576
8655,2016,14,15,1736,2.503,693679,412038
8656,2016,15,15,221,1.514,145969,101070
8657,2016,16,15,1195,3.383,353288,196145
8658,2016,17,15,2184,3.401,642191,427696
8659,2016,18,15,528,1.719,307110,177873
8660,2016,19,15,328,1.358,241535,153380
8661,2016,21,15,1228,2.303,533213,285326
8662,2016,22,15,1232,2.057,598953,363788
8663,2016,23,15,104,0.870,119502,88330
8664,2016,24,15,624,1.504,414789,256942
8665,2016,25,15,1331,2.471,538549,277578
8666,2016,26,15,3123,6.148,508006,269062
8667,2016,27,15,1445,2.397,602825,292969
8668,2016,28,15,928,2.139,433929,213849
8669,2016,29,15,2268,2.497,908249,537671
8670,2016,2A,15,313,2.028,154303,116432
8671,2016,2B,15,234,1.328,176152,129422
8672,2016,30,15,3872,5.218,742006,419029
8673,2016,31,15,11387,8.446,1348183,703754
8674,2016,32,15,379,1.988,190664,109392
8675,2016,33,15,7218,4.607,1566679,843050
8676,2016,34,15,6347,5.605,1132481,707572
8677,2016,35,15,2724,2.590,1051779,538258
8678,2016,36,15,343,1.535,223505,138229
8679,2016,37,15,1471,2.426,606223,318933
8680,2016,38,15,6380,5.092,1252912,639743
8681,2016,39,15,444,1.704,260517,148337
8682,2016,40,15,1368,3.378,405010,252298
8683,2016,41,15,888,2.669,332769,182821
8684,2016,42,15,2467,3.238,761997,394202
8685,2016,43,15,345,1.518,227339,142111
8686,2016,44,15,10183,7.374,1380852,729714
8687,2016,45,15,1891,2.804,674330,341549
8688,2016,46,15,188,1.085,173347,117328
8689,2016,47,15,845,2.539,332833,184194
8690,2016,48,15,96,1.256,76422,60395
8691,2016,49,15,1979,2.440,810934,391283
8692,2016,50,15,568,1.140,498362,295248
8693,2016,51,15,1699,2.976,570883,292095
8694,2016,52,15,445,2.499,178084,100722
8695,2016,53,15,471,1.531,307688,155625
8696,2016,54,15,1433,1.953,733821,373165
8697,2016,55,15,328,1.735,189055,99550
8698,2016,56,15,1713,2.291,747548,459455
8699,2016,57,15,2646,2.531,1045271,510597
8700,2016,58,15,309,1.477,209161,141593
8701,2016,59,15,17255,6.627,2603723,1205062
8702,2016,60,15,3142,3.815,823542,369320
8703,2016,61,15,421,1.476,285308,164640
8704,2016,62,15,4912,3.340,1470725,708207
8705,2016,63,15,2011,3.091,650700,382695
8706,2016,64,15,2041,3.028,673986,400053
8707,2016,65,15,739,3.244,227829,160809
8708,2016,66,15,2393,5.045,474369,346847
8709,2016,67,15,1906,1.700,1121407,546387
8710,2016,68,15,1741,2.283,762743,373686
8711,2016,69,15,13226,7.204,1835903,904462
8712,2016,70,15,439,1.850,237242,126631
8713,2016,71,15,986,1.777,555023,309191
8714,2016,72,15,1535,2.705,567561,289447
8715,2016,73,15,1459,3.396,429681,341648
8716,2016,74,15,2407,3.003,801416,500698
8717,2016,75,15,17438,7.961,2190327,1374377
8718,2016,76,15,4884,3.889,1255755,634421
8719,2016,77,15,6257,4.477,1397665,604627
8720,2016,78,15,4168,2.911,1431808,629383
8721,2016,79,15,655,1.748,374743,192620
8722,2016,80,15,1584,2.766,572744,297094
8723,2016,81,15,1221,3.160,386448,209380
8724,2016,82,15,822,3.200,256897,130059
8725,2016,83,15,4740,4.489,1055821,707520
8726,2016,84,15,2942,5.263,559014,298637
8727,2016,85,15,1739,2.593,670597,417192
8728,2016,86,15,958,2.197,436069,237993
8729,2016,87,15,1017,2.712,374978,219170
8730,2016,88,15,686,1.856,369641,212925
8731,2016,89,15,822,2.414,340544,195822
8732,2016,90,15,357,2.478,144089,71929
8733,2016,91,15,4405,3.422,1287330,550895
8734,2016,92,15,6434,4.013,1603268,789809
8735,2016,93,15,13192,8.211,1606660,662466
8736,2016,94,15,6555,4.756,1378151,626297
8737,2016,95,15,6560,5.369,1221923,497749
8738,2017,01,15,1545,2.401,643350,313061
8739,2017,02,15,1298,2.428,534490,265548
8740,2017,03,15,443,1.311,337988,207725
8741,2017,04,15,616,3.758,163915,127940
8742,2017,05,15,357,2.527,141284,135493
8743,2017,06,15,3851,3.555,1083310,766748
8744,2017,07,15,778,2.389,325712,203015
8745,2017,08,15,432,1.579,273579,142452
8746,2017,09,15,241,1.574,153153,109392
8747,2017,10,15,745,2.403,310020,164453
8748,2017,11,15,1664,4.494,370260,261180
8749,2017,12,15,307,1.100,279206,181053
8750,2017,13,15,13972,6.903,2024162,1021226
8751,2017,14,15,1663,2.396,694002,416115
8752,2017,15,15,164,1.130,145143,101363
8753,2017,16,15,1096,3.111,352335,197059
8754,2017,17,15,2124,3.297,644303,431948
8755,2017,18,15,570,1.873,304256,178580
8756,2017,19,15,409,1.694,241464,154124
8757,2017,21,15,1348,2.525,533819,287831
8758,2017,22,15,1050,1.753,598814,366683
8759,2017,23,15,132,1.113,118638,88506
8760,2017,24,15,678,1.639,413606,258732
8761,2017,25,15,1244,2.308,539067,279578
8762,2017,26,15,2286,4.469,511553,272494
8763,2017,27,15,1308,2.173,601843,295109
8764,2017,28,15,751,1.733,433233,215350
8765,2017,29,15,1964,2.161,909028,542677
8766,2017,2A,15,235,1.494,157249,118848
8767,2017,2B,15,231,1.300,177689,130820
8768,2017,30,15,3375,4.535,744178,423840
8769,2017,31,15,11362,8.338,1362672,715532
8770,2017,32,15,370,1.936,191091,110358
8771,2017,33,15,8489,5.361,1583384,856616
8772,2017,34,15,6860,5.992,1144892,718743
8773,2017,35,15,2559,2.414,1060199,546440
8774,2017,36,15,415,1.867,222232,138634
8775,2017,37,15,1778,2.932,606511,321881
8776,2017,38,15,6278,4.988,1258722,646707
8777,2017,39,15,445,1.710,260188,149350
8778,2017,40,15,973,2.388,407444,255992
8779,2017,41,15,923,2.781,331915,183643
8780,2017,42,15,2494,3.269,762941,396655
8781,2017,43,15,358,1.575,227283,142989
8782,2017,44,15,11874,8.512,1394909,740924
8783,2017,45,15,1900,2.802,678105,344708
8784,2017,46,15,213,1.225,173828,118075
8785,2017,47,15,762,2.289,332842,185343
8786,2017,48,15,89,1.162,76601,60898
8787,2017,49,15,2052,2.522,813493,394578
8788,2017,50,15,563,1.133,496883,297133
8789,2017,51,15,1838,3.231,568895,294041
8790,2017,52,15,387,2.203,175640,100650
8791,2017,53,15,397,1.291,307445,156662
8792,2017,54,15,1637,2.232,733481,375755
8793,2017,55,15,290,1.549,187187,99736
8794,2017,56,15,1832,2.440,750863,464186
8795,2017,57,15,2503,2.399,1043522,514328
8796,2017,58,15,294,1.419,207182,141642
8797,2017,59,15,15477,5.943,2604361,1214497
8798,2017,60,15,3365,4.081,824503,372778
8799,2017,61,15,389,1.373,283372,164926
8800,2017,62,15,4406,3.001,1468018,713245
8801,2017,63,15,3212,4.913,653742,386425
8802,2017,64,15,2469,3.645,677309,404979
8803,2017,65,15,727,3.181,228530,161703
8804,2017,66,15,2677,5.642,474452,349914
8805,2017,67,15,2499,2.220,1125559,554075
8806,2017,68,15,1847,2.417,764030,376960
8807,2017,69,15,15921,8.637,1843319,914980
8808,2017,70,15,384,1.623,236659,127615
8809,2017,71,15,1036,1.871,553595,310391
8810,2017,72,15,1545,2.727,566506,291039
8811,2017,73,15,1451,3.365,431174,345226
8812,2017,74,15,2448,3.032,807360,508229
8813,2017,75,15,17088,7.812,2187526,1382779
8814,2017,76,15,6175,4.923,1254378,640334
8815,2017,77,15,6563,4.675,1403997,612076
8816,2017,78,15,3784,2.631,1438266,637200
8817,2017,79,15,716,1.913,374351,193971
8818,2017,80,15,1706,2.980,572443,299211
8819,2017,81,15,1290,3.326,387890,211038
8820,2017,82,15,958,3.708,258349,131300
8821,2017,83,15,3695,3.490,1058740,714503
8822,2017,84,15,2499,4.467,559479,301947
8823,2017,85,15,1512,2.239,675247,421680
8824,2017,86,15,883,2.021,436876,240200
8825,2017,87,15,931,2.486,374426,219980
8826,2017,88,15,898,2.442,367673,213629
8827,2017,89,15,576,1.703,338291,196697
8828,2017,90,15,341,2.391,142622,72211
8829,2017,91,15,4332,3.342,1296130,558684
8830,2017,92,15,5453,3.388,1609306,796181
8831,2017,93,15,13177,8.118,1623111,671680
8832,2017,94,15,6033,4.347,1387926,633207
8833,2017,95,15,7079,5.762,1228618,504100
8834,2018,01,15,1622,2.505,647634,317983
8835,2018,02,15,1818,3.409,533316,266641
8836,2018,03,15,492,1.459,337171,208375
8837,2018,04,15,640,3.901,164068,129062
8838,2018,05,15,230,1.635,140698,136581
8839,2018,06,15,4173,3.842,1086219,772317
8840,2018,07,15,737,2.257,326606,204906
8841,2018,08,15,421,1.549,271845,143015
8842,2018,09,15,300,1.960,153066,110222
8843,2018,10,15,650,2.097,310020,165502
8844,2018,11,15,1754,4.705,372806,263889
8845,2018,12,15,309,1.106,279274,182028
8846,2018,13,15,14966,7.357,2034357,1034043
8847,2018,14,15,1830,2.637,694056,419714
8848,2018,15,15,165,1.140,144765,101693
8849,2018,16,15,1098,3.121,351778,198242
8850,2018,17,15,1847,2.855,646932,436869
8851,2018,18,15,489,1.612,303408,179125
8852,2018,19,15,456,1.895,240583,154657
8853,2018,21,15,1343,2.519,533220,290523
8854,2018,22,15,1052,1.755,599584,369601
8855,2018,23,15,108,0.919,117503,88728
8856,2018,24,15,652,1.577,413418,260245
8857,2018,25,15,1060,1.958,541454,282056
8858,2018,26,15,1995,3.876,514732,275727
8859,2018,27,15,1101,1.835,599962,297286
8860,2018,28,15,679,1.572,431997,216684
8861,2018,29,15,2068,2.268,911735,545808
8862,2018,2A,15,193,1.223,157853,120567
8863,2018,2B,15,237,1.312,180701,132077
8864,2018,30,15,3845,5.158,745458,428087
8865,2018,31,15,12432,9.004,1380672,728249
8866,2018,32,15,265,1.385,191283,111171
8867,2018,33,15,9832,6.138,1601845,872327
8868,2018,34,15,6497,5.605,1159220,729653
8869,2018,35,15,3426,3.204,1069228,554254
8870,2018,36,15,369,1.673,220595,138879
8871,2018,37,15,1979,3.256,607760,325172
8872,2018,38,15,7201,5.699,1263563,653289
8873,2018,39,15,691,2.660,259746,150169
8874,2018,40,15,1176,2.866,410355,259512
8875,2018,41,15,762,2.307,330248,184614
8876,2018,42,15,2284,2.992,763441,399134
8877,2018,43,15,240,1.055,227552,143699
8878,2018,44,15,12776,9.045,1412502,752968
8879,2018,45,15,2003,2.951,678845,347107
8880,2018,46,15,289,1.662,173929,118998
8881,2018,47,15,809,2.437,331970,186511
8882,2018,48,15,101,1.320,76520,61340
8883,2018,49,15,1907,2.337,815883,397887
8884,2018,50,15,533,1.075,495983,298631
8885,2018,51,15,1830,3.225,567462,295611
8886,2018,52,15,434,2.493,174069,100617
8887,2018,53,15,569,1.853,307084,157552
8888,2018,54,15,1654,2.255,733469,378055
8889,2018,55,15,263,1.419,185355,99893
8890,2018,56,15,1554,2.059,754867,468872
8891,2018,57,15,2557,2.450,1043524,518772
8892,2018,58,15,262,1.273,205828,141623
8893,2018,59,15,14822,5.687,2606234,1224589
8894,2018,60,15,2824,3.414,827153,376185
8895,2018,61,15,384,1.364,281593,165463
8896,2018,62,15,4212,2.872,1466743,717901
8897,2018,63,15,2865,4.347,659048,389711
8898,2018,64,15,2201,3.238,679810,409790
8899,2018,65,15,426,1.859,229191,162729
8900,2018,66,15,2992,6.281,476357,352742
8901,2018,67,15,2452,2.163,1133552,561562
8902,2018,68,15,1418,1.854,764981,380238
8903,2018,69,15,16254,8.741,1859524,926576
8904,2018,70,15,258,1.093,236018,128333
8905,2018,71,15,1073,1.943,552185,311499
8906,2018,72,15,2524,4.460,565963,292628
8907,2018,73,15,1164,2.684,433724,349226
8908,2018,74,15,2218,2.716,816699,517217
8909,2018,75,15,17199,7.905,2175601,1386846
8910,2018,76,15,5575,4.439,1255883,645786
8911,2018,77,15,5514,3.904,1412516,619784
8912,2018,78,15,3531,2.450,1441398,643946
8913,2018,79,15,580,1.547,374799,195051
8914,2018,80,15,1700,2.979,570662,301740
8915,2018,81,15,1020,2.625,388596,212905
8916,2018,82,15,562,2.169,259124,132603
8917,2018,83,15,3644,3.413,1067697,722128
8918,2018,84,15,2312,4.130,559793,305436
8919,2018,85,15,1452,2.135,679991,426426
8920,2018,86,15,960,2.194,437586,241951
8921,2018,87,15,850,2.278,373199,220762
8922,2018,88,15,862,2.354,366112,214363
8923,2018,89,15,705,2.089,337504,197683
8924,2018,90,15,286,2.016,141852,72929
8925,2018,91,15,4504,3.474,1296641,564587
8926,2018,92,15,5296,3.271,1619120,801737
8927,2018,93,15,11219,6.872,1632677,679663
8928,2018,94,15,5416,3.877,1396913,640016
8929,2018,95,15,5992,4.838,1238581,510302
8930,2019,01,15,1446,2.216,652432,321432
8931,2019,02,15,1638,3.083,531345,266922
8932,2019,03,15,520,1.548,335975,208863
8933,2019,04,15,681,4.145,164308,129690
8934,2019,05,15,248,1.756,141220,137644
8935,2019,06,15,4069,3.718,1094283,778291
8936,2019,07,15,777,2.367,328278,206435
8937,2019,08,15,387,1.430,270582,142983
8938,2019,09,15,319,2.081,153287,110526
8939,2019,10,15,696,2.243,310242,166101
8940,2019,11,15,1837,4.911,374070,265167
8941,2019,12,15,272,0.973,279595,182769
8942,2019,13,15,15414,7.544,2043110,1044973
8943,2019,14,15,1601,2.304,694905,422082
8944,2019,15,15,192,1.327,144692,101953
8945,2019,16,15,998,2.835,352015,198920
8946,2019,17,15,2010,3.086,651358,440935
8947,2019,18,15,481,1.591,302306,179430
8948,2019,19,15,455,1.895,240073,155041
8949,2019,21,15,1500,2.808,534124,292479
8950,2019,22,15,1087,1.810,600582,371643
8951,2019,23,15,135,1.158,116617,88646
8952,2019,24,15,749,1.813,413223,261104
8953,2019,25,15,1024,1.882,543974,283778
8954,2019,26,15,2587,5.006,516762,277777
8955,2019,27,15,1042,1.738,599507,298148
8956,2019,28,15,736,1.705,431575,217440
8957,2019,29,15,2217,2.423,915090,549039
8958,2019,2A,15,150,0.946,158507,122005
8959,2019,2B,15,205,1.127,181933,133540
8960,2019,30,15,3760,5.024,748437,431684
8961,2019,31,15,12234,8.738,1400039,740546
8962,2019,32,15,274,1.432,191377,111536
8963,2019,33,15,11225,6.913,1623749,886986
8964,2019,34,15,7017,5.969,1175623,739737
8965,2019,35,15,2784,2.579,1079498,561343
8966,2019,36,15,348,1.587,219316,138826
8967,2019,37,15,2131,3.493,610079,328095
8968,2019,38,15,8901,7.002,1271166,659031
8969,2019,39,15,432,1.667,259199,150475
8970,2019,40,15,982,2.374,413690,262370
8971,2019,41,15,604,1.833,329470,185077
8972,2019,42,15,2159,2.820,765634,401112
8973,2019,43,15,263,1.156,227570,143916
8974,2019,44,15,12708,8.891,1429272,764010
8975,2019,45,15,1604,2.357,680434,348977
8976,2019,46,15,268,1.539,174094,119499
8977,2019,47,15,744,2.246,331271,187058
8978,2019,48,15,175,2.284,76604,61547
8979,2019,49,15,2029,2.480,818273,400508
8980,2019,50,15,486,0.982,495045,299656
8981,2019,51,15,1761,3.107,566855,297288
8982,2019,52,15,336,1.948,172512,100382
8983,2019,53,15,425,1.384,307062,158083
8984,2019,54,15,1358,1.851,733760,379680
8985,2019,55,15,270,1.467,184083,99834
8986,2019,56,15,1438,1.893,759684,472749
8987,2019,57,15,2956,2.825,1046543,523268
8988,2019,58,15,360,1.761,204452,141411
8989,2019,59,15,15975,6.125,2608346,1232504
8990,2019,60,15,2203,2.656,829419,378048
8991,2019,61,15,329,1.175,279942,165100
8992,2019,62,15,4007,2.735,1465278,720800
8993,2019,63,15,2929,4.423,662152,392038
8994,2019,64,15,2057,3.013,682621,413357
8995,2019,65,15,507,2.209,229567,163634
8996,2019,66,15,2986,6.221,479979,355661
8997,2019,67,15,2139,1.876,1140057,567991
8998,2019,68,15,1561,2.035,767086,382805
8999,2019,69,15,13543,7.220,1875747,937544
9000,2019,70,15,263,1.118,235313,128450
9001,2019,71,15,915,1.659,551493,311966
9002,2019,72,15,2411,4.257,566412,293561
9003,2019,73,15,1175,2.692,436434,352254
9004,2019,74,15,2119,2.565,826094,525404
9005,2019,75,15,19138,8.838,2165423,1389375
9006,2019,76,15,6588,5.247,1255633,649681
9007,2019,77,15,4397,3.094,1421197,626435
9008,2019,78,15,3526,2.435,1448207,649383
9009,2019,79,15,740,1.974,374878,195568
9010,2019,80,15,1477,2.589,570559,303449
9011,2019,81,15,871,2.234,389844,214423
9012,2019,82,15,466,1.788,260669,133522
9013,2019,83,15,3629,3.370,1076711,729223
9014,2019,84,15,2233,3.977,561469,308505
9015,2019,85,15,1458,2.127,685442,430815
9016,2019,86,15,1144,2.609,438435,242907
9017,2019,87,15,885,2.377,372359,221194
9018,2019,88,15,1042,2.859,364499,214287
9019,2019,89,15,580,1.728,335707,197718
9020,2019,90,15,210,1.486,141318,73180
9021,2019,91,15,4002,3.075,1301659,570417
9022,2019,92,15,5594,3.444,1624357,807711
9023,2019,93,15,11599,7.051,1644903,687238
9024,2019,94,15,5687,4.042,1407124,647289
9025,2019,95,15,6338,5.072,1249674,517063
9026,2020,01,15,1169,1.777,657856,325431
9027,2020,02,15,1401,2.647,529374,267555
9028,2020,03,15,450,1.341,335628,209251
9029,2020,04,15,481,2.907,165451,130500
9030,2020,05,15,218,1.550,140605,138751
9031,2020,06,15,3193,2.910,1097410,783398
9032,2020,07,15,498,1.512,329325,207922
9033,2020,08,15,304,1.127,269701,143402
9034,2020,09,15,307,1.994,153954,110875
9035,2020,10,15,575,1.846,311435,166928
9036,2020,11,15,1120,2.985,375217,266877
9037,2020,12,15,293,1.048,279554,183702
9038,2020,13,15,13210,6.450,2048070,1055315
9039,2020,14,15,1058,1.517,697547,426069
9040,2020,15,15,150,1.039,144379,102234
9041,2020,16,15,737,2.095,351718,199746
9042,2020,17,15,1494,2.278,655709,445578
9043,2020,18,15,363,1.206,300933,179389
9044,2020,19,15,310,1.296,239190,155575
9045,2020,21,15,1226,2.291,535078,294776
9046,2020,22,15,700,1.160,603640,373909
9047,2020,23,15,54,0.466,115995,88769
9048,2020,24,15,526,1.274,412807,262321
9049,2020,25,15,1296,2.377,545209,285770
9050,2020,26,15,1785,3.448,517709,279948
9051,2020,27,15,935,1.559,599668,299419
9052,2020,28,15,561,1.300,431443,218433
9053,2020,29,15,1578,1.720,917179,552465
9054,2020,2A,15,161,1.001,160814,123650
9055,2020,2B,15,161,0.880,182887,135125
9056,2020,30,15,2776,3.694,751457,435785
9057,2020,31,15,10839,7.656,1415757,754396
9058,2020,32,15,284,1.481,191819,112134
9059,2020,33,15,10280,6.282,1636391,900198
9060,2020,34,15,5357,4.506,1188973,750002
9061,2020,35,15,2349,2.157,1088855,568308
9062,2020,36,15,277,1.267,218707,138959
9063,2020,37,15,2322,3.793,612119,330454
9064,2020,38,15,6446,5.046,1277513,665362
9065,2020,39,15,364,1.407,258798,151009
9066,2020,40,15,714,1.708,418122,265930
9067,2020,41,15,410,1.245,329357,185591
9068,2020,42,15,1723,2.242,768508,403254
9069,2020,43,15,297,1.306,227489,144442
9070,2020,44,15,10285,7.117,1445171,776207
9071,2020,45,15,1386,2.031,682304,351028
9072,2020,46,15,162,0.927,174670,120123
9073,2020,47,15,490,1.481,330844,188120
9074,2020,48,15,126,1.644,76633,61734
9075,2020,49,15,1518,1.850,820713,403157
9076,2020,50,15,407,0.822,495093,301071
9077,2020,51,15,1493,2.635,566659,299421
9078,2020,52,15,262,1.525,171798,100520
9079,2020,53,15,492,1.605,306538,158874
9080,2020,54,15,1217,1.661,732590,381849
9081,2020,55,15,312,1.705,183001,100007
9082,2020,56,15,1246,1.631,764161,476941
9083,2020,57,15,2668,2.543,1049155,527832
9084,2020,58,15,278,1.372,202670,141219
9085,2020,59,15,15418,5.912,2607746,1241241
9086,2020,60,15,1938,2.336,829699,380003
9087,2020,61,15,282,1.013,278475,164988
9088,2020,62,15,3486,2.384,1462167,724156
9089,2020,63,15,1583,2.392,661852,394760
9090,2020,64,15,1659,2.414,687240,417293
9091,2020,65,15,360,1.567,229788,164545
9092,2020,66,15,2575,5.334,482765,359151
9093,2020,67,15,2628,2.289,1148073,575001
9094,2020,68,15,1288,1.677,767842,386082
9095,2020,69,15,11791,6.260,1883437,949531
9096,2020,70,15,216,0.921,234601,128855
9097,2020,71,15,688,1.248,551063,312880
9098,2020,72,15,1195,2.108,566993,294778
9099,2020,73,15,821,1.867,439750,355575
9100,2020,74,15,1605,1.922,835206,533337
9101,2020,75,15,17407,8.112,2145906,1393800
9102,2020,76,15,4917,3.919,1254739,653680
9103,2020,77,15,3787,2.651,1428636,634163
9104,2020,78,15,2872,1.981,1449723,654741
9105,2020,79,15,563,1.503,374481,196421
9106,2020,80,15,1227,2.157,568748,305380
9107,2020,81,15,543,1.389,391066,215987
9108,2020,82,15,407,1.552,262316,134694
9109,2020,83,15,3170,2.921,1085189,735547
9110,2020,84,15,1649,2.934,561941,311098
9111,2020,85,15,1085,1.566,692705,435953
9112,2020,86,15,810,1.844,439332,243821
9113,2020,87,15,756,2.032,372123,221779
9114,2020,88,15,618,1.705,362397,214812
9115,2020,89,15,519,1.553,334156,197870
9116,2020,90,15,160,1.142,140120,73384
9117,2020,91,15,3327,2.547,1306118,577712
9118,2020,92,15,4736,2.912,1626213,815765
9119,2020,93,15,9758,5.895,1655422,696152
9120,2020,94,15,4735,3.363,1407972,654340
9121,2020,95,15,4740,3.787,1251804,523106
9122,2021,01,15,1247,1.880,663202,329783
9123,2021,02,15,885,1.678,527468,268381
9124,2021,03,15,369,1.102,334872,209666
9125,2021,04,15,387,2.330,166077,131551
9126,2021,05,15,157,1.114,140976,139877
9127,2021,06,15,2569,2.327,1103941,788916
9128,2021,07,15,563,1.699,331415,209963
9129,2021,08,15,404,1.503,268859,143973
9130,2021,09,15,226,1.462,154596,111352
9131,2021,10,15,561,1.802,311329,167657
9132,2021,11,15,1305,3.470,376028,268987
9133,2021,12,15,293,1.048,279649,184954
9134,2021,13,15,13864,6.740,2056943,1066675
9135,2021,14,15,1049,1.497,700633,429997
9136,2021,15,15,151,1.047,144226,102634
9137,2021,16,15,716,2.041,350867,200757
9138,2021,17,15,1468,2.220,661404,451118
9139,2021,18,15,282,0.941,299573,179274
9140,2021,19,15,186,0.776,239784,156356
9141,2021,21,15,1279,2.388,535503,297329
9142,2021,22,15,767,1.266,605917,376517
9143,2021,23,15,63,0.545,115702,89016
9144,2021,24,15,492,1.189,413730,264136
9145,2021,25,15,1057,1.932,547096,288184
9146,2021,26,15,1975,3.802,519458,282419
9147,2021,27,15,848,1.416,598934,300922
9148,2021,28,15,518,1.201,431277,219670
9149,2021,29,15,1518,1.647,921638,556255
9150,2021,2A,15,150,0.921,162942,124954
9151,2021,2B,15,141,0.764,184655,136722
9152,2021,30,15,2186,2.889,756543,441086
9153,2021,31,15,10213,7.120,1434367,769604
9154,2021,32,15,322,1.673,192437,112806
9155,2021,33,15,9750,5.891,1654970,913452
9156,2021,34,15,4844,4.030,1201883,760879
9157,2021,35,15,2071,1.886,1098325,575321
9158,2021,36,15,373,1.717,217228,139055
9159,2021,37,15,3580,5.848,612160,333159
9160,2021,38,15,6622,5.154,1284948,673024
9161,2021,39,15,430,1.663,258555,151865
9162,2021,40,15,691,1.634,422976,270194
9163,2021,41,15,439,1.336,328504,186408
9164,2021,42,15,1793,2.332,769029,405452
9165,2021,43,15,247,1.087,227284,145236
9166,2021,44,15,11176,7.666,1457806,787187
9167,2021,45,15,1374,2.007,684561,353544
9168,2021,46,15,155,0.886,174942,120797
9169,2021,47,15,601,1.814,331229,189189
9170,2021,48,15,187,2.444,76519,62006
9171,2021,49,15,1801,2.184,824743,406488
9172,2021,50,15,557,1.124,495508,302441
9173,2021,51,15,1755,3.105,565292,300919
9174,2021,52,15,338,1.976,171042,100716
9175,2021,53,15,331,1.082,305933,159714
9176,2021,54,15,1635,2.232,732486,384639
9177,2021,55,15,356,1.957,181919,100190
9178,2021,56,15,1555,2.023,768687,481682
9179,2021,57,15,2179,2.075,1049942,531542
9180,2021,58,15,226,1.117,202417,141381
9181,2021,59,15,14233,5.451,2611293,1251657
9182,2021,60,15,1895,2.286,828838,382118
9183,2021,61,15,305,1.101,276973,165115
9184,2021,62,15,3263,2.233,1461441,727951
9185,2021,63,15,1484,2.241,662285,397923
9186,2021,64,15,1428,2.061,693027,421756
9187,2021,65,15,367,1.589,230956,165621
9188,2021,66,15,2192,4.498,487307,362350
9189,2021,67,15,2465,2.139,1152662,581630
9190,2021,68,15,1977,2.577,767083,389445
9191,2021,69,15,15540,8.206,1893692,964037
9192,2021,70,15,268,1.144,234296,129449
9193,2021,71,15,670,1.220,549288,314053
9194,2021,72,15,1486,2.625,566058,296419
9195,2021,73,15,930,2.102,442468,358886
9196,2021,74,15,1776,2.111,841482,540705
9197,2021,75,15,15351,7.197,2133111,1396753
9198,2021,76,15,3257,2.593,1255918,657851
9199,2021,77,15,4162,2.894,1438100,641376
9200,2021,78,15,2415,1.658,1456365,661312
9201,2021,79,15,542,1.447,374587,197430
9202,2021,80,15,1244,2.197,566252,307149
9203,2021,81,15,721,1.832,393572,218036
9204,2021,82,15,438,1.663,263377,135891
9205,2021,83,15,3839,3.505,1095337,743682
9206,2021,84,15,1821,3.225,564566,314424
9207,2021,85,15,1133,1.620,699459,441153
9208,2021,86,15,946,2.153,439385,245247
9209,2021,87,15,1128,3.035,371691,222826
9210,2021,88,15,568,1.575,360673,215468
9211,2021,89,15,500,1.500,333385,198598
9212,2021,90,15,159,1.139,139654,73620
9213,2021,91,15,3805,2.896,1313768,587710
9214,2021,92,15,4950,3.027,1635291,824372
9215,2021,93,15,9662,5.790,1668670,705282
9216,2021,94,15,4844,3.422,1415367,662168
9217,2021,95,15,4141,3.295,1256607,529926
9218,2022,01,15,1321,1.968,671289,329783
9219,2022,02,15,899,1.711,525558,268381
9220,2022,03,15,527,1.574,334715,209666
9221,2022,04,15,529,3.164,167179,131551
9222,2022,05,15,253,1.786,141677,139877
9223,2022,06,15,3305,2.965,1114579,788916
9224,2022,07,15,501,1.503,333229,209963
9225,2022,08,15,430,1.609,267204,143973
9226,2022,09,15,296,1.906,155339,111352
9227,2022,10,15,598,1.922,311076,167657
9228,2022,11,15,1479,3.915,377773,268987
9229,2022,12,15,225,0.804,279736,184954
9230,2022,13,15,18320,8.851,2069811,1066675
9231,2022,14,15,1815,2.576,704605,429997
9232,2022,15,15,99,0.686,144399,102634
9233,2022,16,15,648,1.843,351603,200757
9234,2022,17,15,1601,2.396,668160,451118
9235,2022,18,15,442,1.476,299496,179274
9236,2022,19,15,223,0.929,240120,156356
9237,2022,21,15,1519,2.826,537577,297329
9238,2022,22,15,800,1.312,609598,376517
9239,2022,23,15,58,0.502,115529,89016
9240,2022,24,15,538,1.292,416325,264136
9241,2022,25,15,1300,2.369,548662,288184
9242,2022,26,15,1907,3.657,521432,282419
9243,2022,27,15,1201,1.997,601305,300922
9244,2022,28,15,614,1.418,432950,219670
9245,2022,29,15,1691,1.822,927912,556255
9246,2022,2A,15,155,0.933,166045,124954
9247,2022,2B,15,165,0.891,185231,136722
9248,2022,30,15,2344,3.068,764010,441086
9249,2022,31,15,9680,6.647,1456261,769604
9250,2022,32,15,245,1.272,192649,112806
9251,2022,33,15,8724,5.208,1674980,913452
9252,2022,34,15,5390,4.428,1217331,760879
9253,2022,35,15,2744,2.474,1109232,575321
9254,2022,36,15,392,1.808,216809,139055
9255,2022,37,15,3034,4.923,616326,333159
9256,2022,38,15,6651,5.150,1291380,673024
9257,2022,39,15,502,1.943,258405,151865
9258,2022,40,15,885,2.066,428427,270194
9259,2022,41,15,722,2.195,328953,186408
9260,2022,42,15,2223,2.879,772041,405452
9261,2022,43,15,311,1.363,228161,145236
9262,2022,44,15,10503,7.130,1473156,787187
9263,2022,45,15,1420,2.067,687063,353544
9264,2022,46,15,207,1.179,175620,120797
9265,2022,47,15,785,2.363,332226,189189
9266,2022,48,15,77,1.006,76503,62006
9267,2022,49,15,1910,2.306,828151,406488
9268,2022,50,15,610,1.228,496815,302441
9269,2022,51,15,2016,3.574,564107,300919
9270,2022,52,15,350,2.060,169865,100716
9271,2022,53,15,635,2.079,305437,159714
9272,2022,54,15,1560,2.129,732898,384639
9273,2022,55,15,325,1.798,180745,100190
9274,2022,56,15,1588,2.046,776103,481682
9275,2022,57,15,2111,2.009,1050721,531542
9276,2022,58,15,299,1.478,202299,141381
9277,2022,59,15,14282,5.458,2616909,1251657
9278,2022,60,15,1827,2.199,830725,382118
9279,2022,61,15,326,1.181,276144,165115
9280,2022,62,15,2995,2.051,1460184,727951
9281,2022,63,15,1631,2.455,664385,397923
9282,2022,64,15,1759,2.515,699473,421756
9283,2022,65,15,427,1.845,231453,165621
9284,2022,66,15,1962,3.980,492964,362350
9285,2022,67,15,2786,2.408,1156963,581630
9286,2022,68,15,2117,2.757,767800,389445
9287,2022,69,15,17230,9.030,1907982,964037
9288,2022,70,15,250,1.069,233920,129449
9289,2022,71,15,909,1.655,549136,314053
9290,2022,72,15,1719,3.036,566129,296419
9291,2022,73,15,932,2.093,445288,358886
9292,2022,74,15,2001,2.355,849583,540705
9293,2022,75,15,16953,8.021,2113705,1396753
9294,2022,76,15,5396,4.282,1260205,657851
9295,2022,77,15,4266,2.937,1452399,641376
9296,2022,78,15,2723,1.851,1470778,661312
9297,2022,79,15,684,1.822,375415,197430
9298,2022,80,15,1314,2.323,565540,307149
9299,2022,81,15,679,1.714,396168,218036
9300,2022,82,15,460,1.736,264924,135891
9301,2022,83,15,3734,3.369,1108364,743682
9302,2022,84,15,1904,3.348,568702,314424
9303,2022,85,15,1241,1.757,706343,441153
9304,2022,86,15,1336,3.045,438688,245247
9305,2022,87,15,1304,3.501,372438,222826
9306,2022,88,15,484,1.349,358700,215468
9307,2022,89,15,695,2.081,333896,198598
9308,2022,90,15,153,1.092,140082,73620
9309,2022,91,15,4314,3.257,1324546,587710
9310,2022,92,15,5143,3.122,1647435,824372
9311,2022,93,15,10820,6.434,1681725,705282
9312,2022,94,15,5528,3.894,1419531,662168
9313,2022,95,15,5424,4.268,1270845,529926
9314,2023,01,15,1695,2.525,671289,329783
9315,2023,02,15,1313,2.498,525558,268381
9316,2023,03,15,628,1.876,334715,209666
9317,2023,04,15,397,2.375,167179,131551
9318,2023,05,15,277,1.955,141677,139877
9319,2023,06,15,4003,3.591,1114579,788916
9320,2023,07,15,512,1.536,333229,209963
9321,2023,08,15,442,1.654,267204,143973
9322,2023,09,15,235,1.513,155339,111352
9323,2023,10,15,610,1.961,311076,167657
9324,2023,11,15,1622,4.294,377773,268987
9325,2023,12,15,257,0.919,279736,184954
9326,2023,13,15,19188,9.270,2069811,1066675
9327,2023,14,15,1912,2.714,704605,429997
9328,2023,15,15,157,1.087,144399,102634
9329,2023,16,15,1128,3.208,351603,200757
9330,2023,17,15,1971,2.950,668160,451118
9331,2023,18,15,557,1.860,299496,179274
9332,2023,19,15,199,0.829,240120,156356
9333,2023,21,15,1365,2.539,537577,297329
9334,2023,22,15,797,1.307,609598,376517
9335,2023,23,15,70,0.606,115529,89016
9336,2023,24,15,483,1.160,416325,264136
9337,2023,25,15,847,1.544,548662,288184
9338,2023,26,15,2371,4.547,521432,282419
9339,2023,27,15,967,1.608,601305,300922
9340,2023,28,15,820,1.894,432950,219670
9341,2023,29,15,1604,1.729,927912,556255
9342,2023,2A,15,176,1.060,166045,124954
9343,2023,2B,15,179,0.966,185231,136722
9344,2023,30,15,2085,2.729,764010,441086
9345,2023,31,15,8325,5.717,1456261,769604
9346,2023,32,15,255,1.324,192649,112806
9347,2023,33,15,11512,6.873,1674980,913452
9348,2023,34,15,5911,4.856,1217331,760879
9349,2023,35,15,3163,2.852,1109232,575321
9350,2023,36,15,461,2.126,216809,139055
9351,2023,37,15,2693,4.369,616326,333159
9352,2023,38,15,7869,6.093,1291380,673024
9353,2023,39,15,435,1.683,258405,151865
9354,2023,40,15,965,2.252,428427,270194
9355,2023,41,15,803,2.441,328953,186408
9356,2023,42,15,2034,2.635,772041,405452
9357,2023,43,15,311,1.363,228161,145236
9358,2023,44,15,7880,5.349,1473156,787187
9359,2023,45,15,1766,2.570,687063,353544
9360,2023,46,15,221,1.258,175620,120797
9361,2023,47,15,755,2.273,332226,189189
9362,2023,48,15,57,0.745,76503,62006
9363,2023,49,15,1635,1.974,828151,406488
9364,2023,50,15,665,1.339,496815,302441
9365,2023,51,15,2596,4.602,564107,300919
9366,2023,52,15,486,2.861,169865,100716
9367,2023,53,15,482,1.578,305437,159714
9368,2023,54,15,2145,2.927,732898,384639
9369,2023,55,15,308,1.704,180745,100190
9370,2023,56,15,1815,2.339,776103,481682
9371,2023,57,15,2185,2.080,1050721,531542
9372,2023,58,15,261,1.290,202299,141381
9373,2023,59,15,13085,5.000,2616909,1251657
9374,2023,60,15,2305,2.775,830725,382118
9375,2023,61,15,373,1.351,276144,165115
9376,2023,62,15,3686,2.524,1460184,727951
9377,2023,63,15,1819,2.738,664385,397923
9378,2023,64,15,1712,2.448,699473,421756
9379,2023,65,15,425,1.836,231453,165621
9380,2023,66,15,1755,3.560,492964,362350
9381,2023,67,15,3036,2.624,1156963,581630
9382,2023,68,15,1879,2.447,767800,389445
9383,2023,69,15,16987,8.903,1907982,964037
9384,2023,70,15,387,1.654,233920,129449
9385,2023,71,15,862,1.570,549136,314053
9386,2023,72,15,1535,2.711,566129,296419
9387,2023,73,15,1022,2.295,445288,358886
9388,2023,74,15,2105,2.478,849583,540705
9389,2023,75,15,16758,7.928,2113705,1396753
9390,2023,76,15,6180,4.904,1260205,657851
9391,2023,77,15,4765,3.281,1452399,641376
9392,2023,78,15,2808,1.909,1470778,661312
9393,2023,79,15,825,2.198,375415,197430
9394,2023,80,15,1384,2.447,565540,307149
9395,2023,81,15,600,1.515,396168,218036
9396,2023,82,15,394,1.487,264924,135891
9397,2023,83,15,3961,3.574,1108364,743682
9398,2023,84,15,2343,4.120,568702,314424
9399,2023,85,15,1361,1.927,706343,441153
9400,2023,86,15,1969,4.488,438688,245247
9401,2023,87,15,686,1.842,372438,222826
9402,2023,88,15,568,1.583,358700,215468
9403,2023,89,15,650,1.947,333896,198598
9404,2023,90,15,142,1.014,140082,73620
9405,2023,91,15,4705,3.552,1324546,587710
9406,2023,92,15,4951,3.005,1647435,824372
9407,2023,93,15,11268,6.700,1681725,705282
9408,2023,94,15,5895,4.153,1419531,662168
9409,2023,95,15,6032,4.746,1270845,529926
9410,2024,01,15,1729,2.576,671289,329783
9411,2024,02,15,1349,2.567,525558,268381
9412,2024,03,15,509,1.521,334715,209666
9413,2024,04,15,411,2.458,167179,131551
9414,2024,05,15,247,1.743,141677,139877
9415,2024,06,15,3584,3.216,1114579,788916
9416,2024,07,15,427,1.281,333229,209963
9417,2024,08,15,520,1.946,267204,143973
9418,2024,09,15,269,1.732,155339,111352
9419,2024,10,15,926,2.977,311076,167657
9420,2024,11,15,1603,4.243,377773,268987
9421,2024,12,15,255,0.912,279736,184954
9422,2024,13,15,17824,8.611,2069811,1066675
9423,2024,14,15,1660,2.356,704605,429997
9424,2024,15,15,102,0.706,144399,102634
9425,2024,16,15,826,2.349,351603,200757
9426,2024,17,15,1672,2.502,668160,451118
9427,2024,18,15,590,1.970,299496,179274
9428,2024,19,15,190,0.791,240120,156356
9429,2024,21,15,1558,2.898,537577,297329
9430,2024,22,15,766,1.257,609598,376517
9431,2024,23,15,96,0.831,115529,89016
9432,2024,24,15,369,0.886,416325,264136
9433,2024,25,15,892,1.626,548662,288184
9434,2024,26,15,2087,4.002,521432,282419
9435,2024,27,15,1029,1.711,601305,300922
9436,2024,28,15,845,1.952,432950,219670
9437,2024,29,15,1511,1.628,927912,556255
9438,2024,2A,15,159,0.958,166045,124954
9439,2024,2B,15,161,0.869,185231,136722
9440,2024,30,15,2026,2.652,764010,441086
9441,2024,31,15,8472,5.818,1456261,769604
9442,2024,32,15,265,1.376,192649,112806
9443,2024,33,15,11380,6.794,1674980,913452
9444,2024,34,15,6494,5.335,1217331,760879
9445,2024,35,15,3350,3.020,1109232,575321
9446,2024,36,15,567,2.615,216809,139055
9447,2024,37,15,3347,5.431,616326,333159
9448,2024,38,15,8829,6.837,1291380,673024
9449,2024,39,15,433,1.676,258405,151865
9450,2024,40,15,707,1.650,428427,270194
9451,2024,41,15,670,2.037,328953,186408
9452,2024,42,15,3211,4.159,772041,405452
9453,2024,43,15,209,0.916,228161,145236
9454,2024,44,15,7312,4.963,1473156,787187
9455,2024,45,15,1768,2.573,687063,353544
9456,2024,46,15,144,0.820,175620,120797
9457,2024,47,15,654,1.969,332226,189189
9458,2024,48,15,62,0.810,76503,62006
9459,2024,49,15,1898,2.292,828151,406488
9460,2024,50,15,768,1.546,496815,302441
9461,2024,51,15,2596,4.602,564107,300919
9462,2024,52,15,453,2.667,169865,100716
9463,2024,53,15,612,2.004,305437,159714
9464,2024,54,15,2211,3.017,732898,384639
9465,2024,55,15,419,2.318,180745,100190
9466,2024,56,15,1609,2.073,776103,481682
9467,2024,57,15,2628,2.501,1050721,531542
9468,2024,58,15,278,1.374,202299,141381
9469,2024,59,15,14088,5.383,2616909,1251657
9470,2024,60,15,2068,2.489,830725,382118
9471,2024,61,15,363,1.315,276144,165115
9472,2024,62,15,3520,2.411,1460184,727951
9473,2024,63,15,2141,3.223,664385,397923
9474,2024,64,15,1801,2.575,699473,421756
9475,2024,65,15,455,1.966,231453,165621
9476,2024,66,15,1930,3.915,492964,362350
9477,2024,67,15,2941,2.542,1156963,581630
9478,2024,68,15,1726,2.248,767800,389445
9479,2024,69,15,17734,9.295,1907982,964037
9480,2024,70,15,435,1.860,233920,129449
9481,2024,71,15,1009,1.837,549136,314053
9482,2024,72,15,1630,2.879,566129,296419
9483,2024,73,15,1312,2.946,445288,358886
9484,2024,74,15,2632,3.098,849583,540705
9485,2024,75,15,14832,7.017,2113705,1396753
9486,2024,76,15,6250,4.960,1260205,657851
9487,2024,77,15,4848,3.338,1452399,641376
9488,2024,78,15,3310,2.251,1470778,661312
9489,2024,79,15,574,1.529,375415,197430
9490,2024,80,15,1956,3.459,565540,307149
9491,2024,81,15,491,1.239,396168,218036
9492,2024,82,15,460,1.736,264924,135891
9493,2024,83,15,3910,3.528,1108364,743682
9494,2024,84,15,2142,3.766,568702,314424
9495,2024,85,15,1232,1.744,706343,441153
9496,2024,86,15,1233,2.811,438688,245247
9497,2024,87,15,964,2.588,372438,222826
9498,2024,88,15,478,1.333,358700,215468
9499,2024,89,15,674,2.019,333896,198598
9500,2024,90,15,157,1.121,140082,73620
9501,2024,91,15,4452,3.361,1324546,587710
9502,2024,92,15,5359,3.253,1647435,824372
9503,2024,93,15,11003,6.543,1681725,705282
9504,2024,94,15,5741,4.044,1419531,662168
9505,2024,95,15,5593,4.401,1270845,529926
9506,2016,01,14,984,1.541,638425,308491
9507,2016,02,14,771,1.438,536136,264180
9508,2016,03,14,354,1.043,339384,206980
9509,2016,04,14,231,1.421,162565,126760
9510,2016,05,14,128,0.907,141107,134647
9511,2016,06,14,1511,1.394,1083704,761857
9512,2016,07,14,425,1.307,325157,201264
9513,2016,08,14,343,1.246,275371,142010
9514,2016,09,14,142,0.928,153067,108589
9515,2016,10,14,428,1.386,308910,163064
9516,2016,11,14,691,1.878,368025,258453
9517,2016,12,14,220,0.789,278697,179901
9518,2016,13,14,6389,3.163,2019717,1009576
9519,2016,14,14,743,1.071,693679,412038
9520,2016,15,14,78,0.534,145969,101070
9521,2016,16,14,400,1.132,353288,196145
9522,2016,17,14,1051,1.637,642191,427696
9523,2016,18,14,402,1.309,307110,177873
9524,2016,19,14,203,0.840,241535,153380
9525,2016,21,14,759,1.423,533213,285326
9526,2016,22,14,443,0.740,598953,363788
9527,2016,23,14,80,0.669,119502,88330
9528,2016,24,14,297,0.716,414789,256942
9529,2016,25,14,590,1.096,538549,277578
9530,2016,26,14,1267,2.494,508006,269062
9531,2016,27,14,940,1.559,602825,292969
9532,2016,28,14,558,1.286,433929,213849
9533,2016,29,14,810,0.892,908249,537671
9534,2016,2A,14,219,1.419,154303,116432
9535,2016,2B,14,207,1.175,176152,129422
9536,2016,30,14,1595,2.150,742006,419029
9537,2016,31,14,2471,1.833,1348183,703754
9538,2016,32,14,189,0.991,190664,109392
9539,2016,33,14,2538,1.620,1566679,843050
9540,2016,34,14,2440,2.155,1132481,707572
9541,2016,35,14,1409,1.340,1051779,538258
9542,2016,36,14,248,1.110,223505,138229
9543,2016,37,14,1170,1.930,606223,318933
9544,2016,38,14,2665,2.127,1252912,639743
9545,2016,39,14,240,0.921,260517,148337
9546,2016,40,14,440,1.086,405010,252298
9547,2016,41,14,544,1.635,332769,182821
9548,2016,42,14,1199,1.573,761997,394202
9549,2016,43,14,159,0.699,227339,142111
9550,2016,44,14,4014,2.907,1380852,729714
9551,2016,45,14,1184,1.756,674330,341549
9552,2016,46,14,139,0.802,173347,117328
9553,2016,47,14,279,0.838,332833,184194
9554,2016,48,14,39,0.510,76422,60395
9555,2016,49,14,1601,1.974,810934,391283
9556,2016,50,14,330,0.662,498362,295248
9557,2016,51,14,1182,2.070,570883,292095
9558,2016,52,14,316,1.774,178084,100722
9559,2016,53,14,444,1.443,307688,155625
9560,2016,54,14,895,1.220,733821,373165
9561,2016,55,14,257,1.359,189055,99550
9562,2016,56,14,1006,1.346,747548,459455
9563,2016,57,14,970,0.928,1045271,510597
9564,2016,58,14,303,1.449,209161,141593
9565,2016,59,14,5532,2.125,2603723,1205062
9566,2016,60,14,2340,2.841,823542,369320
9567,2016,61,14,412,1.444,285308,164640
9568,2016,62,14,2244,1.526,1470725,708207
9569,2016,63,14,820,1.260,650700,382695
9570,2016,64,14,568,0.843,673986,400053
9571,2016,65,14,303,1.330,227829,160809
9572,2016,66,14,948,1.998,474369,346847
9573,2016,67,14,608,0.542,1121407,546387
9574,2016,68,14,507,0.665,762743,373686
9575,2016,69,14,3921,2.136,1835903,904462
9576,2016,70,14,199,0.839,237242,126631
9577,2016,71,14,808,1.456,555023,309191
9578,2016,72,14,901,1.587,567561,289447
9579,2016,73,14,504,1.173,429681,341648
9580,2016,74,14,790,0.986,801416,500698
9581,2016,75,14,2525,1.153,2190327,1374377
9582,2016,76,14,2094,1.668,1255755,634421
9583,2016,77,14,2951,2.111,1397665,604627
9584,2016,78,14,3029,2.116,1431808,629383
9585,2016,79,14,355,0.947,374743,192620
9586,2016,80,14,814,1.421,572744,297094
9587,2016,81,14,315,0.815,386448,209380
9588,2016,82,14,331,1.288,256897,130059
9589,2016,83,14,1556,1.474,1055821,707520
9590,2016,84,14,1081,1.934,559014,298637
9591,2016,85,14,612,0.913,670597,417192
9592,2016,86,14,780,1.789,436069,237993
9593,2016,87,14,466,1.243,374978,219170
9594,2016,88,14,350,0.947,369641,212925
9595,2016,89,14,596,1.750,340544,195822
9596,2016,90,14,131,0.909,144089,71929
9597,2016,91,14,2858,2.220,1287330,550895
9598,2016,92,14,2329,1.453,1603268,789809
9599,2016,93,14,3424,2.131,1606660,662466
9600,2016,94,14,3000,2.177,1378151,626297
9601,2016,95,14,2645,2.165,1221923,497749
9602,2017,01,14,844,1.312,643350,313061
9603,2017,02,14,845,1.581,534490,265548
9604,2017,03,14,308,0.911,337988,207725
9605,2017,04,14,140,0.854,163915,127940
9606,2017,05,14,107,0.757,141284,135493
9607,2017,06,14,1415,1.306,1083310,766748
9608,2017,07,14,326,1.001,325712,203015
9609,2017,08,14,229,0.837,273579,142452
9610,2017,09,14,139,0.908,153153,109392
9611,2017,10,14,384,1.239,310020,164453
9612,2017,11,14,665,1.796,370260,261180
9613,2017,12,14,187,0.670,279206,181053
9614,2017,13,14,6271,3.098,2024162,1021226
9615,2017,14,14,676,0.974,694002,416115
9616,2017,15,14,68,0.469,145143,101363
9617,2017,16,14,387,1.098,352335,197059
9618,2017,17,14,1114,1.729,644303,431948
9619,2017,18,14,437,1.436,304256,178580
9620,2017,19,14,165,0.683,241464,154124
9621,2017,21,14,602,1.128,533819,287831
9622,2017,22,14,464,0.775,598814,366683
9623,2017,23,14,130,1.096,118638,88506
9624,2017,24,14,338,0.817,413606,258732
9625,2017,25,14,553,1.026,539067,279578
9626,2017,26,14,1054,2.060,511553,272494
9627,2017,27,14,750,1.246,601843,295109
9628,2017,28,14,535,1.235,433233,215350
9629,2017,29,14,938,1.032,909028,542677
9630,2017,2A,14,162,1.030,157249,118848
9631,2017,2B,14,204,1.148,177689,130820
9632,2017,30,14,1481,1.990,744178,423840
9633,2017,31,14,2341,1.718,1362672,715532
9634,2017,32,14,199,1.041,191091,110358
9635,2017,33,14,2567,1.621,1583384,856616
9636,2017,34,14,2140,1.869,1144892,718743
9637,2017,35,14,1490,1.405,1060199,546440
9638,2017,36,14,239,1.075,222232,138634
9639,2017,37,14,1238,2.041,606511,321881
9640,2017,38,14,2163,1.718,1258722,646707
9641,2017,39,14,297,1.141,260188,149350
9642,2017,40,14,408,1.001,407444,255992
9643,2017,41,14,577,1.738,331915,183643
9644,2017,42,14,1128,1.478,762941,396655
9645,2017,43,14,128,0.563,227283,142989
9646,2017,44,14,3498,2.508,1394909,740924
9647,2017,45,14,1113,1.641,678105,344708
9648,2017,46,14,144,0.828,173828,118075
9649,2017,47,14,242,0.727,332842,185343
9650,2017,48,14,51,0.666,76601,60898
9651,2017,49,14,1509,1.855,813493,394578
9652,2017,50,14,329,0.662,496883,297133
9653,2017,51,14,1013,1.781,568895,294041
9654,2017,52,14,327,1.862,175640,100650
9655,2017,53,14,294,0.956,307445,156662
9656,2017,54,14,765,1.043,733481,375755
9657,2017,55,14,259,1.384,187187,99736
9658,2017,56,14,1294,1.723,750863,464186
9659,2017,57,14,1060,1.016,1043522,514328
9660,2017,58,14,327,1.578,207182,141642
9661,2017,59,14,5158,1.981,2604361,1214497
9662,2017,60,14,2146,2.603,824503,372778
9663,2017,61,14,443,1.563,283372,164926
9664,2017,62,14,2083,1.419,1468018,713245
9665,2017,63,14,616,0.942,653742,386425
9666,2017,64,14,606,0.895,677309,404979
9667,2017,65,14,188,0.823,228530,161703
9668,2017,66,14,1066,2.247,474452,349914
9669,2017,67,14,568,0.505,1125559,554075
9670,2017,68,14,518,0.678,764030,376960
9671,2017,69,14,3937,2.136,1843319,914980
9672,2017,70,14,184,0.777,236659,127615
9673,2017,71,14,681,1.230,553595,310391
9674,2017,72,14,790,1.395,566506,291039
9675,2017,73,14,475,1.102,431174,345226
9676,2017,74,14,712,0.882,807360,508229
9677,2017,75,14,2425,1.109,2187526,1382779
9678,2017,76,14,2060,1.642,1254378,640334
9679,2017,77,14,2927,2.085,1403997,612076
9680,2017,78,14,2575,1.790,1438266,637200
9681,2017,79,14,425,1.135,374351,193971
9682,2017,80,14,945,1.651,572443,299211
9683,2017,81,14,339,0.874,387890,211038
9684,2017,82,14,260,1.006,258349,131300
9685,2017,83,14,1497,1.414,1058740,714503
9686,2017,84,14,788,1.408,559479,301947
9687,2017,85,14,717,1.062,675247,421680
9688,2017,86,14,683,1.563,436876,240200
9689,2017,87,14,398,1.063,374426,219980
9690,2017,88,14,402,1.093,367673,213629
9691,2017,89,14,595,1.759,338291,196697
9692,2017,90,14,116,0.813,142622,72211
9693,2017,91,14,2598,2.004,1296130,558684
9694,2017,92,14,2105,1.308,1609306,796181
9695,2017,93,14,3653,2.251,1623111,671680
9696,2017,94,14,2578,1.857,1387926,633207
9697,2017,95,14,2781,2.264,1228618,504100
9698,2018,01,14,835,1.289,647634,317983
9699,2018,02,14,861,1.614,533316,266641
9700,2018,03,14,312,0.925,337171,208375
9701,2018,04,14,171,1.042,164068,129062
9702,2018,05,14,102,0.725,140698,136581
9703,2018,06,14,1343,1.236,1086219,772317
9704,2018,07,14,340,1.041,326606,204906
9705,2018,08,14,343,1.262,271845,143015
9706,2018,09,14,136,0.889,153066,110222
9707,2018,10,14,367,1.184,310020,165502
9708,2018,11,14,519,1.392,372806,263889
9709,2018,12,14,139,0.498,279274,182028
9710,2018,13,14,5945,2.922,2034357,1034043
9711,2018,14,14,665,0.958,694056,419714
9712,2018,15,14,99,0.684,144765,101693
9713,2018,16,14,428,1.217,351778,198242
9714,2018,17,14,1153,1.782,646932,436869
9715,2018,18,14,446,1.470,303408,179125
9716,2018,19,14,165,0.686,240583,154657
9717,2018,21,14,639,1.198,533220,290523
9718,2018,22,14,516,0.861,599584,369601
9719,2018,23,14,86,0.732,117503,88728
9720,2018,24,14,316,0.764,413418,260245
9721,2018,25,14,468,0.864,541454,282056
9722,2018,26,14,913,1.774,514732,275727
9723,2018,27,14,822,1.370,599962,297286
9724,2018,28,14,520,1.204,431997,216684
9725,2018,29,14,899,0.986,911735,545808
9726,2018,2A,14,194,1.229,157853,120567
9727,2018,2B,14,182,1.007,180701,132077
9728,2018,30,14,1397,1.874,745458,428087
9729,2018,31,14,2072,1.501,1380672,728249
9730,2018,32,14,142,0.742,191283,111171
9731,2018,33,14,2689,1.679,1601845,872327
9732,2018,34,14,1796,1.549,1159220,729653
9733,2018,35,14,1250,1.169,1069228,554254
9734,2018,36,14,293,1.328,220595,138879
9735,2018,37,14,1032,1.698,607760,325172
9736,2018,38,14,1973,1.561,1263563,653289
9737,2018,39,14,287,1.105,259746,150169
9738,2018,40,14,429,1.045,410355,259512
9739,2018,41,14,415,1.257,330248,184614
9740,2018,42,14,935,1.225,763441,399134
9741,2018,43,14,117,0.514,227552,143699
9742,2018,44,14,3501,2.479,1412502,752968
9743,2018,45,14,1033,1.522,678845,347107
9744,2018,46,14,238,1.368,173929,118998
9745,2018,47,14,290,0.874,331970,186511
9746,2018,48,14,60,0.784,76520,61340
9747,2018,49,14,1189,1.457,815883,397887
9748,2018,50,14,396,0.798,495983,298631
9749,2018,51,14,1040,1.833,567462,295611
9750,2018,52,14,402,2.309,174069,100617
9751,2018,53,14,239,0.778,307084,157552
9752,2018,54,14,916,1.249,733469,378055
9753,2018,55,14,258,1.392,185355,99893
9754,2018,56,14,1127,1.493,754867,468872
9755,2018,57,14,1082,1.037,1043524,518772
9756,2018,58,14,282,1.370,205828,141623
9757,2018,59,14,4879,1.872,2606234,1224589
9758,2018,60,14,1946,2.353,827153,376185
9759,2018,61,14,380,1.349,281593,165463
9760,2018,62,14,1847,1.259,1466743,717901
9761,2018,63,14,698,1.059,659048,389711
9762,2018,64,14,537,0.790,679810,409790
9763,2018,65,14,223,0.973,229191,162729
9764,2018,66,14,941,1.975,476357,352742
9765,2018,67,14,531,0.468,1133552,561562
9766,2018,68,14,316,0.413,764981,380238
9767,2018,69,14,3684,1.981,1859524,926576
9768,2018,70,14,157,0.665,236018,128333
9769,2018,71,14,653,1.183,552185,311499
9770,2018,72,14,661,1.168,565963,292628
9771,2018,73,14,397,0.915,433724,349226
9772,2018,74,14,554,0.678,816699,517217
9773,2018,75,14,2156,0.991,2175601,1386846
9774,2018,76,14,1933,1.539,1255883,645786
9775,2018,77,14,2741,1.941,1412516,619784
9776,2018,78,14,2400,1.665,1441398,643946
9777,2018,79,14,434,1.158,374799,195051
9778,2018,80,14,1031,1.807,570662,301740
9779,2018,81,14,314,0.808,388596,212905
9780,2018,82,14,224,0.864,259124,132603
9781,2018,83,14,1380,1.293,1067697,722128
9782,2018,84,14,698,1.247,559793,305436
9783,2018,85,14,718,1.056,679991,426426
9784,2018,86,14,648,1.481,437586,241951
9785,2018,87,14,406,1.088,373199,220762
9786,2018,88,14,476,1.300,366112,214363
9787,2018,89,14,562,1.665,337504,197683
9788,2018,90,14,79,0.557,141852,72929
9789,2018,91,14,2309,1.781,1296641,564587
9790,2018,92,14,1828,1.129,1619120,801737
9791,2018,93,14,3765,2.306,1632677,679663
9792,2018,94,14,2333,1.670,1396913,640016
9793,2018,95,14,2690,2.172,1238581,510302
9794,2019,01,14,920,1.410,652432,321432
9795,2019,02,14,759,1.428,531345,266922
9796,2019,03,14,300,0.893,335975,208863
9797,2019,04,14,137,0.834,164308,129690
9798,2019,05,14,83,0.588,141220,137644
9799,2019,06,14,1145,1.046,1094283,778291
9800,2019,07,14,359,1.094,328278,206435
9801,2019,08,14,315,1.164,270582,142983
9802,2019,09,14,135,0.881,153287,110526
9803,2019,10,14,443,1.428,310242,166101
9804,2019,11,14,467,1.248,374070,265167
9805,2019,12,14,147,0.526,279595,182769
9806,2019,13,14,5420,2.653,2043110,1044973
9807,2019,14,14,648,0.933,694905,422082
9808,2019,15,14,100,0.691,144692,101953
9809,2019,16,14,385,1.094,352015,198920
9810,2019,17,14,1019,1.564,651358,440935
9811,2019,18,14,360,1.191,302306,179430
9812,2019,19,14,168,0.700,240073,155041
9813,2019,21,14,722,1.352,534124,292479
9814,2019,22,14,522,0.869,600582,371643
9815,2019,23,14,102,0.875,116617,88646
9816,2019,24,14,313,0.757,413223,261104
9817,2019,25,14,424,0.779,543974,283778
9818,2019,26,14,811,1.569,516762,277777
9819,2019,27,14,844,1.408,599507,298148
9820,2019,28,14,430,0.996,431575,217440
9821,2019,29,14,787,0.860,915090,549039
9822,2019,2A,14,173,1.091,158507,122005
9823,2019,2B,14,186,1.022,181933,133540
9824,2019,30,14,1387,1.853,748437,431684
9825,2019,31,14,2289,1.635,1400039,740546
9826,2019,32,14,135,0.705,191377,111536
9827,2019,33,14,2479,1.527,1623749,886986
9828,2019,34,14,1662,1.414,1175623,739737
9829,2019,35,14,1192,1.104,1079498,561343
9830,2019,36,14,264,1.204,219316,138826
9831,2019,37,14,1091,1.788,610079,328095
9832,2019,38,14,2097,1.650,1271166,659031
9833,2019,39,14,296,1.142,259199,150475
9834,2019,40,14,379,0.916,413690,262370
9835,2019,41,14,391,1.187,329470,185077
9836,2019,42,14,1093,1.428,765634,401112
9837,2019,43,14,125,0.549,227570,143916
9838,2019,44,14,3503,2.451,1429272,764010
9839,2019,45,14,844,1.240,680434,348977
9840,2019,46,14,181,1.040,174094,119499
9841,2019,47,14,270,0.815,331271,187058
9842,2019,48,14,62,0.809,76604,61547
9843,2019,49,14,1132,1.383,818273,400508
9844,2019,50,14,298,0.602,495045,299656
9845,2019,51,14,965,1.702,566855,297288
9846,2019,52,14,275,1.594,172512,100382
9847,2019,53,14,253,0.824,307062,158083
9848,2019,54,14,732,0.998,733760,379680
9849,2019,55,14,216,1.173,184083,99834
9850,2019,56,14,1245,1.639,759684,472749
9851,2019,57,14,958,0.915,1046543,523268
9852,2019,58,14,296,1.448,204452,141411
9853,2019,59,14,4586,1.758,2608346,1232504
9854,2019,60,14,1728,2.083,829419,378048
9855,2019,61,14,341,1.218,279942,165100
9856,2019,62,14,1531,1.045,1465278,720800
9857,2019,63,14,648,0.979,662152,392038
9858,2019,64,14,722,1.058,682621,413357
9859,2019,65,14,205,0.893,229567,163634
9860,2019,66,14,977,2.036,479979,355661
9861,2019,67,14,692,0.607,1140057,567991
9862,2019,68,14,281,0.366,767086,382805
9863,2019,69,14,3549,1.892,1875747,937544
9864,2019,70,14,179,0.761,235313,128450
9865,2019,71,14,678,1.229,551493,311966
9866,2019,72,14,725,1.280,566412,293561
9867,2019,73,14,362,0.829,436434,352254
9868,2019,74,14,546,0.661,826094,525404
9869,2019,75,14,2155,0.995,2165423,1389375
9870,2019,76,14,1890,1.505,1255633,649681
9871,2019,77,14,2376,1.672,1421197,626435
9872,2019,78,14,1858,1.283,1448207,649383
9873,2019,79,14,465,1.240,374878,195568
9874,2019,80,14,853,1.495,570559,303449
9875,2019,81,14,298,0.764,389844,214423
9876,2019,82,14,204,0.783,260669,133522
9877,2019,83,14,1099,1.021,1076711,729223
9878,2019,84,14,753,1.341,561469,308505
9879,2019,85,14,671,0.979,685442,430815
9880,2019,86,14,740,1.688,438435,242907
9881,2019,87,14,319,0.857,372359,221194
9882,2019,88,14,525,1.440,364499,214287
9883,2019,89,14,437,1.302,335707,197718
9884,2019,90,14,69,0.488,141318,73180
9885,2019,91,14,2089,1.605,1301659,570417
9886,2019,92,14,1702,1.048,1624357,807711
9887,2019,93,14,3592,2.184,1644903,687238
9888,2019,94,14,2091,1.486,1407124,647289
9889,2019,95,14,2894,2.316,1249674,517063
9890,2020,01,14,693,1.053,657856,325431
9891,2020,02,14,629,1.188,529374,267555
9892,2020,03,14,203,0.605,335628,209251
9893,2020,04,14,110,0.665,165451,130500
9894,2020,05,14,42,0.299,140605,138751
9895,2020,06,14,809,0.737,1097410,783398
9896,2020,07,14,237,0.720,329325,207922
9897,2020,08,14,198,0.734,269701,143402
9898,2020,09,14,89,0.578,153954,110875
9899,2020,10,14,355,1.140,311435,166928
9900,2020,11,14,467,1.245,375217,266877
9901,2020,12,14,110,0.393,279554,183702
9902,2020,13,14,4975,2.429,2048070,1055315
9903,2020,14,14,364,0.522,697547,426069
9904,2020,15,14,65,0.450,144379,102234
9905,2020,16,14,233,0.662,351718,199746
9906,2020,17,14,691,1.054,655709,445578
9907,2020,18,14,253,0.841,300933,179389
9908,2020,19,14,128,0.535,239190,155575
9909,2020,21,14,585,1.093,535078,294776
9910,2020,22,14,415,0.687,603640,373909
9911,2020,23,14,58,0.500,115995,88769
9912,2020,24,14,272,0.659,412807,262321
9913,2020,25,14,364,0.668,545209,285770
9914,2020,26,14,693,1.339,517709,279948
9915,2020,27,14,668,1.114,599668,299419
9916,2020,28,14,402,0.932,431443,218433
9917,2020,29,14,617,0.673,917179,552465
9918,2020,2A,14,130,0.808,160814,123650
9919,2020,2B,14,132,0.722,182887,135125
9920,2020,30,14,1010,1.344,751457,435785
9921,2020,31,14,1955,1.381,1415757,754396
9922,2020,32,14,82,0.427,191819,112134
9923,2020,33,14,2203,1.346,1636391,900198
9924,2020,34,14,1436,1.208,1188973,750002
9925,2020,35,14,867,0.796,1088855,568308
9926,2020,36,14,257,1.175,218707,138959
9927,2020,37,14,1038,1.696,612119,330454
9928,2020,38,14,1434,1.122,1277513,665362
9929,2020,39,14,209,0.808,258798,151009
9930,2020,40,14,263,0.629,418122,265930
9931,2020,41,14,249,0.756,329357,185591
9932,2020,42,14,989,1.287,768508,403254
9933,2020,43,14,75,0.330,227489,144442
9934,2020,44,14,2788,1.929,1445171,776207
9935,2020,45,14,705,1.033,682304,351028
9936,2020,46,14,125,0.716,174670,120123
9937,2020,47,14,201,0.608,330844,188120
9938,2020,48,14,60,0.783,76633,61734
9939,2020,49,14,1005,1.225,820713,403157
9940,2020,50,14,195,0.394,495093,301071
9941,2020,51,14,705,1.244,566659,299421
9942,2020,52,14,258,1.502,171798,100520
9943,2020,53,14,221,0.721,306538,158874
9944,2020,54,14,707,0.965,732590,381849
9945,2020,55,14,170,0.929,183001,100007
9946,2020,56,14,1028,1.345,764161,476941
9947,2020,57,14,851,0.811,1049155,527832
9948,2020,58,14,255,1.258,202670,141219
9949,2020,59,14,3853,1.478,2607746,1241241
9950,2020,60,14,1317,1.587,829699,380003
9951,2020,61,14,250,0.898,278475,164988
9952,2020,62,14,1473,1.007,1462167,724156
9953,2020,63,14,440,0.665,661852,394760
9954,2020,64,14,465,0.677,687240,417293
9955,2020,65,14,172,0.749,229788,164545
9956,2020,66,14,800,1.657,482765,359151
9957,2020,67,14,659,0.574,1148073,575001
9958,2020,68,14,280,0.365,767842,386082
9959,2020,69,14,2984,1.584,1883437,949531
9960,2020,70,14,105,0.448,234601,128855
9961,2020,71,14,595,1.080,551063,312880
9962,2020,72,14,590,1.041,566993,294778
9963,2020,73,14,253,0.575,439750,355575
9964,2020,74,14,467,0.559,835206,533337
9965,2020,75,14,2112,0.984,2145906,1393800
9966,2020,76,14,1426,1.136,1254739,653680
9967,2020,77,14,1954,1.368,1428636,634163
9968,2020,78,14,1638,1.130,1449723,654741
9969,2020,79,14,282,0.753,374481,196421
9970,2020,80,14,640,1.125,568748,305380
9971,2020,81,14,168,0.430,391066,215987
9972,2020,82,14,178,0.679,262316,134694
9973,2020,83,14,865,0.797,1085189,735547
9974,2020,84,14,613,1.091,561941,311098
9975,2020,85,14,521,0.752,692705,435953
9976,2020,86,14,411,0.936,439332,243821
9977,2020,87,14,307,0.825,372123,221779
9978,2020,88,14,366,1.010,362397,214812
9979,2020,89,14,388,1.161,334156,197870
9980,2020,90,14,57,0.407,140120,73384
9981,2020,91,14,1929,1.477,1306118,577712
9982,2020,92,14,1293,0.795,1626213,815765
9983,2020,93,14,3140,1.897,1655422,696152
9984,2020,94,14,2226,1.581,1407972,654340
9985,2020,95,14,2195,1.753,1251804,523106
9986,2021,01,14,724,1.092,663202,329783
9987,2021,02,14,504,0.956,527468,268381
9988,2021,03,14,227,0.678,334872,209666
9989,2021,04,14,99,0.596,166077,131551
9990,2021,05,14,56,0.397,140976,139877
9991,2021,06,14,880,0.797,1103941,788916
9992,2021,07,14,234,0.706,331415,209963
9993,2021,08,14,182,0.677,268859,143973
9994,2021,09,14,63,0.408,154596,111352
9995,2021,10,14,388,1.246,311329,167657
9996,2021,11,14,364,0.968,376028,268987
9997,2021,12,14,90,0.322,279649,184954
9998,2021,13,14,4486,2.181,2056943,1066675
9999,2021,14,14,463,0.661,700633,429997
10000,2021,15,14,68,0.471,144226,102634
10001,2021,16,14,275,0.784,350867,200757
10002,2021,17,14,641,0.969,661404,451118
10003,2021,18,14,309,1.031,299573,179274
10004,2021,19,14,110,0.459,239784,156356
10005,2021,21,14,579,1.081,535503,297329
10006,2021,22,14,438,0.723,605917,376517
10007,2021,23,14,45,0.389,115702,89016
10008,2021,24,14,282,0.682,413730,264136
10009,2021,25,14,390,0.713,547096,288184
10010,2021,26,14,839,1.615,519458,282419
10011,2021,27,14,588,0.982,598934,300922
10012,2021,28,14,380,0.881,431277,219670
10013,2021,29,14,678,0.736,921638,556255
10014,2021,2A,14,148,0.908,162942,124954
10015,2021,2B,14,113,0.612,184655,136722
10016,2021,30,14,885,1.170,756543,441086
10017,2021,31,14,1888,1.316,1434367,769604
10018,2021,32,14,80,0.416,192437,112806
10019,2021,33,14,2070,1.251,1654970,913452
10020,2021,34,14,1549,1.289,1201883,760879
10021,2021,35,14,940,0.856,1098325,575321
10022,2021,36,14,247,1.137,217228,139055
10023,2021,37,14,909,1.485,612160,333159
10024,2021,38,14,2105,1.638,1284948,673024
10025,2021,39,14,168,0.650,258555,151865
10026,2021,40,14,283,0.669,422976,270194
10027,2021,41,14,336,1.023,328504,186408
10028,2021,42,14,1277,1.661,769029,405452
10029,2021,43,14,182,0.801,227284,145236
10030,2021,44,14,3443,2.362,1457806,787187
10031,2021,45,14,837,1.223,684561,353544
10032,2021,46,14,63,0.360,174942,120797
10033,2021,47,14,228,0.688,331229,189189
10034,2021,48,14,28,0.366,76519,62006
10035,2021,49,14,1240,1.503,824743,406488
10036,2021,50,14,188,0.379,495508,302441
10037,2021,51,14,656,1.160,565292,300919
10038,2021,52,14,189,1.105,171042,100716
10039,2021,53,14,239,0.781,305933,159714
10040,2021,54,14,547,0.747,732486,384639
10041,2021,55,14,133,0.731,181919,100190
10042,2021,56,14,776,1.010,768687,481682
10043,2021,57,14,655,0.624,1049942,531542
10044,2021,58,14,131,0.647,202417,141381
10045,2021,59,14,4108,1.573,2611293,1251657
10046,2021,60,14,1324,1.597,828838,382118
10047,2021,61,14,237,0.856,276973,165115
10048,2021,62,14,1482,1.014,1461441,727951
10049,2021,63,14,461,0.696,662285,397923
10050,2021,64,14,315,0.455,693027,421756
10051,2021,65,14,106,0.459,230956,165621
10052,2021,66,14,625,1.283,487307,362350
10053,2021,67,14,512,0.444,1152662,581630
10054,2021,68,14,243,0.317,767083,389445
10055,2021,69,14,3442,1.818,1893692,964037
10056,2021,70,14,140,0.598,234296,129449
10057,2021,71,14,593,1.080,549288,314053
10058,2021,72,14,555,0.980,566058,296419
10059,2021,73,14,335,0.757,442468,358886
10060,2021,74,14,637,0.757,841482,540705
10061,2021,75,14,2282,1.070,2133111,1396753
10062,2021,76,14,1386,1.104,1255918,657851
10063,2021,77,14,2278,1.584,1438100,641376
10064,2021,78,14,1906,1.309,1456365,661312
10065,2021,79,14,243,0.649,374587,197430
10066,2021,80,14,644,1.137,566252,307149
10067,2021,81,14,216,0.549,393572,218036
10068,2021,82,14,171,0.649,263377,135891
10069,2021,83,14,1006,0.918,1095337,743682
10070,2021,84,14,679,1.203,564566,314424
10071,2021,85,14,509,0.728,699459,441153
10072,2021,86,14,467,1.063,439385,245247
10073,2021,87,14,358,0.963,371691,222826
10074,2021,88,14,288,0.799,360673,215468
10075,2021,89,14,362,1.086,333385,198598
10076,2021,90,14,44,0.315,139654,73620
10077,2021,91,14,2317,1.764,1313768,587710
10078,2021,92,14,1702,1.041,1635291,824372
10079,2021,93,14,3290,1.972,1668670,705282
10080,2021,94,14,2378,1.680,1415367,662168
10081,2021,95,14,2040,1.623,1256607,529926
10082,2022,01,14,967,1.441,671289,329783
10083,2022,02,14,835,1.589,525558,268381
10084,2022,03,14,295,0.881,334715,209666
10085,2022,04,14,181,1.083,167179,131551
10086,2022,05,14,99,0.699,141677,139877
10087,2022,06,14,992,0.890,1114579,788916
10088,2022,07,14,332,0.996,333229,209963
10089,2022,08,14,204,0.763,267204,143973
10090,2022,09,14,103,0.663,155339,111352
10091,2022,10,14,444,1.427,311076,167657
10092,2022,11,14,607,1.607,377773,268987
10093,2022,12,14,115,0.411,279736,184954
10094,2022,13,14,5274,2.548,2069811,1066675
10095,2022,14,14,580,0.823,704605,429997
10096,2022,15,14,75,0.519,144399,102634
10097,2022,16,14,307,0.873,351603,200757
10098,2022,17,14,1011,1.513,668160,451118
10099,2022,18,14,449,1.499,299496,179274
10100,2022,19,14,138,0.575,240120,156356
10101,2022,21,14,1002,1.864,537577,297329
10102,2022,22,14,567,0.930,609598,376517
10103,2022,23,14,80,0.692,115529,89016
10104,2022,24,14,229,0.550,416325,264136
10105,2022,25,14,488,0.889,548662,288184
10106,2022,26,14,781,1.498,521432,282419
10107,2022,27,14,690,1.148,601305,300922
10108,2022,28,14,597,1.379,432950,219670
10109,2022,29,14,1017,1.096,927912,556255
10110,2022,2A,14,154,0.927,166045,124954
10111,2022,2B,14,140,0.756,185231,136722
10112,2022,30,14,1524,1.995,764010,441086
10113,2022,31,14,2147,1.474,1456261,769604
10114,2022,32,14,119,0.618,192649,112806
10115,2022,33,14,2312,1.380,1674980,913452
10116,2022,34,14,2007,1.649,1217331,760879
10117,2022,35,14,1660,1.497,1109232,575321
10118,2022,36,14,372,1.716,216809,139055
10119,2022,37,14,914,1.483,616326,333159
10120,2022,38,14,2306,1.786,1291380,673024
10121,2022,39,14,279,1.080,258405,151865
10122,2022,40,14,329,0.768,428427,270194
10123,2022,41,14,483,1.468,328953,186408
10124,2022,42,14,1308,1.694,772041,405452
10125,2022,43,14,231,1.012,228161,145236
10126,2022,44,14,4247,2.883,1473156,787187
10127,2022,45,14,884,1.287,687063,353544
10128,2022,46,14,124,0.706,175620,120797
10129,2022,47,14,332,0.999,332226,189189
10130,2022,48,14,96,1.255,76503,62006
10131,2022,49,14,1465,1.769,828151,406488
10132,2022,50,14,278,0.560,496815,302441
10133,2022,51,14,1030,1.826,564107,300919
10134,2022,52,14,377,2.219,169865,100716
10135,2022,53,14,322,1.054,305437,159714
10136,2022,54,14,841,1.147,732898,384639
10137,2022,55,14,238,1.317,180745,100190
10138,2022,56,14,1042,1.343,776103,481682
10139,2022,57,14,1043,0.993,1050721,531542
10140,2022,58,14,268,1.325,202299,141381
10141,2022,59,14,6084,2.325,2616909,1251657
10142,2022,60,14,1688,2.032,830725,382118
10143,2022,61,14,260,0.942,276144,165115
10144,2022,62,14,1971,1.350,1460184,727951
10145,2022,63,14,762,1.147,664385,397923
10146,2022,64,14,540,0.772,699473,421756
10147,2022,65,14,209,0.903,231453,165621
10148,2022,66,14,829,1.682,492964,362350
10149,2022,67,14,886,0.766,1156963,581630
10150,2022,68,14,498,0.649,767800,389445
10151,2022,69,14,4444,2.329,1907982,964037
10152,2022,70,14,174,0.744,233920,129449
10153,2022,71,14,710,1.293,549136,314053
10154,2022,72,14,611,1.079,566129,296419
10155,2022,73,14,424,0.952,445288,358886
10156,2022,74,14,838,0.986,849583,540705
10157,2022,75,14,2596,1.228,2113705,1396753
10158,2022,76,14,1751,1.389,1260205,657851
10159,2022,77,14,3253,2.240,1452399,641376
10160,2022,78,14,2070,1.407,1470778,661312
10161,2022,79,14,444,1.183,375415,197430
10162,2022,80,14,828,1.464,565540,307149
10163,2022,81,14,235,0.593,396168,218036
10164,2022,82,14,234,0.883,264924,135891
10165,2022,83,14,1418,1.279,1108364,743682
10166,2022,84,14,844,1.484,568702,314424
10167,2022,85,14,847,1.199,706343,441153
10168,2022,86,14,648,1.477,438688,245247
10169,2022,87,14,539,1.447,372438,222826
10170,2022,88,14,361,1.006,358700,215468
10171,2022,89,14,705,2.111,333896,198598
10172,2022,90,14,73,0.521,140082,73620
10173,2022,91,14,3380,2.552,1324546,587710
10174,2022,92,14,2030,1.232,1647435,824372
10175,2022,93,14,3882,2.308,1681725,705282
10176,2022,94,14,2711,1.910,1419531,662168
10177,2022,95,14,3053,2.402,1270845,529926
10178,2023,01,14,841,1.253,671289,329783
10179,2023,02,14,769,1.463,525558,268381
10180,2023,03,14,179,0.535,334715,209666
10181,2023,04,14,123,0.736,167179,131551
10182,2023,05,14,74,0.522,141677,139877
10183,2023,06,14,980,0.879,1114579,788916
10184,2023,07,14,292,0.876,333229,209963
10185,2023,08,14,211,0.790,267204,143973
10186,2023,09,14,105,0.676,155339,111352
10187,2023,10,14,376,1.209,311076,167657
10188,2023,11,14,500,1.324,377773,268987
10189,2023,12,14,174,0.622,279736,184954
10190,2023,13,14,4899,2.367,2069811,1066675
10191,2023,14,14,669,0.949,704605,429997
10192,2023,15,14,78,0.540,144399,102634
10193,2023,16,14,303,0.862,351603,200757
10194,2023,17,14,879,1.316,668160,451118
10195,2023,18,14,360,1.202,299496,179274
10196,2023,19,14,120,0.500,240120,156356
10197,2023,21,14,991,1.843,537577,297329
10198,2023,22,14,527,0.865,609598,376517
10199,2023,23,14,63,0.545,115529,89016
10200,2023,24,14,289,0.694,416325,264136
10201,2023,25,14,416,0.758,548662,288184
10202,2023,26,14,828,1.588,521432,282419
10203,2023,27,14,704,1.171,601305,300922
10204,2023,28,14,569,1.314,432950,219670
10205,2023,29,14,913,0.984,927912,556255
10206,2023,2A,14,143,0.861,166045,124954
10207,2023,2B,14,149,0.804,185231,136722
10208,2023,30,14,1150,1.505,764010,441086
10209,2023,31,14,2001,1.374,1456261,769604
10210,2023,32,14,150,0.779,192649,112806
10211,2023,33,14,2192,1.309,1674980,913452
10212,2023,34,14,1909,1.568,1217331,760879
10213,2023,35,14,1499,1.351,1109232,575321
10214,2023,36,14,498,2.297,216809,139055
10215,2023,37,14,1122,1.820,616326,333159
10216,2023,38,14,1858,1.439,1291380,673024
10217,2023,39,14,235,0.909,258405,151865
10218,2023,40,14,389,0.908,428427,270194
10219,2023,41,14,562,1.708,328953,186408
10220,2023,42,14,1156,1.497,772041,405452
10221,2023,43,14,124,0.543,228161,145236
10222,2023,44,14,3901,2.648,1473156,787187
10223,2023,45,14,788,1.147,687063,353544
10224,2023,46,14,104,0.592,175620,120797
10225,2023,47,14,552,1.662,332226,189189
10226,2023,48,14,98,1.281,76503,62006
10227,2023,49,14,1443,1.742,828151,406488
10228,2023,50,14,274,0.552,496815,302441
10229,2023,51,14,942,1.670,564107,300919
10230,2023,52,14,312,1.837,169865,100716
10231,2023,53,14,230,0.753,305437,159714
10232,2023,54,14,775,1.057,732898,384639
10233,2023,55,14,160,0.885,180745,100190
10234,2023,56,14,1100,1.417,776103,481682
10235,2023,57,14,1060,1.009,1050721,531542
10236,2023,58,14,244,1.206,202299,141381
10237,2023,59,14,4410,1.685,2616909,1251657
10238,2023,60,14,1711,2.060,830725,382118
10239,2023,61,14,267,0.967,276144,165115
10240,2023,62,14,1590,1.089,1460184,727951
10241,2023,63,14,606,0.912,664385,397923
10242,2023,64,14,479,0.685,699473,421756
10243,2023,65,14,142,0.614,231453,165621
10244,2023,66,14,880,1.785,492964,362350
10245,2023,67,14,676,0.584,1156963,581630
10246,2023,68,14,317,0.413,767800,389445
10247,2023,69,14,4242,2.223,1907982,964037
10248,2023,70,14,149,0.637,233920,129449
10249,2023,71,14,846,1.541,549136,314053
10250,2023,72,14,551,0.973,566129,296419
10251,2023,73,14,254,0.570,445288,358886
10252,2023,74,14,530,0.624,849583,540705
10253,2023,75,14,2412,1.141,2113705,1396753
10254,2023,76,14,1679,1.332,1260205,657851
10255,2023,77,14,3067,2.112,1452399,641376
10256,2023,78,14,1886,1.282,1470778,661312
10257,2023,79,14,453,1.207,375415,197430
10258,2023,80,14,821,1.452,565540,307149
10259,2023,81,14,254,0.641,396168,218036
10260,2023,82,14,244,0.921,264924,135891
10261,2023,83,14,1167,1.053,1108364,743682
10262,2023,84,14,747,1.314,568702,314424
10263,2023,85,14,762,1.079,706343,441153
10264,2023,86,14,562,1.281,438688,245247
10265,2023,87,14,384,1.031,372438,222826
10266,2023,88,14,264,0.736,358700,215468
10267,2023,89,14,509,1.524,333896,198598
10268,2023,90,14,46,0.328,140082,73620
10269,2023,91,14,3219,2.430,1324546,587710
10270,2023,92,14,1804,1.095,1647435,824372
10271,2023,93,14,3854,2.292,1681725,705282
10272,2023,94,14,2245,1.582,1419531,662168
10273,2023,95,14,2893,2.276,1270845,529926
10274,2024,01,14,806,1.201,671289,329783
10275,2024,02,14,910,1.731,525558,268381
10276,2024,03,14,215,0.642,334715,209666
10277,2024,04,14,145,0.867,167179,131551
10278,2024,05,14,71,0.501,141677,139877
10279,2024,06,14,920,0.825,1114579,788916
10280,2024,07,14,164,0.492,333229,209963
10281,2024,08,14,239,0.894,267204,143973
10282,2024,09,14,112,0.721,155339,111352
10283,2024,10,14,401,1.289,311076,167657
10284,2024,11,14,626,1.657,377773,268987
10285,2024,12,14,115,0.411,279736,184954
10286,2024,13,14,6817,3.294,2069811,1066675
10287,2024,14,14,562,0.798,704605,429997
10288,2024,15,14,37,0.256,144399,102634
10289,2024,16,14,371,1.055,351603,200757
10290,2024,17,14,870,1.302,668160,451118
10291,2024,18,14,397,1.326,299496,179274
10292,2024,19,14,97,0.404,240120,156356
10293,2024,21,14,839,1.561,537577,297329
10294,2024,22,14,354,0.581,609598,376517
10295,2024,23,14,78,0.675,115529,89016
10296,2024,24,14,182,0.437,416325,264136
10297,2024,25,14,515,0.939,548662,288184
10298,2024,26,14,786,1.507,521432,282419
10299,2024,27,14,761,1.266,601305,300922
10300,2024,28,14,538,1.243,432950,219670
10301,2024,29,14,794,0.856,927912,556255
10302,2024,2A,14,176,1.060,166045,124954
10303,2024,2B,14,112,0.605,185231,136722
10304,2024,30,14,929,1.216,764010,441086
10305,2024,31,14,2489,1.709,1456261,769604
10306,2024,32,14,172,0.893,192649,112806
10307,2024,33,14,2366,1.413,1674980,913452
10308,2024,34,14,1971,1.619,1217331,760879
10309,2024,35,14,1119,1.009,1109232,575321
10310,2024,36,14,394,1.817,216809,139055
10311,2024,37,14,880,1.428,616326,333159
10312,2024,38,14,2520,1.951,1291380,673024
10313,2024,39,14,237,0.917,258405,151865
10314,2024,40,14,299,0.698,428427,270194
10315,2024,41,14,415,1.262,328953,186408
10316,2024,42,14,1706,2.210,772041,405452
10317,2024,43,14,150,0.657,228161,145236
10318,2024,44,14,2817,1.912,1473156,787187
10319,2024,45,14,686,0.998,687063,353544
10320,2024,46,14,79,0.450,175620,120797
10321,2024,47,14,411,1.237,332226,189189
10322,2024,48,14,50,0.654,76503,62006
10323,2024,49,14,1075,1.298,828151,406488
10324,2024,50,14,248,0.499,496815,302441
10325,2024,51,14,936,1.659,564107,300919
10326,2024,52,14,284,1.672,169865,100716
10327,2024,53,14,182,0.596,305437,159714
10328,2024,54,14,690,0.941,732898,384639
10329,2024,55,14,155,0.858,180745,100190
10330,2024,56,14,993,1.279,776103,481682
10331,2024,57,14,943,0.897,1050721,531542
10332,2024,58,14,307,1.518,202299,141381
10333,2024,59,14,3981,1.521,2616909,1251657
10334,2024,60,14,1585,1.908,830725,382118
10335,2024,61,14,271,0.981,276144,165115
10336,2024,62,14,1645,1.127,1460184,727951
10337,2024,63,14,526,0.792,664385,397923
10338,2024,64,14,464,0.663,699473,421756
10339,2024,65,14,136,0.588,231453,165621
10340,2024,66,14,876,1.777,492964,362350
10341,2024,67,14,560,0.484,1156963,581630
10342,2024,68,14,348,0.453,767800,389445
10343,2024,69,14,5107,2.677,1907982,964037
10344,2024,70,14,178,0.761,233920,129449
10345,2024,71,14,725,1.320,549136,314053
10346,2024,72,14,605,1.069,566129,296419
10347,2024,73,14,353,0.793,445288,358886
10348,2024,74,14,498,0.586,849583,540705
10349,2024,75,14,2298,1.087,2113705,1396753
10350,2024,76,14,1993,1.581,1260205,657851
10351,2024,77,14,3494,2.406,1452399,641376
10352,2024,78,14,2925,1.989,1470778,661312
10353,2024,79,14,371,0.988,375415,197430
10354,2024,80,14,767,1.356,565540,307149
10355,2024,81,14,210,0.530,396168,218036
10356,2024,82,14,205,0.774,264924,135891
10357,2024,83,14,1091,0.984,1108364,743682
10358,2024,84,14,689,1.212,568702,314424
10359,2024,85,14,695,0.984,706343,441153
10360,2024,86,14,572,1.304,438688,245247
10361,2024,87,14,342,0.918,372438,222826
10362,2024,88,14,303,0.845,358700,215468
10363,2024,89,14,528,1.581,333896,198598
10364,2024,90,14,65,0.464,140082,73620
10365,2024,91,14,3648,2.754,1324546,587710
10366,2024,92,14,2025,1.229,1647435,824372
10367,2024,93,14,3850,2.289,1681725,705282
10368,2024,94,14,2736,1.927,1419531,662168
10369,2024,95,14,3374,2.655,1270845,529926
10370,2016,01,2,4068,6.372,638425,308491
10371,2016,02,2,5075,9.466,536136,264180
10372,2016,03,2,2846,8.386,339384,206980
10373,2016,04,2,1450,8.920,162565,126760
10374,2016,05,2,1298,9.199,141107,134647
10375,2016,06,2,13304,12.276,1083704,761857
10376,2016,07,2,2141,6.585,325157,201264
10377,2016,08,2,2603,9.453,275371,142010
10378,2016,09,2,1383,9.035,153067,108589
10379,2016,10,2,3039,9.838,308910,163064
10380,2016,11,2,4122,11.200,368025,258453
10381,2016,12,2,1392,4.995,278697,179901
10382,2016,13,2,28150,13.938,2019717,1009576
10383,2016,14,2,5694,8.208,693679,412038
10384,2016,15,2,926,6.344,145969,101070
10385,2016,16,2,3071,8.693,353288,196145
10386,2016,17,2,6315,9.834,642191,427696
10387,2016,18,2,2909,9.472,307110,177873
10388,2016,19,2,1541,6.380,241535,153380
10389,2016,21,2,4572,8.574,533213,285326
10390,2016,22,2,4362,7.283,598953,363788
10391,2016,23,2,708,5.925,119502,88330
10392,2016,24,2,2638,6.360,414789,256942
10393,2016,25,2,4981,9.249,538549,277578
10394,2016,26,2,5268,10.370,508006,269062
10395,2016,27,2,4647,7.709,602825,292969
10396,2016,28,2,3472,8.001,433929,213849
10397,2016,29,2,8213,9.043,908249,537671
10398,2016,2A,2,1643,10.648,154303,116432
10399,2016,2B,2,1794,10.184,176152,129422
10400,2016,30,2,7054,9.507,742006,419029
10401,2016,31,2,11930,8.849,1348183,703754
10402,2016,32,2,1090,5.717,190664,109392
10403,2016,33,2,16194,10.337,1566679,843050
10404,2016,34,2,12536,11.070,1132481,707572
10405,2016,35,2,8401,7.987,1051779,538258
10406,2016,36,2,1500,6.711,223505,138229
10407,2016,37,2,4878,8.047,606223,318933
10408,2016,38,2,11191,8.932,1252912,639743
10409,2016,39,2,1720,6.602,260517,148337
10410,2016,40,2,2886,7.126,405010,252298
10411,2016,41,2,2449,7.359,332769,182821
10412,2016,42,2,8127,10.665,761997,394202
10413,2016,43,2,1402,6.167,227339,142111
10414,2016,44,2,13425,9.722,1380852,729714
10415,2016,45,2,5645,8.371,674330,341549
10416,2016,46,2,1076,6.207,173347,117328
10417,2016,47,2,2565,7.707,332833,184194
10418,2016,48,2,375,4.907,76422,60395
10419,2016,49,2,6431,7.930,810934,391283
10420,2016,50,2,3303,6.628,498362,295248
10421,2016,51,2,6066,10.626,570883,292095
10422,2016,52,2,1514,8.502,178084,100722
10423,2016,53,2,1801,5.853,307688,155625
10424,2016,54,2,6964,9.490,733821,373165
10425,2016,55,2,1502,7.945,189055,99550
10426,2016,56,2,5106,6.830,747548,459455
10427,2016,57,2,8799,8.418,1045271,510597
10428,2016,58,2,1686,8.061,209161,141593
10429,2016,59,2,32409,12.447,2603723,1205062
10430,2016,60,2,8791,10.675,823542,369320
10431,2016,61,2,1949,6.831,285308,164640
10432,2016,62,2,18429,12.531,1470725,708207
10433,2016,63,2,6613,10.163,650700,382695
10434,2016,64,2,4505,6.684,673986,400053
10435,2016,65,2,1799,7.896,227829,160809
10436,2016,66,2,5715,12.048,474369,346847
10437,2016,67,2,8375,7.468,1121407,546387
10438,2016,68,2,5918,7.759,762743,373686
10439,2016,69,2,18847,10.266,1835903,904462
10440,2016,70,2,1823,7.684,237242,126631
10441,2016,71,2,3672,6.616,555023,309191
10442,2016,72,2,5073,8.938,567561,289447
10443,2016,73,2,3635,8.460,429681,341648
10444,2016,74,2,5828,7.272,801416,500698
10445,2016,75,2,26883,12.274,2190327,1374377
10446,2016,76,2,11520,9.174,1255755,634421
10447,2016,77,2,13320,9.530,1397665,604627
10448,2016,78,2,12396,8.658,1431808,629383
10449,2016,79,2,2981,7.955,374743,192620
10450,2016,80,2,6554,11.443,572744,297094
10451,2016,81,2,3216,8.322,386448,209380
10452,2016,82,2,2045,7.960,256897,130059
10453,2016,83,2,11465,10.859,1055821,707520
10454,2016,84,2,5529,9.891,559014,298637
10455,2016,85,2,4801,7.159,670597,417192
10456,2016,86,2,3152,7.228,436069,237993
10457,2016,87,2,2913,7.768,374978,219170
10458,2016,88,2,2761,7.469,369641,212925
10459,2016,89,2,2893,8.495,340544,195822
10460,2016,90,2,1387,9.626,144089,71929
10461,2016,91,2,13068,10.151,1287330,550895
10462,2016,92,2,15430,9.624,1603268,789809
10463,2016,93,2,18662,11.615,1606660,662466
10464,2016,94,2,13976,10.141,1378151,626297
10465,2016,95,2,13012,10.649,1221923,497749
10466,2017,01,2,4411,6.856,643350,313061
10467,2017,02,2,5223,9.772,534490,265548
10468,2017,03,2,3032,8.971,337988,207725
10469,2017,04,2,1557,9.499,163915,127940
10470,2017,05,2,1330,9.414,141284,135493
10471,2017,06,2,13583,12.538,1083310,766748
10472,2017,07,2,2574,7.903,325712,203015
10473,2017,08,2,2484,9.080,273579,142452
10474,2017,09,2,1328,8.671,153153,109392
10475,2017,10,2,2870,9.257,310020,164453
10476,2017,11,2,4036,10.900,370260,261180
10477,2017,12,2,1480,5.301,279206,181053
10478,2017,13,2,27596,13.633,2024162,1021226
10479,2017,14,2,6193,8.924,694002,416115
10480,2017,15,2,865,5.960,145143,101363
10481,2017,16,2,2986,8.475,352335,197059
10482,2017,17,2,6351,9.857,644303,431948
10483,2017,18,2,2539,8.345,304256,178580
10484,2017,19,2,1538,6.369,241464,154124
10485,2017,21,2,4568,8.557,533819,287831
10486,2017,22,2,4252,7.101,598814,366683
10487,2017,23,2,717,6.044,118638,88506
10488,2017,24,2,2823,6.825,413606,258732
10489,2017,25,2,4911,9.110,539067,279578
10490,2017,26,2,5092,9.954,511553,272494
10491,2017,27,2,4524,7.517,601843,295109
10492,2017,28,2,3326,7.677,433233,215350
10493,2017,29,2,8221,9.044,909028,542677
10494,2017,2A,2,1575,10.016,157249,118848
10495,2017,2B,2,1771,9.967,177689,130820
10496,2017,30,2,7182,9.651,744178,423840
10497,2017,31,2,12543,9.205,1362672,715532
10498,2017,32,2,1185,6.201,191091,110358
10499,2017,33,2,17069,10.780,1583384,856616
10500,2017,34,2,12854,11.227,1144892,718743
10501,2017,35,2,8587,8.099,1060199,546440
10502,2017,36,2,1658,7.461,222232,138634
10503,2017,37,2,5287,8.717,606511,321881
10504,2017,38,2,11558,9.182,1258722,646707
10505,2017,39,2,1986,7.633,260188,149350
10506,2017,40,2,3046,7.476,407444,255992
10507,2017,41,2,2569,7.740,331915,183643
10508,2017,42,2,7998,10.483,762941,396655
10509,2017,43,2,1413,6.217,227283,142989
10510,2017,44,2,13167,9.439,1394909,740924
10511,2017,45,2,5201,7.670,678105,344708
10512,2017,46,2,1101,6.334,173828,118075
10513,2017,47,2,2504,7.523,332842,185343
10514,2017,48,2,398,5.196,76601,60898
10515,2017,49,2,6314,7.762,813493,394578
10516,2017,50,2,3296,6.633,496883,297133
10517,2017,51,2,6095,10.714,568895,294041
10518,2017,52,2,1622,9.235,175640,100650
10519,2017,53,2,1834,5.965,307445,156662
10520,2017,54,2,6801,9.272,733481,375755
10521,2017,55,2,1367,7.303,187187,99736
10522,2017,56,2,5407,7.201,750863,464186
10523,2017,57,2,8921,8.549,1043522,514328
10524,2017,58,2,1694,8.176,207182,141642
10525,2017,59,2,30439,11.688,2604361,1214497
10526,2017,60,2,8541,10.359,824503,372778
10527,2017,61,2,2159,7.619,283372,164926
10528,2017,62,2,17226,11.734,1468018,713245
10529,2017,63,2,6585,10.073,653742,386425
10530,2017,64,2,5067,7.481,677309,404979
10531,2017,65,2,1712,7.491,228530,161703
10532,2017,66,2,5493,11.578,474452,349914
10533,2017,67,2,8624,7.662,1125559,554075
10534,2017,68,2,5992,7.843,764030,376960
10535,2017,69,2,19549,10.605,1843319,914980
10536,2017,70,2,1882,7.952,236659,127615
10537,2017,71,2,3717,6.714,553595,310391
10538,2017,72,2,4881,8.616,566506,291039
10539,2017,73,2,3624,8.405,431174,345226
10540,2017,74,2,6129,7.591,807360,508229
10541,2017,75,2,25858,11.821,2187526,1382779
10542,2017,76,2,12022,9.584,1254378,640334
10543,2017,77,2,12749,9.081,1403997,612076
10544,2017,78,2,11905,8.277,1438266,637200
10545,2017,79,2,3085,8.241,374351,193971
10546,2017,80,2,6398,11.177,572443,299211
10547,2017,81,2,3264,8.415,387890,211038
10548,2017,82,2,1977,7.652,258349,131300
10549,2017,83,2,11237,10.614,1058740,714503
10550,2017,84,2,5122,9.155,559479,301947
10551,2017,85,2,5005,7.412,675247,421680
10552,2017,86,2,3449,7.895,436876,240200
10553,2017,87,2,2803,7.486,374426,219980
10554,2017,88,2,2991,8.135,367673,213629
10555,2017,89,2,3044,8.998,338291,196697
10556,2017,90,2,1351,9.473,142622,72211
10557,2017,91,2,12662,9.769,1296130,558684
10558,2017,92,2,14809,9.202,1609306,796181
10559,2017,93,2,19268,11.871,1623111,671680
10560,2017,94,2,13552,9.764,1387926,633207
10561,2017,95,2,12805,10.422,1228618,504100
10562,2018,01,2,4416,6.819,647634,317983
10563,2018,02,2,5128,9.615,533316,266641
10564,2018,03,2,3056,9.064,337171,208375
10565,2018,04,2,1600,9.752,164068,129062
10566,2018,05,2,1298,9.225,140698,136581
10567,2018,06,2,12215,11.245,1086219,772317
10568,2018,07,2,2503,7.664,326606,204906
10569,2018,08,2,2489,9.156,271845,143015
10570,2018,09,2,1404,9.173,153066,110222
10571,2018,10,2,2786,8.987,310020,165502
10572,2018,11,2,3903,10.469,372806,263889
10573,2018,12,2,1445,5.174,279274,182028
10574,2018,13,2,24527,12.056,2034357,1034043
10575,2018,14,2,5709,8.226,694056,419714
10576,2018,15,2,940,6.493,144765,101693
10577,2018,16,2,3005,8.542,351778,198242
10578,2018,17,2,5963,9.217,646932,436869
10579,2018,18,2,2593,8.546,303408,179125
10580,2018,19,2,1505,6.256,240583,154657
10581,2018,21,2,4432,8.312,533220,290523
10582,2018,22,2,4205,7.013,599584,369601
10583,2018,23,2,779,6.630,117503,88728
10584,2018,24,2,2613,6.320,413418,260245
10585,2018,25,2,4509,8.328,541454,282056
10586,2018,26,2,4680,9.092,514732,275727
10587,2018,27,2,4709,7.849,599962,297286
10588,2018,28,2,3296,7.630,431997,216684
10589,2018,29,2,7870,8.632,911735,545808
10590,2018,2A,2,1581,10.016,157853,120567
10591,2018,2B,2,1723,9.535,180701,132077
10592,2018,30,2,6835,9.169,745458,428087
10593,2018,31,2,12372,8.961,1380672,728249
10594,2018,32,2,1047,5.474,191283,111171
10595,2018,33,2,16669,10.406,1601845,872327
10596,2018,34,2,12564,10.838,1159220,729653
10597,2018,35,2,8284,7.748,1069228,554254
10598,2018,36,2,1581,7.167,220595,138879
10599,2018,37,2,5209,8.571,607760,325172
10600,2018,38,2,12466,9.866,1263563,653289
10601,2018,39,2,2061,7.935,259746,150169
10602,2018,40,2,2863,6.977,410355,259512
10603,2018,41,2,2618,7.927,330248,184614
10604,2018,42,2,8619,11.290,763441,399134
10605,2018,43,2,1538,6.759,227552,143699
10606,2018,44,2,13127,9.293,1412502,752968
10607,2018,45,2,5140,7.572,678845,347107
10608,2018,46,2,1135,6.526,173929,118998
10609,2018,47,2,2678,8.067,331970,186511
10610,2018,48,2,411,5.371,76520,61340
10611,2018,49,2,6362,7.798,815883,397887
10612,2018,50,2,3237,6.526,495983,298631
10613,2018,51,2,5784,10.193,567462,295611
10614,2018,52,2,1618,9.295,174069,100617
10615,2018,53,2,1882,6.129,307084,157552
10616,2018,54,2,6590,8.985,733469,378055
10617,2018,55,2,1440,7.769,185355,99893
10618,2018,56,2,4908,6.502,754867,468872
10619,2018,57,2,8627,8.267,1043524,518772
10620,2018,58,2,1734,8.425,205828,141623
10621,2018,59,2,28635,10.987,2606234,1224589
10622,2018,60,2,7821,9.455,827153,376185
10623,2018,61,2,2048,7.273,281593,165463
10624,2018,62,2,16359,11.153,1466743,717901
10625,2018,63,2,6569,9.967,659048,389711
10626,2018,64,2,4937,7.262,679810,409790
10627,2018,65,2,1809,7.893,229191,162729
10628,2018,66,2,5406,11.349,476357,352742
10629,2018,67,2,9065,7.997,1133552,561562
10630,2018,68,2,6057,7.918,764981,380238
10631,2018,69,2,18575,9.989,1859524,926576
10632,2018,70,2,1898,8.042,236018,128333
10633,2018,71,2,4123,7.467,552185,311499
10634,2018,72,2,4625,8.172,565963,292628
10635,2018,73,2,3395,7.828,433724,349226
10636,2018,74,2,5935,7.267,816699,517217
10637,2018,75,2,26864,12.348,2175601,1386846
10638,2018,76,2,11391,9.070,1255883,645786
10639,2018,77,2,12340,8.736,1412516,619784
10640,2018,78,2,11158,7.741,1441398,643946
10641,2018,79,2,2942,7.850,374799,195051
10642,2018,80,2,5907,10.351,570662,301740
10643,2018,81,2,2969,7.640,388596,212905
10644,2018,82,2,1737,6.703,259124,132603
10645,2018,83,2,11047,10.347,1067697,722128
10646,2018,84,2,5094,9.100,559793,305436
10647,2018,85,2,4971,7.310,679991,426426
10648,2018,86,2,3649,8.339,437586,241951
10649,2018,87,2,2770,7.422,373199,220762
10650,2018,88,2,2853,7.793,366112,214363
10651,2018,89,2,3128,9.268,337504,197683
10652,2018,90,2,1291,9.101,141852,72929
10653,2018,91,2,11871,9.155,1296641,564587
10654,2018,92,2,13898,8.584,1619120,801737
10655,2018,93,2,17012,10.420,1632677,679663
10656,2018,94,2,12241,8.763,1396913,640016
10657,2018,95,2,12004,9.692,1238581,510302
10658,2019,01,2,4493,6.887,652432,321432
10659,2019,02,2,4909,9.239,531345,266922
10660,2019,03,2,3113,9.266,335975,208863
10661,2019,04,2,1672,10.176,164308,129690
10662,2019,05,2,1196,8.469,141220,137644
10663,2019,06,2,12462,11.388,1094283,778291
10664,2019,07,2,2280,6.945,328278,206435
10665,2019,08,2,2544,9.402,270582,142983
10666,2019,09,2,1372,8.951,153287,110526
10667,2019,10,2,2680,8.638,310242,166101
10668,2019,11,2,3822,10.217,374070,265167
10669,2019,12,2,1448,5.179,279595,182769
10670,2019,13,2,24370,11.928,2043110,1044973
10671,2019,14,2,6057,8.716,694905,422082
10672,2019,15,2,851,5.881,144692,101953
10673,2019,16,2,2846,8.085,352015,198920
10674,2019,17,2,6238,9.577,651358,440935
10675,2019,18,2,2690,8.898,302306,179430
10676,2019,19,2,1610,6.706,240073,155041
10677,2019,21,2,4711,8.820,534124,292479
10678,2019,22,2,4311,7.178,600582,371643
10679,2019,23,2,776,6.654,116617,88646
10680,2019,24,2,2637,6.382,413223,261104
10681,2019,25,2,4188,7.699,543974,283778
10682,2019,26,2,4916,9.513,516762,277777
10683,2019,27,2,4671,7.791,599507,298148
10684,2019,28,2,3234,7.493,431575,217440
10685,2019,29,2,7672,8.384,915090,549039
10686,2019,2A,2,1668,10.523,158507,122005
10687,2019,2B,2,1771,9.734,181933,133540
10688,2019,30,2,6834,9.131,748437,431684
10689,2019,31,2,12534,8.953,1400039,740546
10690,2019,32,2,1150,6.009,191377,111536
10691,2019,33,2,17610,10.845,1623749,886986
10692,2019,34,2,13163,11.197,1175623,739737
10693,2019,35,2,8204,7.600,1079498,561343
10694,2019,36,2,1597,7.282,219316,138826
10695,2019,37,2,5144,8.432,610079,328095
10696,2019,38,2,12648,9.950,1271166,659031
10697,2019,39,2,1924,7.423,259199,150475
10698,2019,40,2,2925,7.071,413690,262370
10699,2019,41,2,2473,7.506,329470,185077
10700,2019,42,2,8185,10.690,765634,401112
10701,2019,43,2,1470,6.460,227570,143916
10702,2019,44,2,12961,9.068,1429272,764010
10703,2019,45,2,4668,6.860,680434,348977
10704,2019,46,2,1059,6.083,174094,119499
10705,2019,47,2,2419,7.302,331271,187058
10706,2019,48,2,376,4.908,76604,61547
10707,2019,49,2,6394,7.814,818273,400508
10708,2019,50,2,3088,6.238,495045,299656
10709,2019,51,2,5526,9.749,566855,297288
10710,2019,52,2,1540,8.927,172512,100382
10711,2019,53,2,1756,5.719,307062,158083
10712,2019,54,2,6401,8.724,733760,379680
10713,2019,55,2,1399,7.600,184083,99834
10714,2019,56,2,5083,6.691,759684,472749
10715,2019,57,2,8365,7.993,1046543,523268
10716,2019,58,2,1745,8.535,204452,141411
10717,2019,59,2,28759,11.026,2608346,1232504
10718,2019,60,2,7447,8.979,829419,378048
10719,2019,61,2,1942,6.937,279942,165100
10720,2019,62,2,15747,10.747,1465278,720800
10721,2019,63,2,6528,9.859,662152,392038
10722,2019,64,2,4820,7.061,682621,413357
10723,2019,65,2,1674,7.292,229567,163634
10724,2019,66,2,5469,11.394,479979,355661
10725,2019,67,2,8895,7.802,1140057,567991
10726,2019,68,2,6084,7.931,767086,382805
10727,2019,69,2,18340,9.777,1875747,937544
10728,2019,70,2,1838,7.811,235313,128450
10729,2019,71,2,3914,7.097,551493,311966
10730,2019,72,2,4889,8.632,566412,293561
10731,2019,73,2,3486,7.987,436434,352254
10732,2019,74,2,5565,6.737,826094,525404
10733,2019,75,2,27730,12.806,2165423,1389375
10734,2019,76,2,11598,9.237,1255633,649681
10735,2019,77,2,12272,8.635,1421197,626435
10736,2019,78,2,11152,7.701,1448207,649383
10737,2019,79,2,2864,7.640,374878,195568
10738,2019,80,2,5645,9.894,570559,303449
10739,2019,81,2,2987,7.662,389844,214423
10740,2019,82,2,1719,6.595,260669,133522
10741,2019,83,2,10599,9.844,1076711,729223
10742,2019,84,2,5017,8.935,561469,308505
10743,2019,85,2,5127,7.480,685442,430815
10744,2019,86,2,3597,8.204,438435,242907
10745,2019,87,2,2933,7.877,372359,221194
10746,2019,88,2,3026,8.302,364499,214287
10747,2019,89,2,2822,8.406,335707,197718
10748,2019,90,2,1241,8.782,141318,73180
10749,2019,91,2,11350,8.720,1301659,570417
10750,2019,92,2,14088,8.673,1624357,807711
10751,2019,93,2,18362,11.163,1644903,687238
10752,2019,94,2,12611,8.962,1407124,647289
10753,2019,95,2,12101,9.683,1249674,517063
10754,2020,01,2,4021,6.112,657856,325431
10755,2020,02,2,4484,8.470,529374,267555
10756,2020,03,2,2682,7.991,335628,209251
10757,2020,04,2,1234,7.458,165451,130500
10758,2020,05,2,1098,7.809,140605,138751
10759,2020,06,2,10442,9.515,1097410,783398
10760,2020,07,2,2108,6.401,329325,207922
10761,2020,08,2,2132,7.905,269701,143402
10762,2020,09,2,1131,7.346,153954,110875
10763,2020,10,2,2347,7.536,311435,166928
10764,2020,11,2,3348,8.923,375217,266877
10765,2020,12,2,1314,4.700,279554,183702
10766,2020,13,2,21759,10.624,2048070,1055315
10767,2020,14,2,4795,6.874,697547,426069
10768,2020,15,2,698,4.834,144379,102234
10769,2020,16,2,2410,6.852,351718,199746
10770,2020,17,2,5254,8.013,655709,445578
10771,2020,18,2,2048,6.806,300933,179389
10772,2020,19,2,1240,5.184,239190,155575
10773,2020,21,2,4042,7.554,535078,294776
10774,2020,22,2,3698,6.126,603640,373909
10775,2020,23,2,638,5.500,115995,88769
10776,2020,24,2,2453,5.942,412807,262321
10777,2020,25,2,3658,6.709,545209,285770
10778,2020,26,2,4144,8.004,517709,279948
10779,2020,27,2,4004,6.677,599668,299419
10780,2020,28,2,2813,6.520,431443,218433
10781,2020,29,2,6683,7.286,917179,552465
10782,2020,2A,2,1387,8.625,160814,123650
10783,2020,2B,2,1463,7.999,182887,135125
10784,2020,30,2,5690,7.572,751457,435785
10785,2020,31,2,10471,7.396,1415757,754396
10786,2020,32,2,921,4.801,191819,112134
10787,2020,33,2,15424,9.426,1636391,900198
10788,2020,34,2,10919,9.184,1188973,750002
10789,2020,35,2,7299,6.703,1088855,568308
10790,2020,36,2,1303,5.958,218707,138959
10791,2020,37,2,4137,6.758,612119,330454
10792,2020,38,2,10793,8.448,1277513,665362
10793,2020,39,2,1741,6.727,258798,151009
10794,2020,40,2,2499,5.977,418122,265930
10795,2020,41,2,1905,5.784,329357,185591
10796,2020,42,2,6928,9.015,768508,403254
10797,2020,43,2,1306,5.741,227489,144442
10798,2020,44,2,10736,7.429,1445171,776207
10799,2020,45,2,4185,6.134,682304,351028
10800,2020,46,2,910,5.210,174670,120123
10801,2020,47,2,2200,6.650,330844,188120
10802,2020,48,2,456,5.950,76633,61734
10803,2020,49,2,5338,6.504,820713,403157
10804,2020,50,2,2680,5.413,495093,301071
10805,2020,51,2,4588,8.097,566659,299421
10806,2020,52,2,1208,7.032,171798,100520
10807,2020,53,2,1648,5.376,306538,158874
10808,2020,54,2,5660,7.726,732590,381849
10809,2020,55,2,1344,7.344,183001,100007
10810,2020,56,2,4372,5.721,764161,476941
10811,2020,57,2,6952,6.626,1049155,527832
10812,2020,58,2,1425,7.031,202670,141219
10813,2020,59,2,24342,9.334,2607746,1241241
10814,2020,60,2,5896,7.106,829699,380003
10815,2020,61,2,1711,6.144,278475,164988
10816,2020,62,2,13189,9.020,1462167,724156
10817,2020,63,2,5830,8.809,661852,394760
10818,2020,64,2,4132,6.012,687240,417293
10819,2020,65,2,1390,6.049,229788,164545
10820,2020,66,2,4922,10.195,482765,359151
10821,2020,67,2,7839,6.828,1148073,575001
10822,2020,68,2,4989,6.497,767842,386082
10823,2020,69,2,16320,8.665,1883437,949531
10824,2020,70,2,1578,6.726,234601,128855
10825,2020,71,2,3278,5.949,551063,312880
10826,2020,72,2,4132,7.288,566993,294778
10827,2020,73,2,3129,7.115,439750,355575
10828,2020,74,2,5138,6.152,835206,533337
10829,2020,75,2,22426,10.451,2145906,1393800
10830,2020,76,2,9212,7.342,1254739,653680
10831,2020,77,2,9933,6.953,1428636,634163
10832,2020,78,2,10155,7.005,1449723,654741
10833,2020,79,2,2309,6.166,374481,196421
10834,2020,80,2,5047,8.874,568748,305380
10835,2020,81,2,2549,6.518,391066,215987
10836,2020,82,2,1610,6.138,262316,134694
10837,2020,83,2,9481,8.737,1085189,735547
10838,2020,84,2,4303,7.657,561941,311098
10839,2020,85,2,4461,6.440,692705,435953
10840,2020,86,2,3138,7.143,439332,243821
10841,2020,87,2,2461,6.613,372123,221779
10842,2020,88,2,2605,7.188,362397,214812
10843,2020,89,2,2591,7.754,334156,197870
10844,2020,90,2,912,6.509,140120,73384
10845,2020,91,2,9901,7.580,1306118,577712
10846,2020,92,2,12160,7.477,1626213,815765
10847,2020,93,2,16587,10.020,1655422,696152
10848,2020,94,2,11099,7.883,1407972,654340
10849,2020,95,2,10575,8.448,1251804,523106
10850,2021,01,2,4153,6.262,663202,329783
10851,2021,02,2,4333,8.215,527468,268381
10852,2021,03,2,2679,8.000,334872,209666
10853,2021,04,2,1500,9.032,166077,131551
10854,2021,05,2,1198,8.498,140976,139877
10855,2021,06,2,10519,9.529,1103941,788916
10856,2021,07,2,2406,7.260,331415,209963
10857,2021,08,2,2232,8.302,268859,143973
10858,2021,09,2,1212,7.840,154596,111352
10859,2021,10,2,2196,7.054,311329,167657
10860,2021,11,2,3437,9.140,376028,268987
10861,2021,12,2,1274,4.556,279649,184954
10862,2021,13,2,23264,11.310,2056943,1066675
10863,2021,14,2,4867,6.947,700633,429997
10864,2021,15,2,819,5.679,144226,102634
10865,2021,16,2,2769,7.892,350867,200757
10866,2021,17,2,5395,8.157,661404,451118
10867,2021,18,2,2253,7.521,299573,179274
10868,2021,19,2,1244,5.188,239784,156356
10869,2021,21,2,3984,7.440,535503,297329
10870,2021,22,2,3974,6.559,605917,376517
10871,2021,23,2,689,5.955,115702,89016
10872,2021,24,2,2392,5.782,413730,264136
10873,2021,25,2,3814,6.971,547096,288184
10874,2021,26,2,4306,8.289,519458,282419
10875,2021,27,2,4082,6.815,598934,300922
10876,2021,28,2,3022,7.007,431277,219670
10877,2021,29,2,7200,7.812,921638,556255
10878,2021,2A,2,1499,9.200,162942,124954
10879,2021,2B,2,1707,9.244,184655,136722
10880,2021,30,2,5722,7.563,756543,441086
10881,2021,31,2,10491,7.314,1434367,769604
10882,2021,32,2,1011,5.254,192437,112806
10883,2021,33,2,16128,9.745,1654970,913452
10884,2021,34,2,11137,9.266,1201883,760879
10885,2021,35,2,7212,6.566,1098325,575321
10886,2021,36,2,1477,6.799,217228,139055
10887,2021,37,2,4277,6.987,612160,333159
10888,2021,38,2,11326,8.814,1284948,673024
10889,2021,39,2,1658,6.413,258555,151865
10890,2021,40,2,2739,6.476,422976,270194
10891,2021,41,2,2007,6.110,328504,186408
10892,2021,42,2,6818,8.866,769029,405452
10893,2021,43,2,1423,6.261,227284,145236
10894,2021,44,2,11243,7.712,1457806,787187
10895,2021,45,2,4063,5.935,684561,353544
10896,2021,46,2,1006,5.750,174942,120797
10897,2021,47,2,2355,7.110,331229,189189
10898,2021,48,2,461,6.025,76519,62006
10899,2021,49,2,5607,6.798,824743,406488
10900,2021,50,2,2819,5.689,495508,302441
10901,2021,51,2,4743,8.390,565292,300919
10902,2021,52,2,1277,7.466,171042,100716
10903,2021,53,2,1771,5.789,305933,159714
10904,2021,54,2,5782,7.894,732486,384639
10905,2021,55,2,1450,7.971,181919,100190
10906,2021,56,2,4618,6.008,768687,481682
10907,2021,57,2,7326,6.978,1049942,531542
10908,2021,58,2,1449,7.158,202417,141381
10909,2021,59,2,25048,9.592,2611293,1251657
10910,2021,60,2,5774,6.966,828838,382118
10911,2021,61,2,1815,6.553,276973,165115
10912,2021,62,2,12254,8.385,1461441,727951
10913,2021,63,2,5602,8.459,662285,397923
10914,2021,64,2,4487,6.474,693027,421756
10915,2021,65,2,1344,5.819,230956,165621
10916,2021,66,2,5046,10.355,487307,362350
10917,2021,67,2,7482,6.491,1152662,581630
10918,2021,68,2,5201,6.780,767083,389445
10919,2021,69,2,17172,9.068,1893692,964037
10920,2021,70,2,1590,6.786,234296,129449
10921,2021,71,2,3438,6.259,549288,314053
10922,2021,72,2,4126,7.289,566058,296419
10923,2021,73,2,3148,7.115,442468,358886
10924,2021,74,2,5411,6.430,841482,540705
10925,2021,75,2,22017,10.322,2133111,1396753
10926,2021,76,2,9376,7.465,1255918,657851
10927,2021,77,2,10312,7.171,1438100,641376
10928,2021,78,2,9360,6.427,1456365,661312
10929,2021,79,2,2509,6.698,374587,197430
10930,2021,80,2,4900,8.653,566252,307149
10931,2021,81,2,2602,6.611,393572,218036
10932,2021,82,2,1553,5.896,263377,135891
10933,2021,83,2,10419,9.512,1095337,743682
10934,2021,84,2,4807,8.515,564566,314424
10935,2021,85,2,4693,6.709,699459,441153
10936,2021,86,2,3239,7.372,439385,245247
10937,2021,87,2,2642,7.108,371691,222826
10938,2021,88,2,2527,7.006,360673,215468
10939,2021,89,2,2502,7.505,333385,198598
10940,2021,90,2,1015,7.268,139654,73620
10941,2021,91,2,10101,7.689,1313768,587710
10942,2021,92,2,12386,7.574,1635291,824372
10943,2021,93,2,16447,9.856,1668670,705282
10944,2021,94,2,11019,7.785,1415367,662168
10945,2021,95,2,10228,8.139,1256607,529926
10946,2022,01,2,4248,6.328,671289,329783
10947,2022,02,2,4462,8.490,525558,268381
10948,2022,03,2,2570,7.678,334715,209666
10949,2022,04,2,1497,8.954,167179,131551
10950,2022,05,2,1285,9.070,141677,139877
10951,2022,06,2,10318,9.257,1114579,788916
10952,2022,07,2,2366,7.100,333229,209963
10953,2022,08,2,2316,8.668,267204,143973
10954,2022,09,2,1369,8.813,155339,111352
10955,2022,10,2,2396,7.702,311076,167657
10956,2022,11,2,3595,9.516,377773,268987
10957,2022,12,2,1374,4.912,279736,184954
10958,2022,13,2,22833,11.031,2069811,1066675
10959,2022,14,2,4907,6.964,704605,429997
10960,2022,15,2,871,6.032,144399,102634
10961,2022,16,2,2937,8.353,351603,200757
10962,2022,17,2,5364,8.028,668160,451118
10963,2022,18,2,2088,6.972,299496,179274
10964,2022,19,2,1338,5.572,240120,156356
10965,2022,21,2,4082,7.593,537577,297329
10966,2022,22,2,4486,7.359,609598,376517
10967,2022,23,2,728,6.301,115529,89016
10968,2022,24,2,2566,6.163,416325,264136
10969,2022,25,2,3739,6.815,548662,288184
10970,2022,26,2,4282,8.212,521432,282419
10971,2022,27,2,4127,6.863,601305,300922
10972,2022,28,2,3194,7.377,432950,219670
10973,2022,29,2,7086,7.637,927912,556255
10974,2022,2A,2,1654,9.961,166045,124954
10975,2022,2B,2,1760,9.502,185231,136722
10976,2022,30,2,6039,7.904,764010,441086
10977,2022,31,2,11270,7.739,1456261,769604
10978,2022,32,2,969,5.030,192649,112806
10979,2022,33,2,14504,8.659,1674980,913452
10980,2022,34,2,11436,9.394,1217331,760879
10981,2022,35,2,7741,6.979,1109232,575321
10982,2022,36,2,1512,6.974,216809,139055
10983,2022,37,2,4369,7.089,616326,333159
10984,2022,38,2,10935,8.468,1291380,673024
10985,2022,39,2,1783,6.900,258405,151865
10986,2022,40,2,2906,6.783,428427,270194
10987,2022,41,2,2300,6.992,328953,186408
10988,2022,42,2,7278,9.427,772041,405452
10989,2022,43,2,1470,6.443,228161,145236
10990,2022,44,2,10881,7.386,1473156,787187
10991,2022,45,2,4238,6.168,687063,353544
10992,2022,46,2,1042,5.933,175620,120797
10993,2022,47,2,2436,7.332,332226,189189
10994,2022,48,2,422,5.516,76503,62006
10995,2022,49,2,5308,6.409,828151,406488
10996,2022,50,2,3028,6.095,496815,302441
10997,2022,51,2,4895,8.677,564107,300919
10998,2022,52,2,1448,8.524,169865,100716
10999,2022,53,2,1863,6.099,305437,159714
11000,2022,54,2,5987,8.169,732898,384639
11001,2022,55,2,1321,7.309,180745,100190
11002,2022,56,2,4865,6.268,776103,481682
11003,2022,57,2,7204,6.856,1050721,531542
11004,2022,58,2,1471,7.271,202299,141381
11005,2022,59,2,24143,9.226,2616909,1251657
11006,2022,60,2,5774,6.951,830725,382118
11007,2022,61,2,2080,7.532,276144,165115
11008,2022,62,2,12733,8.720,1460184,727951
11009,2022,63,2,5384,8.104,664385,397923
11010,2022,64,2,4705,6.726,699473,421756
11011,2022,65,2,1556,6.723,231453,165621
11012,2022,66,2,5404,10.962,492964,362350
11013,2022,67,2,7427,6.419,1156963,581630
11014,2022,68,2,5245,6.831,767800,389445
11015,2022,69,2,16709,8.757,1907982,964037
11016,2022,70,2,1594,6.814,233920,129449
11017,2022,71,2,3295,6.000,549136,314053
11018,2022,72,2,4144,7.320,566129,296419
11019,2022,73,2,3340,7.501,445288,358886
11020,2022,74,2,5769,6.790,849583,540705
11021,2022,75,2,21196,10.028,2113705,1396753
11022,2022,76,2,10275,8.153,1260205,657851
11023,2022,77,2,10455,7.198,1452399,641376
11024,2022,78,2,9396,6.388,1470778,661312
11025,2022,79,2,2554,6.803,375415,197430
11026,2022,80,2,5321,9.409,565540,307149
11027,2022,81,2,2663,6.722,396168,218036
11028,2022,82,2,1607,6.066,264924,135891
11029,2022,83,2,10556,9.524,1108364,743682
11030,2022,84,2,4856,8.539,568702,314424
11031,2022,85,2,4681,6.627,706343,441153
11032,2022,86,2,3334,7.600,438688,245247
11033,2022,87,2,2747,7.376,372438,222826
11034,2022,88,2,2631,7.335,358700,215468
11035,2022,89,2,2803,8.395,333896,198598
11036,2022,90,2,1123,8.017,140082,73620
11037,2022,91,2,10021,7.566,1324546,587710
11038,2022,92,2,12859,7.805,1647435,824372
11039,2022,93,2,16775,9.975,1681725,705282
11040,2022,94,2,10936,7.704,1419531,662168
11041,2022,95,2,10774,8.478,1270845,529926
11042,2023,01,2,4241,6.318,671289,329783
11043,2023,02,2,4584,8.722,525558,268381
11044,2023,03,2,2408,7.194,334715,209666
11045,2023,04,2,1534,9.176,167179,131551
11046,2023,05,2,1308,9.232,141677,139877
11047,2023,06,2,10344,9.281,1114579,788916
11048,2023,07,2,2329,6.989,333229,209963
11049,2023,08,2,2393,8.956,267204,143973
11050,2023,09,2,1358,8.742,155339,111352
11051,2023,10,2,2384,7.664,311076,167657
11052,2023,11,2,3682,9.747,377773,268987
11053,2023,12,2,1276,4.561,279736,184954
11054,2023,13,2,22307,10.777,2069811,1066675
11055,2023,14,2,5000,7.096,704605,429997
11056,2023,15,2,888,6.150,144399,102634
11057,2023,16,2,3008,8.555,351603,200757
11058,2023,17,2,5351,8.009,668160,451118
11059,2023,18,2,2112,7.052,299496,179274
11060,2023,19,2,1459,6.076,240120,156356
11061,2023,21,2,4081,7.591,537577,297329
11062,2023,22,2,4248,6.969,609598,376517
11063,2023,23,2,682,5.903,115529,89016
11064,2023,24,2,2619,6.291,416325,264136
11065,2023,25,2,3699,6.742,548662,288184
11066,2023,26,2,4540,8.707,521432,282419
11067,2023,27,2,4048,6.732,601305,300922
11068,2023,28,2,3247,7.500,432950,219670
11069,2023,29,2,7126,7.680,927912,556255
11070,2023,2A,2,1558,9.383,166045,124954
11071,2023,2B,2,1623,8.762,185231,136722
11072,2023,30,2,5964,7.806,764010,441086
11073,2023,31,2,12579,8.638,1456261,769604
11074,2023,32,2,1026,5.326,192649,112806
11075,2023,33,2,13560,8.096,1674980,913452
11076,2023,34,2,12070,9.915,1217331,760879
11077,2023,35,2,7952,7.169,1109232,575321
11078,2023,36,2,1718,7.924,216809,139055
11079,2023,37,2,4392,7.126,616326,333159
11080,2023,38,2,11259,8.719,1291380,673024
11081,2023,39,2,1850,7.159,258405,151865
11082,2023,40,2,3081,7.191,428427,270194
11083,2023,41,2,2205,6.703,328953,186408
11084,2023,42,2,7354,9.525,772041,405452
11085,2023,43,2,1506,6.601,228161,145236
11086,2023,44,2,11210,7.610,1473156,787187
11087,2023,45,2,4644,6.759,687063,353544
11088,2023,46,2,1055,6.007,175620,120797
11089,2023,47,2,2275,6.848,332226,189189
11090,2023,48,2,399,5.215,76503,62006
11091,2023,49,2,5567,6.722,828151,406488
11092,2023,50,2,3186,6.413,496815,302441
11093,2023,51,2,5476,9.707,564107,300919
11094,2023,52,2,1370,8.065,169865,100716
11095,2023,53,2,1641,5.373,305437,159714
11096,2023,54,2,6237,8.510,732898,384639
11097,2023,55,2,1426,7.890,180745,100190
11098,2023,56,2,5124,6.602,776103,481682
11099,2023,57,2,7700,7.328,1050721,531542
11100,2023,58,2,1524,7.533,202299,141381
11101,2023,59,2,25458,9.728,2616909,1251657
11102,2023,60,2,5951,7.164,830725,382118
11103,2023,61,2,2180,7.894,276144,165115
11104,2023,62,2,13676,9.366,1460184,727951
11105,2023,63,2,5453,8.208,664385,397923
11106,2023,64,2,4836,6.914,699473,421756
11107,2023,65,2,1603,6.926,231453,165621
11108,2023,66,2,5583,11.325,492964,362350
11109,2023,67,2,8078,6.982,1156963,581630
11110,2023,68,2,5096,6.637,767800,389445
11111,2023,69,2,16799,8.805,1907982,964037
11112,2023,70,2,1722,7.361,233920,129449
11113,2023,71,2,3376,6.148,549136,314053
11114,2023,72,2,4193,7.406,566129,296419
11115,2023,73,2,3493,7.844,445288,358886
11116,2023,74,2,6037,7.106,849583,540705
11117,2023,75,2,20598,9.745,2113705,1396753
11118,2023,76,2,10582,8.397,1260205,657851
11119,2023,77,2,11091,7.636,1452399,641376
11120,2023,78,2,10284,6.992,1470778,661312
11121,2023,79,2,2575,6.859,375415,197430
11122,2023,80,2,5434,9.609,565540,307149
11123,2023,81,2,2615,6.601,396168,218036
11124,2023,82,2,1627,6.141,264924,135891
11125,2023,83,2,10288,9.282,1108364,743682
11126,2023,84,2,4773,8.393,568702,314424
11127,2023,85,2,4664,6.603,706343,441153
11128,2023,86,2,3266,7.445,438688,245247
11129,2023,87,2,2902,7.792,372438,222826
11130,2023,88,2,2637,7.352,358700,215468
11131,2023,89,2,2662,7.973,333896,198598
11132,2023,90,2,1171,8.359,140082,73620
11133,2023,91,2,11491,8.675,1324546,587710
11134,2023,92,2,13787,8.369,1647435,824372
11135,2023,93,2,17894,10.640,1681725,705282
11136,2023,94,2,11589,8.164,1419531,662168
11137,2023,95,2,11471,9.026,1270845,529926
11138,2024,01,2,4228,6.298,671289,329783
11139,2024,02,2,4854,9.236,525558,268381
11140,2024,03,2,2518,7.523,334715,209666
11141,2024,04,2,1418,8.482,167179,131551
11142,2024,05,2,1126,7.948,141677,139877
11143,2024,06,2,10530,9.448,1114579,788916
11144,2024,07,2,2307,6.923,333229,209963
11145,2024,08,2,2255,8.439,267204,143973
11146,2024,09,2,1378,8.871,155339,111352
11147,2024,10,2,2174,6.989,311076,167657
11148,2024,11,2,3767,9.972,377773,268987
11149,2024,12,2,1466,5.241,279736,184954
11150,2024,13,2,21162,10.224,2069811,1066675
11151,2024,14,2,4882,6.929,704605,429997
11152,2024,15,2,785,5.436,144399,102634
11153,2024,16,2,2829,8.046,351603,200757
11154,2024,17,2,5490,8.217,668160,451118
11155,2024,18,2,2263,7.556,299496,179274
11156,2024,19,2,1382,5.755,240120,156356
11157,2024,21,2,4035,7.506,537577,297329
11158,2024,22,2,4317,7.082,609598,376517
11159,2024,23,2,689,5.964,115529,89016
11160,2024,24,2,2539,6.099,416325,264136
11161,2024,25,2,3548,6.467,548662,288184
11162,2024,26,2,4341,8.325,521432,282419
11163,2024,27,2,3829,6.368,601305,300922
11164,2024,28,2,2902,6.703,432950,219670
11165,2024,29,2,6874,7.408,927912,556255
11166,2024,2A,2,1370,8.251,166045,124954
11167,2024,2B,2,1560,8.422,185231,136722
11168,2024,30,2,6217,8.137,764010,441086
11169,2024,31,2,11873,8.153,1456261,769604
11170,2024,32,2,1064,5.523,192649,112806
11171,2024,33,2,14733,8.796,1674980,913452
11172,2024,34,2,11909,9.783,1217331,760879
11173,2024,35,2,7496,6.758,1109232,575321
11174,2024,36,2,1689,7.790,216809,139055
11175,2024,37,2,4086,6.630,616326,333159
11176,2024,38,2,10758,8.331,1291380,673024
11177,2024,39,2,1670,6.463,258405,151865
11178,2024,40,2,2938,6.858,428427,270194
11179,2024,41,2,2211,6.721,328953,186408
11180,2024,42,2,6714,8.696,772041,405452
11181,2024,43,2,1237,5.422,228161,145236
11182,2024,44,2,10771,7.312,1473156,787187
11183,2024,45,2,4040,5.880,687063,353544
11184,2024,46,2,1030,5.865,175620,120797
11185,2024,47,2,2477,7.456,332226,189189
11186,2024,48,2,386,5.046,76503,62006
11187,2024,49,2,5693,6.874,828151,406488
11188,2024,50,2,3129,6.298,496815,302441
11189,2024,51,2,5138,9.108,564107,300919
11190,2024,52,2,1206,7.100,169865,100716
11191,2024,53,2,1669,5.464,305437,159714
11192,2024,54,2,5778,7.884,732898,384639
11193,2024,55,2,1357,7.508,180745,100190
11194,2024,56,2,5066,6.527,776103,481682
11195,2024,57,2,7384,7.028,1050721,531542
11196,2024,58,2,1604,7.929,202299,141381
11197,2024,59,2,24133,9.222,2616909,1251657
11198,2024,60,2,5556,6.688,830725,382118
11199,2024,61,2,2104,7.619,276144,165115
11200,2024,62,2,13096,8.969,1460184,727951
11201,2024,63,2,5270,7.932,664385,397923
11202,2024,64,2,4698,6.716,699473,421756
11203,2024,65,2,1612,6.965,231453,165621
11204,2024,66,2,5762,11.688,492964,362350
11205,2024,67,2,7826,6.764,1156963,581630
11206,2024,68,2,4865,6.336,767800,389445
11207,2024,69,2,15684,8.220,1907982,964037
11208,2024,70,2,1634,6.985,233920,129449
11209,2024,71,2,3268,5.951,549136,314053
11210,2024,72,2,3897,6.884,566129,296419
11211,2024,73,2,3353,7.530,445288,358886
11212,2024,74,2,6112,7.194,849583,540705
11213,2024,75,2,17858,8.449,2113705,1396753
11214,2024,76,2,9830,7.800,1260205,657851
11215,2024,77,2,10129,6.974,1452399,641376
11216,2024,78,2,9742,6.624,1470778,661312
11217,2024,79,2,2218,5.908,375415,197430
11218,2024,80,2,5435,9.610,565540,307149
11219,2024,81,2,2679,6.762,396168,218036
11220,2024,82,2,1600,6.039,264924,135891
11221,2024,83,2,10132,9.141,1108364,743682
11222,2024,84,2,4954,8.711,568702,314424
11223,2024,85,2,4698,6.651,706343,441153
11224,2024,86,2,2756,6.282,438688,245247
11225,2024,87,2,2762,7.416,372438,222826
11226,2024,88,2,2598,7.243,358700,215468
11227,2024,89,2,2441,7.311,333896,198598
11228,2024,90,2,1029,7.346,140082,73620
11229,2024,91,2,10743,8.111,1324546,587710
11230,2024,92,2,13076,7.937,1647435,824372
11231,2024,93,2,16015,9.523,1681725,705282
11232,2024,94,2,10462,7.370,1419531,662168
11233,2024,95,2,10348,8.143,1270845,529926
11234,2016,01,7,1473,2.307,638425,308491
11235,2016,02,7,1073,2.001,536136,264180
11236,2016,03,7,970,2.858,339384,206980
11237,2016,04,7,706,4.343,162565,126760
11238,2016,05,7,637,4.514,141107,134647
11239,2016,06,7,3728,3.440,1083704,761857
11240,2016,07,7,637,1.959,325157,201264
11241,2016,08,7,687,2.495,275371,142010
11242,2016,09,7,375,2.450,153067,108589
11243,2016,10,7,500,1.619,308910,163064
11244,2016,11,7,793,2.155,368025,258453
11245,2016,12,7,577,2.070,278697,179901
11246,2016,13,7,6608,3.272,2019717,1009576
11247,2016,14,7,1945,2.804,693679,412038
11248,2016,15,7,169,1.158,145969,101070
11249,2016,16,7,665,1.882,353288,196145
11250,2016,17,7,1713,2.667,642191,427696
11251,2016,18,7,844,2.748,307110,177873
11252,2016,19,7,658,2.724,241535,153380
11253,2016,21,7,1121,2.102,533213,285326
11254,2016,22,7,873,1.458,598953,363788
11255,2016,23,7,152,1.272,119502,88330
11256,2016,24,7,619,1.492,414789,256942
11257,2016,25,7,1033,1.918,538549,277578
11258,2016,26,7,1469,2.892,508006,269062
11259,2016,27,7,1450,2.405,602825,292969
11260,2016,28,7,915,2.109,433929,213849
11261,2016,29,7,2056,2.264,908249,537671
11262,2016,2A,7,414,2.683,154303,116432
11263,2016,2B,7,408,2.316,176152,129422
11264,2016,30,7,1481,1.996,742006,419029
11265,2016,31,7,3480,2.581,1348183,703754
11266,2016,32,7,425,2.229,190664,109392
11267,2016,33,7,2928,1.869,1566679,843050
11268,2016,34,7,3387,2.991,1132481,707572
11269,2016,35,7,1734,1.649,1051779,538258
11270,2016,36,7,481,2.152,223505,138229
11271,2016,37,7,1298,2.141,606223,318933
11272,2016,38,7,2594,2.070,1252912,639743
11273,2016,39,7,633,2.430,260517,148337
11274,2016,40,7,1005,2.481,405010,252298
11275,2016,41,7,724,2.176,332769,182821
11276,2016,42,7,2068,2.714,761997,394202
11277,2016,43,7,547,2.406,227339,142111
11278,2016,44,7,3148,2.280,1380852,729714
11279,2016,45,7,1731,2.567,674330,341549
11280,2016,46,7,301,1.736,173347,117328
11281,2016,47,7,510,1.532,332833,184194
11282,2016,48,7,202,2.643,76422,60395
11283,2016,49,7,1386,1.709,810934,391283
11284,2016,50,7,821,1.647,498362,295248
11285,2016,51,7,1484,2.599,570883,292095
11286,2016,52,7,593,3.330,178084,100722
11287,2016,53,7,962,3.127,307688,155625
11288,2016,54,7,2721,3.708,733821,373165
11289,2016,55,7,605,3.200,189055,99550
11290,2016,56,7,1037,1.387,747548,459455
11291,2016,57,7,2529,2.419,1045271,510597
11292,2016,58,7,454,2.171,209161,141593
11293,2016,59,7,10404,3.996,2603723,1205062
11294,2016,60,7,1694,2.057,823542,369320
11295,2016,61,7,442,1.549,285308,164640
11296,2016,62,7,3808,2.589,1470725,708207
11297,2016,63,7,765,1.176,650700,382695
11298,2016,64,7,1604,2.380,673986,400053
11299,2016,65,7,450,1.975,227829,160809
11300,2016,66,7,1084,2.285,474369,346847
11301,2016,67,7,2227,1.986,1121407,546387
11302,2016,68,7,1374,1.801,762743,373686
11303,2016,69,7,6617,3.604,1835903,904462
11304,2016,70,7,387,1.631,237242,126631
11305,2016,71,7,1287,2.319,555023,309191
11306,2016,72,7,1114,1.963,567561,289447
11307,2016,73,7,1122,2.611,429681,341648
11308,2016,74,7,2664,3.324,801416,500698
11309,2016,75,7,9713,4.434,2190327,1374377
11310,2016,76,7,2823,2.248,1255755,634421
11311,2016,77,7,5788,4.141,1397665,604627
11312,2016,78,7,7198,5.027,1431808,629383
11313,2016,79,7,424,1.131,374743,192620
11314,2016,80,7,1498,2.615,572744,297094
11315,2016,81,7,546,1.413,386448,209380
11316,2016,82,7,261,1.016,256897,130059
11317,2016,83,7,3967,3.757,1055821,707520
11318,2016,84,7,1812,3.241,559014,298637
11319,2016,85,7,1177,1.755,670597,417192
11320,2016,86,7,927,2.126,436069,237993
11321,2016,87,7,514,1.371,374978,219170
11322,2016,88,7,1216,3.290,369641,212925
11323,2016,89,7,1108,3.254,340544,195822
11324,2016,90,7,343,2.380,144089,71929
11325,2016,91,7,3757,2.918,1287330,550895
11326,2016,92,7,3312,2.066,1603268,789809
11327,2016,93,7,8778,5.464,1606660,662466
11328,2016,94,7,4510,3.273,1378151,626297
11329,2016,95,7,4954,4.054,1221923,497749
11330,2017,01,7,1415,2.199,643350,313061
11331,2017,02,7,997,1.865,534490,265548
11332,2017,03,7,989,2.926,337988,207725
11333,2017,04,7,638,3.892,163915,127940
11334,2017,05,7,840,5.945,141284,135493
11335,2017,06,7,3197,2.951,1083310,766748
11336,2017,07,7,758,2.327,325712,203015
11337,2017,08,7,748,2.734,273579,142452
11338,2017,09,7,340,2.220,153153,109392
11339,2017,10,7,672,2.168,310020,164453
11340,2017,11,7,1040,2.809,370260,261180
11341,2017,12,7,659,2.360,279206,181053
11342,2017,13,7,6018,2.973,2024162,1021226
11343,2017,14,7,1977,2.849,694002,416115
11344,2017,15,7,208,1.433,145143,101363
11345,2017,16,7,569,1.615,352335,197059
11346,2017,17,7,1913,2.969,644303,431948
11347,2017,18,7,858,2.820,304256,178580
11348,2017,19,7,801,3.317,241464,154124
11349,2017,21,7,1218,2.282,533819,287831
11350,2017,22,7,987,1.648,598814,366683
11351,2017,23,7,193,1.627,118638,88506
11352,2017,24,7,578,1.397,413606,258732
11353,2017,25,7,1024,1.900,539067,279578
11354,2017,26,7,1382,2.702,511553,272494
11355,2017,27,7,1562,2.595,601843,295109
11356,2017,28,7,1117,2.578,433233,215350
11357,2017,29,7,2240,2.464,909028,542677
11358,2017,2A,7,332,2.111,157249,118848
11359,2017,2B,7,454,2.555,177689,130820
11360,2017,30,7,1319,1.772,744178,423840
11361,2017,31,7,3070,2.253,1362672,715532
11362,2017,32,7,443,2.318,191091,110358
11363,2017,33,7,3471,2.192,1583384,856616
11364,2017,34,7,3212,2.806,1144892,718743
11365,2017,35,7,2022,1.907,1060199,546440
11366,2017,36,7,555,2.497,222232,138634
11367,2017,37,7,1326,2.186,606511,321881
11368,2017,38,7,2696,2.142,1258722,646707
11369,2017,39,7,684,2.629,260188,149350
11370,2017,40,7,1076,2.641,407444,255992
11371,2017,41,7,799,2.407,331915,183643
11372,2017,42,7,1941,2.544,762941,396655
11373,2017,43,7,480,2.112,227283,142989
11374,2017,44,7,3134,2.247,1394909,740924
11375,2017,45,7,1769,2.609,678105,344708
11376,2017,46,7,486,2.796,173828,118075
11377,2017,47,7,423,1.271,332842,185343
11378,2017,48,7,148,1.932,76601,60898
11379,2017,49,7,1241,1.526,813493,394578
11380,2017,50,7,819,1.648,496883,297133
11381,2017,51,7,1524,2.679,568895,294041
11382,2017,52,7,560,3.188,175640,100650
11383,2017,53,7,961,3.126,307445,156662
11384,2017,54,7,2628,3.583,733481,375755
11385,2017,55,7,630,3.366,187187,99736
11386,2017,56,7,1211,1.613,750863,464186
11387,2017,57,7,2581,2.473,1043522,514328
11388,2017,58,7,396,1.911,207182,141642
11389,2017,59,7,10212,3.921,2604361,1214497
11390,2017,60,7,1869,2.267,824503,372778
11391,2017,61,7,491,1.733,283372,164926
11392,2017,62,7,3848,2.621,1468018,713245
11393,2017,63,7,878,1.343,653742,386425
11394,2017,64,7,1573,2.322,677309,404979
11395,2017,65,7,541,2.367,228530,161703
11396,2017,66,7,1008,2.125,474452,349914
11397,2017,67,7,1992,1.770,1125559,554075
11398,2017,68,7,1425,1.865,764030,376960
11399,2017,69,7,6225,3.377,1843319,914980
11400,2017,70,7,424,1.792,236659,127615
11401,2017,71,7,1240,2.240,553595,310391
11402,2017,72,7,976,1.723,566506,291039
11403,2017,73,7,1134,2.630,431174,345226
11404,2017,74,7,2924,3.622,807360,508229
11405,2017,75,7,10693,4.888,2187526,1382779
11406,2017,76,7,2610,2.081,1254378,640334
11407,2017,77,7,5853,4.169,1403997,612076
11408,2017,78,7,7511,5.222,1438266,637200
11409,2017,79,7,480,1.282,374351,193971
11410,2017,80,7,1820,3.179,572443,299211
11411,2017,81,7,510,1.315,387890,211038
11412,2017,82,7,292,1.130,258349,131300
11413,2017,83,7,4688,4.428,1058740,714503
11414,2017,84,7,1877,3.355,559479,301947
11415,2017,85,7,1248,1.848,675247,421680
11416,2017,86,7,1029,2.355,436876,240200
11417,2017,87,7,583,1.557,374426,219980
11418,2017,88,7,1266,3.443,367673,213629
11419,2017,89,7,1183,3.497,338291,196697
11420,2017,90,7,398,2.791,142622,72211
11421,2017,91,7,4200,3.240,1296130,558684
11422,2017,92,7,4196,2.607,1609306,796181
11423,2017,93,7,9237,5.691,1623111,671680
11424,2017,94,7,4920,3.545,1387926,633207
11425,2017,95,7,5490,4.468,1228618,504100
11426,2018,01,7,1198,1.850,647634,317983
11427,2018,02,7,1208,2.265,533316,266641
11428,2018,03,7,978,2.901,337171,208375
11429,2018,04,7,665,4.053,164068,129062
11430,2018,05,7,832,5.913,140698,136581
11431,2018,06,7,3374,3.106,1086219,772317
11432,2018,07,7,761,2.330,326606,204906
11433,2018,08,7,737,2.711,271845,143015
11434,2018,09,7,253,1.653,153066,110222
11435,2018,10,7,797,2.571,310020,165502
11436,2018,11,7,734,1.969,372806,263889
11437,2018,12,7,637,2.281,279274,182028
11438,2018,13,7,5582,2.744,2034357,1034043
11439,2018,14,7,1754,2.527,694056,419714
11440,2018,15,7,285,1.969,144765,101693
11441,2018,16,7,593,1.686,351778,198242
11442,2018,17,7,1897,2.932,646932,436869
11443,2018,18,7,905,2.983,303408,179125
11444,2018,19,7,674,2.802,240583,154657
11445,2018,21,7,1343,2.519,533220,290523
11446,2018,22,7,978,1.631,599584,369601
11447,2018,23,7,262,2.230,117503,88728
11448,2018,24,7,586,1.417,413418,260245
11449,2018,25,7,1326,2.449,541454,282056
11450,2018,26,7,1673,3.250,514732,275727
11451,2018,27,7,1270,2.117,599962,297286
11452,2018,28,7,1159,2.683,431997,216684
11453,2018,29,7,2400,2.632,911735,545808
11454,2018,2A,7,353,2.236,157853,120567
11455,2018,2B,7,350,1.937,180701,132077
11456,2018,30,7,1235,1.657,745458,428087
11457,2018,31,7,2953,2.139,1380672,728249
11458,2018,32,7,424,2.217,191283,111171
11459,2018,33,7,3301,2.061,1601845,872327
11460,2018,34,7,3383,2.918,1159220,729653
11461,2018,35,7,1960,1.833,1069228,554254
11462,2018,36,7,637,2.888,220595,138879
11463,2018,37,7,1045,1.719,607760,325172
11464,2018,38,7,2914,2.306,1263563,653289
11465,2018,39,7,761,2.930,259746,150169
11466,2018,40,7,829,2.020,410355,259512
11467,2018,41,7,761,2.304,330248,184614
11468,2018,42,7,1978,2.591,763441,399134
11469,2018,43,7,665,2.922,227552,143699
11470,2018,44,7,3044,2.155,1412502,752968
11471,2018,45,7,1715,2.526,678845,347107
11472,2018,46,7,454,2.610,173929,118998
11473,2018,47,7,489,1.473,331970,186511
11474,2018,48,7,114,1.490,76520,61340
11475,2018,49,7,1317,1.614,815883,397887
11476,2018,50,7,852,1.718,495983,298631
11477,2018,51,7,1613,2.842,567462,295611
11478,2018,52,7,666,3.826,174069,100617
11479,2018,53,7,922,3.002,307084,157552
11480,2018,54,7,2094,2.855,733469,378055
11481,2018,55,7,610,3.291,185355,99893
11482,2018,56,7,1261,1.670,754867,468872
11483,2018,57,7,2190,2.099,1043524,518772
11484,2018,58,7,361,1.754,205828,141623
11485,2018,59,7,10175,3.904,2606234,1224589
11486,2018,60,7,1758,2.125,827153,376185
11487,2018,61,7,611,2.170,281593,165463
11488,2018,62,7,3779,2.576,1466743,717901
11489,2018,63,7,1138,1.727,659048,389711
11490,2018,64,7,1476,2.171,679810,409790
11491,2018,65,7,510,2.225,229191,162729
11492,2018,66,7,928,1.948,476357,352742
11493,2018,67,7,1926,1.699,1133552,561562
11494,2018,68,7,1313,1.716,764981,380238
11495,2018,69,7,6309,3.393,1859524,926576
11496,2018,70,7,427,1.809,236018,128333
11497,2018,71,7,1167,2.113,552185,311499
11498,2018,72,7,1069,1.889,565963,292628
11499,2018,73,7,1560,3.597,433724,349226
11500,2018,74,7,3028,3.708,816699,517217
11501,2018,75,7,10538,4.844,2175601,1386846
11502,2018,76,7,2828,2.252,1255883,645786
11503,2018,77,7,6273,4.441,1412516,619784
11504,2018,78,7,7187,4.986,1441398,643946
11505,2018,79,7,509,1.358,374799,195051
11506,2018,80,7,1756,3.077,570662,301740
11507,2018,81,7,570,1.467,388596,212905
11508,2018,82,7,356,1.374,259124,132603
11509,2018,83,7,4204,3.937,1067697,722128
11510,2018,84,7,1896,3.387,559793,305436
11511,2018,85,7,1028,1.512,679991,426426
11512,2018,86,7,1089,2.489,437586,241951
11513,2018,87,7,610,1.635,373199,220762
11514,2018,88,7,1036,2.830,366112,214363
11515,2018,89,7,1254,3.716,337504,197683
11516,2018,90,7,483,3.405,141852,72929
11517,2018,91,7,4488,3.461,1296641,564587
11518,2018,92,7,4004,2.473,1619120,801737
11519,2018,93,7,8858,5.425,1632677,679663
11520,2018,94,7,4990,3.572,1396913,640016
11521,2018,95,7,5066,4.090,1238581,510302
11522,2019,01,7,1302,1.996,652432,321432
11523,2019,02,7,1297,2.441,531345,266922
11524,2019,03,7,744,2.214,335975,208863
11525,2019,04,7,733,4.461,164308,129690
11526,2019,05,7,624,4.419,141220,137644
11527,2019,06,7,3347,3.059,1094283,778291
11528,2019,07,7,870,2.650,328278,206435
11529,2019,08,7,773,2.857,270582,142983
11530,2019,09,7,270,1.761,153287,110526
11531,2019,10,7,635,2.047,310242,166101
11532,2019,11,7,841,2.248,374070,265167
11533,2019,12,7,613,2.192,279595,182769
11534,2019,13,7,5221,2.555,2043110,1044973
11535,2019,14,7,1369,1.970,694905,422082
11536,2019,15,7,177,1.223,144692,101953
11537,2019,16,7,633,1.798,352015,198920
11538,2019,17,7,2095,3.216,651358,440935
11539,2019,18,7,711,2.352,302306,179430
11540,2019,19,7,760,3.166,240073,155041
11541,2019,21,7,1165,2.181,534124,292479
11542,2019,22,7,1021,1.700,600582,371643
11543,2019,23,7,219,1.878,116617,88646
11544,2019,24,7,643,1.556,413223,261104
11545,2019,25,7,1282,2.357,543974,283778
11546,2019,26,7,1212,2.345,516762,277777
11547,2019,27,7,1179,1.967,599507,298148
11548,2019,28,7,964,2.234,431575,217440
11549,2019,29,7,2258,2.468,915090,549039
11550,2019,2A,7,305,1.924,158507,122005
11551,2019,2B,7,400,2.199,181933,133540
11552,2019,30,7,1278,1.708,748437,431684
11553,2019,31,7,2352,1.680,1400039,740546
11554,2019,32,7,399,2.085,191377,111536
11555,2019,33,7,3183,1.960,1623749,886986
11556,2019,34,7,3629,3.087,1175623,739737
11557,2019,35,7,1789,1.657,1079498,561343
11558,2019,36,7,484,2.207,219316,138826
11559,2019,37,7,817,1.339,610079,328095
11560,2019,38,7,3059,2.406,1271166,659031
11561,2019,39,7,661,2.550,259199,150475
11562,2019,40,7,686,1.658,413690,262370
11563,2019,41,7,857,2.601,329470,185077
11564,2019,42,7,1792,2.341,765634,401112
11565,2019,43,7,821,3.608,227570,143916
11566,2019,44,7,2762,1.932,1429272,764010
11567,2019,45,7,1344,1.975,680434,348977
11568,2019,46,7,437,2.510,174094,119499
11569,2019,47,7,475,1.434,331271,187058
11570,2019,48,7,169,2.206,76604,61547
11571,2019,49,7,1254,1.532,818273,400508
11572,2019,50,7,991,2.002,495045,299656
11573,2019,51,7,1534,2.706,566855,297288
11574,2019,52,7,680,3.942,172512,100382
11575,2019,53,7,832,2.710,307062,158083
11576,2019,54,7,1886,2.570,733760,379680
11577,2019,55,7,604,3.281,184083,99834
11578,2019,56,7,1194,1.572,759684,472749
11579,2019,57,7,2096,2.003,1046543,523268
11580,2019,58,7,316,1.546,204452,141411
11581,2019,59,7,9369,3.592,2608346,1232504
11582,2019,60,7,1814,2.187,829419,378048
11583,2019,61,7,502,1.793,279942,165100
11584,2019,62,7,3888,2.653,1465278,720800
11585,2019,63,7,995,1.503,662152,392038
11586,2019,64,7,1180,1.729,682621,413357
11587,2019,65,7,562,2.448,229567,163634
11588,2019,66,7,877,1.827,479979,355661
11589,2019,67,7,1773,1.555,1140057,567991
11590,2019,68,7,1324,1.726,767086,382805
11591,2019,69,7,6505,3.468,1875747,937544
11592,2019,70,7,423,1.798,235313,128450
11593,2019,71,7,1162,2.107,551493,311966
11594,2019,72,7,924,1.631,566412,293561
11595,2019,73,7,1126,2.580,436434,352254
11596,2019,74,7,3317,4.015,826094,525404
11597,2019,75,7,9446,4.362,2165423,1389375
11598,2019,76,7,3007,2.395,1255633,649681
11599,2019,77,7,5614,3.950,1421197,626435
11600,2019,78,7,6181,4.268,1448207,649383
11601,2019,79,7,567,1.512,374878,195568
11602,2019,80,7,2001,3.507,570559,303449
11603,2019,81,7,638,1.637,389844,214423
11604,2019,82,7,443,1.699,260669,133522
11605,2019,83,7,4258,3.955,1076711,729223
11606,2019,84,7,1672,2.978,561469,308505
11607,2019,85,7,1074,1.567,685442,430815
11608,2019,86,7,1049,2.393,438435,242907
11609,2019,87,7,571,1.533,372359,221194
11610,2019,88,7,907,2.488,364499,214287
11611,2019,89,7,1197,3.566,335707,197718
11612,2019,90,7,327,2.314,141318,73180
11613,2019,91,7,4043,3.106,1301659,570417
11614,2019,92,7,3825,2.355,1624357,807711
11615,2019,93,7,9114,5.541,1644903,687238
11616,2019,94,7,4898,3.481,1407124,647289
11617,2019,95,7,4621,3.698,1249674,517063
11618,2020,01,7,1174,1.785,657856,325431
11619,2020,02,7,1086,2.051,529374,267555
11620,2020,03,7,779,2.321,335628,209251
11621,2020,04,7,683,4.128,165451,130500
11622,2020,05,7,679,4.829,140605,138751
11623,2020,06,7,3572,3.255,1097410,783398
11624,2020,07,7,787,2.390,329325,207922
11625,2020,08,7,652,2.417,269701,143402
11626,2020,09,7,318,2.066,153954,110875
11627,2020,10,7,643,2.065,311435,166928
11628,2020,11,7,751,2.002,375217,266877
11629,2020,12,7,544,1.946,279554,183702
11630,2020,13,7,6984,3.410,2048070,1055315
11631,2020,14,7,1769,2.536,697547,426069
11632,2020,15,7,230,1.593,144379,102234
11633,2020,16,7,535,1.521,351718,199746
11634,2020,17,7,1794,2.736,655709,445578
11635,2020,18,7,506,1.681,300933,179389
11636,2020,19,7,704,2.943,239190,155575
11637,2020,21,7,1139,2.129,535078,294776
11638,2020,22,7,947,1.569,603640,373909
11639,2020,23,7,177,1.526,115995,88769
11640,2020,24,7,634,1.536,412807,262321
11641,2020,25,7,1226,2.249,545209,285770
11642,2020,26,7,1228,2.372,517709,279948
11643,2020,27,7,1232,2.054,599668,299419
11644,2020,28,7,939,2.176,431443,218433
11645,2020,29,7,2107,2.297,917179,552465
11646,2020,2A,7,326,2.027,160814,123650
11647,2020,2B,7,329,1.799,182887,135125
11648,2020,30,7,1413,1.880,751457,435785
11649,2020,31,7,2213,1.563,1415757,754396
11650,2020,32,7,327,1.705,191819,112134
11651,2020,33,7,2449,1.497,1636391,900198
11652,2020,34,7,3483,2.929,1188973,750002
11653,2020,35,7,2229,2.047,1088855,568308
11654,2020,36,7,411,1.879,218707,138959
11655,2020,37,7,735,1.201,612119,330454
11656,2020,38,7,3096,2.423,1277513,665362
11657,2020,39,7,528,2.040,258798,151009
11658,2020,40,7,722,1.727,418122,265930
11659,2020,41,7,546,1.658,329357,185591
11660,2020,42,7,1647,2.143,768508,403254
11661,2020,43,7,953,4.189,227489,144442
11662,2020,44,7,2515,1.740,1445171,776207
11663,2020,45,7,1619,2.373,682304,351028
11664,2020,46,7,522,2.988,174670,120123
11665,2020,47,7,460,1.390,330844,188120
11666,2020,48,7,168,2.192,76633,61734
11667,2020,49,7,1032,1.257,820713,403157
11668,2020,50,7,707,1.428,495093,301071
11669,2020,51,7,1270,2.241,566659,299421
11670,2020,52,7,510,2.969,171798,100520
11671,2020,53,7,698,2.277,306538,158874
11672,2020,54,7,1520,2.075,732590,381849
11673,2020,55,7,453,2.475,183001,100007
11674,2020,56,7,1300,1.701,764161,476941
11675,2020,57,7,1851,1.764,1049155,527832
11676,2020,58,7,436,2.151,202670,141219
11677,2020,59,7,7473,2.866,2607746,1241241
11678,2020,60,7,2119,2.554,829699,380003
11679,2020,61,7,440,1.580,278475,164988
11680,2020,62,7,3614,2.472,1462167,724156
11681,2020,63,7,979,1.479,661852,394760
11682,2020,64,7,1069,1.555,687240,417293
11683,2020,65,7,585,2.546,229788,164545
11684,2020,66,7,982,2.034,482765,359151
11685,2020,67,7,1437,1.252,1148073,575001
11686,2020,68,7,1269,1.653,767842,386082
11687,2020,69,7,5027,2.669,1883437,949531
11688,2020,70,7,369,1.573,234601,128855
11689,2020,71,7,1152,2.091,551063,312880
11690,2020,72,7,802,1.414,566993,294778
11691,2020,73,7,1016,2.310,439750,355575
11692,2020,74,7,3278,3.925,835206,533337
11693,2020,75,7,7872,3.668,2145906,1393800
11694,2020,76,7,2207,1.759,1254739,653680
11695,2020,77,7,4627,3.239,1428636,634163
11696,2020,78,7,4036,2.784,1449723,654741
11697,2020,79,7,448,1.196,374481,196421
11698,2020,80,7,1425,2.506,568748,305380
11699,2020,81,7,629,1.608,391066,215987
11700,2020,82,7,500,1.906,262316,134694
11701,2020,83,7,3382,3.117,1085189,735547
11702,2020,84,7,1717,3.055,561941,311098
11703,2020,85,7,868,1.253,692705,435953
11704,2020,86,7,925,2.105,439332,243821
11705,2020,87,7,602,1.618,372123,221779
11706,2020,88,7,934,2.577,362397,214812
11707,2020,89,7,1078,3.226,334156,197870
11708,2020,90,7,397,2.833,140120,73384
11709,2020,91,7,3109,2.380,1306118,577712
11710,2020,92,7,3308,2.034,1626213,815765
11711,2020,93,7,8452,5.106,1655422,696152
11712,2020,94,7,4559,3.238,1407972,654340
11713,2020,95,7,3922,3.133,1251804,523106
11714,2021,01,7,1244,1.876,663202,329783
11715,2021,02,7,1354,2.567,527468,268381
11716,2021,03,7,987,2.947,334872,209666
11717,2021,04,7,681,4.101,166077,131551
11718,2021,05,7,640,4.540,140976,139877
11719,2021,06,7,4913,4.450,1103941,788916
11720,2021,07,7,1062,3.204,331415,209963
11721,2021,08,7,742,2.760,268859,143973
11722,2021,09,7,298,1.928,154596,111352
11723,2021,10,7,503,1.616,311329,167657
11724,2021,11,7,900,2.393,376028,268987
11725,2021,12,7,777,2.778,279649,184954
11726,2021,13,7,16655,8.097,2056943,1066675
11727,2021,14,7,2418,3.451,700633,429997
11728,2021,15,7,292,2.025,144226,102634
11729,2021,16,7,802,2.286,350867,200757
11730,2021,17,7,1862,2.815,661404,451118
11731,2021,18,7,962,3.211,299573,179274
11732,2021,19,7,794,3.311,239784,156356
11733,2021,21,7,1274,2.379,535503,297329
11734,2021,22,7,1110,1.832,605917,376517
11735,2021,23,7,154,1.331,115702,89016
11736,2021,24,7,591,1.428,413730,264136
11737,2021,25,7,1551,2.835,547096,288184
11738,2021,26,7,1514,2.915,519458,282419
11739,2021,27,7,1562,2.608,598934,300922
11740,2021,28,7,1063,2.465,431277,219670
11741,2021,29,7,2461,2.670,921638,556255
11742,2021,2A,7,385,2.363,162942,124954
11743,2021,2B,7,325,1.760,184655,136722
11744,2021,30,7,1828,2.416,756543,441086
11745,2021,31,7,3406,2.375,1434367,769604
11746,2021,32,7,386,2.006,192437,112806
11747,2021,33,7,3479,2.102,1654970,913452
11748,2021,34,7,4842,4.029,1201883,760879
11749,2021,35,7,2927,2.665,1098325,575321
11750,2021,36,7,715,3.291,217228,139055
11751,2021,37,7,1054,1.722,612160,333159
11752,2021,38,7,4269,3.322,1284948,673024
11753,2021,39,7,635,2.456,258555,151865
11754,2021,40,7,784,1.854,422976,270194
11755,2021,41,7,644,1.960,328504,186408
11756,2021,42,7,2623,3.411,769029,405452
11757,2021,43,7,964,4.241,227284,145236
11758,2021,44,7,2534,1.738,1457806,787187
11759,2021,45,7,2133,3.116,684561,353544
11760,2021,46,7,476,2.721,174942,120797
11761,2021,47,7,538,1.624,331229,189189
11762,2021,48,7,132,1.725,76519,62006
11763,2021,49,7,1356,1.644,824743,406488
11764,2021,50,7,915,1.847,495508,302441
11765,2021,51,7,1758,3.110,565292,300919
11766,2021,52,7,591,3.455,171042,100716
11767,2021,53,7,853,2.788,305933,159714
11768,2021,54,7,2116,2.889,732486,384639
11769,2021,55,7,513,2.820,181919,100190
11770,2021,56,7,1588,2.066,768687,481682
11771,2021,57,7,2020,1.924,1049942,531542
11772,2021,58,7,410,2.026,202417,141381
11773,2021,59,7,9844,3.770,2611293,1251657
11774,2021,60,7,3912,4.720,828838,382118
11775,2021,61,7,667,2.408,276973,165115
11776,2021,62,7,4814,3.294,1461441,727951
11777,2021,63,7,1231,1.859,662285,397923
11778,2021,64,7,1529,2.206,693027,421756
11779,2021,65,7,640,2.771,230956,165621
11780,2021,66,7,1655,3.396,487307,362350
11781,2021,67,7,1779,1.543,1152662,581630
11782,2021,68,7,1631,2.126,767083,389445
11783,2021,69,7,6962,3.676,1893692,964037
11784,2021,70,7,366,1.562,234296,129449
11785,2021,71,7,1976,3.597,549288,314053
11786,2021,72,7,814,1.438,566058,296419
11787,2021,73,7,899,2.032,442468,358886
11788,2021,74,7,3517,4.180,841482,540705
11789,2021,75,7,11578,5.428,2133111,1396753
11790,2021,76,7,4502,3.585,1255918,657851
11791,2021,77,7,6790,4.722,1438100,641376
11792,2021,78,7,5333,3.662,1456365,661312
11793,2021,79,7,544,1.452,374587,197430
11794,2021,80,7,1658,2.928,566252,307149
11795,2021,81,7,986,2.505,393572,218036
11796,2021,82,7,473,1.796,263377,135891
11797,2021,83,7,4411,4.027,1095337,743682
11798,2021,84,7,2271,4.023,564566,314424
11799,2021,85,7,1028,1.470,699459,441153
11800,2021,86,7,903,2.055,439385,245247
11801,2021,87,7,857,2.306,371691,222826
11802,2021,88,7,1040,2.883,360673,215468
11803,2021,89,7,1644,4.931,333385,198598
11804,2021,90,7,437,3.129,139654,73620
11805,2021,91,7,4047,3.080,1313768,587710
11806,2021,92,7,6072,3.713,1635291,824372
11807,2021,93,7,11743,7.037,1668670,705282
11808,2021,94,7,5957,4.209,1415367,662168
11809,2021,95,7,5941,4.728,1256607,529926
11810,2022,01,7,1447,2.156,671289,329783
11811,2022,02,7,1981,3.769,525558,268381
11812,2022,03,7,1144,3.418,334715,209666
11813,2022,04,7,700,4.187,167179,131551
11814,2022,05,7,622,4.390,141677,139877
11815,2022,06,7,4788,4.296,1114579,788916
11816,2022,07,7,1148,3.445,333229,209963
11817,2022,08,7,799,2.990,267204,143973
11818,2022,09,7,496,3.193,155339,111352
11819,2022,10,7,632,2.032,311076,167657
11820,2022,11,7,935,2.475,377773,268987
11821,2022,12,7,804,2.874,279736,184954
11822,2022,13,7,22988,11.106,2069811,1066675
11823,2022,14,7,2574,3.653,704605,429997
11824,2022,15,7,299,2.071,144399,102634
11825,2022,16,7,901,2.563,351603,200757
11826,2022,17,7,2165,3.240,668160,451118
11827,2022,18,7,805,2.688,299496,179274
11828,2022,19,7,603,2.511,240120,156356
11829,2022,21,7,1341,2.495,537577,297329
11830,2022,22,7,1161,1.905,609598,376517
11831,2022,23,7,150,1.298,115529,89016
11832,2022,24,7,814,1.955,416325,264136
11833,2022,25,7,1579,2.878,548662,288184
11834,2022,26,7,1553,2.978,521432,282419
11835,2022,27,7,2473,4.113,601305,300922
11836,2022,28,7,1048,2.421,432950,219670
11837,2022,29,7,2370,2.554,927912,556255
11838,2022,2A,7,423,2.548,166045,124954
11839,2022,2B,7,336,1.814,185231,136722
11840,2022,30,7,2168,2.838,764010,441086
11841,2022,31,7,4922,3.380,1456261,769604
11842,2022,32,7,394,2.045,192649,112806
11843,2022,33,7,3754,2.241,1674980,913452
11844,2022,34,7,5920,4.863,1217331,760879
11845,2022,35,7,3493,3.149,1109232,575321
11846,2022,36,7,566,2.611,216809,139055
11847,2022,37,7,1163,1.887,616326,333159
11848,2022,38,7,4725,3.659,1291380,673024
11849,2022,39,7,584,2.260,258405,151865
11850,2022,40,7,830,1.937,428427,270194
11851,2022,41,7,628,1.909,328953,186408
11852,2022,42,7,2823,3.657,772041,405452
11853,2022,43,7,996,4.365,228161,145236
11854,2022,44,7,3409,2.314,1473156,787187
11855,2022,45,7,1723,2.508,687063,353544
11856,2022,46,7,362,2.061,175620,120797
11857,2022,47,7,566,1.704,332226,189189
11858,2022,48,7,158,2.065,76503,62006
11859,2022,49,7,1150,1.389,828151,406488
11860,2022,50,7,861,1.733,496815,302441
11861,2022,51,7,1654,2.932,564107,300919
11862,2022,52,7,505,2.973,169865,100716
11863,2022,53,7,1141,3.736,305437,159714
11864,2022,54,7,2065,2.818,732898,384639
11865,2022,55,7,677,3.746,180745,100190
11866,2022,56,7,1436,1.850,776103,481682
11867,2022,57,7,2080,1.980,1050721,531542
11868,2022,58,7,464,2.294,202299,141381
11869,2022,59,7,11236,4.294,2616909,1251657
11870,2022,60,7,4087,4.920,830725,382118
11871,2022,61,7,836,3.027,276144,165115
11872,2022,62,7,4970,3.404,1460184,727951
11873,2022,63,7,1346,2.026,664385,397923
11874,2022,64,7,1240,1.773,699473,421756
11875,2022,65,7,613,2.648,231453,165621
11876,2022,66,7,1762,3.574,492964,362350
11877,2022,67,7,2085,1.802,1156963,581630
11878,2022,68,7,1768,2.303,767800,389445
11879,2022,69,7,9244,4.845,1907982,964037
11880,2022,70,7,503,2.150,233920,129449
11881,2022,71,7,1744,3.176,549136,314053
11882,2022,72,7,824,1.455,566129,296419
11883,2022,73,7,1107,2.486,445288,358886
11884,2022,74,7,3246,3.821,849583,540705
11885,2022,75,7,16042,7.590,2113705,1396753
11886,2022,76,7,6071,4.817,1260205,657851
11887,2022,77,7,7995,5.505,1452399,641376
11888,2022,78,7,7427,5.050,1470778,661312
11889,2022,79,7,735,1.958,375415,197430
11890,2022,80,7,1894,3.349,565540,307149
11891,2022,81,7,1277,3.223,396168,218036
11892,2022,82,7,339,1.280,264924,135891
11893,2022,83,7,4584,4.136,1108364,743682
11894,2022,84,7,2401,4.222,568702,314424
11895,2022,85,7,1152,1.631,706343,441153
11896,2022,86,7,984,2.243,438688,245247
11897,2022,87,7,991,2.661,372438,222826
11898,2022,88,7,1005,2.802,358700,215468
11899,2022,89,7,1572,4.708,333896,198598
11900,2022,90,7,384,2.741,140082,73620
11901,2022,91,7,4903,3.702,1324546,587710
11902,2022,92,7,6804,4.130,1647435,824372
11903,2022,93,7,10869,6.463,1681725,705282
11904,2022,94,7,6631,4.671,1419531,662168
11905,2022,95,7,6071,4.777,1270845,529926
11906,2023,01,7,1612,2.401,671289,329783
11907,2023,02,7,1899,3.613,525558,268381
11908,2023,03,7,1352,4.039,334715,209666
11909,2023,04,7,987,5.904,167179,131551
11910,2023,05,7,772,5.449,141677,139877
11911,2023,06,7,5191,4.657,1114579,788916
11912,2023,07,7,996,2.989,333229,209963
11913,2023,08,7,722,2.702,267204,143973
11914,2023,09,7,436,2.807,155339,111352
11915,2023,10,7,699,2.247,311076,167657
11916,2023,11,7,1127,2.983,377773,268987
11917,2023,12,7,845,3.021,279736,184954
11918,2023,13,7,21382,10.330,2069811,1066675
11919,2023,14,7,2577,3.657,704605,429997
11920,2023,15,7,289,2.001,144399,102634
11921,2023,16,7,874,2.486,351603,200757
11922,2023,17,7,2009,3.007,668160,451118
11923,2023,18,7,727,2.427,299496,179274
11924,2023,19,7,664,2.765,240120,156356
11925,2023,21,7,1991,3.704,537577,297329
11926,2023,22,7,1390,2.280,609598,376517
11927,2023,23,7,243,2.103,115529,89016
11928,2023,24,7,888,2.133,416325,264136
11929,2023,25,7,1746,3.182,548662,288184
11930,2023,26,7,1647,3.159,521432,282419
11931,2023,27,7,2358,3.921,601305,300922
11932,2023,28,7,1018,2.351,432950,219670
11933,2023,29,7,2271,2.447,927912,556255
11934,2023,2A,7,426,2.566,166045,124954
11935,2023,2B,7,429,2.316,185231,136722
11936,2023,30,7,2653,3.472,764010,441086
11937,2023,31,7,5202,3.572,1456261,769604
11938,2023,32,7,522,2.710,192649,112806
11939,2023,33,7,3919,2.340,1674980,913452
11940,2023,34,7,5980,4.912,1217331,760879
11941,2023,35,7,3439,3.100,1109232,575321
11942,2023,36,7,730,3.367,216809,139055
11943,2023,37,7,1172,1.902,616326,333159
11944,2023,38,7,5339,4.134,1291380,673024
11945,2023,39,7,796,3.080,258405,151865
11946,2023,40,7,903,2.108,428427,270194
11947,2023,41,7,554,1.684,328953,186408
11948,2023,42,7,2776,3.596,772041,405452
11949,2023,43,7,978,4.286,228161,145236
11950,2023,44,7,4101,2.784,1473156,787187
11951,2023,45,7,1543,2.246,687063,353544
11952,2023,46,7,277,1.577,175620,120797
11953,2023,47,7,774,2.330,332226,189189
11954,2023,48,7,140,1.830,76503,62006
11955,2023,49,7,1274,1.538,828151,406488
11956,2023,50,7,1168,2.351,496815,302441
11957,2023,51,7,2172,3.850,564107,300919
11958,2023,52,7,478,2.814,169865,100716
11959,2023,53,7,977,3.199,305437,159714
11960,2023,54,7,2165,2.954,732898,384639
11961,2023,55,7,706,3.906,180745,100190
11962,2023,56,7,1471,1.895,776103,481682
11963,2023,57,7,2305,2.194,1050721,531542
11964,2023,58,7,671,3.317,202299,141381
11965,2023,59,7,11208,4.283,2616909,1251657
11966,2023,60,7,3548,4.271,830725,382118
11967,2023,61,7,915,3.313,276144,165115
11968,2023,62,7,5197,3.559,1460184,727951
11969,2023,63,7,1193,1.796,664385,397923
11970,2023,64,7,1436,2.053,699473,421756
11971,2023,65,7,656,2.834,231453,165621
11972,2023,66,7,1603,3.252,492964,362350
11973,2023,67,7,2245,1.940,1156963,581630
11974,2023,68,7,1801,2.346,767800,389445
11975,2023,69,7,8800,4.612,1907982,964037
11976,2023,70,7,578,2.471,233920,129449
11977,2023,71,7,1438,2.619,549136,314053
11978,2023,72,7,905,1.599,566129,296419
11979,2023,73,7,1246,2.798,445288,358886
11980,2023,74,7,2820,3.319,849583,540705
11981,2023,75,7,19706,9.323,2113705,1396753
11982,2023,76,7,5893,4.676,1260205,657851
11983,2023,77,7,8999,6.196,1452399,641376
11984,2023,78,7,7009,4.766,1470778,661312
11985,2023,79,7,932,2.483,375415,197430
11986,2023,80,7,1905,3.368,565540,307149
11987,2023,81,7,1331,3.360,396168,218036
11988,2023,82,7,446,1.684,264924,135891
11989,2023,83,7,5429,4.898,1108364,743682
11990,2023,84,7,3601,6.332,568702,314424
11991,2023,85,7,1298,1.838,706343,441153
11992,2023,86,7,940,2.143,438688,245247
11993,2023,87,7,1088,2.921,372438,222826
11994,2023,88,7,1169,3.259,358700,215468
11995,2023,89,7,1517,4.543,333896,198598
11996,2023,90,7,419,2.991,140082,73620
11997,2023,91,7,4860,3.669,1324546,587710
11998,2023,92,7,6302,3.825,1647435,824372
11999,2023,93,7,10244,6.091,1681725,705282
12000,2023,94,7,6981,4.918,1419531,662168
12001,2023,95,7,6080,4.784,1270845,529926
12002,2024,01,7,1555,2.316,671289,329783
12003,2024,02,7,2005,3.815,525558,268381
12004,2024,03,7,1637,4.891,334715,209666
12005,2024,04,7,1272,7.609,167179,131551
12006,2024,05,7,695,4.906,141677,139877
12007,2024,06,7,5752,5.161,1114579,788916
12008,2024,07,7,1070,3.211,333229,209963
12009,2024,08,7,813,3.043,267204,143973
12010,2024,09,7,563,3.624,155339,111352
12011,2024,10,7,649,2.086,311076,167657
12012,2024,11,7,1214,3.214,377773,268987
12013,2024,12,7,1017,3.636,279736,184954
12014,2024,13,7,23535,11.371,2069811,1066675
12015,2024,14,7,2133,3.027,704605,429997
12016,2024,15,7,274,1.898,144399,102634
12017,2024,16,7,915,2.602,351603,200757
12018,2024,17,7,2287,3.423,668160,451118
12019,2024,18,7,776,2.591,299496,179274
12020,2024,19,7,657,2.736,240120,156356
12021,2024,21,7,2385,4.437,537577,297329
12022,2024,22,7,1302,2.136,609598,376517
12023,2024,23,7,256,2.216,115529,89016
12024,2024,24,7,842,2.022,416325,264136
12025,2024,25,7,2082,3.795,548662,288184
12026,2024,26,7,1902,3.648,521432,282419
12027,2024,27,7,1981,3.295,601305,300922
12028,2024,28,7,1033,2.386,432950,219670
12029,2024,29,7,2074,2.235,927912,556255
12030,2024,2A,7,378,2.276,166045,124954
12031,2024,2B,7,363,1.960,185231,136722
12032,2024,30,7,2875,3.763,764010,441086
12033,2024,31,7,5172,3.552,1456261,769604
12034,2024,32,7,371,1.926,192649,112806
12035,2024,33,7,4116,2.457,1674980,913452
12036,2024,34,7,6814,5.597,1217331,760879
12037,2024,35,7,3253,2.933,1109232,575321
12038,2024,36,7,446,2.057,216809,139055
12039,2024,37,7,1133,1.838,616326,333159
12040,2024,38,7,5753,4.455,1291380,673024
12041,2024,39,7,724,2.802,258405,151865
12042,2024,40,7,1273,2.971,428427,270194
12043,2024,41,7,619,1.882,328953,186408
12044,2024,42,7,3385,4.384,772041,405452
12045,2024,43,7,782,3.427,228161,145236
12046,2024,44,7,4393,2.982,1473156,787187
12047,2024,45,7,1695,2.467,687063,353544
12048,2024,46,7,294,1.674,175620,120797
12049,2024,47,7,966,2.908,332226,189189
12050,2024,48,7,183,2.392,76503,62006
12051,2024,49,7,1511,1.825,828151,406488
12052,2024,50,7,1046,2.105,496815,302441
12053,2024,51,7,1956,3.467,564107,300919
12054,2024,52,7,453,2.667,169865,100716
12055,2024,53,7,916,2.999,305437,159714
12056,2024,54,7,2166,2.955,732898,384639
12057,2024,55,7,795,4.398,180745,100190
12058,2024,56,7,1648,2.123,776103,481682
12059,2024,57,7,2326,2.214,1050721,531542
12060,2024,58,7,416,2.056,202299,141381
12061,2024,59,7,12078,4.615,2616909,1251657
12062,2024,60,7,3525,4.243,830725,382118
12063,2024,61,7,853,3.089,276144,165115
12064,2024,62,7,5986,4.099,1460184,727951
12065,2024,63,7,1654,2.490,664385,397923
12066,2024,64,7,1788,2.556,699473,421756
12067,2024,65,7,874,3.776,231453,165621
12068,2024,66,7,1541,3.126,492964,362350
12069,2024,67,7,2246,1.941,1156963,581630
12070,2024,68,7,1869,2.434,767800,389445
12071,2024,69,7,10053,5.269,1907982,964037
12072,2024,70,7,534,2.283,233920,129449
12073,2024,71,7,1645,2.996,549136,314053
12074,2024,72,7,1353,2.390,566129,296419
12075,2024,73,7,1385,3.110,445288,358886
12076,2024,74,7,3005,3.537,849583,540705
12077,2024,75,7,30051,14.217,2113705,1396753
12078,2024,76,7,5676,4.504,1260205,657851
12079,2024,77,7,9173,6.316,1452399,641376
12080,2024,78,7,7398,5.030,1470778,661312
12081,2024,79,7,1035,2.757,375415,197430
12082,2024,80,7,2028,3.586,565540,307149
12083,2024,81,7,1318,3.327,396168,218036
12084,2024,82,7,508,1.918,264924,135891
12085,2024,83,7,5506,4.968,1108364,743682
12086,2024,84,7,4000,7.034,568702,314424
12087,2024,85,7,1337,1.893,706343,441153
12088,2024,86,7,891,2.031,438688,245247
12089,2024,87,7,1060,2.846,372438,222826
12090,2024,88,7,1369,3.817,358700,215468
12091,2024,89,7,1490,4.462,333896,198598
12092,2024,90,7,467,3.334,140082,73620
12093,2024,91,7,5004,3.778,1324546,587710
12094,2024,92,7,6527,3.962,1647435,824372
12095,2024,93,7,12959,7.706,1681725,705282
12096,2024,94,7,7241,5.101,1419531,662168
12097,2024,95,7,7028,5.530,1270845,529926
12098,2016,01,8,0,0.000,638425,308491
12099,2016,02,8,0,0.000,536136,264180
12100,2016,03,8,0,0.000,339384,206980
12101,2016,04,8,0,0.000,162565,126760
12102,2016,05,8,0,0.000,141107,134647
12103,2016,06,8,0,0.000,1083704,761857
12104,2016,07,8,0,0.000,325157,201264
12105,2016,08,8,0,0.000,275371,142010
12106,2016,09,8,0,0.000,153067,108589
12107,2016,10,8,0,0.000,308910,163064
12108,2016,11,8,0,0.000,368025,258453
12109,2016,12,8,0,0.000,278697,179901
12110,2016,13,8,0,0.000,2019717,1009576
12111,2016,14,8,0,0.000,693679,412038
12112,2016,15,8,0,0.000,145969,101070
12113,2016,16,8,0,0.000,353288,196145
12114,2016,17,8,0,0.000,642191,427696
12115,2016,18,8,0,0.000,307110,177873
12116,2016,19,8,0,0.000,241535,153380
12117,2016,21,8,0,0.000,533213,285326
12118,2016,22,8,0,0.000,598953,363788
12119,2016,23,8,0,0.000,119502,88330
12120,2016,24,8,0,0.000,414789,256942
12121,2016,25,8,0,0.000,538549,277578
12122,2016,26,8,0,0.000,508006,269062
12123,2016,27,8,0,0.000,602825,292969
12124,2016,28,8,0,0.000,433929,213849
12125,2016,29,8,0,0.000,908249,537671
12126,2016,2A,8,0,0.000,154303,116432
12127,2016,2B,8,0,0.000,176152,129422
12128,2016,30,8,0,0.000,742006,419029
12129,2016,31,8,0,0.000,1348183,703754
12130,2016,32,8,0,0.000,190664,109392
12131,2016,33,8,0,0.000,1566679,843050
12132,2016,34,8,0,0.000,1132481,707572
12133,2016,35,8,0,0.000,1051779,538258
12134,2016,36,8,0,0.000,223505,138229
12135,2016,37,8,0,0.000,606223,318933
12136,2016,38,8,0,0.000,1252912,639743
12137,2016,39,8,0,0.000,260517,148337
12138,2016,40,8,0,0.000,405010,252298
12139,2016,41,8,0,0.000,332769,182821
12140,2016,42,8,0,0.000,761997,394202
12141,2016,43,8,0,0.000,227339,142111
12142,2016,44,8,0,0.000,1380852,729714
12143,2016,45,8,0,0.000,674330,341549
12144,2016,46,8,0,0.000,173347,117328
12145,2016,47,8,0,0.000,332833,184194
12146,2016,48,8,0,0.000,76422,60395
12147,2016,49,8,0,0.000,810934,391283
12148,2016,50,8,0,0.000,498362,295248
12149,2016,51,8,0,0.000,570883,292095
12150,2016,52,8,0,0.000,178084,100722
12151,2016,53,8,0,0.000,307688,155625
12152,2016,54,8,0,0.000,733821,373165
12153,2016,55,8,0,0.000,189055,99550
12154,2016,56,8,0,0.000,747548,459455
12155,2016,57,8,0,0.000,1045271,510597
12156,2016,58,8,0,0.000,209161,141593
12157,2016,59,8,0,0.000,2603723,1205062
12158,2016,60,8,0,0.000,823542,369320
12159,2016,61,8,0,0.000,285308,164640
12160,2016,62,8,0,0.000,1470725,708207
12161,2016,63,8,0,0.000,650700,382695
12162,2016,64,8,0,0.000,673986,400053
12163,2016,65,8,0,0.000,227829,160809
12164,2016,66,8,0,0.000,474369,346847
12165,2016,67,8,0,0.000,1121407,546387
12166,2016,68,8,0,0.000,762743,373686
12167,2016,69,8,0,0.000,1835903,904462
12168,2016,70,8,0,0.000,237242,126631
12169,2016,71,8,0,0.000,555023,309191
12170,2016,72,8,0,0.000,567561,289447
12171,2016,73,8,0,0.000,429681,341648
12172,2016,74,8,0,0.000,801416,500698
12173,2016,75,8,0,0.000,2190327,1374377
12174,2016,76,8,0,0.000,1255755,634421
12175,2016,77,8,0,0.000,1397665,604627
12176,2016,78,8,0,0.000,1431808,629383
12177,2016,79,8,0,0.000,374743,192620
12178,2016,80,8,0,0.000,572744,297094
12179,2016,81,8,0,0.000,386448,209380
12180,2016,82,8,0,0.000,256897,130059
12181,2016,83,8,0,0.000,1055821,707520
12182,2016,84,8,0,0.000,559014,298637
12183,2016,85,8,0,0.000,670597,417192
12184,2016,86,8,0,0.000,436069,237993
12185,2016,87,8,0,0.000,374978,219170
12186,2016,88,8,0,0.000,369641,212925
12187,2016,89,8,0,0.000,340544,195822
12188,2016,90,8,0,0.000,144089,71929
12189,2016,91,8,0,0.000,1287330,550895
12190,2016,92,8,0,0.000,1603268,789809
12191,2016,93,8,0,0.000,1606660,662466
12192,2016,94,8,0,0.000,1378151,626297
12193,2016,95,8,0,0.000,1221923,497749
12194,2017,01,8,0,0.000,643350,313061
12195,2017,02,8,0,0.000,534490,265548
12196,2017,03,8,0,0.000,337988,207725
12197,2017,04,8,0,0.000,163915,127940
12198,2017,05,8,0,0.000,141284,135493
12199,2017,06,8,0,0.000,1083310,766748
12200,2017,07,8,0,0.000,325712,203015
12201,2017,08,8,0,0.000,273579,142452
12202,2017,09,8,0,0.000,153153,109392
12203,2017,10,8,0,0.000,310020,164453
12204,2017,11,8,0,0.000,370260,261180
12205,2017,12,8,0,0.000,279206,181053
12206,2017,13,8,0,0.000,2024162,1021226
12207,2017,14,8,0,0.000,694002,416115
12208,2017,15,8,0,0.000,145143,101363
12209,2017,16,8,0,0.000,352335,197059
12210,2017,17,8,0,0.000,644303,431948
12211,2017,18,8,0,0.000,304256,178580
12212,2017,19,8,0,0.000,241464,154124
12213,2017,21,8,0,0.000,533819,287831
12214,2017,22,8,0,0.000,598814,366683
12215,2017,23,8,0,0.000,118638,88506
12216,2017,24,8,0,0.000,413606,258732
12217,2017,25,8,0,0.000,539067,279578
12218,2017,26,8,0,0.000,511553,272494
12219,2017,27,8,0,0.000,601843,295109
12220,2017,28,8,0,0.000,433233,215350
12221,2017,29,8,0,0.000,909028,542677
12222,2017,2A,8,0,0.000,157249,118848
12223,2017,2B,8,0,0.000,177689,130820
12224,2017,30,8,0,0.000,744178,423840
12225,2017,31,8,0,0.000,1362672,715532
12226,2017,32,8,0,0.000,191091,110358
12227,2017,33,8,0,0.000,1583384,856616
12228,2017,34,8,0,0.000,1144892,718743
12229,2017,35,8,0,0.000,1060199,546440
12230,2017,36,8,0,0.000,222232,138634
12231,2017,37,8,0,0.000,606511,321881
12232,2017,38,8,0,0.000,1258722,646707
12233,2017,39,8,0,0.000,260188,149350
12234,2017,40,8,0,0.000,407444,255992
12235,2017,41,8,0,0.000,331915,183643
12236,2017,42,8,0,0.000,762941,396655
12237,2017,43,8,0,0.000,227283,142989
12238,2017,44,8,0,0.000,1394909,740924
12239,2017,45,8,0,0.000,678105,344708
12240,2017,46,8,0,0.000,173828,118075
12241,2017,47,8,0,0.000,332842,185343
12242,2017,48,8,0,0.000,76601,60898
12243,2017,49,8,0,0.000,813493,394578
12244,2017,50,8,0,0.000,496883,297133
12245,2017,51,8,0,0.000,568895,294041
12246,2017,52,8,0,0.000,175640,100650
12247,2017,53,8,0,0.000,307445,156662
12248,2017,54,8,0,0.000,733481,375755
12249,2017,55,8,0,0.000,187187,99736
12250,2017,56,8,0,0.000,750863,464186
12251,2017,57,8,0,0.000,1043522,514328
12252,2017,58,8,0,0.000,207182,141642
12253,2017,59,8,0,0.000,2604361,1214497
12254,2017,60,8,0,0.000,824503,372778
12255,2017,61,8,0,0.000,283372,164926
12256,2017,62,8,0,0.000,1468018,713245
12257,2017,63,8,0,0.000,653742,386425
12258,2017,64,8,0,0.000,677309,404979
12259,2017,65,8,0,0.000,228530,161703
12260,2017,66,8,0,0.000,474452,349914
12261,2017,67,8,0,0.000,1125559,554075
12262,2017,68,8,0,0.000,764030,376960
12263,2017,69,8,0,0.000,1843319,914980
12264,2017,70,8,0,0.000,236659,127615
12265,2017,71,8,0,0.000,553595,310391
12266,2017,72,8,0,0.000,566506,291039
12267,2017,73,8,0,0.000,431174,345226
12268,2017,74,8,0,0.000,807360,508229
12269,2017,75,8,0,0.000,2187526,1382779
12270,2017,76,8,0,0.000,1254378,640334
12271,2017,77,8,0,0.000,1403997,612076
12272,2017,78,8,0,0.000,1438266,637200
12273,2017,79,8,0,0.000,374351,193971
12274,2017,80,8,0,0.000,572443,299211
12275,2017,81,8,0,0.000,387890,211038
12276,2017,82,8,0,0.000,258349,131300
12277,2017,83,8,0,0.000,1058740,714503
12278,2017,84,8,0,0.000,559479,301947
12279,2017,85,8,0,0.000,675247,421680
12280,2017,86,8,0,0.000,436876,240200
12281,2017,87,8,0,0.000,374426,219980
12282,2017,88,8,0,0.000,367673,213629
12283,2017,89,8,0,0.000,338291,196697
12284,2017,90,8,0,0.000,142622,72211
12285,2017,91,8,0,0.000,1296130,558684
12286,2017,92,8,0,0.000,1609306,796181
12287,2017,93,8,0,0.000,1623111,671680
12288,2017,94,8,0,0.000,1387926,633207
12289,2017,95,8,0,0.000,1228618,504100
12290,2018,01,8,0,0.000,647634,317983
12291,2018,02,8,0,0.000,533316,266641
12292,2018,03,8,0,0.000,337171,208375
12293,2018,04,8,0,0.000,164068,129062
12294,2018,05,8,0,0.000,140698,136581
12295,2018,06,8,0,0.000,1086219,772317
12296,2018,07,8,0,0.000,326606,204906
12297,2018,08,8,0,0.000,271845,143015
12298,2018,09,8,0,0.000,153066,110222
12299,2018,10,8,0,0.000,310020,165502
12300,2018,11,8,0,0.000,372806,263889
12301,2018,12,8,0,0.000,279274,182028
12302,2018,13,8,0,0.000,2034357,1034043
12303,2018,14,8,0,0.000,694056,419714
12304,2018,15,8,0,0.000,144765,101693
12305,2018,16,8,0,0.000,351778,198242
12306,2018,17,8,0,0.000,646932,436869
12307,2018,18,8,0,0.000,303408,179125
12308,2018,19,8,0,0.000,240583,154657
12309,2018,21,8,0,0.000,533220,290523
12310,2018,22,8,0,0.000,599584,369601
12311,2018,23,8,0,0.000,117503,88728
12312,2018,24,8,0,0.000,413418,260245
12313,2018,25,8,0,0.000,541454,282056
12314,2018,26,8,0,0.000,514732,275727
12315,2018,27,8,0,0.000,599962,297286
12316,2018,28,8,0,0.000,431997,216684
12317,2018,29,8,0,0.000,911735,545808
12318,2018,2A,8,0,0.000,157853,120567
12319,2018,2B,8,0,0.000,180701,132077
12320,2018,30,8,0,0.000,745458,428087
12321,2018,31,8,0,0.000,1380672,728249
12322,2018,32,8,0,0.000,191283,111171
12323,2018,33,8,0,0.000,1601845,872327
12324,2018,34,8,0,0.000,1159220,729653
12325,2018,35,8,0,0.000,1069228,554254
12326,2018,36,8,0,0.000,220595,138879
12327,2018,37,8,0,0.000,607760,325172
12328,2018,38,8,0,0.000,1263563,653289
12329,2018,39,8,0,0.000,259746,150169
12330,2018,40,8,0,0.000,410355,259512
12331,2018,41,8,0,0.000,330248,184614
12332,2018,42,8,0,0.000,763441,399134
12333,2018,43,8,0,0.000,227552,143699
12334,2018,44,8,0,0.000,1412502,752968
12335,2018,45,8,0,0.000,678845,347107
12336,2018,46,8,0,0.000,173929,118998
12337,2018,47,8,0,0.000,331970,186511
12338,2018,48,8,0,0.000,76520,61340
12339,2018,49,8,0,0.000,815883,397887
12340,2018,50,8,0,0.000,495983,298631
12341,2018,51,8,0,0.000,567462,295611
12342,2018,52,8,0,0.000,174069,100617
12343,2018,53,8,0,0.000,307084,157552
12344,2018,54,8,0,0.000,733469,378055
12345,2018,55,8,0,0.000,185355,99893
12346,2018,56,8,0,0.000,754867,468872
12347,2018,57,8,0,0.000,1043524,518772
12348,2018,58,8,0,0.000,205828,141623
12349,2018,59,8,0,0.000,2606234,1224589
12350,2018,60,8,0,0.000,827153,376185
12351,2018,61,8,0,0.000,281593,165463
12352,2018,62,8,0,0.000,1466743,717901
12353,2018,63,8,0,0.000,659048,389711
12354,2018,64,8,0,0.000,679810,409790
12355,2018,65,8,0,0.000,229191,162729
12356,2018,66,8,0,0.000,476357,352742
12357,2018,67,8,0,0.000,1133552,561562
12358,2018,68,8,0,0.000,764981,380238
12359,2018,69,8,0,0.000,1859524,926576
12360,2018,70,8,0,0.000,236018,128333
12361,2018,71,8,0,0.000,552185,311499
12362,2018,72,8,0,0.000,565963,292628
12363,2018,73,8,0,0.000,433724,349226
12364,2018,74,8,0,0.000,816699,517217
12365,2018,75,8,0,0.000,2175601,1386846
12366,2018,76,8,0,0.000,1255883,645786
12367,2018,77,8,0,0.000,1412516,619784
12368,2018,78,8,0,0.000,1441398,643946
12369,2018,79,8,0,0.000,374799,195051
12370,2018,80,8,0,0.000,570662,301740
12371,2018,81,8,0,0.000,388596,212905
12372,2018,82,8,0,0.000,259124,132603
12373,2018,83,8,0,0.000,1067697,722128
12374,2018,84,8,0,0.000,559793,305436
12375,2018,85,8,0,0.000,679991,426426
12376,2018,86,8,0,0.000,437586,241951
12377,2018,87,8,0,0.000,373199,220762
12378,2018,88,8,0,0.000,366112,214363
12379,2018,89,8,0,0.000,337504,197683
12380,2018,90,8,0,0.000,141852,72929
12381,2018,91,8,0,0.000,1296641,564587
12382,2018,92,8,0,0.000,1619120,801737
12383,2018,93,8,0,0.000,1632677,679663
12384,2018,94,8,0,0.000,1396913,640016
12385,2018,95,8,0,0.000,1238581,510302
12386,2019,01,8,0,0.000,652432,321432
12387,2019,02,8,0,0.000,531345,266922
12388,2019,03,8,0,0.000,335975,208863
12389,2019,04,8,0,0.000,164308,129690
12390,2019,05,8,0,0.000,141220,137644
12391,2019,06,8,0,0.000,1094283,778291
12392,2019,07,8,0,0.000,328278,206435
12393,2019,08,8,0,0.000,270582,142983
12394,2019,09,8,0,0.000,153287,110526
12395,2019,10,8,0,0.000,310242,166101
12396,2019,11,8,0,0.000,374070,265167
12397,2019,12,8,0,0.000,279595,182769
12398,2019,13,8,0,0.000,2043110,1044973
12399,2019,14,8,0,0.000,694905,422082
12400,2019,15,8,0,0.000,144692,101953
12401,2019,16,8,0,0.000,352015,198920
12402,2019,17,8,0,0.000,651358,440935
12403,2019,18,8,0,0.000,302306,179430
12404,2019,19,8,0,0.000,240073,155041
12405,2019,21,8,0,0.000,534124,292479
12406,2019,22,8,0,0.000,600582,371643
12407,2019,23,8,0,0.000,116617,88646
12408,2019,24,8,0,0.000,413223,261104
12409,2019,25,8,0,0.000,543974,283778
12410,2019,26,8,0,0.000,516762,277777
12411,2019,27,8,0,0.000,599507,298148
12412,2019,28,8,0,0.000,431575,217440
12413,2019,29,8,0,0.000,915090,549039
12414,2019,2A,8,0,0.000,158507,122005
12415,2019,2B,8,0,0.000,181933,133540
12416,2019,30,8,0,0.000,748437,431684
12417,2019,31,8,0,0.000,1400039,740546
12418,2019,32,8,0,0.000,191377,111536
12419,2019,33,8,0,0.000,1623749,886986
12420,2019,34,8,0,0.000,1175623,739737
12421,2019,35,8,0,0.000,1079498,561343
12422,2019,36,8,0,0.000,219316,138826
12423,2019,37,8,0,0.000,610079,328095
12424,2019,38,8,0,0.000,1271166,659031
12425,2019,39,8,0,0.000,259199,150475
12426,2019,40,8,0,0.000,413690,262370
12427,2019,41,8,0,0.000,329470,185077
12428,2019,42,8,0,0.000,765634,401112
12429,2019,43,8,0,0.000,227570,143916
12430,2019,44,8,0,0.000,1429272,764010
12431,2019,45,8,0,0.000,680434,348977
12432,2019,46,8,0,0.000,174094,119499
12433,2019,47,8,0,0.000,331271,187058
12434,2019,48,8,0,0.000,76604,61547
12435,2019,49,8,0,0.000,818273,400508
12436,2019,50,8,0,0.000,495045,299656
12437,2019,51,8,0,0.000,566855,297288
12438,2019,52,8,0,0.000,172512,100382
12439,2019,53,8,0,0.000,307062,158083
12440,2019,54,8,0,0.000,733760,379680
12441,2019,55,8,0,0.000,184083,99834
12442,2019,56,8,0,0.000,759684,472749
12443,2019,57,8,0,0.000,1046543,523268
12444,2019,58,8,0,0.000,204452,141411
12445,2019,59,8,0,0.000,2608346,1232504
12446,2019,60,8,0,0.000,829419,378048
12447,2019,61,8,0,0.000,279942,165100
12448,2019,62,8,0,0.000,1465278,720800
12449,2019,63,8,0,0.000,662152,392038
12450,2019,64,8,0,0.000,682621,413357
12451,2019,65,8,0,0.000,229567,163634
12452,2019,66,8,0,0.000,479979,355661
12453,2019,67,8,0,0.000,1140057,567991
12454,2019,68,8,0,0.000,767086,382805
12455,2019,69,8,0,0.000,1875747,937544
12456,2019,70,8,0,0.000,235313,128450
12457,2019,71,8,0,0.000,551493,311966
12458,2019,72,8,0,0.000,566412,293561
12459,2019,73,8,0,0.000,436434,352254
12460,2019,74,8,0,0.000,826094,525404
12461,2019,75,8,0,0.000,2165423,1389375
12462,2019,76,8,0,0.000,1255633,649681
12463,2019,77,8,0,0.000,1421197,626435
12464,2019,78,8,0,0.000,1448207,649383
12465,2019,79,8,0,0.000,374878,195568
12466,2019,80,8,0,0.000,570559,303449
12467,2019,81,8,0,0.000,389844,214423
12468,2019,82,8,0,0.000,260669,133522
12469,2019,83,8,0,0.000,1076711,729223
12470,2019,84,8,0,0.000,561469,308505
12471,2019,85,8,0,0.000,685442,430815
12472,2019,86,8,0,0.000,438435,242907
12473,2019,87,8,0,0.000,372359,221194
12474,2019,88,8,0,0.000,364499,214287
12475,2019,89,8,0,0.000,335707,197718
12476,2019,90,8,0,0.000,141318,73180
12477,2019,91,8,0,0.000,1301659,570417
12478,2019,92,8,0,0.000,1624357,807711
12479,2019,93,8,0,0.000,1644903,687238
12480,2019,94,8,0,0.000,1407124,647289
12481,2019,95,8,0,0.000,1249674,517063
12482,2020,01,8,175,0.266,657856,325431
12483,2020,02,8,127,0.240,529374,267555
12484,2020,03,8,119,0.355,335628,209251
12485,2020,04,8,96,0.580,165451,130500
12486,2020,05,8,71,0.505,140605,138751
12487,2020,06,8,864,0.787,1097410,783398
12488,2020,07,8,101,0.307,329325,207922
12489,2020,08,8,116,0.430,269701,143402
12490,2020,09,8,42,0.273,153954,110875
12491,2020,10,8,53,0.170,311435,166928
12492,2020,11,8,94,0.251,375217,266877
12493,2020,12,8,101,0.361,279554,183702
12494,2020,13,8,3054,1.491,2048070,1055315
12495,2020,14,8,238,0.341,697547,426069
12496,2020,15,8,34,0.235,144379,102234
12497,2020,16,8,49,0.139,351718,199746
12498,2020,17,8,170,0.259,655709,445578
12499,2020,18,8,66,0.219,300933,179389
12500,2020,19,8,46,0.192,239190,155575
12501,2020,21,8,151,0.282,535078,294776
12502,2020,22,8,106,0.176,603640,373909
12503,2020,23,8,35,0.302,115995,88769
12504,2020,24,8,92,0.223,412807,262321
12505,2020,25,8,194,0.356,545209,285770
12506,2020,26,8,115,0.222,517709,279948
12507,2020,27,8,185,0.309,599668,299419
12508,2020,28,8,140,0.324,431443,218433
12509,2020,29,8,227,0.247,917179,552465
12510,2020,2A,8,37,0.230,160814,123650
12511,2020,2B,8,47,0.257,182887,135125
12512,2020,30,8,261,0.347,751457,435785
12513,2020,31,8,481,0.340,1415757,754396
12514,2020,32,8,43,0.224,191819,112134
12515,2020,33,8,410,0.251,1636391,900198
12516,2020,34,8,693,0.583,1188973,750002
12517,2020,35,8,559,0.513,1088855,568308
12518,2020,36,8,89,0.407,218707,138959
12519,2020,37,8,130,0.212,612119,330454
12520,2020,38,8,615,0.481,1277513,665362
12521,2020,39,8,48,0.185,258798,151009
12522,2020,40,8,88,0.210,418122,265930
12523,2020,41,8,102,0.310,329357,185591
12524,2020,42,8,205,0.267,768508,403254
12525,2020,43,8,72,0.316,227489,144442
12526,2020,44,8,338,0.234,1445171,776207
12527,2020,45,8,288,0.422,682304,351028
12528,2020,46,8,75,0.429,174670,120123
12529,2020,47,8,102,0.308,330844,188120
12530,2020,48,8,16,0.209,76633,61734
12531,2020,49,8,115,0.140,820713,403157
12532,2020,50,8,95,0.192,495093,301071
12533,2020,51,8,199,0.351,566659,299421
12534,2020,52,8,45,0.262,171798,100520
12535,2020,53,8,57,0.186,306538,158874
12536,2020,54,8,242,0.330,732590,381849
12537,2020,55,8,24,0.131,183001,100007
12538,2020,56,8,165,0.216,764161,476941
12539,2020,57,8,265,0.253,1049155,527832
12540,2020,58,8,46,0.227,202670,141219
12541,2020,59,8,1414,0.542,2607746,1241241
12542,2020,60,8,483,0.582,829699,380003
12543,2020,61,8,25,0.090,278475,164988
12544,2020,62,8,489,0.334,1462167,724156
12545,2020,63,8,93,0.141,661852,394760
12546,2020,64,8,168,0.244,687240,417293
12547,2020,65,8,112,0.487,229788,164545
12548,2020,66,8,241,0.499,482765,359151
12549,2020,67,8,157,0.137,1148073,575001
12550,2020,68,8,102,0.133,767842,386082
12551,2020,69,8,1178,0.625,1883437,949531
12552,2020,70,8,30,0.128,234601,128855
12553,2020,71,8,173,0.314,551063,312880
12554,2020,72,8,82,0.145,566993,294778
12555,2020,73,8,112,0.255,439750,355575
12556,2020,74,8,302,0.362,835206,533337
12557,2020,75,8,1229,0.573,2145906,1393800
12558,2020,76,8,422,0.336,1254739,653680
12559,2020,77,8,695,0.486,1428636,634163
12560,2020,78,8,556,0.384,1449723,654741
12561,2020,79,8,66,0.176,374481,196421
12562,2020,80,8,169,0.297,568748,305380
12563,2020,81,8,111,0.284,391066,215987
12564,2020,82,8,112,0.427,262316,134694
12565,2020,83,8,693,0.639,1085189,735547
12566,2020,84,8,355,0.632,561941,311098
12567,2020,85,8,38,0.055,692705,435953
12568,2020,86,8,115,0.262,439332,243821
12569,2020,87,8,161,0.433,372123,221779
12570,2020,88,8,101,0.279,362397,214812
12571,2020,89,8,142,0.425,334156,197870
12572,2020,90,8,49,0.350,140120,73384
12573,2020,91,8,649,0.497,1306118,577712
12574,2020,92,8,656,0.403,1626213,815765
12575,2020,93,8,2510,1.516,1655422,696152
12576,2020,94,8,993,0.705,1407972,654340
12577,2020,95,8,1003,0.801,1251804,523106
12578,2021,01,8,592,0.893,663202,329783
12579,2021,02,8,439,0.832,527468,268381
12580,2021,03,8,394,1.177,334872,209666
12581,2021,04,8,292,1.758,166077,131551
12582,2021,05,8,236,1.674,140976,139877
12583,2021,06,8,2737,2.479,1103941,788916
12584,2021,07,8,511,1.542,331415,209963
12585,2021,08,8,284,1.056,268859,143973
12586,2021,09,8,67,0.433,154596,111352
12587,2021,10,8,88,0.283,311329,167657
12588,2021,11,8,339,0.902,376028,268987
12589,2021,12,8,366,1.309,279649,184954
12590,2021,13,8,13121,6.379,2056943,1066675
12591,2021,14,8,1033,1.474,700633,429997
12592,2021,15,8,97,0.673,144226,102634
12593,2021,16,8,184,0.524,350867,200757
12594,2021,17,8,611,0.924,661404,451118
12595,2021,18,8,488,1.629,299573,179274
12596,2021,19,8,175,0.730,239784,156356
12597,2021,21,8,387,0.723,535503,297329
12598,2021,22,8,371,0.612,605917,376517
12599,2021,23,8,40,0.346,115702,89016
12600,2021,24,8,208,0.503,413730,264136
12601,2021,25,8,589,1.077,547096,288184
12602,2021,26,8,409,0.787,519458,282419
12603,2021,27,8,788,1.316,598934,300922
12604,2021,28,8,337,0.781,431277,219670
12605,2021,29,8,400,0.434,921638,556255
12606,2021,2A,8,95,0.583,162942,124954
12607,2021,2B,8,88,0.477,184655,136722
12608,2021,30,8,745,0.985,756543,441086
12609,2021,31,8,1834,1.279,1434367,769604
12610,2021,32,8,105,0.546,192437,112806
12611,2021,33,8,1639,0.990,1654970,913452
12612,2021,34,8,2446,2.035,1201883,760879
12613,2021,35,8,1235,1.124,1098325,575321
12614,2021,36,8,348,1.602,217228,139055
12615,2021,37,8,344,0.562,612160,333159
12616,2021,38,8,2263,1.761,1284948,673024
12617,2021,39,8,156,0.603,258555,151865
12618,2021,40,8,239,0.565,422976,270194
12619,2021,41,8,267,0.813,328504,186408
12620,2021,42,8,1340,1.742,769029,405452
12621,2021,43,8,234,1.030,227284,145236
12622,2021,44,8,805,0.552,1457806,787187
12623,2021,45,8,1021,1.491,684561,353544
12624,2021,46,8,176,1.006,174942,120797
12625,2021,47,8,222,0.670,331229,189189
12626,2021,48,8,50,0.653,76519,62006
12627,2021,49,8,337,0.409,824743,406488
12628,2021,50,8,310,0.626,495508,302441
12629,2021,51,8,608,1.076,565292,300919
12630,2021,52,8,155,0.906,171042,100716
12631,2021,53,8,169,0.552,305933,159714
12632,2021,54,8,704,0.961,732486,384639
12633,2021,55,8,56,0.308,181919,100190
12634,2021,56,8,411,0.535,768687,481682
12635,2021,57,8,755,0.719,1049942,531542
12636,2021,58,8,107,0.529,202417,141381
12637,2021,59,8,4510,1.727,2611293,1251657
12638,2021,60,8,2336,2.818,828838,382118
12639,2021,61,8,129,0.466,276973,165115
12640,2021,62,8,1869,1.279,1461441,727951
12641,2021,63,8,431,0.651,662285,397923
12642,2021,64,8,496,0.716,693027,421756
12643,2021,65,8,250,1.082,230956,165621
12644,2021,66,8,744,1.527,487307,362350
12645,2021,67,8,548,0.475,1152662,581630
12646,2021,68,8,468,0.610,767083,389445
12647,2021,69,8,4260,2.250,1893692,964037
12648,2021,70,8,107,0.457,234296,129449
12649,2021,71,8,690,1.256,549288,314053
12650,2021,72,8,148,0.261,566058,296419
12651,2021,73,8,275,0.622,442468,358886
12652,2021,74,8,1216,1.445,841482,540705
12653,2021,75,8,5375,2.520,2133111,1396753
12654,2021,76,8,2326,1.852,1255918,657851
12655,2021,77,8,3561,2.476,1438100,641376
12656,2021,78,8,2868,1.969,1456365,661312
12657,2021,79,8,228,0.609,374587,197430
12658,2021,80,8,445,0.786,566252,307149
12659,2021,81,8,501,1.273,393572,218036
12660,2021,82,8,217,0.824,263377,135891
12661,2021,83,8,2339,2.135,1095337,743682
12662,2021,84,8,1047,1.855,564566,314424
12663,2021,85,8,122,0.174,699459,441153
12664,2021,86,8,340,0.774,439385,245247
12665,2021,87,8,494,1.329,371691,222826
12666,2021,88,8,372,1.031,360673,215468
12667,2021,89,8,682,2.046,333385,198598
12668,2021,90,8,195,1.396,139654,73620
12669,2021,91,8,2220,1.690,1313768,587710
12670,2021,92,8,3620,2.214,1635291,824372
12671,2021,93,8,7184,4.305,1668670,705282
12672,2021,94,8,2823,1.995,1415367,662168
12673,2021,95,8,3538,2.816,1256607,529926
12674,2022,01,8,897,1.336,671289,329783
12675,2022,02,8,1023,1.947,525558,268381
12676,2022,03,8,654,1.954,334715,209666
12677,2022,04,8,236,1.412,167179,131551
12678,2022,05,8,263,1.856,141677,139877
12679,2022,06,8,3206,2.876,1114579,788916
12680,2022,07,8,679,2.038,333229,209963
12681,2022,08,8,333,1.246,267204,143973
12682,2022,09,8,199,1.281,155339,111352
12683,2022,10,8,221,0.710,311076,167657
12684,2022,11,8,472,1.249,377773,268987
12685,2022,12,8,465,1.662,279736,184954
12686,2022,13,8,19737,9.536,2069811,1066675
12687,2022,14,8,1465,2.079,704605,429997
12688,2022,15,8,99,0.686,144399,102634
12689,2022,16,8,163,0.464,351603,200757
12690,2022,17,8,935,1.399,668160,451118
12691,2022,18,8,472,1.576,299496,179274
12692,2022,19,8,211,0.879,240120,156356
12693,2022,21,8,536,0.997,537577,297329
12694,2022,22,8,625,1.025,609598,376517
12695,2022,23,8,53,0.459,115529,89016
12696,2022,24,8,456,1.095,416325,264136
12697,2022,25,8,876,1.597,548662,288184
12698,2022,26,8,535,1.026,521432,282419
12699,2022,27,8,1464,2.435,601305,300922
12700,2022,28,8,394,0.910,432950,219670
12701,2022,29,8,658,0.709,927912,556255
12702,2022,2A,8,151,0.909,166045,124954
12703,2022,2B,8,107,0.578,185231,136722
12704,2022,30,8,1015,1.329,764010,441086
12705,2022,31,8,3227,2.216,1456261,769604
12706,2022,32,8,133,0.690,192649,112806
12707,2022,33,8,1835,1.096,1674980,913452
12708,2022,34,8,4038,3.317,1217331,760879
12709,2022,35,8,1866,1.682,1109232,575321
12710,2022,36,8,281,1.296,216809,139055
12711,2022,37,8,575,0.933,616326,333159
12712,2022,38,8,3022,2.340,1291380,673024
12713,2022,39,8,255,0.987,258405,151865
12714,2022,40,8,369,0.861,428427,270194
12715,2022,41,8,245,0.745,328953,186408
12716,2022,42,8,1656,2.145,772041,405452
12717,2022,43,8,351,1.538,228161,145236
12718,2022,44,8,1816,1.233,1473156,787187
12719,2022,45,8,883,1.285,687063,353544
12720,2022,46,8,110,0.626,175620,120797
12721,2022,47,8,267,0.804,332226,189189
12722,2022,48,8,40,0.523,76503,62006
12723,2022,49,8,367,0.443,828151,406488
12724,2022,50,8,465,0.936,496815,302441
12725,2022,51,8,694,1.230,564107,300919
12726,2022,52,8,191,1.124,169865,100716
12727,2022,53,8,385,1.260,305437,159714
12728,2022,54,8,859,1.172,732898,384639
12729,2022,55,8,185,1.024,180745,100190
12730,2022,56,8,589,0.759,776103,481682
12731,2022,57,8,948,0.902,1050721,531542
12732,2022,58,8,207,1.023,202299,141381
12733,2022,59,8,6073,2.321,2616909,1251657
12734,2022,60,8,2592,3.120,830725,382118
12735,2022,61,8,368,1.333,276144,165115
12736,2022,62,8,2454,1.681,1460184,727951
12737,2022,63,8,614,0.924,664385,397923
12738,2022,64,8,448,0.640,699473,421756
12739,2022,65,8,243,1.050,231453,165621
12740,2022,66,8,914,1.854,492964,362350
12741,2022,67,8,863,0.746,1156963,581630
12742,2022,68,8,743,0.968,767800,389445
12743,2022,69,8,6119,3.207,1907982,964037
12744,2022,70,8,219,0.936,233920,129449
12745,2022,71,8,712,1.297,549136,314053
12746,2022,72,8,226,0.399,566129,296419
12747,2022,73,8,482,1.082,445288,358886
12748,2022,74,8,1484,1.747,849583,540705
12749,2022,75,8,8970,4.244,2113705,1396753
12750,2022,76,8,3954,3.138,1260205,657851
12751,2022,77,8,4862,3.348,1452399,641376
12752,2022,78,8,4833,3.286,1470778,661312
12753,2022,79,8,344,0.916,375415,197430
12754,2022,80,8,716,1.266,565540,307149
12755,2022,81,8,782,1.974,396168,218036
12756,2022,82,8,168,0.634,264924,135891
12757,2022,83,8,2323,2.096,1108364,743682
12758,2022,84,8,1350,2.374,568702,314424
12759,2022,85,8,225,0.319,706343,441153
12760,2022,86,8,436,0.994,438688,245247
12761,2022,87,8,491,1.318,372438,222826
12762,2022,88,8,372,1.037,358700,215468
12763,2022,89,8,844,2.528,333896,198598
12764,2022,90,8,235,1.678,140082,73620
12765,2022,91,8,2859,2.158,1324546,587710
12766,2022,92,8,4549,2.761,1647435,824372
12767,2022,93,8,6390,3.800,1681725,705282
12768,2022,94,8,3615,2.547,1419531,662168
12769,2022,95,8,3617,2.846,1270845,529926
12770,2023,01,8,1102,1.642,671289,329783
12771,2023,02,8,1095,2.083,525558,268381
12772,2023,03,8,647,1.933,334715,209666
12773,2023,04,8,335,2.004,167179,131551
12774,2023,05,8,351,2.477,141677,139877
12775,2023,06,8,3590,3.221,1114579,788916
12776,2023,07,8,564,1.693,333229,209963
12777,2023,08,8,324,1.213,267204,143973
12778,2023,09,8,196,1.262,155339,111352
12779,2023,10,8,238,0.765,311076,167657
12780,2023,11,8,521,1.379,377773,268987
12781,2023,12,8,402,1.437,279736,184954
12782,2023,13,8,18316,8.849,2069811,1066675
12783,2023,14,8,1585,2.249,704605,429997
12784,2023,15,8,79,0.547,144399,102634
12785,2023,16,8,232,0.660,351603,200757
12786,2023,17,8,1043,1.561,668160,451118
12787,2023,18,8,469,1.566,299496,179274
12788,2023,19,8,256,1.066,240120,156356
12789,2023,21,8,1221,2.271,537577,297329
12790,2023,22,8,874,1.434,609598,376517
12791,2023,23,8,129,1.117,115529,89016
12792,2023,24,8,514,1.235,416325,264136
12793,2023,25,8,995,1.814,548662,288184
12794,2023,26,8,719,1.379,521432,282419
12795,2023,27,8,1429,2.376,601305,300922
12796,2023,28,8,473,1.093,432950,219670
12797,2023,29,8,683,0.736,927912,556255
12798,2023,2A,8,216,1.301,166045,124954
12799,2023,2B,8,155,0.837,185231,136722
12800,2023,30,8,1686,2.207,764010,441086
12801,2023,31,8,3654,2.509,1456261,769604
12802,2023,32,8,212,1.100,192649,112806
12803,2023,33,8,2081,1.242,1674980,913452
12804,2023,34,8,4093,3.362,1217331,760879
12805,2023,35,8,1941,1.750,1109232,575321
12806,2023,36,8,474,2.186,216809,139055
12807,2023,37,8,622,1.009,616326,333159
12808,2023,38,8,3622,2.805,1291380,673024
12809,2023,39,8,443,1.714,258405,151865
12810,2023,40,8,401,0.936,428427,270194
12811,2023,41,8,297,0.903,328953,186408
12812,2023,42,8,1680,2.176,772041,405452
12813,2023,43,8,397,1.740,228161,145236
12814,2023,44,8,2504,1.700,1473156,787187
12815,2023,45,8,916,1.333,687063,353544
12816,2023,46,8,99,0.564,175620,120797
12817,2023,47,8,464,1.397,332226,189189
12818,2023,48,8,52,0.680,76503,62006
12819,2023,49,8,531,0.641,828151,406488
12820,2023,50,8,670,1.349,496815,302441
12821,2023,51,8,1181,2.094,564107,300919
12822,2023,52,8,189,1.113,169865,100716
12823,2023,53,8,356,1.166,305437,159714
12824,2023,54,8,985,1.344,732898,384639
12825,2023,55,8,197,1.090,180745,100190
12826,2023,56,8,679,0.875,776103,481682
12827,2023,57,8,1325,1.261,1050721,531542
12828,2023,58,8,388,1.918,202299,141381
12829,2023,59,8,6820,2.606,2616909,1251657
12830,2023,60,8,2194,2.641,830725,382118
12831,2023,61,8,395,1.430,276144,165115
12832,2023,62,8,2849,1.951,1460184,727951
12833,2023,63,8,565,0.850,664385,397923
12834,2023,64,8,645,0.922,699473,421756
12835,2023,65,8,263,1.136,231453,165621
12836,2023,66,8,907,1.840,492964,362350
12837,2023,67,8,1180,1.020,1156963,581630
12838,2023,68,8,801,1.043,767800,389445
12839,2023,69,8,6181,3.240,1907982,964037
12840,2023,70,8,290,1.240,233920,129449
12841,2023,71,8,787,1.433,549136,314053
12842,2023,72,8,310,0.548,566129,296419
12843,2023,73,8,620,1.392,445288,358886
12844,2023,74,8,1450,1.707,849583,540705
12845,2023,75,8,13173,6.232,2113705,1396753
12846,2023,76,8,4110,3.261,1260205,657851
12847,2023,77,8,6155,4.238,1452399,641376
12848,2023,78,8,4754,3.232,1470778,661312
12849,2023,79,8,530,1.412,375415,197430
12850,2023,80,8,710,1.255,565540,307149
12851,2023,81,8,790,1.994,396168,218036
12852,2023,82,8,211,0.796,264924,135891
12853,2023,83,8,3137,2.830,1108364,743682
12854,2023,84,8,2534,4.456,568702,314424
12855,2023,85,8,401,0.568,706343,441153
12856,2023,86,8,433,0.987,438688,245247
12857,2023,87,8,594,1.595,372438,222826
12858,2023,88,8,507,1.413,358700,215468
12859,2023,89,8,826,2.474,333896,198598
12860,2023,90,8,262,1.870,140082,73620
12861,2023,91,8,3117,2.353,1324546,587710
12862,2023,92,8,4226,2.565,1647435,824372
12863,2023,93,8,6355,3.779,1681725,705282
12864,2023,94,8,4422,3.115,1419531,662168
12865,2023,95,8,3940,3.100,1270845,529926
12866,2024,01,8,1109,1.652,671289,329783
12867,2024,02,8,1132,2.154,525558,268381
12868,2024,03,8,995,2.973,334715,209666
12869,2024,04,8,503,3.009,167179,131551
12870,2024,05,8,357,2.520,141677,139877
12871,2024,06,8,4326,3.881,1114579,788916
12872,2024,07,8,606,1.819,333229,209963
12873,2024,08,8,451,1.688,267204,143973
12874,2024,09,8,323,2.079,155339,111352
12875,2024,10,8,228,0.733,311076,167657
12876,2024,11,8,796,2.107,377773,268987
12877,2024,12,8,578,2.066,279736,184954
12878,2024,13,8,20599,9.952,2069811,1066675
12879,2024,14,8,1304,1.851,704605,429997
12880,2024,15,8,82,0.568,144399,102634
12881,2024,16,8,390,1.109,351603,200757
12882,2024,17,8,1280,1.916,668160,451118
12883,2024,18,8,520,1.736,299496,179274
12884,2024,19,8,277,1.154,240120,156356
12885,2024,21,8,1705,3.172,537577,297329
12886,2024,22,8,748,1.227,609598,376517
12887,2024,23,8,103,0.892,115529,89016
12888,2024,24,8,466,1.119,416325,264136
12889,2024,25,8,1427,2.601,548662,288184
12890,2024,26,8,1106,2.121,521432,282419
12891,2024,27,8,1183,1.967,601305,300922
12892,2024,28,8,561,1.296,432950,219670
12893,2024,29,8,879,0.947,927912,556255
12894,2024,2A,8,194,1.168,166045,124954
12895,2024,2B,8,136,0.734,185231,136722
12896,2024,30,8,1941,2.541,764010,441086
12897,2024,31,8,3700,2.541,1456261,769604
12898,2024,32,8,188,0.976,192649,112806
12899,2024,33,8,2473,1.476,1674980,913452
12900,2024,34,8,4969,4.082,1217331,760879
12901,2024,35,8,2081,1.876,1109232,575321
12902,2024,36,8,217,1.001,216809,139055
12903,2024,37,8,616,0.999,616326,333159
12904,2024,38,8,3885,3.008,1291380,673024
12905,2024,39,8,430,1.664,258405,151865
12906,2024,40,8,819,1.912,428427,270194
12907,2024,41,8,364,1.107,328953,186408
12908,2024,42,8,2363,3.061,772041,405452
12909,2024,43,8,339,1.486,228161,145236
12910,2024,44,8,2928,1.988,1473156,787187
12911,2024,45,8,1115,1.623,687063,353544
12912,2024,46,8,103,0.586,175620,120797
12913,2024,47,8,662,1.993,332226,189189
12914,2024,48,8,61,0.797,76503,62006
12915,2024,49,8,742,0.896,828151,406488
12916,2024,50,8,646,1.300,496815,302441
12917,2024,51,8,1114,1.975,564107,300919
12918,2024,52,8,263,1.548,169865,100716
12919,2024,53,8,537,1.758,305437,159714
12920,2024,54,8,1039,1.418,732898,384639
12921,2024,55,8,264,1.461,180745,100190
12922,2024,56,8,950,1.224,776103,481682
12923,2024,57,8,1498,1.426,1050721,531542
12924,2024,58,8,291,1.438,202299,141381
12925,2024,59,8,7701,2.943,2616909,1251657
12926,2024,60,8,2275,2.739,830725,382118
12927,2024,61,8,397,1.438,276144,165115
12928,2024,62,8,3698,2.533,1460184,727951
12929,2024,63,8,1078,1.623,664385,397923
12930,2024,64,8,890,1.272,699473,421756
12931,2024,65,8,284,1.227,231453,165621
12932,2024,66,8,923,1.872,492964,362350
12933,2024,67,8,1260,1.089,1156963,581630
12934,2024,68,8,961,1.252,767800,389445
12935,2024,69,8,7617,3.992,1907982,964037
12936,2024,70,8,256,1.094,233920,129449
12937,2024,71,8,978,1.781,549136,314053
12938,2024,72,8,716,1.265,566129,296419
12939,2024,73,8,797,1.790,445288,358886
12940,2024,74,8,1532,1.803,849583,540705
12941,2024,75,8,23152,10.953,2113705,1396753
12942,2024,76,8,4120,3.269,1260205,657851
12943,2024,77,8,6485,4.465,1452399,641376
12944,2024,78,8,5338,3.629,1470778,661312
12945,2024,79,8,663,1.766,375415,197430
12946,2024,80,8,813,1.438,565540,307149
12947,2024,81,8,897,2.264,396168,218036
12948,2024,82,8,311,1.174,264924,135891
12949,2024,83,8,3499,3.157,1108364,743682
12950,2024,84,8,2917,5.129,568702,314424
12951,2024,85,8,398,0.563,706343,441153
12952,2024,86,8,410,0.935,438688,245247
12953,2024,87,8,671,1.802,372438,222826
12954,2024,88,8,760,2.119,358700,215468
12955,2024,89,8,974,2.917,333896,198598
12956,2024,90,8,315,2.249,140082,73620
12957,2024,91,8,3427,2.587,1324546,587710
12958,2024,92,8,4665,2.832,1647435,824372
12959,2024,93,8,9449,5.619,1681725,705282
12960,2024,94,8,4813,3.391,1419531,662168
12961,2024,95,8,5021,3.951,1270845,529926
12962,2016,01,9,1473,2.307,638425,308491
12963,2016,02,9,1073,2.001,536136,264180
12964,2016,03,9,970,2.858,339384,206980
12965,2016,04,9,706,4.343,162565,126760
12966,2016,05,9,637,4.514,141107,134647
12967,2016,06,9,3728,3.440,1083704,761857
12968,2016,07,9,637,1.959,325157,201264
12969,2016,08,9,687,2.495,275371,142010
12970,2016,09,9,375,2.450,153067,108589
12971,2016,10,9,500,1.619,308910,163064
12972,2016,11,9,793,2.155,368025,258453
12973,2016,12,9,577,2.070,278697,179901
12974,2016,13,9,6608,3.272,2019717,1009576
12975,2016,14,9,1945,2.804,693679,412038
12976,2016,15,9,169,1.158,145969,101070
12977,2016,16,9,665,1.882,353288,196145
12978,2016,17,9,1713,2.667,642191,427696
12979,2016,18,9,844,2.748,307110,177873
12980,2016,19,9,658,2.724,241535,153380
12981,2016,21,9,1121,2.102,533213,285326
12982,2016,22,9,873,1.458,598953,363788
12983,2016,23,9,152,1.272,119502,88330
12984,2016,24,9,619,1.492,414789,256942
12985,2016,25,9,1033,1.918,538549,277578
12986,2016,26,9,1469,2.892,508006,269062
12987,2016,27,9,1450,2.405,602825,292969
12988,2016,28,9,915,2.109,433929,213849
12989,2016,29,9,2056,2.264,908249,537671
12990,2016,2A,9,414,2.683,154303,116432
12991,2016,2B,9,408,2.316,176152,129422
12992,2016,30,9,1481,1.996,742006,419029
12993,2016,31,9,3480,2.581,1348183,703754
12994,2016,32,9,425,2.229,190664,109392
12995,2016,33,9,2928,1.869,1566679,843050
12996,2016,34,9,3387,2.991,1132481,707572
12997,2016,35,9,1734,1.649,1051779,538258
12998,2016,36,9,481,2.152,223505,138229
12999,2016,37,9,1298,2.141,606223,318933
13000,2016,38,9,2594,2.070,1252912,639743
13001,2016,39,9,633,2.430,260517,148337
13002,2016,40,9,1005,2.481,405010,252298
13003,2016,41,9,724,2.176,332769,182821
13004,2016,42,9,2068,2.714,761997,394202
13005,2016,43,9,547,2.406,227339,142111
13006,2016,44,9,3148,2.280,1380852,729714
13007,2016,45,9,1731,2.567,674330,341549
13008,2016,46,9,301,1.736,173347,117328
13009,2016,47,9,510,1.532,332833,184194
13010,2016,48,9,202,2.643,76422,60395
13011,2016,49,9,1386,1.709,810934,391283
13012,2016,50,9,821,1.647,498362,295248
13013,2016,51,9,1484,2.599,570883,292095
13014,2016,52,9,593,3.330,178084,100722
13015,2016,53,9,962,3.127,307688,155625
13016,2016,54,9,2721,3.708,733821,373165
13017,2016,55,9,605,3.200,189055,99550
13018,2016,56,9,1037,1.387,747548,459455
13019,2016,57,9,2529,2.419,1045271,510597
13020,2016,58,9,454,2.171,209161,141593
13021,2016,59,9,10404,3.996,2603723,1205062
13022,2016,60,9,1694,2.057,823542,369320
13023,2016,61,9,442,1.549,285308,164640
13024,2016,62,9,3808,2.589,1470725,708207
13025,2016,63,9,765,1.176,650700,382695
13026,2016,64,9,1604,2.380,673986,400053
13027,2016,65,9,450,1.975,227829,160809
13028,2016,66,9,1084,2.285,474369,346847
13029,2016,67,9,2227,1.986,1121407,546387
13030,2016,68,9,1374,1.801,762743,373686
13031,2016,69,9,6617,3.604,1835903,904462
13032,2016,70,9,387,1.631,237242,126631
13033,2016,71,9,1287,2.319,555023,309191
13034,2016,72,9,1114,1.963,567561,289447
13035,2016,73,9,1122,2.611,429681,341648
13036,2016,74,9,2664,3.324,801416,500698
13037,2016,75,9,9713,4.434,2190327,1374377
13038,2016,76,9,2823,2.248,1255755,634421
13039,2016,77,9,5788,4.141,1397665,604627
13040,2016,78,9,7198,5.027,1431808,629383
13041,2016,79,9,424,1.131,374743,192620
13042,2016,80,9,1498,2.615,572744,297094
13043,2016,81,9,546,1.413,386448,209380
13044,2016,82,9,261,1.016,256897,130059
13045,2016,83,9,3967,3.757,1055821,707520
13046,2016,84,9,1812,3.241,559014,298637
13047,2016,85,9,1177,1.755,670597,417192
13048,2016,86,9,927,2.126,436069,237993
13049,2016,87,9,514,1.371,374978,219170
13050,2016,88,9,1216,3.290,369641,212925
13051,2016,89,9,1108,3.254,340544,195822
13052,2016,90,9,343,2.380,144089,71929
13053,2016,91,9,3757,2.918,1287330,550895
13054,2016,92,9,3312,2.066,1603268,789809
13055,2016,93,9,8778,5.464,1606660,662466
13056,2016,94,9,4510,3.273,1378151,626297
13057,2016,95,9,4954,4.054,1221923,497749
13058,2017,01,9,1415,2.199,643350,313061
13059,2017,02,9,997,1.865,534490,265548
13060,2017,03,9,989,2.926,337988,207725
13061,2017,04,9,638,3.892,163915,127940
13062,2017,05,9,840,5.945,141284,135493
13063,2017,06,9,3197,2.951,1083310,766748
13064,2017,07,9,758,2.327,325712,203015
13065,2017,08,9,748,2.734,273579,142452
13066,2017,09,9,340,2.220,153153,109392
13067,2017,10,9,672,2.168,310020,164453
13068,2017,11,9,1040,2.809,370260,261180
13069,2017,12,9,659,2.360,279206,181053
13070,2017,13,9,6018,2.973,2024162,1021226
13071,2017,14,9,1977,2.849,694002,416115
13072,2017,15,9,208,1.433,145143,101363
13073,2017,16,9,569,1.615,352335,197059
13074,2017,17,9,1913,2.969,644303,431948
13075,2017,18,9,858,2.820,304256,178580
13076,2017,19,9,801,3.317,241464,154124
13077,2017,21,9,1218,2.282,533819,287831
13078,2017,22,9,987,1.648,598814,366683
13079,2017,23,9,193,1.627,118638,88506
13080,2017,24,9,578,1.397,413606,258732
13081,2017,25,9,1024,1.900,539067,279578
13082,2017,26,9,1382,2.702,511553,272494
13083,2017,27,9,1562,2.595,601843,295109
13084,2017,28,9,1117,2.578,433233,215350
13085,2017,29,9,2240,2.464,909028,542677
13086,2017,2A,9,332,2.111,157249,118848
13087,2017,2B,9,454,2.555,177689,130820
13088,2017,30,9,1319,1.772,744178,423840
13089,2017,31,9,3070,2.253,1362672,715532
13090,2017,32,9,443,2.318,191091,110358
13091,2017,33,9,3471,2.192,1583384,856616
13092,2017,34,9,3212,2.806,1144892,718743
13093,2017,35,9,2022,1.907,1060199,546440
13094,2017,36,9,555,2.497,222232,138634
13095,2017,37,9,1326,2.186,606511,321881
13096,2017,38,9,2696,2.142,1258722,646707
13097,2017,39,9,684,2.629,260188,149350
13098,2017,40,9,1076,2.641,407444,255992
13099,2017,41,9,799,2.407,331915,183643
13100,2017,42,9,1941,2.544,762941,396655
13101,2017,43,9,480,2.112,227283,142989
13102,2017,44,9,3134,2.247,1394909,740924
13103,2017,45,9,1769,2.609,678105,344708
13104,2017,46,9,486,2.796,173828,118075
13105,2017,47,9,423,1.271,332842,185343
13106,2017,48,9,148,1.932,76601,60898
13107,2017,49,9,1241,1.526,813493,394578
13108,2017,50,9,819,1.648,496883,297133
13109,2017,51,9,1524,2.679,568895,294041
13110,2017,52,9,560,3.188,175640,100650
13111,2017,53,9,961,3.126,307445,156662
13112,2017,54,9,2628,3.583,733481,375755
13113,2017,55,9,630,3.366,187187,99736
13114,2017,56,9,1211,1.613,750863,464186
13115,2017,57,9,2581,2.473,1043522,514328
13116,2017,58,9,396,1.911,207182,141642
13117,2017,59,9,10212,3.921,2604361,1214497
13118,2017,60,9,1869,2.267,824503,372778
13119,2017,61,9,491,1.733,283372,164926
13120,2017,62,9,3848,2.621,1468018,713245
13121,2017,63,9,878,1.343,653742,386425
13122,2017,64,9,1573,2.322,677309,404979
13123,2017,65,9,541,2.367,228530,161703
13124,2017,66,9,1008,2.125,474452,349914
13125,2017,67,9,1992,1.770,1125559,554075
13126,2017,68,9,1425,1.865,764030,376960
13127,2017,69,9,6225,3.377,1843319,914980
13128,2017,70,9,424,1.792,236659,127615
13129,2017,71,9,1240,2.240,553595,310391
13130,2017,72,9,976,1.723,566506,291039
13131,2017,73,9,1134,2.630,431174,345226
13132,2017,74,9,2924,3.622,807360,508229
13133,2017,75,9,10693,4.888,2187526,1382779
13134,2017,76,9,2610,2.081,1254378,640334
13135,2017,77,9,5853,4.169,1403997,612076
13136,2017,78,9,7511,5.222,1438266,637200
13137,2017,79,9,480,1.282,374351,193971
13138,2017,80,9,1820,3.179,572443,299211
13139,2017,81,9,510,1.315,387890,211038
13140,2017,82,9,292,1.130,258349,131300
13141,2017,83,9,4688,4.428,1058740,714503
13142,2017,84,9,1877,3.355,559479,301947
13143,2017,85,9,1248,1.848,675247,421680
13144,2017,86,9,1029,2.355,436876,240200
13145,2017,87,9,583,1.557,374426,219980
13146,2017,88,9,1266,3.443,367673,213629
13147,2017,89,9,1183,3.497,338291,196697
13148,2017,90,9,398,2.791,142622,72211
13149,2017,91,9,4200,3.240,1296130,558684
13150,2017,92,9,4196,2.607,1609306,796181
13151,2017,93,9,9237,5.691,1623111,671680
13152,2017,94,9,4920,3.545,1387926,633207
13153,2017,95,9,5490,4.468,1228618,504100
13154,2018,01,9,1198,1.850,647634,317983
13155,2018,02,9,1208,2.265,533316,266641
13156,2018,03,9,978,2.901,337171,208375
13157,2018,04,9,665,4.053,164068,129062
13158,2018,05,9,832,5.913,140698,136581
13159,2018,06,9,3374,3.106,1086219,772317
13160,2018,07,9,761,2.330,326606,204906
13161,2018,08,9,737,2.711,271845,143015
13162,2018,09,9,253,1.653,153066,110222
13163,2018,10,9,797,2.571,310020,165502
13164,2018,11,9,734,1.969,372806,263889
13165,2018,12,9,637,2.281,279274,182028
13166,2018,13,9,5582,2.744,2034357,1034043
13167,2018,14,9,1754,2.527,694056,419714
13168,2018,15,9,285,1.969,144765,101693
13169,2018,16,9,593,1.686,351778,198242
13170,2018,17,9,1897,2.932,646932,436869
13171,2018,18,9,905,2.983,303408,179125
13172,2018,19,9,674,2.802,240583,154657
13173,2018,21,9,1343,2.519,533220,290523
13174,2018,22,9,978,1.631,599584,369601
13175,2018,23,9,262,2.230,117503,88728
13176,2018,24,9,586,1.417,413418,260245
13177,2018,25,9,1326,2.449,541454,282056
13178,2018,26,9,1673,3.250,514732,275727
13179,2018,27,9,1270,2.117,599962,297286
13180,2018,28,9,1159,2.683,431997,216684
13181,2018,29,9,2400,2.632,911735,545808
13182,2018,2A,9,353,2.236,157853,120567
13183,2018,2B,9,350,1.937,180701,132077
13184,2018,30,9,1235,1.657,745458,428087
13185,2018,31,9,2953,2.139,1380672,728249
13186,2018,32,9,424,2.217,191283,111171
13187,2018,33,9,3301,2.061,1601845,872327
13188,2018,34,9,3383,2.918,1159220,729653
13189,2018,35,9,1960,1.833,1069228,554254
13190,2018,36,9,637,2.888,220595,138879
13191,2018,37,9,1045,1.719,607760,325172
13192,2018,38,9,2914,2.306,1263563,653289
13193,2018,39,9,761,2.930,259746,150169
13194,2018,40,9,829,2.020,410355,259512
13195,2018,41,9,761,2.304,330248,184614
13196,2018,42,9,1978,2.591,763441,399134
13197,2018,43,9,665,2.922,227552,143699
13198,2018,44,9,3044,2.155,1412502,752968
13199,2018,45,9,1715,2.526,678845,347107
13200,2018,46,9,454,2.610,173929,118998
13201,2018,47,9,489,1.473,331970,186511
13202,2018,48,9,114,1.490,76520,61340
13203,2018,49,9,1317,1.614,815883,397887
13204,2018,50,9,852,1.718,495983,298631
13205,2018,51,9,1613,2.842,567462,295611
13206,2018,52,9,666,3.826,174069,100617
13207,2018,53,9,922,3.002,307084,157552
13208,2018,54,9,2094,2.855,733469,378055
13209,2018,55,9,610,3.291,185355,99893
13210,2018,56,9,1261,1.670,754867,468872
13211,2018,57,9,2190,2.099,1043524,518772
13212,2018,58,9,361,1.754,205828,141623
13213,2018,59,9,10175,3.904,2606234,1224589
13214,2018,60,9,1758,2.125,827153,376185
13215,2018,61,9,611,2.170,281593,165463
13216,2018,62,9,3779,2.576,1466743,717901
13217,2018,63,9,1138,1.727,659048,389711
13218,2018,64,9,1476,2.171,679810,409790
13219,2018,65,9,510,2.225,229191,162729
13220,2018,66,9,928,1.948,476357,352742
13221,2018,67,9,1926,1.699,1133552,561562
13222,2018,68,9,1313,1.716,764981,380238
13223,2018,69,9,6309,3.393,1859524,926576
13224,2018,70,9,427,1.809,236018,128333
13225,2018,71,9,1167,2.113,552185,311499
13226,2018,72,9,1069,1.889,565963,292628
13227,2018,73,9,1560,3.597,433724,349226
13228,2018,74,9,3028,3.708,816699,517217
13229,2018,75,9,10538,4.844,2175601,1386846
13230,2018,76,9,2828,2.252,1255883,645786
13231,2018,77,9,6273,4.441,1412516,619784
13232,2018,78,9,7187,4.986,1441398,643946
13233,2018,79,9,509,1.358,374799,195051
13234,2018,80,9,1756,3.077,570662,301740
13235,2018,81,9,570,1.467,388596,212905
13236,2018,82,9,356,1.374,259124,132603
13237,2018,83,9,4204,3.937,1067697,722128
13238,2018,84,9,1896,3.387,559793,305436
13239,2018,85,9,1028,1.512,679991,426426
13240,2018,86,9,1089,2.489,437586,241951
13241,2018,87,9,610,1.635,373199,220762
13242,2018,88,9,1036,2.830,366112,214363
13243,2018,89,9,1254,3.716,337504,197683
13244,2018,90,9,483,3.405,141852,72929
13245,2018,91,9,4488,3.461,1296641,564587
13246,2018,92,9,4004,2.473,1619120,801737
13247,2018,93,9,8858,5.425,1632677,679663
13248,2018,94,9,4990,3.572,1396913,640016
13249,2018,95,9,5066,4.090,1238581,510302
13250,2019,01,9,1302,1.996,652432,321432
13251,2019,02,9,1297,2.441,531345,266922
13252,2019,03,9,744,2.214,335975,208863
13253,2019,04,9,733,4.461,164308,129690
13254,2019,05,9,624,4.419,141220,137644
13255,2019,06,9,3347,3.059,1094283,778291
13256,2019,07,9,870,2.650,328278,206435
13257,2019,08,9,773,2.857,270582,142983
13258,2019,09,9,270,1.761,153287,110526
13259,2019,10,9,635,2.047,310242,166101
13260,2019,11,9,841,2.248,374070,265167
13261,2019,12,9,613,2.192,279595,182769
13262,2019,13,9,5221,2.555,2043110,1044973
13263,2019,14,9,1369,1.970,694905,422082
13264,2019,15,9,177,1.223,144692,101953
13265,2019,16,9,633,1.798,352015,198920
13266,2019,17,9,2095,3.216,651358,440935
13267,2019,18,9,711,2.352,302306,179430
13268,2019,19,9,760,3.166,240073,155041
13269,2019,21,9,1165,2.181,534124,292479
13270,2019,22,9,1021,1.700,600582,371643
13271,2019,23,9,219,1.878,116617,88646
13272,2019,24,9,643,1.556,413223,261104
13273,2019,25,9,1282,2.357,543974,283778
13274,2019,26,9,1212,2.345,516762,277777
13275,2019,27,9,1179,1.967,599507,298148
13276,2019,28,9,964,2.234,431575,217440
13277,2019,29,9,2258,2.468,915090,549039
13278,2019,2A,9,305,1.924,158507,122005
13279,2019,2B,9,400,2.199,181933,133540
13280,2019,30,9,1278,1.708,748437,431684
13281,2019,31,9,2352,1.680,1400039,740546
13282,2019,32,9,399,2.085,191377,111536
13283,2019,33,9,3183,1.960,1623749,886986
13284,2019,34,9,3629,3.087,1175623,739737
13285,2019,35,9,1789,1.657,1079498,561343
13286,2019,36,9,484,2.207,219316,138826
13287,2019,37,9,817,1.339,610079,328095
13288,2019,38,9,3059,2.406,1271166,659031
13289,2019,39,9,661,2.550,259199,150475
13290,2019,40,9,686,1.658,413690,262370
13291,2019,41,9,857,2.601,329470,185077
13292,2019,42,9,1792,2.341,765634,401112
13293,2019,43,9,821,3.608,227570,143916
13294,2019,44,9,2762,1.932,1429272,764010
13295,2019,45,9,1344,1.975,680434,348977
13296,2019,46,9,437,2.510,174094,119499
13297,2019,47,9,475,1.434,331271,187058
13298,2019,48,9,169,2.206,76604,61547
13299,2019,49,9,1254,1.532,818273,400508
13300,2019,50,9,991,2.002,495045,299656
13301,2019,51,9,1534,2.706,566855,297288
13302,2019,52,9,680,3.942,172512,100382
13303,2019,53,9,832,2.710,307062,158083
13304,2019,54,9,1886,2.570,733760,379680
13305,2019,55,9,604,3.281,184083,99834
13306,2019,56,9,1194,1.572,759684,472749
13307,2019,57,9,2096,2.003,1046543,523268
13308,2019,58,9,316,1.546,204452,141411
13309,2019,59,9,9369,3.592,2608346,1232504
13310,2019,60,9,1814,2.187,829419,378048
13311,2019,61,9,502,1.793,279942,165100
13312,2019,62,9,3888,2.653,1465278,720800
13313,2019,63,9,995,1.503,662152,392038
13314,2019,64,9,1180,1.729,682621,413357
13315,2019,65,9,562,2.448,229567,163634
13316,2019,66,9,877,1.827,479979,355661
13317,2019,67,9,1773,1.555,1140057,567991
13318,2019,68,9,1324,1.726,767086,382805
13319,2019,69,9,6505,3.468,1875747,937544
13320,2019,70,9,423,1.798,235313,128450
13321,2019,71,9,1162,2.107,551493,311966
13322,2019,72,9,924,1.631,566412,293561
13323,2019,73,9,1126,2.580,436434,352254
13324,2019,74,9,3317,4.015,826094,525404
13325,2019,75,9,9446,4.362,2165423,1389375
13326,2019,76,9,3007,2.395,1255633,649681
13327,2019,77,9,5614,3.950,1421197,626435
13328,2019,78,9,6181,4.268,1448207,649383
13329,2019,79,9,567,1.512,374878,195568
13330,2019,80,9,2001,3.507,570559,303449
13331,2019,81,9,638,1.637,389844,214423
13332,2019,82,9,443,1.699,260669,133522
13333,2019,83,9,4258,3.955,1076711,729223
13334,2019,84,9,1672,2.978,561469,308505
13335,2019,85,9,1074,1.567,685442,430815
13336,2019,86,9,1049,2.393,438435,242907
13337,2019,87,9,571,1.533,372359,221194
13338,2019,88,9,907,2.488,364499,214287
13339,2019,89,9,1197,3.566,335707,197718
13340,2019,90,9,327,2.314,141318,73180
13341,2019,91,9,4043,3.106,1301659,570417
13342,2019,92,9,3825,2.355,1624357,807711
13343,2019,93,9,9114,5.541,1644903,687238
13344,2019,94,9,4898,3.481,1407124,647289
13345,2019,95,9,4621,3.698,1249674,517063
13346,2020,01,9,999,1.519,657856,325431
13347,2020,02,9,959,1.812,529374,267555
13348,2020,03,9,660,1.966,335628,209251
13349,2020,04,9,587,3.548,165451,130500
13350,2020,05,9,608,4.324,140605,138751
13351,2020,06,9,2708,2.468,1097410,783398
13352,2020,07,9,686,2.083,329325,207922
13353,2020,08,9,536,1.987,269701,143402
13354,2020,09,9,276,1.793,153954,110875
13355,2020,10,9,590,1.894,311435,166928
13356,2020,11,9,657,1.751,375217,266877
13357,2020,12,9,443,1.585,279554,183702
13358,2020,13,9,3930,1.919,2048070,1055315
13359,2020,14,9,1531,2.195,697547,426069
13360,2020,15,9,196,1.358,144379,102234
13361,2020,16,9,486,1.382,351718,199746
13362,2020,17,9,1624,2.477,655709,445578
13363,2020,18,9,440,1.462,300933,179389
13364,2020,19,9,658,2.751,239190,155575
13365,2020,21,9,988,1.846,535078,294776
13366,2020,22,9,841,1.393,603640,373909
13367,2020,23,9,142,1.224,115995,88769
13368,2020,24,9,542,1.313,412807,262321
13369,2020,25,9,1032,1.893,545209,285770
13370,2020,26,9,1113,2.150,517709,279948
13371,2020,27,9,1047,1.746,599668,299419
13372,2020,28,9,799,1.852,431443,218433
13373,2020,29,9,1880,2.050,917179,552465
13374,2020,2A,9,289,1.797,160814,123650
13375,2020,2B,9,282,1.542,182887,135125
13376,2020,30,9,1152,1.533,751457,435785
13377,2020,31,9,1732,1.223,1415757,754396
13378,2020,32,9,284,1.481,191819,112134
13379,2020,33,9,2039,1.246,1636391,900198
13380,2020,34,9,2790,2.347,1188973,750002
13381,2020,35,9,1670,1.534,1088855,568308
13382,2020,36,9,322,1.472,218707,138959
13383,2020,37,9,605,0.988,612119,330454
13384,2020,38,9,2481,1.942,1277513,665362
13385,2020,39,9,480,1.855,258798,151009
13386,2020,40,9,634,1.516,418122,265930
13387,2020,41,9,444,1.348,329357,185591
13388,2020,42,9,1442,1.876,768508,403254
13389,2020,43,9,881,3.873,227489,144442
13390,2020,44,9,2177,1.506,1445171,776207
13391,2020,45,9,1331,1.951,682304,351028
13392,2020,46,9,447,2.559,174670,120123
13393,2020,47,9,358,1.082,330844,188120
13394,2020,48,9,152,1.983,76633,61734
13395,2020,49,9,917,1.117,820713,403157
13396,2020,50,9,612,1.236,495093,301071
13397,2020,51,9,1071,1.890,566659,299421
13398,2020,52,9,465,2.707,171798,100520
13399,2020,53,9,641,2.091,306538,158874
13400,2020,54,9,1278,1.744,732590,381849
13401,2020,55,9,429,2.344,183001,100007
13402,2020,56,9,1135,1.485,764161,476941
13403,2020,57,9,1586,1.512,1049155,527832
13404,2020,58,9,390,1.924,202670,141219
13405,2020,59,9,6059,2.323,2607746,1241241
13406,2020,60,9,1636,1.972,829699,380003
13407,2020,61,9,415,1.490,278475,164988
13408,2020,62,9,3125,2.137,1462167,724156
13409,2020,63,9,886,1.339,661852,394760
13410,2020,64,9,901,1.311,687240,417293
13411,2020,65,9,473,2.058,229788,164545
13412,2020,66,9,741,1.535,482765,359151
13413,2020,67,9,1280,1.115,1148073,575001
13414,2020,68,9,1167,1.520,767842,386082
13415,2020,69,9,3849,2.044,1883437,949531
13416,2020,70,9,339,1.445,234601,128855
13417,2020,71,9,979,1.777,551063,312880
13418,2020,72,9,720,1.270,566993,294778
13419,2020,73,9,904,2.056,439750,355575
13420,2020,74,9,2976,3.563,835206,533337
13421,2020,75,9,6643,3.096,2145906,1393800
13422,2020,76,9,1785,1.423,1254739,653680
13423,2020,77,9,3932,2.752,1428636,634163
13424,2020,78,9,3480,2.400,1449723,654741
13425,2020,79,9,382,1.020,374481,196421
13426,2020,80,9,1256,2.208,568748,305380
13427,2020,81,9,518,1.325,391066,215987
13428,2020,82,9,388,1.479,262316,134694
13429,2020,83,9,2689,2.478,1085189,735547
13430,2020,84,9,1362,2.424,561941,311098
13431,2020,85,9,830,1.198,692705,435953
13432,2020,86,9,810,1.844,439332,243821
13433,2020,87,9,441,1.185,372123,221779
13434,2020,88,9,833,2.299,362397,214812
13435,2020,89,9,936,2.801,334156,197870
13436,2020,90,9,348,2.484,140120,73384
13437,2020,91,9,2460,1.883,1306118,577712
13438,2020,92,9,2652,1.631,1626213,815765
13439,2020,93,9,5942,3.589,1655422,696152
13440,2020,94,9,3566,2.533,1407972,654340
13441,2020,95,9,2919,2.332,1251804,523106
13442,2021,01,9,652,0.983,663202,329783
13443,2021,02,9,915,1.735,527468,268381
13444,2021,03,9,593,1.771,334872,209666
13445,2021,04,9,389,2.342,166077,131551
13446,2021,05,9,404,2.866,140976,139877
13447,2021,06,9,2176,1.971,1103941,788916
13448,2021,07,9,551,1.663,331415,209963
13449,2021,08,9,458,1.703,268859,143973
13450,2021,09,9,231,1.494,154596,111352
13451,2021,10,9,415,1.333,311329,167657
13452,2021,11,9,561,1.492,376028,268987
13453,2021,12,9,411,1.470,279649,184954
13454,2021,13,9,3534,1.718,2056943,1066675
13455,2021,14,9,1385,1.977,700633,429997
13456,2021,15,9,195,1.352,144226,102634
13457,2021,16,9,618,1.761,350867,200757
13458,2021,17,9,1251,1.891,661404,451118
13459,2021,18,9,474,1.582,299573,179274
13460,2021,19,9,619,2.581,239784,156356
13461,2021,21,9,887,1.656,535503,297329
13462,2021,22,9,739,1.220,605917,376517
13463,2021,23,9,114,0.985,115702,89016
13464,2021,24,9,383,0.926,413730,264136
13465,2021,25,9,962,1.758,547096,288184
13466,2021,26,9,1105,2.127,519458,282419
13467,2021,27,9,774,1.292,598934,300922
13468,2021,28,9,726,1.683,431277,219670
13469,2021,29,9,2061,2.236,921638,556255
13470,2021,2A,9,290,1.780,162942,124954
13471,2021,2B,9,237,1.283,184655,136722
13472,2021,30,9,1083,1.432,756543,441086
13473,2021,31,9,1572,1.096,1434367,769604
13474,2021,32,9,281,1.460,192437,112806
13475,2021,33,9,1840,1.112,1654970,913452
13476,2021,34,9,2396,1.994,1201883,760879
13477,2021,35,9,1692,1.541,1098325,575321
13478,2021,36,9,367,1.689,217228,139055
13479,2021,37,9,710,1.160,612160,333159
13480,2021,38,9,2006,1.561,1284948,673024
13481,2021,39,9,479,1.853,258555,151865
13482,2021,40,9,545,1.288,422976,270194
13483,2021,41,9,377,1.148,328504,186408
13484,2021,42,9,1283,1.668,769029,405452
13485,2021,43,9,730,3.212,227284,145236
13486,2021,44,9,1729,1.186,1457806,787187
13487,2021,45,9,1112,1.624,684561,353544
13488,2021,46,9,300,1.715,174942,120797
13489,2021,47,9,316,0.954,331229,189189
13490,2021,48,9,82,1.072,76519,62006
13491,2021,49,9,1019,1.236,824743,406488
13492,2021,50,9,605,1.221,495508,302441
13493,2021,51,9,1150,2.034,565292,300919
13494,2021,52,9,436,2.549,171042,100716
13495,2021,53,9,684,2.236,305933,159714
13496,2021,54,9,1412,1.928,732486,384639
13497,2021,55,9,457,2.512,181919,100190
13498,2021,56,9,1177,1.531,768687,481682
13499,2021,57,9,1265,1.205,1049942,531542
13500,2021,58,9,303,1.497,202417,141381
13501,2021,59,9,5334,2.043,2611293,1251657
13502,2021,60,9,1576,1.901,828838,382118
13503,2021,61,9,538,1.942,276973,165115
13504,2021,62,9,2945,2.015,1461441,727951
13505,2021,63,9,800,1.208,662285,397923
13506,2021,64,9,1033,1.491,693027,421756
13507,2021,65,9,390,1.689,230956,165621
13508,2021,66,9,911,1.869,487307,362350
13509,2021,67,9,1231,1.068,1152662,581630
13510,2021,68,9,1163,1.516,767083,389445
13511,2021,69,9,2702,1.427,1893692,964037
13512,2021,70,9,259,1.105,234296,129449
13513,2021,71,9,1286,2.341,549288,314053
13514,2021,72,9,666,1.177,566058,296419
13515,2021,73,9,624,1.410,442468,358886
13516,2021,74,9,2301,2.734,841482,540705
13517,2021,75,9,6203,2.908,2133111,1396753
13518,2021,76,9,2176,1.733,1255918,657851
13519,2021,77,9,3229,2.245,1438100,641376
13520,2021,78,9,2465,1.693,1456365,661312
13521,2021,79,9,316,0.844,374587,197430
13522,2021,80,9,1213,2.142,566252,307149
13523,2021,81,9,485,1.232,393572,218036
13524,2021,82,9,256,0.972,263377,135891
13525,2021,83,9,2072,1.892,1095337,743682
13526,2021,84,9,1224,2.168,564566,314424
13527,2021,85,9,906,1.295,699459,441153
13528,2021,86,9,563,1.281,439385,245247
13529,2021,87,9,363,0.977,371691,222826
13530,2021,88,9,668,1.852,360673,215468
13531,2021,89,9,962,2.886,333385,198598
13532,2021,90,9,242,1.733,139654,73620
13533,2021,91,9,1827,1.391,1313768,587710
13534,2021,92,9,2452,1.499,1635291,824372
13535,2021,93,9,4559,2.732,1668670,705282
13536,2021,94,9,3134,2.214,1415367,662168
13537,2021,95,9,2403,1.912,1256607,529926
13538,2022,01,9,550,0.819,671289,329783
13539,2022,02,9,958,1.823,525558,268381
13540,2022,03,9,490,1.464,334715,209666
13541,2022,04,9,464,2.775,167179,131551
13542,2022,05,9,359,2.534,141677,139877
13543,2022,06,9,1582,1.419,1114579,788916
13544,2022,07,9,469,1.407,333229,209963
13545,2022,08,9,466,1.744,267204,143973
13546,2022,09,9,297,1.912,155339,111352
13547,2022,10,9,411,1.321,311076,167657
13548,2022,11,9,463,1.226,377773,268987
13549,2022,12,9,339,1.212,279736,184954
13550,2022,13,9,3251,1.571,2069811,1066675
13551,2022,14,9,1109,1.574,704605,429997
13552,2022,15,9,200,1.385,144399,102634
13553,2022,16,9,738,2.099,351603,200757
13554,2022,17,9,1230,1.841,668160,451118
13555,2022,18,9,333,1.112,299496,179274
13556,2022,19,9,392,1.633,240120,156356
13557,2022,21,9,805,1.497,537577,297329
13558,2022,22,9,536,0.879,609598,376517
13559,2022,23,9,97,0.840,115529,89016
13560,2022,24,9,358,0.860,416325,264136
13561,2022,25,9,703,1.281,548662,288184
13562,2022,26,9,1018,1.952,521432,282419
13563,2022,27,9,1009,1.678,601305,300922
13564,2022,28,9,654,1.511,432950,219670
13565,2022,29,9,1712,1.845,927912,556255
13566,2022,2A,9,272,1.638,166045,124954
13567,2022,2B,9,229,1.236,185231,136722
13568,2022,30,9,1153,1.509,764010,441086
13569,2022,31,9,1695,1.164,1456261,769604
13570,2022,32,9,261,1.355,192649,112806
13571,2022,33,9,1919,1.146,1674980,913452
13572,2022,34,9,1882,1.546,1217331,760879
13573,2022,35,9,1627,1.467,1109232,575321
13574,2022,36,9,285,1.315,216809,139055
13575,2022,37,9,588,0.954,616326,333159
13576,2022,38,9,1703,1.319,1291380,673024
13577,2022,39,9,329,1.273,258405,151865
13578,2022,40,9,461,1.076,428427,270194
13579,2022,41,9,383,1.164,328953,186408
13580,2022,42,9,1167,1.512,772041,405452
13581,2022,43,9,645,2.827,228161,145236
13582,2022,44,9,1593,1.081,1473156,787187
13583,2022,45,9,840,1.223,687063,353544
13584,2022,46,9,252,1.435,175620,120797
13585,2022,47,9,299,0.900,332226,189189
13586,2022,48,9,118,1.542,76503,62006
13587,2022,49,9,783,0.945,828151,406488
13588,2022,50,9,396,0.797,496815,302441
13589,2022,51,9,960,1.702,564107,300919
13590,2022,52,9,314,1.849,169865,100716
13591,2022,53,9,756,2.475,305437,159714
13592,2022,54,9,1206,1.646,732898,384639
13593,2022,55,9,492,2.722,180745,100190
13594,2022,56,9,847,1.091,776103,481682
13595,2022,57,9,1132,1.077,1050721,531542
13596,2022,58,9,257,1.270,202299,141381
13597,2022,59,9,5163,1.973,2616909,1251657
13598,2022,60,9,1495,1.800,830725,382118
13599,2022,61,9,468,1.695,276144,165115
13600,2022,62,9,2516,1.723,1460184,727951
13601,2022,63,9,732,1.102,664385,397923
13602,2022,64,9,792,1.132,699473,421756
13603,2022,65,9,370,1.599,231453,165621
13604,2022,66,9,848,1.720,492964,362350
13605,2022,67,9,1222,1.056,1156963,581630
13606,2022,68,9,1025,1.335,767800,389445
13607,2022,69,9,3125,1.638,1907982,964037
13608,2022,70,9,284,1.214,233920,129449
13609,2022,71,9,1032,1.879,549136,314053
13610,2022,72,9,598,1.056,566129,296419
13611,2022,73,9,625,1.404,445288,358886
13612,2022,74,9,1762,2.074,849583,540705
13613,2022,75,9,7072,3.346,2113705,1396753
13614,2022,76,9,2117,1.680,1260205,657851
13615,2022,77,9,3133,2.157,1452399,641376
13616,2022,78,9,2594,1.764,1470778,661312
13617,2022,79,9,391,1.042,375415,197430
13618,2022,80,9,1178,2.083,565540,307149
13619,2022,81,9,495,1.249,396168,218036
13620,2022,82,9,171,0.645,264924,135891
13621,2022,83,9,2261,2.040,1108364,743682
13622,2022,84,9,1051,1.848,568702,314424
13623,2022,85,9,927,1.312,706343,441153
13624,2022,86,9,548,1.249,438688,245247
13625,2022,87,9,500,1.343,372438,222826
13626,2022,88,9,633,1.765,358700,215468
13627,2022,89,9,728,2.180,333896,198598
13628,2022,90,9,149,1.064,140082,73620
13629,2022,91,9,2044,1.543,1324546,587710
13630,2022,92,9,2255,1.369,1647435,824372
13631,2022,93,9,4479,2.663,1681725,705282
13632,2022,94,9,3016,2.125,1419531,662168
13633,2022,95,9,2454,1.931,1270845,529926
13634,2023,01,9,510,0.760,671289,329783
13635,2023,02,9,804,1.530,525558,268381
13636,2023,03,9,705,2.106,334715,209666
13637,2023,04,9,652,3.900,167179,131551
13638,2023,05,9,421,2.972,141677,139877
13639,2023,06,9,1601,1.436,1114579,788916
13640,2023,07,9,432,1.296,333229,209963
13641,2023,08,9,398,1.489,267204,143973
13642,2023,09,9,240,1.545,155339,111352
13643,2023,10,9,461,1.482,311076,167657
13644,2023,11,9,606,1.604,377773,268987
13645,2023,12,9,443,1.584,279736,184954
13646,2023,13,9,3066,1.481,2069811,1066675
13647,2023,14,9,992,1.408,704605,429997
13648,2023,15,9,210,1.454,144399,102634
13649,2023,16,9,642,1.826,351603,200757
13650,2023,17,9,966,1.446,668160,451118
13651,2023,18,9,258,0.861,299496,179274
13652,2023,19,9,408,1.699,240120,156356
13653,2023,21,9,770,1.432,537577,297329
13654,2023,22,9,516,0.846,609598,376517
13655,2023,23,9,114,0.987,115529,89016
13656,2023,24,9,374,0.898,416325,264136
13657,2023,25,9,751,1.369,548662,288184
13658,2023,26,9,928,1.780,521432,282419
13659,2023,27,9,929,1.545,601305,300922
13660,2023,28,9,545,1.259,432950,219670
13661,2023,29,9,1588,1.711,927912,556255
13662,2023,2A,9,210,1.265,166045,124954
13663,2023,2B,9,274,1.479,185231,136722
13664,2023,30,9,967,1.266,764010,441086
13665,2023,31,9,1548,1.063,1456261,769604
13666,2023,32,9,310,1.609,192649,112806
13667,2023,33,9,1838,1.097,1674980,913452
13668,2023,34,9,1887,1.550,1217331,760879
13669,2023,35,9,1498,1.350,1109232,575321
13670,2023,36,9,256,1.181,216809,139055
13671,2023,37,9,550,0.892,616326,333159
13672,2023,38,9,1717,1.330,1291380,673024
13673,2023,39,9,353,1.366,258405,151865
13674,2023,40,9,502,1.172,428427,270194
13675,2023,41,9,257,0.781,328953,186408
13676,2023,42,9,1096,1.420,772041,405452
13677,2023,43,9,581,2.546,228161,145236
13678,2023,44,9,1597,1.084,1473156,787187
13679,2023,45,9,627,0.913,687063,353544
13680,2023,46,9,178,1.014,175620,120797
13681,2023,47,9,310,0.933,332226,189189
13682,2023,48,9,88,1.150,76503,62006
13683,2023,49,9,743,0.897,828151,406488
13684,2023,50,9,498,1.002,496815,302441
13685,2023,51,9,991,1.757,564107,300919
13686,2023,52,9,289,1.701,169865,100716
13687,2023,53,9,621,2.033,305437,159714
13688,2023,54,9,1180,1.610,732898,384639
13689,2023,55,9,509,2.816,180745,100190
13690,2023,56,9,792,1.020,776103,481682
13691,2023,57,9,980,0.933,1050721,531542
13692,2023,58,9,283,1.399,202299,141381
13693,2023,59,9,4388,1.677,2616909,1251657
13694,2023,60,9,1354,1.630,830725,382118
13695,2023,61,9,520,1.883,276144,165115
13696,2023,62,9,2348,1.608,1460184,727951
13697,2023,63,9,628,0.945,664385,397923
13698,2023,64,9,791,1.131,699473,421756
13699,2023,65,9,393,1.698,231453,165621
13700,2023,66,9,696,1.412,492964,362350
13701,2023,67,9,1065,0.921,1156963,581630
13702,2023,68,9,1000,1.302,767800,389445
13703,2023,69,9,2619,1.373,1907982,964037
13704,2023,70,9,288,1.231,233920,129449
13705,2023,71,9,651,1.185,549136,314053
13706,2023,72,9,595,1.051,566129,296419
13707,2023,73,9,626,1.406,445288,358886
13708,2023,74,9,1370,1.613,849583,540705
13709,2023,75,9,6533,3.091,2113705,1396753
13710,2023,76,9,1783,1.415,1260205,657851
13711,2023,77,9,2844,1.958,1452399,641376
13712,2023,78,9,2255,1.533,1470778,661312
13713,2023,79,9,402,1.071,375415,197430
13714,2023,80,9,1195,2.113,565540,307149
13715,2023,81,9,541,1.366,396168,218036
13716,2023,82,9,235,0.887,264924,135891
13717,2023,83,9,2292,2.068,1108364,743682
13718,2023,84,9,1067,1.876,568702,314424
13719,2023,85,9,897,1.270,706343,441153
13720,2023,86,9,507,1.156,438688,245247
13721,2023,87,9,494,1.326,372438,222826
13722,2023,88,9,662,1.846,358700,215468
13723,2023,89,9,691,2.070,333896,198598
13724,2023,90,9,157,1.121,140082,73620
13725,2023,91,9,1743,1.316,1324546,587710
13726,2023,92,9,2076,1.260,1647435,824372
13727,2023,93,9,3889,2.313,1681725,705282
13728,2023,94,9,2559,1.803,1419531,662168
13729,2023,95,9,2140,1.684,1270845,529926
13730,2024,01,9,446,0.664,671289,329783
13731,2024,02,9,873,1.661,525558,268381
13732,2024,03,9,642,1.918,334715,209666
13733,2024,04,9,769,4.600,167179,131551
13734,2024,05,9,338,2.386,141677,139877
13735,2024,06,9,1426,1.279,1114579,788916
13736,2024,07,9,464,1.392,333229,209963
13737,2024,08,9,362,1.355,267204,143973
13738,2024,09,9,240,1.545,155339,111352
13739,2024,10,9,421,1.353,311076,167657
13740,2024,11,9,418,1.106,377773,268987
13741,2024,12,9,439,1.569,279736,184954
13742,2024,13,9,2936,1.418,2069811,1066675
13743,2024,14,9,829,1.177,704605,429997
13744,2024,15,9,192,1.330,144399,102634
13745,2024,16,9,525,1.493,351603,200757
13746,2024,17,9,1007,1.507,668160,451118
13747,2024,18,9,256,0.855,299496,179274
13748,2024,19,9,380,1.583,240120,156356
13749,2024,21,9,680,1.265,537577,297329
13750,2024,22,9,554,0.909,609598,376517
13751,2024,23,9,153,1.324,115529,89016
13752,2024,24,9,376,0.903,416325,264136
13753,2024,25,9,655,1.194,548662,288184
13754,2024,26,9,796,1.527,521432,282419
13755,2024,27,9,798,1.327,601305,300922
13756,2024,28,9,472,1.090,432950,219670
13757,2024,29,9,1195,1.288,927912,556255
13758,2024,2A,9,184,1.108,166045,124954
13759,2024,2B,9,227,1.225,185231,136722
13760,2024,30,9,934,1.222,764010,441086
13761,2024,31,9,1472,1.011,1456261,769604
13762,2024,32,9,183,0.950,192649,112806
13763,2024,33,9,1643,0.981,1674980,913452
13764,2024,34,9,1845,1.516,1217331,760879
13765,2024,35,9,1172,1.057,1109232,575321
13766,2024,36,9,229,1.056,216809,139055
13767,2024,37,9,517,0.839,616326,333159
13768,2024,38,9,1868,1.447,1291380,673024
13769,2024,39,9,294,1.138,258405,151865
13770,2024,40,9,454,1.060,428427,270194
13771,2024,41,9,255,0.775,328953,186408
13772,2024,42,9,1022,1.324,772041,405452
13773,2024,43,9,443,1.942,228161,145236
13774,2024,44,9,1465,0.994,1473156,787187
13775,2024,45,9,580,0.844,687063,353544
13776,2024,46,9,191,1.088,175620,120797
13777,2024,47,9,304,0.915,332226,189189
13778,2024,48,9,122,1.595,76503,62006
13779,2024,49,9,769,0.929,828151,406488
13780,2024,50,9,400,0.805,496815,302441
13781,2024,51,9,842,1.493,564107,300919
13782,2024,52,9,190,1.119,169865,100716
13783,2024,53,9,379,1.241,305437,159714
13784,2024,54,9,1127,1.538,732898,384639
13785,2024,55,9,531,2.938,180745,100190
13786,2024,56,9,698,0.899,776103,481682
13787,2024,57,9,828,0.788,1050721,531542
13788,2024,58,9,125,0.618,202299,141381
13789,2024,59,9,4377,1.673,2616909,1251657
13790,2024,60,9,1250,1.505,830725,382118
13791,2024,61,9,456,1.651,276144,165115
13792,2024,62,9,2288,1.567,1460184,727951
13793,2024,63,9,576,0.867,664385,397923
13794,2024,64,9,898,1.284,699473,421756
13795,2024,65,9,590,2.549,231453,165621
13796,2024,66,9,618,1.254,492964,362350
13797,2024,67,9,986,0.852,1156963,581630
13798,2024,68,9,908,1.183,767800,389445
13799,2024,69,9,2436,1.277,1907982,964037
13800,2024,70,9,278,1.188,233920,129449
13801,2024,71,9,667,1.215,549136,314053
13802,2024,72,9,637,1.125,566129,296419
13803,2024,73,9,588,1.320,445288,358886
13804,2024,74,9,1473,1.734,849583,540705
13805,2024,75,9,6899,3.264,2113705,1396753
13806,2024,76,9,1556,1.235,1260205,657851
13807,2024,77,9,2688,1.851,1452399,641376
13808,2024,78,9,2060,1.401,1470778,661312
13809,2024,79,9,372,0.991,375415,197430
13810,2024,80,9,1215,2.148,565540,307149
13811,2024,81,9,421,1.063,396168,218036
13812,2024,82,9,197,0.744,264924,135891
13813,2024,83,9,2007,1.811,1108364,743682
13814,2024,84,9,1083,1.904,568702,314424
13815,2024,85,9,939,1.329,706343,441153
13816,2024,86,9,481,1.096,438688,245247
13817,2024,87,9,389,1.044,372438,222826
13818,2024,88,9,609,1.698,358700,215468
13819,2024,89,9,516,1.545,333896,198598
13820,2024,90,9,152,1.085,140082,73620
13821,2024,91,9,1577,1.191,1324546,587710
13822,2024,92,9,1862,1.130,1647435,824372
13823,2024,93,9,3510,2.087,1681725,705282
13824,2024,94,9,2428,1.710,1419531,662168
13825,2024,95,9,2007,1.579,1270845,529926
13826,2016,01,6,444,0.695,638425,308491
13827,2016,02,6,202,0.377,536136,264180
13828,2016,03,6,212,0.625,339384,206980
13829,2016,04,6,101,0.621,162565,126760
13830,2016,05,6,65,0.461,141107,134647
13831,2016,06,6,754,0.696,1083704,761857
13832,2016,07,6,76,0.234,325157,201264
13833,2016,08,6,156,0.567,275371,142010
13834,2016,09,6,48,0.314,153067,108589
13835,2016,10,6,181,0.586,308910,163064
13836,2016,11,6,137,0.372,368025,258453
13837,2016,12,6,112,0.402,278697,179901
13838,2016,13,6,1835,0.909,2019717,1009576
13839,2016,14,6,364,0.525,693679,412038
13840,2016,15,6,18,0.123,145969,101070
13841,2016,16,6,135,0.382,353288,196145
13842,2016,17,6,307,0.478,642191,427696
13843,2016,18,6,70,0.228,307110,177873
13844,2016,19,6,139,0.575,241535,153380
13845,2016,21,6,395,0.741,533213,285326
13846,2016,22,6,198,0.331,598953,363788
13847,2016,23,6,26,0.218,119502,88330
13848,2016,24,6,252,0.608,414789,256942
13849,2016,25,6,330,0.613,538549,277578
13850,2016,26,6,203,0.400,508006,269062
13851,2016,27,6,264,0.438,602825,292969
13852,2016,28,6,279,0.643,433929,213849
13853,2016,29,6,402,0.443,908249,537671
13854,2016,2A,6,48,0.311,154303,116432
13855,2016,2B,6,76,0.431,176152,129422
13856,2016,30,6,307,0.414,742006,419029
13857,2016,31,6,728,0.540,1348183,703754
13858,2016,32,6,65,0.341,190664,109392
13859,2016,33,6,945,0.603,1566679,843050
13860,2016,34,6,771,0.681,1132481,707572
13861,2016,35,6,428,0.407,1051779,538258
13862,2016,36,6,80,0.358,223505,138229
13863,2016,37,6,251,0.414,606223,318933
13864,2016,38,6,548,0.437,1252912,639743
13865,2016,39,6,146,0.560,260517,148337
13866,2016,40,6,609,1.504,405010,252298
13867,2016,41,6,84,0.252,332769,182821
13868,2016,42,6,291,0.382,761997,394202
13869,2016,43,6,102,0.449,227339,142111
13870,2016,44,6,573,0.415,1380852,729714
13871,2016,45,6,232,0.344,674330,341549
13872,2016,46,6,39,0.225,173347,117328
13873,2016,47,6,69,0.207,332833,184194
13874,2016,48,6,29,0.379,76422,60395
13875,2016,49,6,361,0.445,810934,391283
13876,2016,50,6,277,0.556,498362,295248
13877,2016,51,6,201,0.352,570883,292095
13878,2016,52,6,88,0.494,178084,100722
13879,2016,53,6,151,0.491,307688,155625
13880,2016,54,6,493,0.672,733821,373165
13881,2016,55,6,135,0.714,189055,99550
13882,2016,56,6,274,0.367,747548,459455
13883,2016,57,6,562,0.538,1045271,510597
13884,2016,58,6,58,0.277,209161,141593
13885,2016,59,6,1685,0.647,2603723,1205062
13886,2016,60,6,331,0.402,823542,369320
13887,2016,61,6,103,0.361,285308,164640
13888,2016,62,6,636,0.432,1470725,708207
13889,2016,63,6,282,0.433,650700,382695
13890,2016,64,6,310,0.460,673986,400053
13891,2016,65,6,155,0.680,227829,160809
13892,2016,66,6,406,0.856,474369,346847
13893,2016,67,6,670,0.597,1121407,546387
13894,2016,68,6,379,0.497,762743,373686
13895,2016,69,6,925,0.504,1835903,904462
13896,2016,70,6,100,0.422,237242,126631
13897,2016,71,6,291,0.524,555023,309191
13898,2016,72,6,231,0.407,567561,289447
13899,2016,73,6,221,0.514,429681,341648
13900,2016,74,6,892,1.113,801416,500698
13901,2016,75,6,3280,1.497,2190327,1374377
13902,2016,76,6,648,0.516,1255755,634421
13903,2016,77,6,680,0.487,1397665,604627
13904,2016,78,6,672,0.469,1431808,629383
13905,2016,79,6,68,0.181,374743,192620
13906,2016,80,6,291,0.508,572744,297094
13907,2016,81,6,154,0.399,386448,209380
13908,2016,82,6,63,0.245,256897,130059
13909,2016,83,6,735,0.696,1055821,707520
13910,2016,84,6,460,0.823,559014,298637
13911,2016,85,6,208,0.310,670597,417192
13912,2016,86,6,281,0.644,436069,237993
13913,2016,87,6,146,0.389,374978,219170
13914,2016,88,6,267,0.722,369641,212925
13915,2016,89,6,210,0.617,340544,195822
13916,2016,90,6,84,0.583,144089,71929
13917,2016,91,6,753,0.585,1287330,550895
13918,2016,92,6,972,0.606,1603268,789809
13919,2016,93,6,2724,1.695,1606660,662466
13920,2016,94,6,1478,1.072,1378151,626297
13921,2016,95,6,1006,0.823,1221923,497749
13922,2017,01,6,269,0.418,643350,313061
13923,2017,02,6,123,0.230,534490,265548
13924,2017,03,6,169,0.500,337988,207725
13925,2017,04,6,71,0.433,163915,127940
13926,2017,05,6,80,0.566,141284,135493
13927,2017,06,6,738,0.681,1083310,766748
13928,2017,07,6,81,0.249,325712,203015
13929,2017,08,6,140,0.512,273579,142452
13930,2017,09,6,46,0.300,153153,109392
13931,2017,10,6,202,0.652,310020,164453
13932,2017,11,6,183,0.494,370260,261180
13933,2017,12,6,154,0.552,279206,181053
13934,2017,13,6,2163,1.069,2024162,1021226
13935,2017,14,6,366,0.527,694002,416115
13936,2017,15,6,63,0.434,145143,101363
13937,2017,16,6,133,0.377,352335,197059
13938,2017,17,6,304,0.472,644303,431948
13939,2017,18,6,64,0.210,304256,178580
13940,2017,19,6,175,0.725,241464,154124
13941,2017,21,6,366,0.686,533819,287831
13942,2017,22,6,304,0.508,598814,366683
13943,2017,23,6,42,0.354,118638,88506
13944,2017,24,6,205,0.496,413606,258732
13945,2017,25,6,269,0.499,539067,279578
13946,2017,26,6,241,0.471,511553,272494
13947,2017,27,6,259,0.430,601843,295109
13948,2017,28,6,264,0.609,433233,215350
13949,2017,29,6,417,0.459,909028,542677
13950,2017,2A,6,71,0.452,157249,118848
13951,2017,2B,6,138,0.777,177689,130820
13952,2017,30,6,346,0.465,744178,423840
13953,2017,31,6,1082,0.794,1362672,715532
13954,2017,32,6,55,0.288,191091,110358
13955,2017,33,6,1235,0.780,1583384,856616
13956,2017,34,6,798,0.697,1144892,718743
13957,2017,35,6,541,0.510,1060199,546440
13958,2017,36,6,92,0.414,222232,138634
13959,2017,37,6,263,0.434,606511,321881
13960,2017,38,6,561,0.446,1258722,646707
13961,2017,39,6,77,0.296,260188,149350
13962,2017,40,6,586,1.438,407444,255992
13963,2017,41,6,101,0.304,331915,183643
13964,2017,42,6,348,0.456,762941,396655
13965,2017,43,6,86,0.378,227283,142989
13966,2017,44,6,549,0.394,1394909,740924
13967,2017,45,6,184,0.271,678105,344708
13968,2017,46,6,64,0.368,173828,118075
13969,2017,47,6,113,0.340,332842,185343
13970,2017,48,6,37,0.483,76601,60898
13971,2017,49,6,294,0.361,813493,394578
13972,2017,50,6,324,0.652,496883,297133
13973,2017,51,6,178,0.313,568895,294041
13974,2017,52,6,95,0.541,175640,100650
13975,2017,53,6,121,0.394,307445,156662
13976,2017,54,6,410,0.559,733481,375755
13977,2017,55,6,123,0.657,187187,99736
13978,2017,56,6,269,0.358,750863,464186
13979,2017,57,6,590,0.565,1043522,514328
13980,2017,58,6,60,0.290,207182,141642
13981,2017,59,6,1667,0.640,2604361,1214497
13982,2017,60,6,496,0.602,824503,372778
13983,2017,61,6,50,0.176,283372,164926
13984,2017,62,6,664,0.452,1468018,713245
13985,2017,63,6,285,0.436,653742,386425
13986,2017,64,6,308,0.455,677309,404979
13987,2017,65,6,164,0.718,228530,161703
13988,2017,66,6,305,0.643,474452,349914
13989,2017,67,6,682,0.606,1125559,554075
13990,2017,68,6,391,0.512,764030,376960
13991,2017,69,6,1062,0.576,1843319,914980
13992,2017,70,6,127,0.537,236659,127615
13993,2017,71,6,258,0.466,553595,310391
13994,2017,72,6,141,0.249,566506,291039
13995,2017,73,6,232,0.538,431174,345226
13996,2017,74,6,1050,1.301,807360,508229
13997,2017,75,6,3626,1.658,2187526,1382779
13998,2017,76,6,564,0.450,1254378,640334
13999,2017,77,6,808,0.575,1403997,612076
14000,2017,78,6,780,0.542,1438266,637200
14001,2017,79,6,200,0.534,374351,193971
14002,2017,80,6,266,0.465,572443,299211
14003,2017,81,6,106,0.273,387890,211038
14004,2017,82,6,56,0.217,258349,131300
14005,2017,83,6,795,0.751,1058740,714503
14006,2017,84,6,408,0.729,559479,301947
14007,2017,85,6,217,0.321,675247,421680
14008,2017,86,6,221,0.506,436876,240200
14009,2017,87,6,220,0.588,374426,219980
14010,2017,88,6,259,0.704,367673,213629
14011,2017,89,6,237,0.701,338291,196697
14012,2017,90,6,116,0.813,142622,72211
14013,2017,91,6,1022,0.789,1296130,558684
14014,2017,92,6,1086,0.675,1609306,796181
14015,2017,93,6,3400,2.095,1623111,671680
14016,2017,94,6,1704,1.228,1387926,633207
14017,2017,95,6,1152,0.938,1228618,504100
14018,2018,01,6,198,0.306,647634,317983
14019,2018,02,6,177,0.332,533316,266641
14020,2018,03,6,165,0.489,337171,208375
14021,2018,04,6,75,0.457,164068,129062
14022,2018,05,6,61,0.434,140698,136581
14023,2018,06,6,912,0.840,1086219,772317
14024,2018,07,6,63,0.193,326606,204906
14025,2018,08,6,85,0.313,271845,143015
14026,2018,09,6,50,0.327,153066,110222
14027,2018,10,6,161,0.519,310020,165502
14028,2018,11,6,167,0.448,372806,263889
14029,2018,12,6,99,0.354,279274,182028
14030,2018,13,6,1903,0.935,2034357,1034043
14031,2018,14,6,382,0.550,694056,419714
14032,2018,15,6,57,0.394,144765,101693
14033,2018,16,6,162,0.461,351778,198242
14034,2018,17,6,263,0.407,646932,436869
14035,2018,18,6,117,0.386,303408,179125
14036,2018,19,6,115,0.478,240583,154657
14037,2018,21,6,499,0.936,533220,290523
14038,2018,22,6,264,0.440,599584,369601
14039,2018,23,6,44,0.374,117503,88728
14040,2018,24,6,184,0.445,413418,260245
14041,2018,25,6,449,0.829,541454,282056
14042,2018,26,6,243,0.472,514732,275727
14043,2018,27,6,290,0.483,599962,297286
14044,2018,28,6,364,0.843,431997,216684
14045,2018,29,6,423,0.464,911735,545808
14046,2018,2A,6,93,0.589,157853,120567
14047,2018,2B,6,67,0.371,180701,132077
14048,2018,30,6,272,0.365,745458,428087
14049,2018,31,6,1317,0.954,1380672,728249
14050,2018,32,6,37,0.193,191283,111171
14051,2018,33,6,806,0.503,1601845,872327
14052,2018,34,6,855,0.738,1159220,729653
14053,2018,35,6,590,0.552,1069228,554254
14054,2018,36,6,88,0.399,220595,138879
14055,2018,37,6,220,0.362,607760,325172
14056,2018,38,6,554,0.438,1263563,653289
14057,2018,39,6,170,0.654,259746,150169
14058,2018,40,6,385,0.938,410355,259512
14059,2018,41,6,91,0.276,330248,184614
14060,2018,42,6,218,0.286,763441,399134
14061,2018,43,6,159,0.699,227552,143699
14062,2018,44,6,634,0.449,1412502,752968
14063,2018,45,6,311,0.458,678845,347107
14064,2018,46,6,77,0.443,173929,118998
14065,2018,47,6,107,0.322,331970,186511
14066,2018,48,6,23,0.301,76520,61340
14067,2018,49,6,294,0.360,815883,397887
14068,2018,50,6,253,0.510,495983,298631
14069,2018,51,6,166,0.293,567462,295611
14070,2018,52,6,75,0.431,174069,100617
14071,2018,53,6,114,0.371,307084,157552
14072,2018,54,6,355,0.484,733469,378055
14073,2018,55,6,119,0.642,185355,99893
14074,2018,56,6,259,0.343,754867,468872
14075,2018,57,6,587,0.563,1043524,518772
14076,2018,58,6,62,0.301,205828,141623
14077,2018,59,6,1892,0.726,2606234,1224589
14078,2018,60,6,416,0.503,827153,376185
14079,2018,61,6,120,0.426,281593,165463
14080,2018,62,6,545,0.372,1466743,717901
14081,2018,63,6,323,0.490,659048,389711
14082,2018,64,6,289,0.425,679810,409790
14083,2018,65,6,118,0.515,229191,162729
14084,2018,66,6,382,0.802,476357,352742
14085,2018,67,6,771,0.680,1133552,561562
14086,2018,68,6,361,0.472,764981,380238
14087,2018,69,6,995,0.535,1859524,926576
14088,2018,70,6,108,0.458,236018,128333
14089,2018,71,6,242,0.438,552185,311499
14090,2018,72,6,151,0.267,565963,292628
14091,2018,73,6,285,0.657,433724,349226
14092,2018,74,6,1060,1.298,816699,517217
14093,2018,75,6,4199,1.930,2175601,1386846
14094,2018,76,6,683,0.544,1255883,645786
14095,2018,77,6,883,0.625,1412516,619784
14096,2018,78,6,711,0.493,1441398,643946
14097,2018,79,6,223,0.595,374799,195051
14098,2018,80,6,263,0.461,570662,301740
14099,2018,81,6,108,0.278,388596,212905
14100,2018,82,6,67,0.259,259124,132603
14101,2018,83,6,743,0.696,1067697,722128
14102,2018,84,6,387,0.691,559793,305436
14103,2018,85,6,295,0.434,679991,426426
14104,2018,86,6,303,0.692,437586,241951
14105,2018,87,6,177,0.474,373199,220762
14106,2018,88,6,254,0.694,366112,214363
14107,2018,89,6,196,0.581,337504,197683
14108,2018,90,6,86,0.606,141852,72929
14109,2018,91,6,1167,0.900,1296641,564587
14110,2018,92,6,1229,0.759,1619120,801737
14111,2018,93,6,3538,2.167,1632677,679663
14112,2018,94,6,1966,1.407,1396913,640016
14113,2018,95,6,1168,0.943,1238581,510302
14114,2019,01,6,186,0.285,652432,321432
14115,2019,02,6,179,0.337,531345,266922
14116,2019,03,6,138,0.411,335975,208863
14117,2019,04,6,84,0.511,164308,129690
14118,2019,05,6,70,0.496,141220,137644
14119,2019,06,6,1010,0.923,1094283,778291
14120,2019,07,6,90,0.274,328278,206435
14121,2019,08,6,135,0.499,270582,142983
14122,2019,09,6,79,0.515,153287,110526
14123,2019,10,6,152,0.490,310242,166101
14124,2019,11,6,161,0.430,374070,265167
14125,2019,12,6,141,0.504,279595,182769
14126,2019,13,6,2250,1.101,2043110,1044973
14127,2019,14,6,256,0.368,694905,422082
14128,2019,15,6,44,0.304,144692,101953
14129,2019,16,6,173,0.491,352015,198920
14130,2019,17,6,369,0.567,651358,440935
14131,2019,18,6,93,0.308,302306,179430
14132,2019,19,6,131,0.546,240073,155041
14133,2019,21,6,374,0.700,534124,292479
14134,2019,22,6,323,0.538,600582,371643
14135,2019,23,6,88,0.755,116617,88646
14136,2019,24,6,207,0.501,413223,261104
14137,2019,25,6,400,0.735,543974,283778
14138,2019,26,6,198,0.383,516762,277777
14139,2019,27,6,240,0.400,599507,298148
14140,2019,28,6,298,0.690,431575,217440
14141,2019,29,6,470,0.514,915090,549039
14142,2019,2A,6,55,0.347,158507,122005
14143,2019,2B,6,74,0.407,181933,133540
14144,2019,30,6,344,0.460,748437,431684
14145,2019,31,6,1453,1.038,1400039,740546
14146,2019,32,6,28,0.146,191377,111536
14147,2019,33,6,686,0.422,1623749,886986
14148,2019,34,6,816,0.694,1175623,739737
14149,2019,35,6,580,0.537,1079498,561343
14150,2019,36,6,87,0.397,219316,138826
14151,2019,37,6,217,0.356,610079,328095
14152,2019,38,6,636,0.500,1271166,659031
14153,2019,39,6,142,0.548,259199,150475
14154,2019,40,6,345,0.834,413690,262370
14155,2019,41,6,101,0.307,329470,185077
14156,2019,42,6,368,0.481,765634,401112
14157,2019,43,6,193,0.848,227570,143916
14158,2019,44,6,786,0.550,1429272,764010
14159,2019,45,6,248,0.364,680434,348977
14160,2019,46,6,78,0.448,174094,119499
14161,2019,47,6,140,0.423,331271,187058
14162,2019,48,6,48,0.627,76604,61547
14163,2019,49,6,311,0.380,818273,400508
14164,2019,50,6,220,0.444,495045,299656
14165,2019,51,6,203,0.358,566855,297288
14166,2019,52,6,65,0.377,172512,100382
14167,2019,53,6,140,0.456,307062,158083
14168,2019,54,6,383,0.522,733760,379680
14169,2019,55,6,127,0.690,184083,99834
14170,2019,56,6,408,0.537,759684,472749
14171,2019,57,6,543,0.519,1046543,523268
14172,2019,58,6,33,0.161,204452,141411
14173,2019,59,6,1802,0.691,2608346,1232504
14174,2019,60,6,409,0.493,829419,378048
14175,2019,61,6,93,0.332,279942,165100
14176,2019,62,6,664,0.453,1465278,720800
14177,2019,63,6,265,0.400,662152,392038
14178,2019,64,6,290,0.425,682621,413357
14179,2019,65,6,115,0.501,229567,163634
14180,2019,66,6,471,0.981,479979,355661
14181,2019,67,6,616,0.540,1140057,567991
14182,2019,68,6,349,0.455,767086,382805
14183,2019,69,6,1141,0.608,1875747,937544
14184,2019,70,6,97,0.412,235313,128450
14185,2019,71,6,269,0.488,551493,311966
14186,2019,72,6,159,0.281,566412,293561
14187,2019,73,6,218,0.500,436434,352254
14188,2019,74,6,1187,1.437,826094,525404
14189,2019,75,6,3797,1.753,2165423,1389375
14190,2019,76,6,667,0.531,1255633,649681
14191,2019,77,6,806,0.567,1421197,626435
14192,2019,78,6,833,0.575,1448207,649383
14193,2019,79,6,189,0.504,374878,195568
14194,2019,80,6,229,0.401,570559,303449
14195,2019,81,6,106,0.272,389844,214423
14196,2019,82,6,56,0.215,260669,133522
14197,2019,83,6,960,0.892,1076711,729223
14198,2019,84,6,534,0.951,561469,308505
14199,2019,85,6,250,0.365,685442,430815
14200,2019,86,6,221,0.504,438435,242907
14201,2019,87,6,186,0.500,372359,221194
14202,2019,88,6,272,0.746,364499,214287
14203,2019,89,6,221,0.658,335707,197718
14204,2019,90,6,80,0.566,141318,73180
14205,2019,91,6,1414,1.086,1301659,570417
14206,2019,92,6,1342,0.826,1624357,807711
14207,2019,93,6,3997,2.430,1644903,687238
14208,2019,94,6,2158,1.534,1407124,647289
14209,2019,95,6,1181,0.945,1249674,517063
14210,2020,01,6,212,0.322,657856,325431
14211,2020,02,6,201,0.380,529374,267555
14212,2020,03,6,155,0.462,335628,209251
14213,2020,04,6,39,0.236,165451,130500
14214,2020,05,6,82,0.583,140605,138751
14215,2020,06,6,811,0.739,1097410,783398
14216,2020,07,6,68,0.206,329325,207922
14217,2020,08,6,130,0.482,269701,143402
14218,2020,09,6,82,0.533,153954,110875
14219,2020,10,6,138,0.443,311435,166928
14220,2020,11,6,226,0.602,375217,266877
14221,2020,12,6,136,0.486,279554,183702
14222,2020,13,6,2227,1.087,2048070,1055315
14223,2020,14,6,303,0.434,697547,426069
14224,2020,15,6,81,0.561,144379,102234
14225,2020,16,6,212,0.603,351718,199746
14226,2020,17,6,302,0.461,655709,445578
14227,2020,18,6,99,0.329,300933,179389
14228,2020,19,6,93,0.389,239190,155575
14229,2020,21,6,303,0.566,535078,294776
14230,2020,22,6,237,0.393,603640,373909
14231,2020,23,6,63,0.543,115995,88769
14232,2020,24,6,208,0.504,412807,262321
14233,2020,25,6,369,0.677,545209,285770
14234,2020,26,6,381,0.736,517709,279948
14235,2020,27,6,252,0.420,599668,299419
14236,2020,28,6,253,0.586,431443,218433
14237,2020,29,6,350,0.382,917179,552465
14238,2020,2A,6,58,0.361,160814,123650
14239,2020,2B,6,96,0.525,182887,135125
14240,2020,30,6,312,0.415,751457,435785
14241,2020,31,6,1106,0.781,1415757,754396
14242,2020,32,6,42,0.219,191819,112134
14243,2020,33,6,534,0.326,1636391,900198
14244,2020,34,6,656,0.552,1188973,750002
14245,2020,35,6,556,0.511,1088855,568308
14246,2020,36,6,58,0.265,218707,138959
14247,2020,37,6,216,0.353,612119,330454
14248,2020,38,6,487,0.381,1277513,665362
14249,2020,39,6,177,0.684,258798,151009
14250,2020,40,6,279,0.667,418122,265930
14251,2020,41,6,78,0.237,329357,185591
14252,2020,42,6,268,0.349,768508,403254
14253,2020,43,6,112,0.492,227489,144442
14254,2020,44,6,666,0.461,1445171,776207
14255,2020,45,6,344,0.504,682304,351028
14256,2020,46,6,61,0.349,174670,120123
14257,2020,47,6,86,0.260,330844,188120
14258,2020,48,6,25,0.326,76633,61734
14259,2020,49,6,175,0.213,820713,403157
14260,2020,50,6,185,0.374,495093,301071
14261,2020,51,6,179,0.316,566659,299421
14262,2020,52,6,74,0.431,171798,100520
14263,2020,53,6,79,0.258,306538,158874
14264,2020,54,6,334,0.456,732590,381849
14265,2020,55,6,99,0.541,183001,100007
14266,2020,56,6,444,0.581,764161,476941
14267,2020,57,6,476,0.454,1049155,527832
14268,2020,58,6,56,0.276,202670,141219
14269,2020,59,6,1534,0.588,2607746,1241241
14270,2020,60,6,359,0.433,829699,380003
14271,2020,61,6,101,0.363,278475,164988
14272,2020,62,6,561,0.384,1462167,724156
14273,2020,63,6,354,0.535,661852,394760
14274,2020,64,6,274,0.399,687240,417293
14275,2020,65,6,96,0.418,229788,164545
14276,2020,66,6,457,0.947,482765,359151
14277,2020,67,6,492,0.429,1148073,575001
14278,2020,68,6,391,0.509,767842,386082
14279,2020,69,6,1150,0.611,1883437,949531
14280,2020,70,6,66,0.281,234601,128855
14281,2020,71,6,192,0.348,551063,312880
14282,2020,72,6,150,0.265,566993,294778
14283,2020,73,6,238,0.541,439750,355575
14284,2020,74,6,1018,1.219,835206,533337
14285,2020,75,6,3267,1.522,2145906,1393800
14286,2020,76,6,481,0.383,1254739,653680
14287,2020,77,6,837,0.586,1428636,634163
14288,2020,78,6,696,0.480,1449723,654741
14289,2020,79,6,150,0.401,374481,196421
14290,2020,80,6,206,0.362,568748,305380
14291,2020,81,6,112,0.286,391066,215987
14292,2020,82,6,79,0.301,262316,134694
14293,2020,83,6,817,0.753,1085189,735547
14294,2020,84,6,527,0.938,561941,311098
14295,2020,85,6,175,0.253,692705,435953
14296,2020,86,6,185,0.421,439332,243821
14297,2020,87,6,165,0.443,372123,221779
14298,2020,88,6,237,0.654,362397,214812
14299,2020,89,6,113,0.338,334156,197870
14300,2020,90,6,74,0.528,140120,73384
14301,2020,91,6,1079,0.826,1306118,577712
14302,2020,92,6,1162,0.715,1626213,815765
14303,2020,93,6,3397,2.052,1655422,696152
14304,2020,94,6,1838,1.305,1407972,654340
14305,2020,95,6,901,0.720,1251804,523106
14306,2021,01,6,264,0.398,663202,329783
14307,2021,02,6,228,0.432,527468,268381
14308,2021,03,6,137,0.409,334872,209666
14309,2021,04,6,36,0.217,166077,131551
14310,2021,05,6,101,0.716,140976,139877
14311,2021,06,6,962,0.871,1103941,788916
14312,2021,07,6,84,0.253,331415,209963
14313,2021,08,6,76,0.283,268859,143973
14314,2021,09,6,97,0.627,154596,111352
14315,2021,10,6,88,0.283,311329,167657
14316,2021,11,6,175,0.465,376028,268987
14317,2021,12,6,136,0.486,279649,184954
14318,2021,13,6,2927,1.423,2056943,1066675
14319,2021,14,6,288,0.411,700633,429997
14320,2021,15,6,44,0.305,144226,102634
14321,2021,16,6,194,0.553,350867,200757
14322,2021,17,6,246,0.372,661404,451118
14323,2021,18,6,116,0.387,299573,179274
14324,2021,19,6,127,0.530,239784,156356
14325,2021,21,6,356,0.665,535503,297329
14326,2021,22,6,249,0.411,605917,376517
14327,2021,23,6,42,0.363,115702,89016
14328,2021,24,6,178,0.430,413730,264136
14329,2021,25,6,439,0.802,547096,288184
14330,2021,26,6,440,0.847,519458,282419
14331,2021,27,6,209,0.349,598934,300922
14332,2021,28,6,236,0.547,431277,219670
14333,2021,29,6,375,0.407,921638,556255
14334,2021,2A,6,95,0.583,162942,124954
14335,2021,2B,6,137,0.742,184655,136722
14336,2021,30,6,450,0.595,756543,441086
14337,2021,31,6,1523,1.062,1434367,769604
14338,2021,32,6,65,0.338,192437,112806
14339,2021,33,6,884,0.534,1654970,913452
14340,2021,34,6,709,0.590,1201883,760879
14341,2021,35,6,765,0.697,1098325,575321
14342,2021,36,6,67,0.308,217228,139055
14343,2021,37,6,283,0.462,612160,333159
14344,2021,38,6,478,0.372,1284948,673024
14345,2021,39,6,105,0.406,258555,151865
14346,2021,40,6,276,0.653,422976,270194
14347,2021,41,6,83,0.253,328504,186408
14348,2021,42,6,380,0.494,769029,405452
14349,2021,43,6,87,0.383,227284,145236
14350,2021,44,6,774,0.531,1457806,787187
14351,2021,45,6,343,0.501,684561,353544
14352,2021,46,6,63,0.360,174942,120797
14353,2021,47,6,156,0.471,331229,189189
14354,2021,48,6,21,0.274,76519,62006
14355,2021,49,6,287,0.348,824743,406488
14356,2021,50,6,130,0.262,495508,302441
14357,2021,51,6,274,0.485,565292,300919
14358,2021,52,6,70,0.409,171042,100716
14359,2021,53,6,102,0.333,305933,159714
14360,2021,54,6,436,0.595,732486,384639
14361,2021,55,6,108,0.594,181919,100190
14362,2021,56,6,496,0.645,768687,481682
14363,2021,57,6,482,0.459,1049942,531542
14364,2021,58,6,66,0.326,202417,141381
14365,2021,59,6,1875,0.718,2611293,1251657
14366,2021,60,6,423,0.510,828838,382118
14367,2021,61,6,144,0.520,276973,165115
14368,2021,62,6,608,0.416,1461441,727951
14369,2021,63,6,364,0.550,662285,397923
14370,2021,64,6,321,0.463,693027,421756
14371,2021,65,6,118,0.511,230956,165621
14372,2021,66,6,482,0.989,487307,362350
14373,2021,67,6,559,0.485,1152662,581630
14374,2021,68,6,351,0.458,767083,389445
14375,2021,69,6,1199,0.633,1893692,964037
14376,2021,70,6,74,0.316,234296,129449
14377,2021,71,6,244,0.444,549288,314053
14378,2021,72,6,219,0.387,566058,296419
14379,2021,73,6,241,0.545,442468,358886
14380,2021,74,6,913,1.085,841482,540705
14381,2021,75,6,3608,1.691,2133111,1396753
14382,2021,76,6,527,0.420,1255918,657851
14383,2021,77,6,869,0.604,1438100,641376
14384,2021,78,6,729,0.501,1456365,661312
14385,2021,79,6,144,0.384,374587,197430
14386,2021,80,6,178,0.314,566252,307149
14387,2021,81,6,152,0.386,393572,218036
14388,2021,82,6,81,0.308,263377,135891
14389,2021,83,6,926,0.845,1095337,743682
14390,2021,84,6,721,1.277,564566,314424
14391,2021,85,6,188,0.269,699459,441153
14392,2021,86,6,188,0.428,439385,245247
14393,2021,87,6,115,0.309,371691,222826
14394,2021,88,6,181,0.502,360673,215468
14395,2021,89,6,159,0.477,333385,198598
14396,2021,90,6,62,0.444,139654,73620
14397,2021,91,6,932,0.709,1313768,587710
14398,2021,92,6,1322,0.808,1635291,824372
14399,2021,93,6,4353,2.609,1668670,705282
14400,2021,94,6,1930,1.364,1415367,662168
14401,2021,95,6,884,0.703,1256607,529926
14402,2022,01,6,215,0.320,671289,329783
14403,2022,02,6,225,0.428,525558,268381
14404,2022,03,6,154,0.460,334715,209666
14405,2022,04,6,63,0.377,167179,131551
14406,2022,05,6,64,0.452,141677,139877
14407,2022,06,6,894,0.802,1114579,788916
14408,2022,07,6,56,0.168,333229,209963
14409,2022,08,6,81,0.303,267204,143973
14410,2022,09,6,95,0.612,155339,111352
14411,2022,10,6,118,0.379,311076,167657
14412,2022,11,6,177,0.469,377773,268987
14413,2022,12,6,105,0.375,279736,184954
14414,2022,13,6,3193,1.543,2069811,1066675
14415,2022,14,6,251,0.356,704605,429997
14416,2022,15,6,46,0.319,144399,102634
14417,2022,16,6,229,0.651,351603,200757
14418,2022,17,6,283,0.424,668160,451118
14419,2022,18,6,82,0.274,299496,179274
14420,2022,19,6,83,0.346,240120,156356
14421,2022,21,6,368,0.685,537577,297329
14422,2022,22,6,200,0.328,609598,376517
14423,2022,23,6,33,0.286,115529,89016
14424,2022,24,6,177,0.425,416325,264136
14425,2022,25,6,478,0.871,548662,288184
14426,2022,26,6,299,0.573,521432,282419
14427,2022,27,6,250,0.416,601305,300922
14428,2022,28,6,211,0.487,432950,219670
14429,2022,29,6,315,0.339,927912,556255
14430,2022,2A,6,178,1.072,166045,124954
14431,2022,2B,6,74,0.400,185231,136722
14432,2022,30,6,424,0.555,764010,441086
14433,2022,31,6,1523,1.046,1456261,769604
14434,2022,32,6,80,0.415,192649,112806
14435,2022,33,6,806,0.481,1674980,913452
14436,2022,34,6,804,0.660,1217331,760879
14437,2022,35,6,709,0.639,1109232,575321
14438,2022,36,6,53,0.244,216809,139055
14439,2022,37,6,270,0.438,616326,333159
14440,2022,38,6,554,0.429,1291380,673024
14441,2022,39,6,98,0.379,258405,151865
14442,2022,40,6,251,0.586,428427,270194
14443,2022,41,6,84,0.255,328953,186408
14444,2022,42,6,259,0.335,772041,405452
14445,2022,43,6,68,0.298,228161,145236
14446,2022,44,6,750,0.509,1473156,787187
14447,2022,45,6,229,0.333,687063,353544
14448,2022,46,6,81,0.461,175620,120797
14449,2022,47,6,119,0.358,332226,189189
14450,2022,48,6,12,0.157,76503,62006
14451,2022,49,6,278,0.336,828151,406488
14452,2022,50,6,76,0.153,496815,302441
14453,2022,51,6,214,0.379,564107,300919
14454,2022,52,6,44,0.259,169865,100716
14455,2022,53,6,84,0.275,305437,159714
14456,2022,54,6,457,0.624,732898,384639
14457,2022,55,6,188,1.040,180745,100190
14458,2022,56,6,386,0.497,776103,481682
14459,2022,57,6,430,0.409,1050721,531542
14460,2022,58,6,72,0.356,202299,141381
14461,2022,59,6,1783,0.681,2616909,1251657
14462,2022,60,6,459,0.553,830725,382118
14463,2022,61,6,119,0.431,276144,165115
14464,2022,62,6,554,0.379,1460184,727951
14465,2022,63,6,360,0.542,664385,397923
14466,2022,64,6,314,0.449,699473,421756
14467,2022,65,6,112,0.484,231453,165621
14468,2022,66,6,636,1.290,492964,362350
14469,2022,67,6,530,0.458,1156963,581630
14470,2022,68,6,436,0.568,767800,389445
14471,2022,69,6,1582,0.829,1907982,964037
14472,2022,70,6,119,0.509,233920,129449
14473,2022,71,6,258,0.470,549136,314053
14474,2022,72,6,246,0.435,566129,296419
14475,2022,73,6,286,0.642,445288,358886
14476,2022,74,6,795,0.936,849583,540705
14477,2022,75,6,4446,2.103,2113705,1396753
14478,2022,76,6,611,0.485,1260205,657851
14479,2022,77,6,919,0.633,1452399,641376
14480,2022,78,6,799,0.543,1470778,661312
14481,2022,79,6,178,0.474,375415,197430
14482,2022,80,6,236,0.417,565540,307149
14483,2022,81,6,259,0.654,396168,218036
14484,2022,82,6,63,0.238,264924,135891
14485,2022,83,6,1119,1.010,1108364,743682
14486,2022,84,6,723,1.271,568702,314424
14487,2022,85,6,199,0.282,706343,441153
14488,2022,86,6,203,0.463,438688,245247
14489,2022,87,6,119,0.320,372438,222826
14490,2022,88,6,190,0.530,358700,215468
14491,2022,89,6,106,0.317,333896,198598
14492,2022,90,6,86,0.614,140082,73620
14493,2022,91,6,1307,0.987,1324546,587710
14494,2022,92,6,1230,0.747,1647435,824372
14495,2022,93,6,4276,2.543,1681725,705282
14496,2022,94,6,2164,1.524,1419531,662168
14497,2022,95,6,1195,0.940,1270845,529926
14498,2023,01,6,231,0.344,671289,329783
14499,2023,02,6,154,0.293,525558,268381
14500,2023,03,6,200,0.598,334715,209666
14501,2023,04,6,41,0.245,167179,131551
14502,2023,05,6,61,0.431,141677,139877
14503,2023,06,6,907,0.814,1114579,788916
14504,2023,07,6,73,0.219,333229,209963
14505,2023,08,6,73,0.273,267204,143973
14506,2023,09,6,93,0.599,155339,111352
14507,2023,10,6,107,0.344,311076,167657
14508,2023,11,6,238,0.630,377773,268987
14509,2023,12,6,151,0.540,279736,184954
14510,2023,13,6,3329,1.608,2069811,1066675
14511,2023,14,6,240,0.341,704605,429997
14512,2023,15,6,43,0.298,144399,102634
14513,2023,16,6,270,0.768,351603,200757
14514,2023,17,6,260,0.389,668160,451118
14515,2023,18,6,76,0.254,299496,179274
14516,2023,19,6,114,0.475,240120,156356
14517,2023,21,6,400,0.744,537577,297329
14518,2023,22,6,173,0.284,609598,376517
14519,2023,23,6,37,0.320,115529,89016
14520,2023,24,6,112,0.269,416325,264136
14521,2023,25,6,472,0.860,548662,288184
14522,2023,26,6,356,0.683,521432,282419
14523,2023,27,6,211,0.351,601305,300922
14524,2023,28,6,186,0.430,432950,219670
14525,2023,29,6,298,0.321,927912,556255
14526,2023,2A,6,114,0.687,166045,124954
14527,2023,2B,6,69,0.373,185231,136722
14528,2023,30,6,502,0.657,764010,441086
14529,2023,31,6,1458,1.001,1456261,769604
14530,2023,32,6,62,0.322,192649,112806
14531,2023,33,6,748,0.447,1674980,913452
14532,2023,34,6,820,0.674,1217331,760879
14533,2023,35,6,819,0.738,1109232,575321
14534,2023,36,6,52,0.240,216809,139055
14535,2023,37,6,194,0.315,616326,333159
14536,2023,38,6,583,0.451,1291380,673024
14537,2023,39,6,82,0.317,258405,151865
14538,2023,40,6,191,0.446,428427,270194
14539,2023,41,6,53,0.161,328953,186408
14540,2023,42,6,264,0.342,772041,405452
14541,2023,43,6,67,0.294,228161,145236
14542,2023,44,6,706,0.479,1473156,787187
14543,2023,45,6,259,0.377,687063,353544
14544,2023,46,6,63,0.359,175620,120797
14545,2023,47,6,92,0.277,332226,189189
14546,2023,48,6,14,0.183,76503,62006
14547,2023,49,6,305,0.368,828151,406488
14548,2023,50,6,114,0.229,496815,302441
14549,2023,51,6,291,0.516,564107,300919
14550,2023,52,6,65,0.383,169865,100716
14551,2023,53,6,156,0.511,305437,159714
14552,2023,54,6,457,0.624,732898,384639
14553,2023,55,6,131,0.725,180745,100190
14554,2023,56,6,454,0.585,776103,481682
14555,2023,57,6,473,0.450,1050721,531542
14556,2023,58,6,55,0.272,202299,141381
14557,2023,59,6,1890,0.722,2616909,1251657
14558,2023,60,6,469,0.565,830725,382118
14559,2023,61,6,122,0.442,276144,165115
14560,2023,62,6,646,0.442,1460184,727951
14561,2023,63,6,366,0.551,664385,397923
14562,2023,64,6,285,0.407,699473,421756
14563,2023,65,6,81,0.350,231453,165621
14564,2023,66,6,621,1.260,492964,362350
14565,2023,67,6,490,0.424,1156963,581630
14566,2023,68,6,438,0.570,767800,389445
14567,2023,69,6,1835,0.962,1907982,964037
14568,2023,70,6,135,0.577,233920,129449
14569,2023,71,6,149,0.271,549136,314053
14570,2023,72,6,252,0.445,566129,296419
14571,2023,73,6,226,0.508,445288,358886
14572,2023,74,6,604,0.711,849583,540705
14573,2023,75,6,4604,2.178,2113705,1396753
14574,2023,76,6,475,0.377,1260205,657851
14575,2023,77,6,824,0.567,1452399,641376
14576,2023,78,6,739,0.502,1470778,661312
14577,2023,79,6,157,0.418,375415,197430
14578,2023,80,6,228,0.403,565540,307149
14579,2023,81,6,203,0.512,396168,218036
14580,2023,82,6,82,0.310,264924,135891
14581,2023,83,6,1231,1.111,1108364,743682
14582,2023,84,6,823,1.447,568702,314424
14583,2023,85,6,229,0.324,706343,441153
14584,2023,86,6,148,0.337,438688,245247
14585,2023,87,6,157,0.422,372438,222826
14586,2023,88,6,181,0.505,358700,215468
14587,2023,89,6,119,0.356,333896,198598
14588,2023,90,6,91,0.650,140082,73620
14589,2023,91,6,1067,0.806,1324546,587710
14590,2023,92,6,1252,0.760,1647435,824372
14591,2023,93,6,4213,2.505,1681725,705282
14592,2023,94,6,1915,1.349,1419531,662168
14593,2023,95,6,1167,0.918,1270845,529926
14594,2024,01,6,207,0.308,671289,329783
14595,2024,02,6,180,0.342,525558,268381
14596,2024,03,6,221,0.660,334715,209666
14597,2024,04,6,84,0.502,167179,131551
14598,2024,05,6,78,0.551,141677,139877
14599,2024,06,6,1172,1.052,1114579,788916
14600,2024,07,6,128,0.384,333229,209963
14601,2024,08,6,67,0.251,267204,143973
14602,2024,09,6,82,0.528,155339,111352
14603,2024,10,6,130,0.418,311076,167657
14604,2024,11,6,216,0.572,377773,268987
14605,2024,12,6,155,0.554,279736,184954
14606,2024,13,6,4320,2.087,2069811,1066675
14607,2024,14,6,203,0.288,704605,429997
14608,2024,15,6,66,0.457,144399,102634
14609,2024,16,6,225,0.640,351603,200757
14610,2024,17,6,295,0.442,668160,451118
14611,2024,18,6,70,0.234,299496,179274
14612,2024,19,6,105,0.437,240120,156356
14613,2024,21,6,323,0.601,537577,297329
14614,2024,22,6,220,0.361,609598,376517
14615,2024,23,6,61,0.528,115529,89016
14616,2024,24,6,144,0.346,416325,264136
14617,2024,25,6,438,0.798,548662,288184
14618,2024,26,6,342,0.656,521432,282419
14619,2024,27,6,242,0.402,601305,300922
14620,2024,28,6,160,0.370,432950,219670
14621,2024,29,6,388,0.418,927912,556255
14622,2024,2A,6,87,0.524,166045,124954
14623,2024,2B,6,68,0.367,185231,136722
14624,2024,30,6,694,0.908,764010,441086
14625,2024,31,6,1582,1.086,1456261,769604
14626,2024,32,6,75,0.389,192649,112806
14627,2024,33,6,736,0.439,1674980,913452
14628,2024,34,6,833,0.684,1217331,760879
14629,2024,35,6,690,0.622,1109232,575321
14630,2024,36,6,59,0.272,216809,139055
14631,2024,37,6,154,0.250,616326,333159
14632,2024,38,6,1046,0.810,1291380,673024
14633,2024,39,6,79,0.306,258405,151865
14634,2024,40,6,176,0.411,428427,270194
14635,2024,41,6,38,0.116,328953,186408
14636,2024,42,6,319,0.413,772041,405452
14637,2024,43,6,84,0.368,228161,145236
14638,2024,44,6,733,0.498,1473156,787187
14639,2024,45,6,239,0.348,687063,353544
14640,2024,46,6,68,0.387,175620,120797
14641,2024,47,6,123,0.370,332226,189189
14642,2024,48,6,38,0.497,76503,62006
14643,2024,49,6,255,0.308,828151,406488
14644,2024,50,6,106,0.213,496815,302441
14645,2024,51,6,194,0.344,564107,300919
14646,2024,52,6,73,0.430,169865,100716
14647,2024,53,6,145,0.475,305437,159714
14648,2024,54,6,408,0.557,732898,384639
14649,2024,55,6,146,0.808,180745,100190
14650,2024,56,6,306,0.394,776103,481682
14651,2024,57,6,467,0.444,1050721,531542
14652,2024,58,6,37,0.183,202299,141381
14653,2024,59,6,1912,0.731,2616909,1251657
14654,2024,60,6,445,0.536,830725,382118
14655,2024,61,6,90,0.326,276144,165115
14656,2024,62,6,708,0.485,1460184,727951
14657,2024,63,6,337,0.507,664385,397923
14658,2024,64,6,348,0.498,699473,421756
14659,2024,65,6,173,0.747,231453,165621
14660,2024,66,6,569,1.154,492964,362350
14661,2024,67,6,479,0.414,1156963,581630
14662,2024,68,6,427,0.556,767800,389445
14663,2024,69,6,1752,0.918,1907982,964037
14664,2024,70,6,119,0.509,233920,129449
14665,2024,71,6,173,0.315,549136,314053
14666,2024,72,6,200,0.353,566129,296419
14667,2024,73,6,234,0.526,445288,358886
14668,2024,74,6,709,0.835,849583,540705
14669,2024,75,6,4971,2.352,2113705,1396753
14670,2024,76,6,449,0.356,1260205,657851
14671,2024,77,6,867,0.597,1452399,641376
14672,2024,78,6,738,0.502,1470778,661312
14673,2024,79,6,131,0.349,375415,197430
14674,2024,80,6,319,0.564,565540,307149
14675,2024,81,6,256,0.646,396168,218036
14676,2024,82,6,55,0.208,264924,135891
14677,2024,83,6,1246,1.124,1108364,743682
14678,2024,84,6,929,1.634,568702,314424
14679,2024,85,6,209,0.296,706343,441153
14680,2024,86,6,198,0.451,438688,245247
14681,2024,87,6,184,0.494,372438,222826
14682,2024,88,6,218,0.608,358700,215468
14683,2024,89,6,124,0.371,333896,198598
14684,2024,90,6,67,0.478,140082,73620
14685,2024,91,6,1121,0.846,1324546,587710
14686,2024,92,6,1511,0.917,1647435,824372
14687,2024,93,6,4192,2.493,1681725,705282
14688,2024,94,6,2104,1.482,1419531,662168
14689,2024,95,6,1508,1.187,1270845,529926
14690,2016,01,3,1733,2.714,638425,308491
14691,2016,02,3,1536,2.865,536136,264180
14692,2016,03,3,1060,3.123,339384,206980
14693,2016,04,3,471,2.897,162565,126760
14694,2016,05,3,424,3.005,141107,134647
14695,2016,06,3,5036,4.647,1083704,761857
14696,2016,07,3,735,2.260,325157,201264
14697,2016,08,3,780,2.833,275371,142010
14698,2016,09,3,483,3.155,153067,108589
14699,2016,10,3,1223,3.959,308910,163064
14700,2016,11,3,1166,3.168,368025,258453
14701,2016,12,3,826,2.964,278697,179901
14702,2016,13,3,8307,4.113,2019717,1009576
14703,2016,14,3,2226,3.209,693679,412038
14704,2016,15,3,417,2.857,145969,101070
14705,2016,16,3,1715,4.854,353288,196145
14706,2016,17,3,1952,3.040,642191,427696
14707,2016,18,3,1024,3.334,307110,177873
14708,2016,19,3,757,3.134,241535,153380
14709,2016,21,3,1850,3.470,533213,285326
14710,2016,22,3,2022,3.376,598953,363788
14711,2016,23,3,353,2.954,119502,88330
14712,2016,24,3,1169,2.818,414789,256942
14713,2016,25,3,1917,3.560,538549,277578
14714,2016,26,3,1651,3.250,508006,269062
14715,2016,27,3,1807,2.998,602825,292969
14716,2016,28,3,1338,3.083,433929,213849
14717,2016,29,3,3041,3.348,908249,537671
14718,2016,2A,3,390,2.527,154303,116432
14719,2016,2B,3,567,3.219,176152,129422
14720,2016,30,3,2399,3.233,742006,419029
14721,2016,31,3,6233,4.623,1348183,703754
14722,2016,32,3,530,2.780,190664,109392
14723,2016,33,3,5292,3.378,1566679,843050
14724,2016,34,3,4845,4.278,1132481,707572
14725,2016,35,3,3566,3.390,1051779,538258
14726,2016,36,3,633,2.832,223505,138229
14727,2016,37,3,2152,3.550,606223,318933
14728,2016,38,3,4137,3.302,1252912,639743
14729,2016,39,3,764,2.933,260517,148337
14730,2016,40,3,1403,3.464,405010,252298
14731,2016,41,3,1086,3.264,332769,182821
14732,2016,42,3,2461,3.230,761997,394202
14733,2016,43,3,551,2.424,227339,142111
14734,2016,44,3,4877,3.532,1380852,729714
14735,2016,45,3,3033,4.498,674330,341549
14736,2016,46,3,474,2.734,173347,117328
14737,2016,47,3,1072,3.221,332833,184194
14738,2016,48,3,169,2.211,76422,60395
14739,2016,49,3,2554,3.149,810934,391283
14740,2016,50,3,1444,2.897,498362,295248
14741,2016,51,3,2214,3.878,570883,292095
14742,2016,52,3,703,3.948,178084,100722
14743,2016,53,3,864,2.808,307688,155625
14744,2016,54,3,2675,3.645,733821,373165
14745,2016,55,3,469,2.481,189055,99550
14746,2016,56,3,2664,3.564,747548,459455
14747,2016,57,3,2487,2.379,1045271,510597
14748,2016,58,3,747,3.571,209161,141593
14749,2016,59,3,7840,3.011,2603723,1205062
14750,2016,60,3,2766,3.359,823542,369320
14751,2016,61,3,681,2.387,285308,164640
14752,2016,62,3,3726,2.533,1470725,708207
14753,2016,63,3,2104,3.233,650700,382695
14754,2016,64,3,1737,2.577,673986,400053
14755,2016,65,3,694,3.046,227829,160809
14756,2016,66,3,1448,3.052,474369,346847
14757,2016,67,3,3270,2.916,1121407,546387
14758,2016,68,3,1943,2.547,762743,373686
14759,2016,69,3,9305,5.068,1835903,904462
14760,2016,70,3,711,2.997,237242,126631
14761,2016,71,3,1647,2.967,555023,309191
14762,2016,72,3,2039,3.593,567561,289447
14763,2016,73,3,1221,2.842,429681,341648
14764,2016,74,3,2316,2.890,801416,500698
14765,2016,75,3,21490,9.811,2190327,1374377
14766,2016,76,3,3976,3.166,1255755,634421
14767,2016,77,3,5560,3.978,1397665,604627
14768,2016,78,3,6600,4.610,1431808,629383
14769,2016,79,3,1052,2.807,374743,192620
14770,2016,80,3,1599,2.792,572744,297094
14771,2016,81,3,1103,2.854,386448,209380
14772,2016,82,3,812,3.161,256897,130059
14773,2016,83,3,3990,3.779,1055821,707520
14774,2016,84,3,1847,3.304,559014,298637
14775,2016,85,3,1737,2.590,670597,417192
14776,2016,86,3,1458,3.344,436069,237993
14777,2016,87,3,1137,3.032,374978,219170
14778,2016,88,3,949,2.567,369641,212925
14779,2016,89,3,1720,5.051,340544,195822
14780,2016,90,3,457,3.172,144089,71929
14781,2016,91,3,4698,3.649,1287330,550895
14782,2016,92,3,12028,7.502,1603268,789809
14783,2016,93,3,7531,4.687,1606660,662466
14784,2016,94,3,7201,5.225,1378151,626297
14785,2016,95,3,4698,3.845,1221923,497749
14786,2017,01,3,1912,2.972,643350,313061
14787,2017,02,3,1642,3.072,534490,265548
14788,2017,03,3,1086,3.213,337988,207725
14789,2017,04,3,546,3.331,163915,127940
14790,2017,05,3,405,2.867,141284,135493
14791,2017,06,3,4755,4.389,1083310,766748
14792,2017,07,3,741,2.275,325712,203015
14793,2017,08,3,719,2.628,273579,142452
14794,2017,09,3,547,3.572,153153,109392
14795,2017,10,3,1191,3.842,310020,164453
14796,2017,11,3,1108,2.992,370260,261180
14797,2017,12,3,682,2.443,279206,181053
14798,2017,13,3,8768,4.332,2024162,1021226
14799,2017,14,3,2264,3.262,694002,416115
14800,2017,15,3,447,3.080,145143,101363
14801,2017,16,3,1798,5.103,352335,197059
14802,2017,17,3,1993,3.093,644303,431948
14803,2017,18,3,1051,3.454,304256,178580
14804,2017,19,3,766,3.172,241464,154124
14805,2017,21,3,1878,3.518,533819,287831
14806,2017,22,3,2207,3.686,598814,366683
14807,2017,23,3,324,2.731,118638,88506
14808,2017,24,3,1176,2.843,413606,258732
14809,2017,25,3,1896,3.517,539067,279578
14810,2017,26,3,1742,3.405,511553,272494
14811,2017,27,3,1894,3.147,601843,295109
14812,2017,28,3,1358,3.135,433233,215350
14813,2017,29,3,3019,3.321,909028,542677
14814,2017,2A,3,429,2.728,157249,118848
14815,2017,2B,3,513,2.887,177689,130820
14816,2017,30,3,2466,3.314,744178,423840
14817,2017,31,3,6346,4.657,1362672,715532
14818,2017,32,3,631,3.302,191091,110358
14819,2017,33,3,5706,3.604,1583384,856616
14820,2017,34,3,4818,4.208,1144892,718743
14821,2017,35,3,3549,3.347,1060199,546440
14822,2017,36,3,623,2.803,222232,138634
14823,2017,37,3,2191,3.612,606511,321881
14824,2017,38,3,4406,3.500,1258722,646707
14825,2017,39,3,868,3.336,260188,149350
14826,2017,40,3,1299,3.188,407444,255992
14827,2017,41,3,1029,3.100,331915,183643
14828,2017,42,3,2626,3.442,762941,396655
14829,2017,43,3,615,2.706,227283,142989
14830,2017,44,3,5448,3.906,1394909,740924
14831,2017,45,3,2846,4.197,678105,344708
14832,2017,46,3,548,3.153,173828,118075
14833,2017,47,3,1143,3.434,332842,185343
14834,2017,48,3,189,2.467,76601,60898
14835,2017,49,3,2640,3.245,813493,394578
14836,2017,50,3,1293,2.602,496883,297133
14837,2017,51,3,2151,3.781,568895,294041
14838,2017,52,3,652,3.712,175640,100650
14839,2017,53,3,874,2.843,307445,156662
14840,2017,54,3,2604,3.550,733481,375755
14841,2017,55,3,517,2.762,187187,99736
14842,2017,56,3,2279,3.035,750863,464186
14843,2017,57,3,2555,2.448,1043522,514328
14844,2017,58,3,835,4.030,207182,141642
14845,2017,59,3,8634,3.315,2604361,1214497
14846,2017,60,3,2889,3.504,824503,372778
14847,2017,61,3,820,2.894,283372,164926
14848,2017,62,3,3941,2.685,1468018,713245
14849,2017,63,3,2107,3.223,653742,386425
14850,2017,64,3,1918,2.832,677309,404979
14851,2017,65,3,708,3.098,228530,161703
14852,2017,66,3,1477,3.113,474452,349914
14853,2017,67,3,3248,2.886,1125559,554075
14854,2017,68,3,1858,2.432,764030,376960
14855,2017,69,3,9990,5.420,1843319,914980
14856,2017,70,3,753,3.182,236659,127615
14857,2017,71,3,1761,3.181,553595,310391
14858,2017,72,3,2295,4.051,566506,291039
14859,2017,73,3,1404,3.256,431174,345226
14860,2017,74,3,2476,3.067,807360,508229
14861,2017,75,3,22409,10.244,2187526,1382779
14862,2017,76,3,3902,3.111,1254378,640334
14863,2017,77,3,5569,3.967,1403997,612076
14864,2017,78,3,6609,4.595,1438266,637200
14865,2017,79,3,1001,2.674,374351,193971
14866,2017,80,3,1658,2.896,572443,299211
14867,2017,81,3,1135,2.926,387890,211038
14868,2017,82,3,976,3.778,258349,131300
14869,2017,83,3,4164,3.933,1058740,714503
14870,2017,84,3,1861,3.326,559479,301947
14871,2017,85,3,1816,2.689,675247,421680
14872,2017,86,3,1625,3.720,436876,240200
14873,2017,87,3,1133,3.026,374426,219980
14874,2017,88,3,955,2.597,367673,213629
14875,2017,89,3,1452,4.292,338291,196697
14876,2017,90,3,434,3.043,142622,72211
14877,2017,91,3,4870,3.757,1296130,558684
14878,2017,92,3,10375,6.447,1609306,796181
14879,2017,93,3,7504,4.623,1623111,671680
14880,2017,94,3,7576,5.459,1387926,633207
14881,2017,95,3,5026,4.091,1228618,504100
14882,2018,01,3,2055,3.173,647634,317983
14883,2018,02,3,1809,3.392,533316,266641
14884,2018,03,3,1149,3.408,337171,208375
14885,2018,04,3,595,3.627,164068,129062
14886,2018,05,3,426,3.028,140698,136581
14887,2018,06,3,4549,4.188,1086219,772317
14888,2018,07,3,722,2.211,326606,204906
14889,2018,08,3,824,3.031,271845,143015
14890,2018,09,3,492,3.214,153066,110222
14891,2018,10,3,1318,4.251,310020,165502
14892,2018,11,3,1113,2.985,372806,263889
14893,2018,12,3,838,3.001,279274,182028
14894,2018,13,3,8870,4.360,2034357,1034043
14895,2018,14,3,2251,3.243,694056,419714
14896,2018,15,3,440,3.039,144765,101693
14897,2018,16,3,1691,4.807,351778,198242
14898,2018,17,3,2120,3.277,646932,436869
14899,2018,18,3,1042,3.434,303408,179125
14900,2018,19,3,765,3.180,240583,154657
14901,2018,21,3,2007,3.764,533220,290523
14902,2018,22,3,2231,3.721,599584,369601
14903,2018,23,3,367,3.123,117503,88728
14904,2018,24,3,1237,2.992,413418,260245
14905,2018,25,3,1951,3.603,541454,282056
14906,2018,26,3,1722,3.345,514732,275727
14907,2018,27,3,1911,3.185,599962,297286
14908,2018,28,3,1427,3.303,431997,216684
14909,2018,29,3,3260,3.576,911735,545808
14910,2018,2A,3,500,3.168,157853,120567
14911,2018,2B,3,497,2.750,180701,132077
14912,2018,30,3,2725,3.655,745458,428087
14913,2018,31,3,6572,4.760,1380672,728249
14914,2018,32,3,693,3.623,191283,111171
14915,2018,33,3,6076,3.793,1601845,872327
14916,2018,34,3,4930,4.253,1159220,729653
14917,2018,35,3,3606,3.373,1069228,554254
14918,2018,36,3,657,2.978,220595,138879
14919,2018,37,3,2391,3.934,607760,325172
14920,2018,38,3,4576,3.622,1263563,653289
14921,2018,39,3,862,3.319,259746,150169
14922,2018,40,3,1438,3.504,410355,259512
14923,2018,41,3,1057,3.201,330248,184614
14924,2018,42,3,2637,3.454,763441,399134
14925,2018,43,3,607,2.668,227552,143699
14926,2018,44,3,5279,3.737,1412502,752968
14927,2018,45,3,2867,4.223,678845,347107
14928,2018,46,3,665,3.823,173929,118998
14929,2018,47,3,1464,4.410,331970,186511
14930,2018,48,3,180,2.352,76520,61340
14931,2018,49,3,2654,3.253,815883,397887
14932,2018,50,3,1323,2.667,495983,298631
14933,2018,51,3,2160,3.806,567462,295611
14934,2018,52,3,593,3.407,174069,100617
14935,2018,53,3,890,2.898,307084,157552
14936,2018,54,3,2470,3.368,733469,378055
14937,2018,55,3,495,2.671,185355,99893
14938,2018,56,3,2279,3.019,754867,468872
14939,2018,57,3,2722,2.608,1043524,518772
14940,2018,58,3,775,3.765,205828,141623
14941,2018,59,3,9075,3.482,2606234,1224589
14942,2018,60,3,2706,3.271,827153,376185
14943,2018,61,3,818,2.905,281593,165463
14944,2018,62,3,4110,2.802,1466743,717901
14945,2018,63,3,2208,3.350,659048,389711
14946,2018,64,3,2011,2.958,679810,409790
14947,2018,65,3,765,3.338,229191,162729
14948,2018,66,3,1542,3.237,476357,352742
14949,2018,67,3,3361,2.965,1133552,561562
14950,2018,68,3,2062,2.695,764981,380238
14951,2018,69,3,9486,5.101,1859524,926576
14952,2018,70,3,721,3.055,236018,128333
14953,2018,71,3,1606,2.908,552185,311499
14954,2018,72,3,2372,4.191,565963,292628
14955,2018,73,3,1394,3.214,433724,349226
14956,2018,74,3,2598,3.181,816699,517217
14957,2018,75,3,21700,9.974,2175601,1386846
14958,2018,76,3,3963,3.156,1255883,645786
14959,2018,77,3,5496,3.891,1412516,619784
14960,2018,78,3,6519,4.523,1441398,643946
14961,2018,79,3,1260,3.362,374799,195051
14962,2018,80,3,1744,3.056,570662,301740
14963,2018,81,3,1266,3.258,388596,212905
14964,2018,82,3,1018,3.929,259124,132603
14965,2018,83,3,4247,3.978,1067697,722128
14966,2018,84,3,1942,3.469,559793,305436
14967,2018,85,3,1944,2.859,679991,426426
14968,2018,86,3,1533,3.503,437586,241951
14969,2018,87,3,1249,3.347,373199,220762
14970,2018,88,3,932,2.546,366112,214363
14971,2018,89,3,1407,4.169,337504,197683
14972,2018,90,3,376,2.651,141852,72929
14973,2018,91,3,5185,3.999,1296641,564587
14974,2018,92,3,10488,6.478,1619120,801737
14975,2018,93,3,7092,4.344,1632677,679663
14976,2018,94,3,7249,5.189,1396913,640016
14977,2018,95,3,5221,4.215,1238581,510302
14978,2019,01,3,2327,3.567,652432,321432
14979,2019,02,3,1970,3.708,531345,266922
14980,2019,03,3,1289,3.837,335975,208863
14981,2019,04,3,643,3.913,164308,129690
14982,2019,05,3,477,3.378,141220,137644
14983,2019,06,3,5762,5.266,1094283,778291
14984,2019,07,3,918,2.796,328278,206435
14985,2019,08,3,907,3.352,270582,142983
14986,2019,09,3,543,3.542,153287,110526
14987,2019,10,3,1306,4.210,310242,166101
14988,2019,11,3,1363,3.644,374070,265167
14989,2019,12,3,823,2.944,279595,182769
14990,2019,13,3,10613,5.195,2043110,1044973
14991,2019,14,3,2354,3.388,694905,422082
14992,2019,15,3,493,3.407,144692,101953
14993,2019,16,3,1652,4.693,352015,198920
14994,2019,17,3,2200,3.378,651358,440935
14995,2019,18,3,1025,3.391,302306,179430
14996,2019,19,3,882,3.674,240073,155041
14997,2019,21,3,2094,3.920,534124,292479
14998,2019,22,3,2001,3.332,600582,371643
14999,2019,23,3,388,3.327,116617,88646
15000,2019,24,3,1317,3.187,413223,261104
15001,2019,25,3,2126,3.908,543974,283778
15002,2019,26,3,1936,3.746,516762,277777
15003,2019,27,3,2252,3.756,599507,298148
15004,2019,28,3,1612,3.735,431575,217440
15005,2019,29,3,3478,3.801,915090,549039
15006,2019,2A,3,540,3.407,158507,122005
15007,2019,2B,3,584,3.210,181933,133540
15008,2019,30,3,3122,4.171,748437,431684
15009,2019,31,3,7212,5.151,1400039,740546
15010,2019,32,3,666,3.480,191377,111536
15011,2019,33,3,6984,4.301,1623749,886986
15012,2019,34,3,5875,4.997,1175623,739737
15013,2019,35,3,4117,3.814,1079498,561343
15014,2019,36,3,805,3.671,219316,138826
15015,2019,37,3,2767,4.535,610079,328095
15016,2019,38,3,5320,4.185,1271166,659031
15017,2019,39,3,894,3.449,259199,150475
15018,2019,40,3,1558,3.766,413690,262370
15019,2019,41,3,1121,3.402,329470,185077
15020,2019,42,3,2899,3.786,765634,401112
15021,2019,43,3,671,2.949,227570,143916
15022,2019,44,3,5853,4.095,1429272,764010
15023,2019,45,3,3115,4.578,680434,348977
15024,2019,46,3,652,3.745,174094,119499
15025,2019,47,3,1417,4.277,331271,187058
15026,2019,48,3,223,2.911,76604,61547
15027,2019,49,3,3030,3.703,818273,400508
15028,2019,50,3,1428,2.885,495045,299656
15029,2019,51,3,2427,4.282,566855,297288
15030,2019,52,3,580,3.362,172512,100382
15031,2019,53,3,1097,3.573,307062,158083
15032,2019,54,3,2865,3.905,733760,379680
15033,2019,55,3,614,3.335,184083,99834
15034,2019,56,3,2544,3.349,759684,472749
15035,2019,57,3,3140,3.000,1046543,523268
15036,2019,58,3,863,4.221,204452,141411
15037,2019,59,3,10765,4.127,2608346,1232504
15038,2019,60,3,2944,3.549,829419,378048
15039,2019,61,3,898,3.208,279942,165100
15040,2019,62,3,4470,3.051,1465278,720800
15041,2019,63,3,2569,3.880,662152,392038
15042,2019,64,3,2184,3.199,682621,413357
15043,2019,65,3,917,3.994,229567,163634
15044,2019,66,3,2100,4.375,479979,355661
15045,2019,67,3,3977,3.488,1140057,567991
15046,2019,68,3,2501,3.260,767086,382805
15047,2019,69,3,10754,5.733,1875747,937544
15048,2019,70,3,800,3.400,235313,128450
15049,2019,71,3,1861,3.374,551493,311966
15050,2019,72,3,2871,5.069,566412,293561
15051,2019,73,3,1631,3.737,436434,352254
15052,2019,74,3,3220,3.898,826094,525404
15053,2019,75,3,23502,10.853,2165423,1389375
15054,2019,76,3,4864,3.874,1255633,649681
15055,2019,77,3,6261,4.405,1421197,626435
15056,2019,78,3,7401,5.110,1448207,649383
15057,2019,79,3,1272,3.393,374878,195568
15058,2019,80,3,1834,3.214,570559,303449
15059,2019,81,3,1473,3.778,389844,214423
15060,2019,82,3,1049,4.024,260669,133522
15061,2019,83,3,5026,4.668,1076711,729223
15062,2019,84,3,2339,4.166,561469,308505
15063,2019,85,3,2153,3.141,685442,430815
15064,2019,86,3,1822,4.156,438435,242907
15065,2019,87,3,1316,3.534,372359,221194
15066,2019,88,3,1096,3.007,364499,214287
15067,2019,89,3,1337,3.983,335707,197718
15068,2019,90,3,393,2.781,141318,73180
15069,2019,91,3,5915,4.544,1301659,570417
15070,2019,92,3,11937,7.349,1624357,807711
15071,2019,93,3,8623,5.242,1644903,687238
15072,2019,94,3,8053,5.723,1407124,647289
15073,2019,95,3,6006,4.806,1249674,517063
15074,2020,01,3,2695,4.097,657856,325431
15075,2020,02,3,2063,3.897,529374,267555
15076,2020,03,3,1409,4.198,335628,209251
15077,2020,04,3,731,4.418,165451,130500
15078,2020,05,3,561,3.990,140605,138751
15079,2020,06,3,6151,5.605,1097410,783398
15080,2020,07,3,1181,3.586,329325,207922
15081,2020,08,3,1111,4.119,269701,143402
15082,2020,09,3,645,4.190,153954,110875
15083,2020,10,3,1361,4.370,311435,166928
15084,2020,11,3,1414,3.768,375217,266877
15085,2020,12,3,1019,3.645,279554,183702
15086,2020,13,3,11296,5.515,2048070,1055315
15087,2020,14,3,2637,3.780,697547,426069
15088,2020,15,3,501,3.470,144379,102234
15089,2020,16,3,1738,4.941,351718,199746
15090,2020,17,3,2530,3.858,655709,445578
15091,2020,18,3,1131,3.758,300933,179389
15092,2020,19,3,977,4.085,239190,155575
15093,2020,21,3,2295,4.289,535078,294776
15094,2020,22,3,2262,3.747,603640,373909
15095,2020,23,3,399,3.440,115995,88769
15096,2020,24,3,1628,3.944,412807,262321
15097,2020,25,3,2354,4.318,545209,285770
15098,2020,26,3,2199,4.248,517709,279948
15099,2020,27,3,2483,4.141,599668,299419
15100,2020,28,3,1683,3.901,431443,218433
15101,2020,29,3,3622,3.949,917179,552465
15102,2020,2A,3,624,3.880,160814,123650
15103,2020,2B,3,615,3.363,182887,135125
15104,2020,30,3,3300,4.391,751457,435785
15105,2020,31,3,7763,5.483,1415757,754396
15106,2020,32,3,795,4.145,191819,112134
15107,2020,33,3,7479,4.570,1636391,900198
15108,2020,34,3,5808,4.885,1188973,750002
15109,2020,35,3,4419,4.058,1088855,568308
15110,2020,36,3,822,3.758,218707,138959
15111,2020,37,3,3190,5.211,612119,330454
15112,2020,38,3,6010,4.704,1277513,665362
15113,2020,39,3,1051,4.061,258798,151009
15114,2020,40,3,1706,4.080,418122,265930
15115,2020,41,3,1196,3.631,329357,185591
15116,2020,42,3,3394,4.416,768508,403254
15117,2020,43,3,917,4.031,227489,144442
15118,2020,44,3,6322,4.375,1445171,776207
15119,2020,45,3,3335,4.888,682304,351028
15120,2020,46,3,742,4.248,174670,120123
15121,2020,47,3,1476,4.461,330844,188120
15122,2020,48,3,236,3.080,76633,61734
15123,2020,49,3,3057,3.725,820713,403157
15124,2020,50,3,1483,2.995,495093,301071
15125,2020,51,3,2519,4.445,566659,299421
15126,2020,52,3,602,3.504,171798,100520
15127,2020,53,3,1289,4.205,306538,158874
15128,2020,54,3,3047,4.159,732590,381849
15129,2020,55,3,797,4.355,183001,100007
15130,2020,56,3,2558,3.347,764161,476941
15131,2020,57,3,3323,3.167,1049155,527832
15132,2020,58,3,951,4.692,202670,141219
15133,2020,59,3,10569,4.053,2607746,1241241
15134,2020,60,3,3223,3.885,829699,380003
15135,2020,61,3,1044,3.749,278475,164988
15136,2020,62,3,4779,3.268,1462167,724156
15137,2020,63,3,2919,4.410,661852,394760
15138,2020,64,3,2494,3.629,687240,417293
15139,2020,65,3,877,3.817,229788,164545
15140,2020,66,3,2385,4.940,482765,359151
15141,2020,67,3,4657,4.056,1148073,575001
15142,2020,68,3,2596,3.381,767842,386082
15143,2020,69,3,11486,6.098,1883437,949531
15144,2020,70,3,992,4.228,234601,128855
15145,2020,71,3,2048,3.716,551063,312880
15146,2020,72,3,2730,4.815,566993,294778
15147,2020,73,3,1948,4.430,439750,355575
15148,2020,74,3,3613,4.326,835206,533337
15149,2020,75,3,21058,9.813,2145906,1393800
15150,2020,76,3,5567,4.437,1254739,653680
15151,2020,77,3,6443,4.510,1428636,634163
15152,2020,78,3,7428,5.124,1449723,654741
15153,2020,79,3,1456,3.888,374481,196421
15154,2020,80,3,1740,3.059,568748,305380
15155,2020,81,3,1678,4.291,391066,215987
15156,2020,82,3,1226,4.674,262316,134694
15157,2020,83,3,5566,5.129,1085189,735547
15158,2020,84,3,2469,4.394,561941,311098
15159,2020,85,3,2538,3.664,692705,435953
15160,2020,86,3,2042,4.648,439332,243821
15161,2020,87,3,1547,4.157,372123,221779
15162,2020,88,3,1330,3.670,362397,214812
15163,2020,89,3,1576,4.716,334156,197870
15164,2020,90,3,406,2.898,140120,73384
15165,2020,91,3,5782,4.427,1306118,577712
15166,2020,92,3,11191,6.882,1626213,815765
15167,2020,93,3,8132,4.912,1655422,696152
15168,2020,94,3,7614,5.408,1407972,654340
15169,2020,95,3,5803,4.636,1251804,523106
15170,2021,01,3,3274,4.937,663202,329783
15171,2021,02,3,2185,4.142,527468,268381
15172,2021,03,3,1758,5.250,334872,209666
15173,2021,04,3,843,5.076,166077,131551
15174,2021,05,3,736,5.221,140976,139877
15175,2021,06,3,6809,6.168,1103941,788916
15176,2021,07,3,1406,4.242,331415,209963
15177,2021,08,3,1186,4.411,268859,143973
15178,2021,09,3,747,4.832,154596,111352
15179,2021,10,3,1642,5.274,311329,167657
15180,2021,11,3,1777,4.726,376028,268987
15181,2021,12,3,1126,4.026,279649,184954
15182,2021,13,3,13474,6.550,2056943,1066675
15183,2021,14,3,3002,4.285,700633,429997
15184,2021,15,3,609,4.223,144226,102634
15185,2021,16,3,1893,5.395,350867,200757
15186,2021,17,3,2732,4.131,661404,451118
15187,2021,18,3,1275,4.256,299573,179274
15188,2021,19,3,1210,5.046,239784,156356
15189,2021,21,3,2668,4.982,535503,297329
15190,2021,22,3,2484,4.100,605917,376517
15191,2021,23,3,552,4.771,115702,89016
15192,2021,24,3,1863,4.503,413730,264136
15193,2021,25,3,2567,4.692,547096,288184
15194,2021,26,3,2543,4.895,519458,282419
15195,2021,27,3,2688,4.488,598934,300922
15196,2021,28,3,1916,4.443,431277,219670
15197,2021,29,3,4107,4.456,921638,556255
15198,2021,2A,3,716,4.394,162942,124954
15199,2021,2B,3,739,4.002,184655,136722
15200,2021,30,3,3748,4.954,756543,441086
15201,2021,31,3,9383,6.542,1434367,769604
15202,2021,32,3,936,4.864,192437,112806
15203,2021,33,3,9164,5.537,1654970,913452
15204,2021,34,3,6974,5.803,1201883,760879
15205,2021,35,3,4826,4.394,1098325,575321
15206,2021,36,3,989,4.553,217228,139055
15207,2021,37,3,3852,6.292,612160,333159
15208,2021,38,3,7171,5.581,1284948,673024
15209,2021,39,3,1114,4.309,258555,151865
15210,2021,40,3,2243,5.303,422976,270194
15211,2021,41,3,1438,4.377,328504,186408
15212,2021,42,3,3912,5.087,769029,405452
15213,2021,43,3,1131,4.976,227284,145236
15214,2021,44,3,7605,5.217,1457806,787187
15215,2021,45,3,3700,5.405,684561,353544
15216,2021,46,3,904,5.167,174942,120797
15217,2021,47,3,1604,4.843,331229,189189
15218,2021,48,3,286,3.738,76519,62006
15219,2021,49,3,3655,4.432,824743,406488
15220,2021,50,3,1889,3.812,495508,302441
15221,2021,51,3,2930,5.183,565292,300919
15222,2021,52,3,667,3.900,171042,100716
15223,2021,53,3,1277,4.174,305933,159714
15224,2021,54,3,3639,4.968,732486,384639
15225,2021,55,3,815,4.480,181919,100190
15226,2021,56,3,3406,4.431,768687,481682
15227,2021,57,3,4056,3.863,1049942,531542
15228,2021,58,3,1052,5.197,202417,141381
15229,2021,59,3,11908,4.560,2611293,1251657
15230,2021,60,3,3729,4.499,828838,382118
15231,2021,61,3,1232,4.448,276973,165115
15232,2021,62,3,5355,3.664,1461441,727951
15233,2021,63,3,3370,5.088,662285,397923
15234,2021,64,3,2885,4.163,693027,421756
15235,2021,65,3,1109,4.802,230956,165621
15236,2021,66,3,2735,5.612,487307,362350
15237,2021,67,3,5422,4.704,1152662,581630
15238,2021,68,3,3185,4.152,767083,389445
15239,2021,69,3,13407,7.080,1893692,964037
15240,2021,70,3,1083,4.622,234296,129449
15241,2021,71,3,2495,4.542,549288,314053
15242,2021,72,3,3108,5.491,566058,296419
15243,2021,73,3,2091,4.726,442468,358886
15244,2021,74,3,4484,5.329,841482,540705
15245,2021,75,3,25935,12.158,2133111,1396753
15246,2021,76,3,5484,4.367,1255918,657851
15247,2021,77,3,7731,5.376,1438100,641376
15248,2021,78,3,8402,5.769,1456365,661312
15249,2021,79,3,1457,3.890,374587,197430
15250,2021,80,3,2157,3.809,566252,307149
15251,2021,81,3,1802,4.579,393572,218036
15252,2021,82,3,1179,4.476,263377,135891
15253,2021,83,3,6622,6.046,1095337,743682
15254,2021,84,3,2840,5.030,564566,314424
15255,2021,85,3,3150,4.503,699459,441153
15256,2021,86,3,2198,5.002,439385,245247
15257,2021,87,3,1814,4.880,371691,222826
15258,2021,88,3,1422,3.943,360673,215468
15259,2021,89,3,1816,5.447,333385,198598
15260,2021,90,3,449,3.215,139654,73620
15261,2021,91,3,6437,4.900,1313768,587710
15262,2021,92,3,13703,8.380,1635291,824372
15263,2021,93,3,9210,5.519,1668670,705282
15264,2021,94,3,8808,6.223,1415367,662168
15265,2021,95,3,6730,5.356,1256607,529926
15266,2022,01,3,3583,5.337,671289,329783
15267,2022,02,3,2494,4.745,525558,268381
15268,2022,03,3,1897,5.668,334715,209666
15269,2022,04,3,1175,7.028,167179,131551
15270,2022,05,3,768,5.421,141677,139877
15271,2022,06,3,7043,6.319,1114579,788916
15272,2022,07,3,1487,4.462,333229,209963
15273,2022,08,3,1234,4.618,267204,143973
15274,2022,09,3,788,5.073,155339,111352
15275,2022,10,3,1618,5.201,311076,167657
15276,2022,11,3,1914,5.067,377773,268987
15277,2022,12,3,1225,4.379,279736,184954
15278,2022,13,3,14507,7.009,2069811,1066675
15279,2022,14,3,3452,4.899,704605,429997
15280,2022,15,3,718,4.972,144399,102634
15281,2022,16,3,2034,5.785,351603,200757
15282,2022,17,3,3267,4.890,668160,451118
15283,2022,18,3,1403,4.685,299496,179274
15284,2022,19,3,1221,5.085,240120,156356
15285,2022,21,3,2595,4.827,537577,297329
15286,2022,22,3,2848,4.672,609598,376517
15287,2022,23,3,550,4.761,115529,89016
15288,2022,24,3,2153,5.171,416325,264136
15289,2022,25,3,2895,5.276,548662,288184
15290,2022,26,3,2724,5.224,521432,282419
15291,2022,27,3,2906,4.833,601305,300922
15292,2022,28,3,1979,4.571,432950,219670
15293,2022,29,3,4491,4.840,927912,556255
15294,2022,2A,3,735,4.427,166045,124954
15295,2022,2B,3,860,4.643,185231,136722
15296,2022,30,3,4089,5.352,764010,441086
15297,2022,31,3,10357,7.112,1456261,769604
15298,2022,32,3,1036,5.378,192649,112806
15299,2022,33,3,10529,6.286,1674980,913452
15300,2022,34,3,7466,6.133,1217331,760879
15301,2022,35,3,5891,5.311,1109232,575321
15302,2022,36,3,1044,4.815,216809,139055
15303,2022,37,3,3871,6.281,616326,333159
15304,2022,38,3,7498,5.806,1291380,673024
15305,2022,39,3,1260,4.876,258405,151865
15306,2022,40,3,2398,5.597,428427,270194
15307,2022,41,3,1502,4.566,328953,186408
15308,2022,42,3,4262,5.520,772041,405452
15309,2022,43,3,1266,5.549,228161,145236
15310,2022,44,3,8097,5.496,1473156,787187
15311,2022,45,3,4250,6.186,687063,353544
15312,2022,46,3,1030,5.865,175620,120797
15313,2022,47,3,1746,5.255,332226,189189
15314,2022,48,3,290,3.791,76503,62006
15315,2022,49,3,4037,4.875,828151,406488
15316,2022,50,3,2120,4.267,496815,302441
15317,2022,51,3,3063,5.430,564107,300919
15318,2022,52,3,748,4.403,169865,100716
15319,2022,53,3,1411,4.620,305437,159714
15320,2022,54,3,4008,5.469,732898,384639
15321,2022,55,3,829,4.587,180745,100190
15322,2022,56,3,3884,5.004,776103,481682
15323,2022,57,3,4395,4.183,1050721,531542
15324,2022,58,3,1055,5.215,202299,141381
15325,2022,59,3,13155,5.027,2616909,1251657
15326,2022,60,3,4076,4.907,830725,382118
15327,2022,61,3,1363,4.936,276144,165115
15328,2022,62,3,6201,4.247,1460184,727951
15329,2022,63,3,3408,5.130,664385,397923
15330,2022,64,3,3608,5.158,699473,421756
15331,2022,65,3,1241,5.362,231453,165621
15332,2022,66,3,3158,6.406,492964,362350
15333,2022,67,3,5619,4.857,1156963,581630
15334,2022,68,3,3122,4.066,767800,389445
15335,2022,69,3,13089,6.860,1907982,964037
15336,2022,70,3,1200,5.130,233920,129449
15337,2022,71,3,2659,4.842,549136,314053
15338,2022,72,3,3167,5.594,566129,296419
15339,2022,73,3,2191,4.920,445288,358886
15340,2022,74,3,4981,5.863,849583,540705
15341,2022,75,3,26583,12.576,2113705,1396753
15342,2022,76,3,6502,5.159,1260205,657851
15343,2022,77,3,7839,5.397,1452399,641376
15344,2022,78,3,9854,6.700,1470778,661312
15345,2022,79,3,1496,3.985,375415,197430
15346,2022,80,3,2574,4.551,565540,307149
15347,2022,81,3,1971,4.975,396168,218036
15348,2022,82,3,1392,5.254,264924,135891
15349,2022,83,3,7487,6.755,1108364,743682
15350,2022,84,3,3156,5.549,568702,314424
15351,2022,85,3,3316,4.695,706343,441153
15352,2022,86,3,2352,5.361,438688,245247
15353,2022,87,3,2049,5.502,372438,222826
15354,2022,88,3,1614,4.500,358700,215468
15355,2022,89,3,1854,5.553,333896,198598
15356,2022,90,3,532,3.798,140082,73620
15357,2022,91,3,7575,5.719,1324546,587710
15358,2022,92,3,14104,8.561,1647435,824372
15359,2022,93,3,9990,5.940,1681725,705282
15360,2022,94,3,9714,6.843,1419531,662168
15361,2022,95,3,7138,5.617,1270845,529926
15362,2023,01,3,3813,5.680,671289,329783
15363,2023,02,3,2572,4.894,525558,268381
15364,2023,03,3,1906,5.694,334715,209666
15365,2023,04,3,1048,6.269,167179,131551
15366,2023,05,3,796,5.618,141677,139877
15367,2023,06,3,7745,6.949,1114579,788916
15368,2023,07,3,1678,5.036,333229,209963
15369,2023,08,3,1243,4.652,267204,143973
15370,2023,09,3,793,5.105,155339,111352
15371,2023,10,3,1746,5.613,311076,167657
15372,2023,11,3,2091,5.535,377773,268987
15373,2023,12,3,1411,5.044,279736,184954
15374,2023,13,3,14705,7.105,2069811,1066675
15375,2023,14,3,3666,5.203,704605,429997
15376,2023,15,3,712,4.931,144399,102634
15377,2023,16,3,2215,6.300,351603,200757
15378,2023,17,3,3706,5.547,668160,451118
15379,2023,18,3,1611,5.379,299496,179274
15380,2023,19,3,1424,5.930,240120,156356
15381,2023,21,3,3092,5.752,537577,297329
15382,2023,22,3,3151,5.169,609598,376517
15383,2023,23,3,538,4.657,115529,89016
15384,2023,24,3,2006,4.818,416325,264136
15385,2023,25,3,2906,5.297,548662,288184
15386,2023,26,3,2944,5.646,521432,282419
15387,2023,27,3,3190,5.305,601305,300922
15388,2023,28,3,2141,4.945,432950,219670
15389,2023,29,3,5101,5.497,927912,556255
15390,2023,2A,3,743,4.475,166045,124954
15391,2023,2B,3,906,4.891,185231,136722
15392,2023,30,3,4530,5.929,764010,441086
15393,2023,31,3,10734,7.371,1456261,769604
15394,2023,32,3,1044,5.419,192649,112806
15395,2023,33,3,11346,6.774,1674980,913452
15396,2023,34,3,7977,6.553,1217331,760879
15397,2023,35,3,6604,5.954,1109232,575321
15398,2023,36,3,1333,6.148,216809,139055
15399,2023,37,3,4114,6.675,616326,333159
15400,2023,38,3,7880,6.102,1291380,673024
15401,2023,39,3,1292,5.000,258405,151865
15402,2023,40,3,2485,5.800,428427,270194
15403,2023,41,3,1815,5.518,328953,186408
15404,2023,42,3,4285,5.550,772041,405452
15405,2023,43,3,1251,5.483,228161,145236
15406,2023,44,3,8318,5.646,1473156,787187
15407,2023,45,3,4277,6.225,687063,353544
15408,2023,46,3,1104,6.286,175620,120797
15409,2023,47,3,1968,5.924,332226,189189
15410,2023,48,3,342,4.470,76503,62006
15411,2023,49,3,4179,5.046,828151,406488
15412,2023,50,3,2262,4.553,496815,302441
15413,2023,51,3,3412,6.048,564107,300919
15414,2023,52,3,763,4.492,169865,100716
15415,2023,53,3,1553,5.085,305437,159714
15416,2023,54,3,4235,5.778,732898,384639
15417,2023,55,3,872,4.824,180745,100190
15418,2023,56,3,4557,5.872,776103,481682
15419,2023,57,3,4457,4.242,1050721,531542
15420,2023,58,3,1153,5.699,202299,141381
15421,2023,59,3,14183,5.420,2616909,1251657
15422,2023,60,3,4585,5.519,830725,382118
15423,2023,61,3,1358,4.918,276144,165115
15424,2023,62,3,6943,4.755,1460184,727951
15425,2023,63,3,3437,5.173,664385,397923
15426,2023,64,3,4054,5.796,699473,421756
15427,2023,65,3,1181,5.103,231453,165621
15428,2023,66,3,3278,6.650,492964,362350
15429,2023,67,3,5933,5.128,1156963,581630
15430,2023,68,3,3515,4.578,767800,389445
15431,2023,69,3,13806,7.236,1907982,964037
15432,2023,70,3,1239,5.297,233920,129449
15433,2023,71,3,2858,5.205,549136,314053
15434,2023,72,3,3207,5.665,566129,296419
15435,2023,73,3,2286,5.134,445288,358886
15436,2023,74,3,5191,6.110,849583,540705
15437,2023,75,3,25681,12.150,2113705,1396753
15438,2023,76,3,7001,5.555,1260205,657851
15439,2023,77,3,8685,5.980,1452399,641376
15440,2023,78,3,9735,6.619,1470778,661312
15441,2023,79,3,1643,4.376,375415,197430
15442,2023,80,3,2886,5.103,565540,307149
15443,2023,81,3,1926,4.862,396168,218036
15444,2023,82,3,1426,5.383,264924,135891
15445,2023,83,3,7695,6.943,1108364,743682
15446,2023,84,3,3279,5.766,568702,314424
15447,2023,85,3,3344,4.734,706343,441153
15448,2023,86,3,2428,5.535,438688,245247
15449,2023,87,3,2093,5.620,372438,222826
15450,2023,88,3,1859,5.183,358700,215468
15451,2023,89,3,1838,5.505,333896,198598
15452,2023,90,3,660,4.712,140082,73620
15453,2023,91,3,8650,6.531,1324546,587710
15454,2023,92,3,14347,8.709,1647435,824372
15455,2023,93,3,10982,6.530,1681725,705282
15456,2023,94,3,10152,7.152,1419531,662168
15457,2023,95,3,7621,5.997,1270845,529926
15458,2024,01,3,4012,5.977,671289,329783
15459,2024,02,3,3305,6.289,525558,268381
15460,2024,03,3,2062,6.160,334715,209666
15461,2024,04,3,1077,6.442,167179,131551
15462,2024,05,3,903,6.374,141677,139877
15463,2024,06,3,7944,7.127,1114579,788916
15464,2024,07,3,1705,5.117,333229,209963
15465,2024,08,3,1194,4.468,267204,143973
15466,2024,09,3,823,5.298,155339,111352
15467,2024,10,3,1865,5.995,311076,167657
15468,2024,11,3,2101,5.562,377773,268987
15469,2024,12,3,1405,5.023,279736,184954
15470,2024,13,3,15053,7.273,2069811,1066675
15471,2024,14,3,3856,5.473,704605,429997
15472,2024,15,3,704,4.875,144399,102634
15473,2024,16,3,2260,6.428,351603,200757
15474,2024,17,3,3823,5.722,668160,451118
15475,2024,18,3,1643,5.486,299496,179274
15476,2024,19,3,1313,5.468,240120,156356
15477,2024,21,3,3017,5.612,537577,297329
15478,2024,22,3,3117,5.113,609598,376517
15479,2024,23,3,551,4.769,115529,89016
15480,2024,24,3,2196,5.275,416325,264136
15481,2024,25,3,2858,5.209,548662,288184
15482,2024,26,3,3005,5.763,521432,282419
15483,2024,27,3,3510,5.837,601305,300922
15484,2024,28,3,2060,4.758,432950,219670
15485,2024,29,3,4995,5.383,927912,556255
15486,2024,2A,3,721,4.342,166045,124954
15487,2024,2B,3,936,5.053,185231,136722
15488,2024,30,3,4741,6.205,764010,441086
15489,2024,31,3,10415,7.152,1456261,769604
15490,2024,32,3,1095,5.684,192649,112806
15491,2024,33,3,11384,6.796,1674980,913452
15492,2024,34,3,8662,7.116,1217331,760879
15493,2024,35,3,6235,5.621,1109232,575321
15494,2024,36,3,1189,5.484,216809,139055
15495,2024,37,3,4182,6.785,616326,333159
15496,2024,38,3,8511,6.591,1291380,673024
15497,2024,39,3,1371,5.306,258405,151865
15498,2024,40,3,2703,6.309,428427,270194
15499,2024,41,3,1633,4.964,328953,186408
15500,2024,42,3,4401,5.700,772041,405452
15501,2024,43,3,1277,5.597,228161,145236
15502,2024,44,3,8626,5.855,1473156,787187
15503,2024,45,3,4229,6.155,687063,353544
15504,2024,46,3,1022,5.819,175620,120797
15505,2024,47,3,1992,5.996,332226,189189
15506,2024,48,3,310,4.052,76503,62006
15507,2024,49,3,4306,5.200,828151,406488
15508,2024,50,3,2367,4.764,496815,302441
15509,2024,51,3,3311,5.869,564107,300919
15510,2024,52,3,751,4.421,169865,100716
15511,2024,53,3,1582,5.179,305437,159714
15512,2024,54,3,3915,5.342,732898,384639
15513,2024,55,3,834,4.614,180745,100190
15514,2024,56,3,4508,5.809,776103,481682
15515,2024,57,3,4712,4.485,1050721,531542
15516,2024,58,3,1160,5.734,202299,141381
15517,2024,59,3,14373,5.492,2616909,1251657
15518,2024,60,3,4852,5.841,830725,382118
15519,2024,61,3,1342,4.860,276144,165115
15520,2024,62,3,7082,4.850,1460184,727951
15521,2024,63,3,3721,5.601,664385,397923
15522,2024,64,3,4101,5.863,699473,421756
15523,2024,65,3,1314,5.677,231453,165621
15524,2024,66,3,3649,7.402,492964,362350
15525,2024,67,3,6185,5.346,1156963,581630
15526,2024,68,3,3647,4.750,767800,389445
15527,2024,69,3,15140,7.935,1907982,964037
15528,2024,70,3,1306,5.583,233920,129449
15529,2024,71,3,2711,4.937,549136,314053
15530,2024,72,3,3208,5.667,566129,296419
15531,2024,73,3,2606,5.852,445288,358886
15532,2024,74,3,5356,6.304,849583,540705
15533,2024,75,3,24278,11.486,2113705,1396753
15534,2024,76,3,7356,5.837,1260205,657851
15535,2024,77,3,8772,6.040,1452399,641376
15536,2024,78,3,9782,6.651,1470778,661312
15537,2024,79,3,1536,4.091,375415,197430
15538,2024,80,3,3047,5.388,565540,307149
15539,2024,81,3,2151,5.430,396168,218036
15540,2024,82,3,1494,5.639,264924,135891
15541,2024,83,3,7871,7.101,1108364,743682
15542,2024,84,3,3583,6.300,568702,314424
15543,2024,85,3,3610,5.111,706343,441153
15544,2024,86,3,2368,5.398,438688,245247
15545,2024,87,3,2037,5.469,372438,222826
15546,2024,88,3,1711,4.770,358700,215468
15547,2024,89,3,1850,5.541,333896,198598
15548,2024,90,3,715,5.104,140082,73620
15549,2024,91,3,8282,6.253,1324546,587710
15550,2024,92,3,13501,8.195,1647435,824372
15551,2024,93,3,9956,5.920,1681725,705282
15552,2024,94,3,9842,6.933,1419531,662168
15553,2024,95,3,7929,6.239,1270845,529926
