annee,id_indicateur,indicateur,code_departement,nom_departement,nombre_faits,taux_pour_mille,classement
2016,1,"Cambriolages de logement",31,Haute-Garonne,10150,14.423,1
2016,1,"Cambriolages de logement",93,Seine-Saint-Denis,7719,11.652,2
2016,1,"Cambriolages de logement",69,Rhône,10234,11.315,3
2016,1,"Cambriolages de logement",38,Isère,7224,11.292,4
2016,1,"Cambriolages de logement",13,Bouches-du-Rhône,11275,11.168,5
2016,1,"Cambriolages de logement",82,Tarn-et-Garonne,1420,10.918,6
2016,1,"Cambriolages de logement",47,Lot-et-Garonne,1938,10.521,7
2016,1,"Cambriolages de logement",91,Essonne,5496,9.976,8
2016,1,"Cambriolages de logement",95,Val-d'Oise,4915,9.874,9
2016,1,"Cambriolages de logement",77,Seine-et-Marne,5854,9.682,10
2016,1,"Cambriolages de logement",94,Val-de-Marne,6021,9.614,11
2016,1,"Cambriolages de logement",59,Nord,11175,9.273,12
2016,1,"Cambriolages de logement",26,Drôme,2382,8.853,13
2016,1,"Cambriolages de logement",34,Hérault,6076,8.587,14
2016,1,"Cambriolages de logement",45,Loiret,2930,8.579,15
2016,1,"Cambriolages de logement",84,Vaucluse,2549,8.535,16
2016,1,"Cambriolages de logement",30,Gard,3546,8.462,17
2016,1,"Cambriolages de logement",42,Loire,3213,8.151,18
2016,1,"Cambriolages de logement",44,Loire-Atlantique,5922,8.116,19
2016,1,"Cambriolages de logement",33,Gironde,6633,7.868,20
2016,1,"Cambriolages de logement",81,Tarn,1644,7.852,21
2016,1,"Cambriolages de logement",11,Aude,2027,7.843,22
2016,1,"Cambriolages de logement",06,Alpes-Maritimes,5900,7.744,23
2016,1,"Cambriolages de logement",78,Yvelines,4804,7.633,24
2016,1,"Cambriolages de logement",10,Aube,1241,7.611,25
2016,1,"Cambriolages de logement",01,Ain,2345,7.602,26
2016,1,"Cambriolages de logement",63,Puy-de-Dôme,2869,7.497,27
2016,1,"Cambriolages de logement",32,Gers,790,7.222,28
2016,1,"Cambriolages de logement",83,Var,5011,7.082,29
2016,1,"Cambriolages de logement",74,Haute-Savoie,3485,6.960,30
2016,1,"Cambriolages de logement",75,Paris,9443,6.871,31
2016,1,"Cambriolages de logement",60,Oise,2528,6.845,32
2016,1,"Cambriolages de logement",51,Marne,1969,6.741,33
2016,1,"Cambriolages de logement",92,Hauts-de-Seine,5295,6.704,34
2016,1,"Cambriolages de logement",62,Pas-de-Calais,4558,6.436,35
2016,1,"Cambriolages de logement",57,Moselle,3254,6.373,36
2016,1,"Cambriolages de logement",18,Cher,1129,6.347,37
2016,1,"Cambriolages de logement",41,Loir-et-Cher,1139,6.230,38
2016,1,"Cambriolages de logement",76,Seine-Maritime,3949,6.225,39
2016,1,"Cambriolages de logement",27,Eure,1803,6.154,40
2016,1,"Cambriolages de logement",25,Doubs,1675,6.034,41
2016,1,"Cambriolages de logement",55,Meuse,599,6.017,42
2016,1,"Cambriolages de logement",02,Aisne,1572,5.950,43
2016,1,"Cambriolages de logement",17,Charente-Maritime,2363,5.525,44
2016,1,"Cambriolages de logement",66,Pyrénées-Orientales,1907,5.498,45
2016,1,"Cambriolages de logement",89,Yonne,1065,5.439,46
2016,1,"Cambriolages de logement",54,Meurthe-et-Moselle,1999,5.357,47
2016,1,"Cambriolages de logement",28,Eure-et-Loir,1144,5.350,48
2016,1,"Cambriolages de logement",16,Charente,1046,5.333,49
2016,1,"Cambriolages de logement",52,Haute-Marne,530,5.262,50
2016,1,"Cambriolages de logement",88,Vosges,1106,5.194,51
2016,1,"Cambriolages de logement",68,Haut-Rhin,1910,5.111,52
2016,1,"Cambriolages de logement",21,Côte-d'Or,1454,5.096,53
2016,1,"Cambriolages de logement",09,Ariège,546,5.028,54
2016,1,"Cambriolages de logement",71,Saône-et-Loire,1551,5.016,55
2016,1,"Cambriolages de logement",03,Allier,1036,5.005,56
2016,1,"Cambriolages de logement",90,"Territoire de Belfort",355,4.935,57
2016,1,"Cambriolages de logement",46,Lot,576,4.909,58
2016,1,"Cambriolages de logement",87,Haute-Vienne,1049,4.786,59
2016,1,"Cambriolages de logement",04,Alpes-de-Haute-Provence,606,4.781,60
2016,1,"Cambriolages de logement",49,Maine-et-Loire,1866,4.769,61
2016,1,"Cambriolages de logement",72,Sarthe,1374,4.747,62
2016,1,"Cambriolages de logement",80,Somme,1409,4.743,63
2016,1,"Cambriolages de logement",70,Haute-Saône,597,4.714,64
2016,1,"Cambriolages de logement",07,Ardèche,937,4.656,65
2016,1,"Cambriolages de logement",65,Hautes-Pyrénées,737,4.583,66
2016,1,"Cambriolages de logement",73,Savoie,1549,4.534,67
2016,1,"Cambriolages de logement",37,Indre-et-Loire,1438,4.509,68
2016,1,"Cambriolages de logement",08,Ardennes,628,4.422,69
2016,1,"Cambriolages de logement",58,Nièvre,624,4.407,70
2016,1,"Cambriolages de logement",24,Dordogne,1129,4.394,71
2016,1,"Cambriolages de logement",64,Pyrénées-Atlantiques,1744,4.359,72
2016,1,"Cambriolages de logement",86,Vienne,1034,4.345,73
2016,1,"Cambriolages de logement",56,Morbihan,1987,4.325,74
2016,1,"Cambriolages de logement",79,Deux-Sèvres,807,4.190,75
2016,1,"Cambriolages de logement",40,Landes,1015,4.023,76
2016,1,"Cambriolages de logement",67,Bas-Rhin,2194,4.015,77
2016,1,"Cambriolages de logement",36,Indre,547,3.957,78
2016,1,"Cambriolages de logement",43,Haute-Loire,539,3.793,79
2016,1,"Cambriolages de logement",61,Orne,609,3.699,80
2016,1,"Cambriolages de logement",39,Jura,537,3.620,81
2016,1,"Cambriolages de logement",22,Côtes-d'Armor,1301,3.576,82
2016,1,"Cambriolages de logement",29,Finistère,1891,3.517,83
2016,1,"Cambriolages de logement",19,Corrèze,504,3.286,84
2016,1,"Cambriolages de logement",35,Ille-et-Vilaine,1729,3.212,85
2016,1,"Cambriolages de logement",14,Calvados,1318,3.199,86
2016,1,"Cambriolages de logement",2A,Corse-du-Sud,371,3.186,87
2016,1,"Cambriolages de logement",53,Mayenne,485,3.116,88
2016,1,"Cambriolages de logement",85,Vendée,1276,3.059,89
2016,1,"Cambriolages de logement",12,Aveyron,533,2.963,90
2016,1,"Cambriolages de logement",23,Creuse,256,2.898,91
2016,1,"Cambriolages de logement",05,Hautes-Alpes,354,2.629,92
2016,1,"Cambriolages de logement",2B,Haute-Corse,276,2.133,93
2016,1,"Cambriolages de logement",50,Manche,604,2.046,94
2016,1,"Cambriolages de logement",48,Lozère,120,1.987,95
2016,1,"Cambriolages de logement",15,Cantal,195,1.929,96
2016,2,"Destructions et dégradations volontaires",13,Bouches-du-Rhône,28150,13.938,1
2016,2,"Destructions et dégradations volontaires",62,Pas-de-Calais,18429,12.531,2
2016,2,"Destructions et dégradations volontaires",59,Nord,32409,12.447,3
2016,2,"Destructions et dégradations volontaires",06,Alpes-Maritimes,13304,12.276,4
2016,2,"Destructions et dégradations volontaires",75,Paris,26883,12.274,5
2016,2,"Destructions et dégradations volontaires",66,Pyrénées-Orientales,5715,12.048,6
2016,2,"Destructions et dégradations volontaires",93,Seine-Saint-Denis,18662,11.615,7
2016,2,"Destructions et dégradations volontaires",80,Somme,6554,11.443,8
2016,2,"Destructions et dégradations volontaires",11,Aude,4122,11.200,9
2016,2,"Destructions et dégradations volontaires",34,Hérault,12536,11.070,10
2016,2,"Destructions et dégradations volontaires",83,Var,11465,10.859,11
2016,2,"Destructions et dégradations volontaires",60,Oise,8791,10.675,12
2016,2,"Destructions et dégradations volontaires",42,Loire,8127,10.665,13
2016,2,"Destructions et dégradations volontaires",95,Val-d'Oise,13012,10.649,14
2016,2,"Destructions et dégradations volontaires",2A,Corse-du-Sud,1643,10.648,15
2016,2,"Destructions et dégradations volontaires",51,Marne,6066,10.626,16
2016,2,"Destructions et dégradations volontaires",26,Drôme,5268,10.370,17
2016,2,"Destructions et dégradations volontaires",33,Gironde,16194,10.337,18
2016,2,"Destructions et dégradations volontaires",69,Rhône,18847,10.266,19
2016,2,"Destructions et dégradations volontaires",2B,Haute-Corse,1794,10.184,20
2016,2,"Destructions et dégradations volontaires",63,Puy-de-Dôme,6613,10.163,21
2016,2,"Destructions et dégradations volontaires",91,Essonne,13068,10.151,22
2016,2,"Destructions et dégradations volontaires",94,Val-de-Marne,13976,10.141,23
2016,2,"Destructions et dégradations volontaires",84,Vaucluse,5529,9.891,24
2016,2,"Destructions et dégradations volontaires",10,Aube,3039,9.838,25
2016,2,"Destructions et dégradations volontaires",17,Charente-Maritime,6315,9.834,26
2016,2,"Destructions et dégradations volontaires",44,Loire-Atlantique,13425,9.722,27
2016,2,"Destructions et dégradations volontaires",90,"Territoire de Belfort",1387,9.626,28
2016,2,"Destructions et dégradations volontaires",92,Hauts-de-Seine,15430,9.624,29
2016,2,"Destructions et dégradations volontaires",77,Seine-et-Marne,13320,9.530,30
2016,2,"Destructions et dégradations volontaires",30,Gard,7054,9.507,31
2016,2,"Destructions et dégradations volontaires",54,Meurthe-et-Moselle,6964,9.490,32
2016,2,"Destructions et dégradations volontaires",18,Cher,2909,9.472,33
2016,2,"Destructions et dégradations volontaires",02,Aisne,5075,9.466,34
2016,2,"Destructions et dégradations volontaires",08,Ardennes,2603,9.453,35
2016,2,"Destructions et dégradations volontaires",25,Doubs,4981,9.249,36
2016,2,"Destructions et dégradations volontaires",05,Hautes-Alpes,1298,9.199,37
2016,2,"Destructions et dégradations volontaires",76,Seine-Maritime,11520,9.174,38
2016,2,"Destructions et dégradations volontaires",29,Finistère,8213,9.043,39
2016,2,"Destructions et dégradations volontaires",09,Ariège,1383,9.035,40
2016,2,"Destructions et dégradations volontaires",72,Sarthe,5073,8.938,41
2016,2,"Destructions et dégradations volontaires",38,Isère,11191,8.932,42
2016,2,"Destructions et dégradations volontaires",04,Alpes-de-Haute-Provence,1450,8.920,43
2016,2,"Destructions et dégradations volontaires",31,Haute-Garonne,11930,8.849,44
2016,2,"Destructions et dégradations volontaires",16,Charente,3071,8.693,45
2016,2,"Destructions et dégradations volontaires",78,Yvelines,12396,8.658,46
2016,2,"Destructions et dégradations volontaires",21,Côte-d'Or,4572,8.574,47
2016,2,"Destructions et dégradations volontaires",52,Haute-Marne,1514,8.502,48
2016,2,"Destructions et dégradations volontaires",89,Yonne,2893,8.495,49
2016,2,"Destructions et dégradations volontaires",73,Savoie,3635,8.460,50
2016,2,"Destructions et dégradations volontaires",57,Moselle,8799,8.418,51
2016,2,"Destructions et dégradations volontaires",03,Allier,2846,8.386,52
2016,2,"Destructions et dégradations volontaires",45,Loiret,5645,8.371,53
2016,2,"Destructions et dégradations volontaires",81,Tarn,3216,8.322,54
2016,2,"Destructions et dégradations volontaires",14,Calvados,5694,8.208,55
2016,2,"Destructions et dégradations volontaires",58,Nièvre,1686,8.061,56
2016,2,"Destructions et dégradations volontaires",37,Indre-et-Loire,4878,8.047,57
2016,2,"Destructions et dégradations volontaires",28,Eure-et-Loir,3472,8.001,58
2016,2,"Destructions et dégradations volontaires",35,Ille-et-Vilaine,8401,7.987,59
2016,2,"Destructions et dégradations volontaires",82,Tarn-et-Garonne,2045,7.960,60
2016,2,"Destructions et dégradations volontaires",79,Deux-Sèvres,2981,7.955,61
2016,2,"Destructions et dégradations volontaires",55,Meuse,1502,7.945,62
2016,2,"Destructions et dégradations volontaires",49,Maine-et-Loire,6431,7.930,63
2016,2,"Destructions et dégradations volontaires",65,Hautes-Pyrénées,1799,7.896,64
2016,2,"Destructions et dégradations volontaires",87,Haute-Vienne,2913,7.768,65
2016,2,"Destructions et dégradations volontaires",68,Haut-Rhin,5918,7.759,66
2016,2,"Destructions et dégradations volontaires",27,Eure,4647,7.709,67
2016,2,"Destructions et dégradations volontaires",47,Lot-et-Garonne,2565,7.707,68
2016,2,"Destructions et dégradations volontaires",70,Haute-Saône,1823,7.684,69
2016,2,"Destructions et dégradations volontaires",88,Vosges,2761,7.469,70
2016,2,"Destructions et dégradations volontaires",67,Bas-Rhin,8375,7.468,71
2016,2,"Destructions et dégradations volontaires",41,Loir-et-Cher,2449,7.359,72
2016,2,"Destructions et dégradations volontaires",22,Côtes-d'Armor,4362,7.283,73
2016,2,"Destructions et dégradations volontaires",74,Haute-Savoie,5828,7.272,74
2016,2,"Destructions et dégradations volontaires",86,Vienne,3152,7.228,75
2016,2,"Destructions et dégradations volontaires",85,Vendée,4801,7.159,76
2016,2,"Destructions et dégradations volontaires",40,Landes,2886,7.126,77
2016,2,"Destructions et dégradations volontaires",61,Orne,1949,6.831,78
2016,2,"Destructions et dégradations volontaires",56,Morbihan,5106,6.830,79
2016,2,"Destructions et dégradations volontaires",36,Indre,1500,6.711,80
2016,2,"Destructions et dégradations volontaires",64,Pyrénées-Atlantiques,4505,6.684,81
2016,2,"Destructions et dégradations volontaires",50,Manche,3303,6.628,82
2016,2,"Destructions et dégradations volontaires",71,Saône-et-Loire,3672,6.616,83
2016,2,"Destructions et dégradations volontaires",39,Jura,1720,6.602,84
2016,2,"Destructions et dégradations volontaires",07,Ardèche,2141,6.585,85
2016,2,"Destructions et dégradations volontaires",19,Corrèze,1541,6.380,86
2016,2,"Destructions et dégradations volontaires",01,Ain,4068,6.372,87
2016,2,"Destructions et dégradations volontaires",24,Dordogne,2638,6.360,88
2016,2,"Destructions et dégradations volontaires",15,Cantal,926,6.344,89
2016,2,"Destructions et dégradations volontaires",46,Lot,1076,6.207,90
2016,2,"Destructions et dégradations volontaires",43,Haute-Loire,1402,6.167,91
2016,2,"Destructions et dégradations volontaires",23,Creuse,708,5.925,92
2016,2,"Destructions et dégradations volontaires",53,Mayenne,1801,5.853,93
2016,2,"Destructions et dégradations volontaires",32,Gers,1090,5.717,94
2016,2,"Destructions et dégradations volontaires",12,Aveyron,1392,4.995,95
2016,2,"Destructions et dégradations volontaires",48,Lozère,375,4.907,96
2016,3,"Escroqueries et fraudes aux moyens de paiement",75,Paris,21490,9.811,1
2016,3,"Escroqueries et fraudes aux moyens de paiement",92,Hauts-de-Seine,12028,7.502,2
2016,3,"Escroqueries et fraudes aux moyens de paiement",94,Val-de-Marne,7201,5.225,3
2016,3,"Escroqueries et fraudes aux moyens de paiement",69,Rhône,9305,5.068,4
2016,3,"Escroqueries et fraudes aux moyens de paiement",89,Yonne,1720,5.051,5
2016,3,"Escroqueries et fraudes aux moyens de paiement",16,Charente,1715,4.854,6
2016,3,"Escroqueries et fraudes aux moyens de paiement",93,Seine-Saint-Denis,7531,4.687,7
2016,3,"Escroqueries et fraudes aux moyens de paiement",06,Alpes-Maritimes,5036,4.647,8
2016,3,"Escroqueries et fraudes aux moyens de paiement",31,Haute-Garonne,6233,4.623,9
2016,3,"Escroqueries et fraudes aux moyens de paiement",78,Yvelines,6600,4.610,10
2016,3,"Escroqueries et fraudes aux moyens de paiement",45,Loiret,3033,4.498,11
2016,3,"Escroqueries et fraudes aux moyens de paiement",34,Hérault,4845,4.278,12
2016,3,"Escroqueries et fraudes aux moyens de paiement",13,Bouches-du-Rhône,8307,4.113,13
2016,3,"Escroqueries et fraudes aux moyens de paiement",77,Seine-et-Marne,5560,3.978,14
2016,3,"Escroqueries et fraudes aux moyens de paiement",10,Aube,1223,3.959,15
2016,3,"Escroqueries et fraudes aux moyens de paiement",52,Haute-Marne,703,3.948,16
2016,3,"Escroqueries et fraudes aux moyens de paiement",51,Marne,2214,3.878,17
2016,3,"Escroqueries et fraudes aux moyens de paiement",95,Val-d'Oise,4698,3.845,18
2016,3,"Escroqueries et fraudes aux moyens de paiement",83,Var,3990,3.779,19
2016,3,"Escroqueries et fraudes aux moyens de paiement",91,Essonne,4698,3.649,20
2016,3,"Escroqueries et fraudes aux moyens de paiement",54,Meurthe-et-Moselle,2675,3.645,21
2016,3,"Escroqueries et fraudes aux moyens de paiement",72,Sarthe,2039,3.593,22
2016,3,"Escroqueries et fraudes aux moyens de paiement",58,Nièvre,747,3.571,23
2016,3,"Escroqueries et fraudes aux moyens de paiement",56,Morbihan,2664,3.564,24
2016,3,"Escroqueries et fraudes aux moyens de paiement",25,Doubs,1917,3.560,25
2016,3,"Escroqueries et fraudes aux moyens de paiement",37,Indre-et-Loire,2152,3.550,26
2016,3,"Escroqueries et fraudes aux moyens de paiement",44,Loire-Atlantique,4877,3.532,27
2016,3,"Escroqueries et fraudes aux moyens de paiement",21,Côte-d'Or,1850,3.470,28
2016,3,"Escroqueries et fraudes aux moyens de paiement",40,Landes,1403,3.464,29
2016,3,"Escroqueries et fraudes aux moyens de paiement",35,Ille-et-Vilaine,3566,3.390,30
2016,3,"Escroqueries et fraudes aux moyens de paiement",33,Gironde,5292,3.378,31
2016,3,"Escroqueries et fraudes aux moyens de paiement",22,Côtes-d'Armor,2022,3.376,32
2016,3,"Escroqueries et fraudes aux moyens de paiement",60,Oise,2766,3.359,33
2016,3,"Escroqueries et fraudes aux moyens de paiement",29,Finistère,3041,3.348,34
2016,3,"Escroqueries et fraudes aux moyens de paiement",86,Vienne,1458,3.344,35
2016,3,"Escroqueries et fraudes aux moyens de paiement",18,Cher,1024,3.334,36
2016,3,"Escroqueries et fraudes aux moyens de paiement",84,Vaucluse,1847,3.304,37
2016,3,"Escroqueries et fraudes aux moyens de paiement",38,Isère,4137,3.302,38
2016,3,"Escroqueries et fraudes aux moyens de paiement",41,Loir-et-Cher,1086,3.264,39
2016,3,"Escroqueries et fraudes aux moyens de paiement",26,Drôme,1651,3.250,40
2016,3,"Escroqueries et fraudes aux moyens de paiement",30,Gard,2399,3.233,41
2016,3,"Escroqueries et fraudes aux moyens de paiement",63,Puy-de-Dôme,2104,3.233,41
2016,3,"Escroqueries et fraudes aux moyens de paiement",42,Loire,2461,3.230,43
2016,3,"Escroqueries et fraudes aux moyens de paiement",47,Lot-et-Garonne,1072,3.221,44
2016,3,"Escroqueries et fraudes aux moyens de paiement",2B,Haute-Corse,567,3.219,45
2016,3,"Escroqueries et fraudes aux moyens de paiement",14,Calvados,2226,3.209,46
2016,3,"Escroqueries et fraudes aux moyens de paiement",90,"Territoire de Belfort",457,3.172,47
2016,3,"Escroqueries et fraudes aux moyens de paiement",11,Aude,1166,3.168,48
2016,3,"Escroqueries et fraudes aux moyens de paiement",76,Seine-Maritime,3976,3.166,49
2016,3,"Escroqueries et fraudes aux moyens de paiement",82,Tarn-et-Garonne,812,3.161,50
2016,3,"Escroqueries et fraudes aux moyens de paiement",09,Ariège,483,3.155,51
2016,3,"Escroqueries et fraudes aux moyens de paiement",49,Maine-et-Loire,2554,3.149,52
2016,3,"Escroqueries et fraudes aux moyens de paiement",19,Corrèze,757,3.134,53
2016,3,"Escroqueries et fraudes aux moyens de paiement",03,Allier,1060,3.123,54
2016,3,"Escroqueries et fraudes aux moyens de paiement",28,Eure-et-Loir,1338,3.083,55
2016,3,"Escroqueries et fraudes aux moyens de paiement",66,Pyrénées-Orientales,1448,3.052,56
2016,3,"Escroqueries et fraudes aux moyens de paiement",65,Hautes-Pyrénées,694,3.046,57
2016,3,"Escroqueries et fraudes aux moyens de paiement",17,Charente-Maritime,1952,3.040,58
2016,3,"Escroqueries et fraudes aux moyens de paiement",87,Haute-Vienne,1137,3.032,59
2016,3,"Escroqueries et fraudes aux moyens de paiement",59,Nord,7840,3.011,60
2016,3,"Escroqueries et fraudes aux moyens de paiement",05,Hautes-Alpes,424,3.005,61
2016,3,"Escroqueries et fraudes aux moyens de paiement",27,Eure,1807,2.998,62
2016,3,"Escroqueries et fraudes aux moyens de paiement",70,Haute-Saône,711,2.997,63
2016,3,"Escroqueries et fraudes aux moyens de paiement",71,Saône-et-Loire,1647,2.967,64
2016,3,"Escroqueries et fraudes aux moyens de paiement",12,Aveyron,826,2.964,65
2016,3,"Escroqueries et fraudes aux moyens de paiement",23,Creuse,353,2.954,66
2016,3,"Escroqueries et fraudes aux moyens de paiement",39,Jura,764,2.933,67
2016,3,"Escroqueries et fraudes aux moyens de paiement",67,Bas-Rhin,3270,2.916,68
2016,3,"Escroqueries et fraudes aux moyens de paiement",04,Alpes-de-Haute-Provence,471,2.897,69
2016,3,"Escroqueries et fraudes aux moyens de paiement",50,Manche,1444,2.897,69
2016,3,"Escroqueries et fraudes aux moyens de paiement",74,Haute-Savoie,2316,2.890,71
2016,3,"Escroqueries et fraudes aux moyens de paiement",02,Aisne,1536,2.865,72
2016,3,"Escroqueries et fraudes aux moyens de paiement",15,Cantal,417,2.857,73
2016,3,"Escroqueries et fraudes aux moyens de paiement",81,Tarn,1103,2.854,74
2016,3,"Escroqueries et fraudes aux moyens de paiement",73,Savoie,1221,2.842,75
2016,3,"Escroqueries et fraudes aux moyens de paiement",08,Ardennes,780,2.833,76
2016,3,"Escroqueries et fraudes aux moyens de paiement",36,Indre,633,2.832,77
2016,3,"Escroqueries et fraudes aux moyens de paiement",24,Dordogne,1169,2.818,78
2016,3,"Escroqueries et fraudes aux moyens de paiement",53,Mayenne,864,2.808,79
2016,3,"Escroqueries et fraudes aux moyens de paiement",79,Deux-Sèvres,1052,2.807,80
2016,3,"Escroqueries et fraudes aux moyens de paiement",80,Somme,1599,2.792,81
2016,3,"Escroqueries et fraudes aux moyens de paiement",32,Gers,530,2.780,82
2016,3,"Escroqueries et fraudes aux moyens de paiement",46,Lot,474,2.734,83
2016,3,"Escroqueries et fraudes aux moyens de paiement",01,Ain,1733,2.714,84
2016,3,"Escroqueries et fraudes aux moyens de paiement",85,Vendée,1737,2.590,85
2016,3,"Escroqueries et fraudes aux moyens de paiement",64,Pyrénées-Atlantiques,1737,2.577,86
2016,3,"Escroqueries et fraudes aux moyens de paiement",88,Vosges,949,2.567,87
2016,3,"Escroqueries et fraudes aux moyens de paiement",68,Haut-Rhin,1943,2.547,88
2016,3,"Escroqueries et fraudes aux moyens de paiement",62,Pas-de-Calais,3726,2.533,89
2016,3,"Escroqueries et fraudes aux moyens de paiement",2A,Corse-du-Sud,390,2.527,90
2016,3,"Escroqueries et fraudes aux moyens de paiement",55,Meuse,469,2.481,91
2016,3,"Escroqueries et fraudes aux moyens de paiement",43,Haute-Loire,551,2.424,92
2016,3,"Escroqueries et fraudes aux moyens de paiement",61,Orne,681,2.387,93
2016,3,"Escroqueries et fraudes aux moyens de paiement",57,Moselle,2487,2.379,94
2016,3,"Escroqueries et fraudes aux moyens de paiement",07,Ardèche,735,2.260,95
2016,3,"Escroqueries et fraudes aux moyens de paiement",48,Lozère,169,2.211,96
2016,4,Homicides,06,Alpes-Maritimes,97,0.090,1
2016,4,Homicides,2A,Corse-du-Sud,7,0.045,2
2016,4,Homicides,2B,Haute-Corse,7,0.040,3
2016,4,Homicides,23,Creuse,3,0.025,4
2016,4,Homicides,13,Bouches-du-Rhône,44,0.022,5
2016,4,Homicides,42,Loire,15,0.020,6
2016,4,Homicides,02,Aisne,10,0.019,7
2016,4,Homicides,10,Aube,6,0.019,7
2016,4,Homicides,54,Meurthe-et-Moselle,14,0.019,7
2016,4,Homicides,66,Pyrénées-Orientales,9,0.019,7
2016,4,Homicides,08,Ardennes,5,0.018,11
2016,4,Homicides,41,Loir-et-Cher,6,0.018,11
2016,4,Homicides,93,Seine-Saint-Denis,29,0.018,11
2016,4,Homicides,34,Hérault,18,0.016,14
2016,4,Homicides,64,Pyrénées-Atlantiques,11,0.016,14
2016,4,Homicides,79,Deux-Sèvres,6,0.016,14
2016,4,Homicides,86,Vienne,7,0.016,14
2016,4,Homicides,91,Essonne,20,0.016,14
2016,4,Homicides,07,Ardèche,5,0.015,19
2016,4,Homicides,15,Cantal,2,0.014,20
2016,4,Homicides,16,Charente,5,0.014,20
2016,4,Homicides,28,Eure-et-Loir,6,0.014,20
2016,4,Homicides,61,Orne,4,0.014,20
2016,4,Homicides,75,Paris,31,0.014,20
2016,4,Homicides,76,Seine-Maritime,17,0.014,20
2016,4,Homicides,90,"Territoire de Belfort",2,0.014,20
2016,4,Homicides,18,Cher,4,0.013,27
2016,4,Homicides,22,Côtes-d'Armor,8,0.013,27
2016,4,Homicides,30,Gard,10,0.013,27
2016,4,Homicides,62,Pas-de-Calais,19,0.013,27
2016,4,Homicides,69,Rhône,23,0.013,27
2016,4,Homicides,70,Haute-Saône,3,0.013,27
2016,4,Homicides,83,Var,14,0.013,27
2016,4,Homicides,03,Allier,4,0.012,34
2016,4,Homicides,04,Alpes-de-Haute-Provence,2,0.012,34
2016,4,Homicides,17,Charente-Maritime,8,0.012,34
2016,4,Homicides,26,Drôme,6,0.012,34
2016,4,Homicides,31,Haute-Garonne,16,0.012,34
2016,4,Homicides,40,Landes,5,0.012,34
2016,4,Homicides,47,Lot-et-Garonne,4,0.012,34
2016,4,Homicides,57,Moselle,13,0.012,34
2016,4,Homicides,59,Nord,30,0.012,34
2016,4,Homicides,60,Oise,10,0.012,34
2016,4,Homicides,67,Bas-Rhin,14,0.012,34
2016,4,Homicides,72,Sarthe,7,0.012,34
2016,4,Homicides,74,Haute-Savoie,10,0.012,34
2016,4,Homicides,82,Tarn-et-Garonne,3,0.012,34
2016,4,Homicides,21,Côte-d'Or,6,0.011,48
2016,4,Homicides,51,Marne,6,0.011,48
2016,4,Homicides,63,Puy-de-Dôme,7,0.011,48
2016,4,Homicides,32,Gers,2,0.010,51
2016,4,Homicides,45,Loiret,7,0.010,51
2016,4,Homicides,94,Val-de-Marne,14,0.010,51
2016,4,Homicides,44,Loire-Atlantique,12,0.009,54
2016,4,Homicides,68,Haut-Rhin,7,0.009,54
2016,4,Homicides,84,Vaucluse,5,0.009,54
2016,4,Homicides,01,Ain,5,0.008,57
2016,4,Homicides,27,Eure,5,0.008,57
2016,4,Homicides,33,Gironde,12,0.008,57
2016,4,Homicides,37,Indre-et-Loire,5,0.008,57
2016,4,Homicides,39,Jura,2,0.008,57
2016,4,Homicides,50,Manche,4,0.008,57
2016,4,Homicides,88,Vosges,3,0.008,57
2016,4,Homicides,95,Val-d'Oise,10,0.008,57
2016,4,Homicides,09,Ariège,1,0.007,65
2016,4,Homicides,53,Mayenne,2,0.007,65
2016,4,Homicides,71,Saône-et-Loire,4,0.007,65
2016,4,Homicides,14,Calvados,4,0.006,68
2016,4,Homicides,25,Doubs,3,0.006,68
2016,4,Homicides,29,Finistère,5,0.006,68
2016,4,Homicides,38,Isère,8,0.006,68
2016,4,Homicides,46,Lot,1,0.006,68
2016,4,Homicides,49,Maine-et-Loire,5,0.006,68
2016,4,Homicides,52,Haute-Marne,1,0.006,68
2016,4,Homicides,78,Yvelines,8,0.006,68
2016,4,Homicides,89,Yonne,2,0.006,68
2016,4,Homicides,11,Aude,2,0.005,77
2016,4,Homicides,24,Dordogne,2,0.005,77
2016,4,Homicides,35,Ille-et-Vilaine,5,0.005,77
2016,4,Homicides,55,Meuse,1,0.005,77
2016,4,Homicides,58,Nièvre,1,0.005,77
2016,4,Homicides,73,Savoie,2,0.005,77
2016,4,Homicides,77,Seine-et-Marne,7,0.005,77
2016,4,Homicides,80,Somme,3,0.005,77
2016,4,Homicides,81,Tarn,2,0.005,77
2016,4,Homicides,87,Haute-Vienne,2,0.005,77
2016,4,Homicides,12,Aveyron,1,0.004,87
2016,4,Homicides,19,Corrèze,1,0.004,87
2016,4,Homicides,56,Morbihan,3,0.004,87
2016,4,Homicides,65,Hautes-Pyrénées,1,0.004,87
2016,4,Homicides,85,Vendée,3,0.004,87
2016,4,Homicides,92,Hauts-de-Seine,5,0.003,92
2016,4,Homicides,05,Hautes-Alpes,0,0.000,93
2016,4,Homicides,36,Indre,0,0.000,93
2016,4,Homicides,43,Haute-Loire,0,0.000,93
2016,4,Homicides,48,Lozère,0,0.000,93
2016,5,"Tentatives d'homicide",23,Creuse,15,0.126,1
2016,5,"Tentatives d'homicide",2B,Haute-Corse,14,0.079,2
2016,5,"Tentatives d'homicide",75,Paris,170,0.078,3
2016,5,"Tentatives d'homicide",08,Ardennes,20,0.073,4
2016,5,"Tentatives d'homicide",06,Alpes-Maritimes,77,0.071,5
2016,5,"Tentatives d'homicide",13,Bouches-du-Rhône,132,0.065,6
2016,5,"Tentatives d'homicide",95,Val-d'Oise,76,0.062,7
2016,5,"Tentatives d'homicide",93,Seine-Saint-Denis,94,0.059,8
2016,5,"Tentatives d'homicide",94,Val-de-Marne,80,0.058,9
2016,5,"Tentatives d'homicide",28,Eure-et-Loir,23,0.053,10
2016,5,"Tentatives d'homicide",66,Pyrénées-Orientales,25,0.053,10
2016,5,"Tentatives d'homicide",2A,Corse-du-Sud,8,0.052,12
2016,5,"Tentatives d'homicide",05,Hautes-Alpes,7,0.050,13
2016,5,"Tentatives d'homicide",54,Meurthe-et-Moselle,35,0.048,14
2016,5,"Tentatives d'homicide",25,Doubs,24,0.045,15
2016,5,"Tentatives d'homicide",34,Hérault,46,0.041,16
2016,5,"Tentatives d'homicide",31,Haute-Garonne,54,0.040,17
2016,5,"Tentatives d'homicide",83,Var,41,0.039,18
2016,5,"Tentatives d'homicide",59,Nord,100,0.038,19
2016,5,"Tentatives d'homicide",68,Haut-Rhin,28,0.037,20
2016,5,"Tentatives d'homicide",91,Essonne,48,0.037,20
2016,5,"Tentatives d'homicide",62,Pas-de-Calais,51,0.035,22
2016,5,"Tentatives d'homicide",70,Haute-Saône,8,0.034,23
2016,5,"Tentatives d'homicide",69,Rhône,60,0.033,24
2016,5,"Tentatives d'homicide",88,Vosges,12,0.032,25
2016,5,"Tentatives d'homicide",04,Alpes-de-Haute-Provence,5,0.031,26
2016,5,"Tentatives d'homicide",77,Seine-et-Marne,43,0.031,26
2016,5,"Tentatives d'homicide",26,Drôme,15,0.030,28
2016,5,"Tentatives d'homicide",60,Oise,25,0.030,28
2016,5,"Tentatives d'homicide",73,Savoie,13,0.030,28
2016,5,"Tentatives d'homicide",10,Aube,9,0.029,31
2016,5,"Tentatives d'homicide",42,Loire,22,0.029,31
2016,5,"Tentatives d'homicide",78,Yvelines,41,0.029,31
2016,5,"Tentatives d'homicide",84,Vaucluse,16,0.029,31
2016,5,"Tentatives d'homicide",92,Hauts-de-Seine,47,0.029,31
2016,5,"Tentatives d'homicide",86,Vienne,12,0.028,36
2016,5,"Tentatives d'homicide",30,Gard,19,0.026,37
2016,5,"Tentatives d'homicide",38,Isère,32,0.026,37
2016,5,"Tentatives d'homicide",65,Hautes-Pyrénées,6,0.026,37
2016,5,"Tentatives d'homicide",80,Somme,15,0.026,37
2016,5,"Tentatives d'homicide",63,Puy-de-Dôme,16,0.025,41
2016,5,"Tentatives d'homicide",72,Sarthe,14,0.025,41
2016,5,"Tentatives d'homicide",02,Aisne,13,0.024,43
2016,5,"Tentatives d'homicide",03,Allier,8,0.024,43
2016,5,"Tentatives d'homicide",58,Nièvre,5,0.024,43
2016,5,"Tentatives d'homicide",79,Deux-Sèvres,9,0.024,43
2016,5,"Tentatives d'homicide",27,Eure,14,0.023,47
2016,5,"Tentatives d'homicide",44,Loire-Atlantique,32,0.023,47
2016,5,"Tentatives d'homicide",11,Aude,8,0.022,49
2016,5,"Tentatives d'homicide",52,Haute-Marne,4,0.022,49
2016,5,"Tentatives d'homicide",74,Haute-Savoie,18,0.022,49
2016,5,"Tentatives d'homicide",33,Gironde,33,0.021,52
2016,5,"Tentatives d'homicide",45,Loiret,14,0.021,52
2016,5,"Tentatives d'homicide",89,Yonne,7,0.021,52
2016,5,"Tentatives d'homicide",01,Ain,13,0.020,55
2016,5,"Tentatives d'homicide",71,Saône-et-Loire,11,0.020,55
2016,5,"Tentatives d'homicide",39,Jura,5,0.019,57
2016,5,"Tentatives d'homicide",67,Bas-Rhin,21,0.019,57
2016,5,"Tentatives d'homicide",07,Ardèche,6,0.018,59
2016,5,"Tentatives d'homicide",22,Côtes-d'Armor,11,0.018,59
2016,5,"Tentatives d'homicide",76,Seine-Maritime,22,0.018,59
2016,5,"Tentatives d'homicide",49,Maine-et-Loire,14,0.017,62
2016,5,"Tentatives d'homicide",17,Charente-Maritime,10,0.016,63
2016,5,"Tentatives d'homicide",37,Indre-et-Loire,10,0.016,63
2016,5,"Tentatives d'homicide",57,Moselle,17,0.016,63
2016,5,"Tentatives d'homicide",29,Finistère,14,0.015,66
2016,5,"Tentatives d'homicide",41,Loir-et-Cher,5,0.015,66
2016,5,"Tentatives d'homicide",47,Lot-et-Garonne,5,0.015,66
2016,5,"Tentatives d'homicide",56,Morbihan,11,0.015,66
2016,5,"Tentatives d'homicide",16,Charente,5,0.014,70
2016,5,"Tentatives d'homicide",90,"Territoire de Belfort",2,0.014,70
2016,5,"Tentatives d'homicide",35,Ille-et-Vilaine,14,0.013,72
2016,5,"Tentatives d'homicide",85,Vendée,9,0.013,72
2016,5,"Tentatives d'homicide",19,Corrèze,3,0.012,74
2016,5,"Tentatives d'homicide",12,Aveyron,3,0.011,75
2016,5,"Tentatives d'homicide",32,Gers,2,0.010,76
2016,5,"Tentatives d'homicide",40,Landes,4,0.010,76
2016,5,"Tentatives d'homicide",53,Mayenne,3,0.010,76
2016,5,"Tentatives d'homicide",64,Pyrénées-Atlantiques,7,0.010,76
2016,5,"Tentatives d'homicide",43,Haute-Loire,2,0.009,80
2016,5,"Tentatives d'homicide",51,Marne,5,0.009,80
2016,5,"Tentatives d'homicide",21,Côte-d'Or,4,0.008,82
2016,5,"Tentatives d'homicide",50,Manche,4,0.008,82
2016,5,"Tentatives d'homicide",87,Haute-Vienne,3,0.008,82
2016,5,"Tentatives d'homicide",09,Ariège,1,0.007,85
2016,5,"Tentatives d'homicide",18,Cher,2,0.007,85
2016,5,"Tentatives d'homicide",61,Orne,2,0.007,85
2016,5,"Tentatives d'homicide",46,Lot,1,0.006,88
2016,5,"Tentatives d'homicide",24,Dordogne,2,0.005,89
2016,5,"Tentatives d'homicide",55,Meuse,1,0.005,89
2016,5,"Tentatives d'homicide",81,Tarn,2,0.005,89
2016,5,"Tentatives d'homicide",14,Calvados,3,0.004,92
2016,5,"Tentatives d'homicide",36,Indre,1,0.004,92
2016,5,"Tentatives d'homicide",82,Tarn-et-Garonne,1,0.004,92
2016,5,"Tentatives d'homicide",15,Cantal,0,0.000,95
2016,5,"Tentatives d'homicide",48,Lozère,0,0.000,95
2016,6,"Trafic de stupéfiants",93,Seine-Saint-Denis,2724,1.695,1
2016,6,"Trafic de stupéfiants",40,Landes,609,1.504,2
2016,6,"Trafic de stupéfiants",75,Paris,3280,1.497,3
2016,6,"Trafic de stupéfiants",74,Haute-Savoie,892,1.113,4
2016,6,"Trafic de stupéfiants",94,Val-de-Marne,1478,1.072,5
2016,6,"Trafic de stupéfiants",13,Bouches-du-Rhône,1835,0.909,6
2016,6,"Trafic de stupéfiants",66,Pyrénées-Orientales,406,0.856,7
2016,6,"Trafic de stupéfiants",84,Vaucluse,460,0.823,8
2016,6,"Trafic de stupéfiants",95,Val-d'Oise,1006,0.823,8
2016,6,"Trafic de stupéfiants",21,Côte-d'Or,395,0.741,10
2016,6,"Trafic de stupéfiants",88,Vosges,267,0.722,11
2016,6,"Trafic de stupéfiants",55,Meuse,135,0.714,12
2016,6,"Trafic de stupéfiants",06,Alpes-Maritimes,754,0.696,13
2016,6,"Trafic de stupéfiants",83,Var,735,0.696,13
2016,6,"Trafic de stupéfiants",01,Ain,444,0.695,15
2016,6,"Trafic de stupéfiants",34,Hérault,771,0.681,16
2016,6,"Trafic de stupéfiants",65,Hautes-Pyrénées,155,0.680,17
2016,6,"Trafic de stupéfiants",54,Meurthe-et-Moselle,493,0.672,18
2016,6,"Trafic de stupéfiants",59,Nord,1685,0.647,19
2016,6,"Trafic de stupéfiants",86,Vienne,281,0.644,20
2016,6,"Trafic de stupéfiants",28,Eure-et-Loir,279,0.643,21
2016,6,"Trafic de stupéfiants",03,Allier,212,0.625,22
2016,6,"Trafic de stupéfiants",04,Alpes-de-Haute-Provence,101,0.621,23
2016,6,"Trafic de stupéfiants",89,Yonne,210,0.617,24
2016,6,"Trafic de stupéfiants",25,Doubs,330,0.613,25
2016,6,"Trafic de stupéfiants",24,Dordogne,252,0.608,26
2016,6,"Trafic de stupéfiants",92,Hauts-de-Seine,972,0.606,27
2016,6,"Trafic de stupéfiants",33,Gironde,945,0.603,28
2016,6,"Trafic de stupéfiants",67,Bas-Rhin,670,0.597,29
2016,6,"Trafic de stupéfiants",10,Aube,181,0.586,30
2016,6,"Trafic de stupéfiants",91,Essonne,753,0.585,31
2016,6,"Trafic de stupéfiants",90,"Territoire de Belfort",84,0.583,32
2016,6,"Trafic de stupéfiants",19,Corrèze,139,0.575,33
2016,6,"Trafic de stupéfiants",08,Ardennes,156,0.567,34
2016,6,"Trafic de stupéfiants",39,Jura,146,0.560,35
2016,6,"Trafic de stupéfiants",50,Manche,277,0.556,36
2016,6,"Trafic de stupéfiants",31,Haute-Garonne,728,0.540,37
2016,6,"Trafic de stupéfiants",57,Moselle,562,0.538,38
2016,6,"Trafic de stupéfiants",14,Calvados,364,0.525,39
2016,6,"Trafic de stupéfiants",71,Saône-et-Loire,291,0.524,40
2016,6,"Trafic de stupéfiants",76,Seine-Maritime,648,0.516,41
2016,6,"Trafic de stupéfiants",73,Savoie,221,0.514,42
2016,6,"Trafic de stupéfiants",80,Somme,291,0.508,43
2016,6,"Trafic de stupéfiants",69,Rhône,925,0.504,44
2016,6,"Trafic de stupéfiants",68,Haut-Rhin,379,0.497,45
2016,6,"Trafic de stupéfiants",52,Haute-Marne,88,0.494,46
2016,6,"Trafic de stupéfiants",53,Mayenne,151,0.491,47
2016,6,"Trafic de stupéfiants",77,Seine-et-Marne,680,0.487,48
2016,6,"Trafic de stupéfiants",17,Charente-Maritime,307,0.478,49
2016,6,"Trafic de stupéfiants",78,Yvelines,672,0.469,50
2016,6,"Trafic de stupéfiants",05,Hautes-Alpes,65,0.461,51
2016,6,"Trafic de stupéfiants",64,Pyrénées-Atlantiques,310,0.460,52
2016,6,"Trafic de stupéfiants",43,Haute-Loire,102,0.449,53
2016,6,"Trafic de stupéfiants",49,Maine-et-Loire,361,0.445,54
2016,6,"Trafic de stupéfiants",29,Finistère,402,0.443,55
2016,6,"Trafic de stupéfiants",27,Eure,264,0.438,56
2016,6,"Trafic de stupéfiants",38,Isère,548,0.437,57
2016,6,"Trafic de stupéfiants",63,Puy-de-Dôme,282,0.433,58
2016,6,"Trafic de stupéfiants",62,Pas-de-Calais,636,0.432,59
2016,6,"Trafic de stupéfiants",2B,Haute-Corse,76,0.431,60
2016,6,"Trafic de stupéfiants",70,Haute-Saône,100,0.422,61
2016,6,"Trafic de stupéfiants",44,Loire-Atlantique,573,0.415,62
2016,6,"Trafic de stupéfiants",30,Gard,307,0.414,63
2016,6,"Trafic de stupéfiants",37,Indre-et-Loire,251,0.414,63
2016,6,"Trafic de stupéfiants",35,Ille-et-Vilaine,428,0.407,65
2016,6,"Trafic de stupéfiants",72,Sarthe,231,0.407,65
2016,6,"Trafic de stupéfiants",12,Aveyron,112,0.402,67
2016,6,"Trafic de stupéfiants",60,Oise,331,0.402,67
2016,6,"Trafic de stupéfiants",26,Drôme,203,0.400,69
2016,6,"Trafic de stupéfiants",81,Tarn,154,0.399,70
2016,6,"Trafic de stupéfiants",87,Haute-Vienne,146,0.389,71
2016,6,"Trafic de stupéfiants",16,Charente,135,0.382,72
2016,6,"Trafic de stupéfiants",42,Loire,291,0.382,72
2016,6,"Trafic de stupéfiants",48,Lozère,29,0.379,74
2016,6,"Trafic de stupéfiants",02,Aisne,202,0.377,75
2016,6,"Trafic de stupéfiants",11,Aude,137,0.372,76
2016,6,"Trafic de stupéfiants",56,Morbihan,274,0.367,77
2016,6,"Trafic de stupéfiants",61,Orne,103,0.361,78
2016,6,"Trafic de stupéfiants",36,Indre,80,0.358,79
2016,6,"Trafic de stupéfiants",51,Marne,201,0.352,80
2016,6,"Trafic de stupéfiants",45,Loiret,232,0.344,81
2016,6,"Trafic de stupéfiants",32,Gers,65,0.341,82
2016,6,"Trafic de stupéfiants",22,Côtes-d'Armor,198,0.331,83
2016,6,"Trafic de stupéfiants",09,Ariège,48,0.314,84
2016,6,"Trafic de stupéfiants",2A,Corse-du-Sud,48,0.311,85
2016,6,"Trafic de stupéfiants",85,Vendée,208,0.310,86
2016,6,"Trafic de stupéfiants",58,Nièvre,58,0.277,87
2016,6,"Trafic de stupéfiants",41,Loir-et-Cher,84,0.252,88
2016,6,"Trafic de stupéfiants",82,Tarn-et-Garonne,63,0.245,89
2016,6,"Trafic de stupéfiants",07,Ardèche,76,0.234,90
2016,6,"Trafic de stupéfiants",18,Cher,70,0.228,91
2016,6,"Trafic de stupéfiants",46,Lot,39,0.225,92
2016,6,"Trafic de stupéfiants",23,Creuse,26,0.218,93
2016,6,"Trafic de stupéfiants",47,Lot-et-Garonne,69,0.207,94
2016,6,"Trafic de stupéfiants",79,Deux-Sèvres,68,0.181,95
2016,6,"Trafic de stupéfiants",15,Cantal,18,0.123,96
2016,7,"Usage de stupéfiants",93,Seine-Saint-Denis,8778,5.464,1
2016,7,"Usage de stupéfiants",78,Yvelines,7198,5.027,2
2016,7,"Usage de stupéfiants",05,Hautes-Alpes,637,4.514,3
2016,7,"Usage de stupéfiants",75,Paris,9713,4.434,4
2016,7,"Usage de stupéfiants",04,Alpes-de-Haute-Provence,706,4.343,5
2016,7,"Usage de stupéfiants",77,Seine-et-Marne,5788,4.141,6
2016,7,"Usage de stupéfiants",95,Val-d'Oise,4954,4.054,7
2016,7,"Usage de stupéfiants",59,Nord,10404,3.996,8
2016,7,"Usage de stupéfiants",83,Var,3967,3.757,9
2016,7,"Usage de stupéfiants",54,Meurthe-et-Moselle,2721,3.708,10
2016,7,"Usage de stupéfiants",69,Rhône,6617,3.604,11
2016,7,"Usage de stupéfiants",06,Alpes-Maritimes,3728,3.440,12
2016,7,"Usage de stupéfiants",52,Haute-Marne,593,3.330,13
2016,7,"Usage de stupéfiants",74,Haute-Savoie,2664,3.324,14
2016,7,"Usage de stupéfiants",88,Vosges,1216,3.290,15
2016,7,"Usage de stupéfiants",94,Val-de-Marne,4510,3.273,16
2016,7,"Usage de stupéfiants",13,Bouches-du-Rhône,6608,3.272,17
2016,7,"Usage de stupéfiants",89,Yonne,1108,3.254,18
2016,7,"Usage de stupéfiants",84,Vaucluse,1812,3.241,19
2016,7,"Usage de stupéfiants",55,Meuse,605,3.200,20
2016,7,"Usage de stupéfiants",53,Mayenne,962,3.127,21
2016,7,"Usage de stupéfiants",34,Hérault,3387,2.991,22
2016,7,"Usage de stupéfiants",91,Essonne,3757,2.918,23
2016,7,"Usage de stupéfiants",26,Drôme,1469,2.892,24
2016,7,"Usage de stupéfiants",03,Allier,970,2.858,25
2016,7,"Usage de stupéfiants",14,Calvados,1945,2.804,26
2016,7,"Usage de stupéfiants",18,Cher,844,2.748,27
2016,7,"Usage de stupéfiants",19,Corrèze,658,2.724,28
2016,7,"Usage de stupéfiants",42,Loire,2068,2.714,29
2016,7,"Usage de stupéfiants",2A,Corse-du-Sud,414,2.683,30
2016,7,"Usage de stupéfiants",17,Charente-Maritime,1713,2.667,31
2016,7,"Usage de stupéfiants",48,Lozère,202,2.643,32
2016,7,"Usage de stupéfiants",80,Somme,1498,2.615,33
2016,7,"Usage de stupéfiants",73,Savoie,1122,2.611,34
2016,7,"Usage de stupéfiants",51,Marne,1484,2.599,35
2016,7,"Usage de stupéfiants",62,Pas-de-Calais,3808,2.589,36
2016,7,"Usage de stupéfiants",31,Haute-Garonne,3480,2.581,37
2016,7,"Usage de stupéfiants",45,Loiret,1731,2.567,38
2016,7,"Usage de stupéfiants",08,Ardennes,687,2.495,39
2016,7,"Usage de stupéfiants",40,Landes,1005,2.481,40
2016,7,"Usage de stupéfiants",09,Ariège,375,2.450,41
2016,7,"Usage de stupéfiants",39,Jura,633,2.430,42
2016,7,"Usage de stupéfiants",57,Moselle,2529,2.419,43
2016,7,"Usage de stupéfiants",43,Haute-Loire,547,2.406,44
2016,7,"Usage de stupéfiants",27,Eure,1450,2.405,45
2016,7,"Usage de stupéfiants",64,Pyrénées-Atlantiques,1604,2.380,46
2016,7,"Usage de stupéfiants",90,"Territoire de Belfort",343,2.380,46
2016,7,"Usage de stupéfiants",71,Saône-et-Loire,1287,2.319,48
2016,7,"Usage de stupéfiants",2B,Haute-Corse,408,2.316,49
2016,7,"Usage de stupéfiants",01,Ain,1473,2.307,50
2016,7,"Usage de stupéfiants",66,Pyrénées-Orientales,1084,2.285,51
2016,7,"Usage de stupéfiants",44,Loire-Atlantique,3148,2.280,52
2016,7,"Usage de stupéfiants",29,Finistère,2056,2.264,53
2016,7,"Usage de stupéfiants",76,Seine-Maritime,2823,2.248,54
2016,7,"Usage de stupéfiants",32,Gers,425,2.229,55
2016,7,"Usage de stupéfiants",41,Loir-et-Cher,724,2.176,56
2016,7,"Usage de stupéfiants",58,Nièvre,454,2.171,57
2016,7,"Usage de stupéfiants",11,Aude,793,2.155,58
2016,7,"Usage de stupéfiants",36,Indre,481,2.152,59
2016,7,"Usage de stupéfiants",37,Indre-et-Loire,1298,2.141,60
2016,7,"Usage de stupéfiants",86,Vienne,927,2.126,61
2016,7,"Usage de stupéfiants",28,Eure-et-Loir,915,2.109,62
2016,7,"Usage de stupéfiants",21,Côte-d'Or,1121,2.102,63
2016,7,"Usage de stupéfiants",12,Aveyron,577,2.070,64
2016,7,"Usage de stupéfiants",38,Isère,2594,2.070,64
2016,7,"Usage de stupéfiants",92,Hauts-de-Seine,3312,2.066,66
2016,7,"Usage de stupéfiants",60,Oise,1694,2.057,67
2016,7,"Usage de stupéfiants",02,Aisne,1073,2.001,68
2016,7,"Usage de stupéfiants",30,Gard,1481,1.996,69
2016,7,"Usage de stupéfiants",67,Bas-Rhin,2227,1.986,70
2016,7,"Usage de stupéfiants",65,Hautes-Pyrénées,450,1.975,71
2016,7,"Usage de stupéfiants",72,Sarthe,1114,1.963,72
2016,7,"Usage de stupéfiants",07,Ardèche,637,1.959,73
2016,7,"Usage de stupéfiants",25,Doubs,1033,1.918,74
2016,7,"Usage de stupéfiants",16,Charente,665,1.882,75
2016,7,"Usage de stupéfiants",33,Gironde,2928,1.869,76
2016,7,"Usage de stupéfiants",68,Haut-Rhin,1374,1.801,77
2016,7,"Usage de stupéfiants",85,Vendée,1177,1.755,78
2016,7,"Usage de stupéfiants",46,Lot,301,1.736,79
2016,7,"Usage de stupéfiants",49,Maine-et-Loire,1386,1.709,80
2016,7,"Usage de stupéfiants",35,Ille-et-Vilaine,1734,1.649,81
2016,7,"Usage de stupéfiants",50,Manche,821,1.647,82
2016,7,"Usage de stupéfiants",70,Haute-Saône,387,1.631,83
2016,7,"Usage de stupéfiants",10,Aube,500,1.619,84
2016,7,"Usage de stupéfiants",61,Orne,442,1.549,85
2016,7,"Usage de stupéfiants",47,Lot-et-Garonne,510,1.532,86
2016,7,"Usage de stupéfiants",24,Dordogne,619,1.492,87
2016,7,"Usage de stupéfiants",22,Côtes-d'Armor,873,1.458,88
2016,7,"Usage de stupéfiants",81,Tarn,546,1.413,89
2016,7,"Usage de stupéfiants",56,Morbihan,1037,1.387,90
2016,7,"Usage de stupéfiants",87,Haute-Vienne,514,1.371,91
2016,7,"Usage de stupéfiants",23,Creuse,152,1.272,92
2016,7,"Usage de stupéfiants",63,Puy-de-Dôme,765,1.176,93
2016,7,"Usage de stupéfiants",15,Cantal,169,1.158,94
2016,7,"Usage de stupéfiants",79,Deux-Sèvres,424,1.131,95
2016,7,"Usage de stupéfiants",82,Tarn-et-Garonne,261,1.016,96
2016,8,"Usage de stupéfiants (AFD)",01,Ain,0,0.000,1
2016,8,"Usage de stupéfiants (AFD)",02,Aisne,0,0.000,1
2016,8,"Usage de stupéfiants (AFD)",03,Allier,0,0.000,1
2016,8,"Usage de stupéfiants (AFD)",04,Alpes-de-Haute-Provence,0,0.000,1
2016,8,"Usage de stupéfiants (AFD)",05,Hautes-Alpes,0,0.000,1
2016,8,"Usage de stupéfiants (AFD)",06,Alpes-Maritimes,0,0.000,1
2016,8,"Usage de stupéfiants (AFD)",07,Ardèche,0,0.000,1
2016,8,"Usage de stupéfiants (AFD)",08,Ardennes,0,0.000,1
2016,8,"Usage de stupéfiants (AFD)",09,Ariège,0,0.000,1
2016,8,"Usage de stupéfiants (AFD)",10,Aube,0,0.000,1
2016,8,"Usage de stupéfiants (AFD)",11,Aude,0,0.000,1
2016,8,"Usage de stupéfiants (AFD)",12,Aveyron,0,0.000,1
2016,8,"Usage de stupéfiants (AFD)",13,Bouches-du-Rhône,0,0.000,1
2016,8,"Usage de stupéfiants (AFD)",14,Calvados,0,0.000,1
2016,8,"Usage de stupéfiants (AFD)",15,Cantal,0,0.000,1
2016,8,"Usage de stupéfiants (AFD)",16,Charente,0,0.000,1
2016,8,"Usage de stupéfiants (AFD)",17,Charente-Maritime,0,0.000,1
2016,8,"Usage de stupéfiants (AFD)",18,Cher,0,0.000,1
2016,8,"Usage de stupéfiants (AFD)",19,Corrèze,0,0.000,1
2016,8,"Usage de stupéfiants (AFD)",21,Côte-d'Or,0,0.000,1
2016,8,"Usage de stupéfiants (AFD)",22,Côtes-d'Armor,0,0.000,1
2016,8,"Usage de stupéfiants (AFD)",23,Creuse,0,0.000,1
2016,8,"Usage de stupéfiants (AFD)",24,Dordogne,0,0.000,1
2016,8,"Usage de stupéfiants (AFD)",25,Doubs,0,0.000,1
2016,8,"Usage de stupéfiants (AFD)",26,Drôme,0,0.000,1
2016,8,"Usage de stupéfiants (AFD)",27,Eure,0,0.000,1
2016,8,"Usage de stupéfiants (AFD)",28,Eure-et-Loir,0,0.000,1
2016,8,"Usage de stupéfiants (AFD)",29,Finistère,0,0.000,1
2016,8,"Usage de stupéfiants (AFD)",2A,Corse-du-Sud,0,0.000,1
2016,8,"Usage de stupéfiants (AFD)",2B,Haute-Corse,0,0.000,1
2016,8,"Usage de stupéfiants (AFD)",30,Gard,0,0.000,1
2016,8,"Usage de stupéfiants (AFD)",31,Haute-Garonne,0,0.000,1
2016,8,"Usage de stupéfiants (AFD)",32,Gers,0,0.000,1
2016,8,"Usage de stupéfiants (AFD)",33,Gironde,0,0.000,1
2016,8,"Usage de stupéfiants (AFD)",34,Hérault,0,0.000,1
2016,8,"Usage de stupéfiants (AFD)",35,Ille-et-Vilaine,0,0.000,1
2016,8,"Usage de stupéfiants (AFD)",36,Indre,0,0.000,1
2016,8,"Usage de stupéfiants (AFD)",37,Indre-et-Loire,0,0.000,1
2016,8,"Usage de stupéfiants (AFD)",38,Isère,0,0.000,1
2016,8,"Usage de stupéfiants (AFD)",39,Jura,0,0.000,1
2016,8,"Usage de stupéfiants (AFD)",40,Landes,0,0.000,1
2016,8,"Usage de stupéfiants (AFD)",41,Loir-et-Cher,0,0.000,1
2016,8,"Usage de stupéfiants (AFD)",42,Loire,0,0.000,1
2016,8,"Usage de stupéfiants (AFD)",43,Haute-Loire,0,0.000,1
2016,8,"Usage de stupéfiants (AFD)",44,Loire-Atlantique,0,0.000,1
2016,8,"Usage de stupéfiants (AFD)",45,Loiret,0,0.000,1
2016,8,"Usage de stupéfiants (AFD)",46,Lot,0,0.000,1
2016,8,"Usage de stupéfiants (AFD)",47,Lot-et-Garonne,0,0.000,1
2016,8,"Usage de stupéfiants (AFD)",48,Lozère,0,0.000,1
2016,8,"Usage de stupéfiants (AFD)",49,Maine-et-Loire,0,0.000,1
2016,8,"Usage de stupéfiants (AFD)",50,Manche,0,0.000,1
2016,8,"Usage de stupéfiants (AFD)",51,Marne,0,0.000,1
2016,8,"Usage de stupéfiants (AFD)",52,Haute-Marne,0,0.000,1
2016,8,"Usage de stupéfiants (AFD)",53,Mayenne,0,0.000,1
2016,8,"Usage de stupéfiants (AFD)",54,Meurthe-et-Moselle,0,0.000,1
2016,8,"Usage de stupéfiants (AFD)",55,Meuse,0,0.000,1
2016,8,"Usage de stupéfiants (AFD)",56,Morbihan,0,0.000,1
2016,8,"Usage de stupéfiants (AFD)",57,Moselle,0,0.000,1
2016,8,"Usage de stupéfiants (AFD)",58,Nièvre,0,0.000,1
2016,8,"Usage de stupéfiants (AFD)",59,Nord,0,0.000,1
2016,8,"Usage de stupéfiants (AFD)",60,Oise,0,0.000,1
2016,8,"Usage de stupéfiants (AFD)",61,Orne,0,0.000,1
2016,8,"Usage de stupéfiants (AFD)",62,Pas-de-Calais,0,0.000,1
2016,8,"Usage de stupéfiants (AFD)",63,Puy-de-Dôme,0,0.000,1
2016,8,"Usage de stupéfiants (AFD)",64,Pyrénées-Atlantiques,0,0.000,1
2016,8,"Usage de stupéfiants (AFD)",65,Hautes-Pyrénées,0,0.000,1
2016,8,"Usage de stupéfiants (AFD)",66,Pyrénées-Orientales,0,0.000,1
2016,8,"Usage de stupéfiants (AFD)",67,Bas-Rhin,0,0.000,1
2016,8,"Usage de stupéfiants (AFD)",68,Haut-Rhin,0,0.000,1
2016,8,"Usage de stupéfiants (AFD)",69,Rhône,0,0.000,1
2016,8,"Usage de stupéfiants (AFD)",70,Haute-Saône,0,0.000,1
2016,8,"Usage de stupéfiants (AFD)",71,Saône-et-Loire,0,0.000,1
2016,8,"Usage de stupéfiants (AFD)",72,Sarthe,0,0.000,1
2016,8,"Usage de stupéfiants (AFD)",73,Savoie,0,0.000,1
2016,8,"Usage de stupéfiants (AFD)",74,Haute-Savoie,0,0.000,1
2016,8,"Usage de stupéfiants (AFD)",75,Paris,0,0.000,1
2016,8,"Usage de stupéfiants (AFD)",76,Seine-Maritime,0,0.000,1
2016,8,"Usage de stupéfiants (AFD)",77,Seine-et-Marne,0,0.000,1
2016,8,"Usage de stupéfiants (AFD)",78,Yvelines,0,0.000,1
2016,8,"Usage de stupéfiants (AFD)",79,Deux-Sèvres,0,0.000,1
2016,8,"Usage de stupéfiants (AFD)",80,Somme,0,0.000,1
2016,8,"Usage de stupéfiants (AFD)",81,Tarn,0,0.000,1
2016,8,"Usage de stupéfiants (AFD)",82,Tarn-et-Garonne,0,0.000,1
2016,8,"Usage de stupéfiants (AFD)",83,Var,0,0.000,1
2016,8,"Usage de stupéfiants (AFD)",84,Vaucluse,0,0.000,1
2016,8,"Usage de stupéfiants (AFD)",85,Vendée,0,0.000,1
2016,8,"Usage de stupéfiants (AFD)",86,Vienne,0,0.000,1
2016,8,"Usage de stupéfiants (AFD)",87,Haute-Vienne,0,0.000,1
2016,8,"Usage de stupéfiants (AFD)",88,Vosges,0,0.000,1
2016,8,"Usage de stupéfiants (AFD)",89,Yonne,0,0.000,1
2016,8,"Usage de stupéfiants (AFD)",90,"Territoire de Belfort",0,0.000,1
2016,8,"Usage de stupéfiants (AFD)",91,Essonne,0,0.000,1
2016,8,"Usage de stupéfiants (AFD)",92,Hauts-de-Seine,0,0.000,1
2016,8,"Usage de stupéfiants (AFD)",93,Seine-Saint-Denis,0,0.000,1
2016,8,"Usage de stupéfiants (AFD)",94,Val-de-Marne,0,0.000,1
2016,8,"Usage de stupéfiants (AFD)",95,Val-d'Oise,0,0.000,1
2016,9,"Usage de stupéfiants (hors AFD)",93,Seine-Saint-Denis,8778,5.464,1
2016,9,"Usage de stupéfiants (hors AFD)",78,Yvelines,7198,5.027,2
2016,9,"Usage de stupéfiants (hors AFD)",05,Hautes-Alpes,637,4.514,3
2016,9,"Usage de stupéfiants (hors AFD)",75,Paris,9713,4.434,4
2016,9,"Usage de stupéfiants (hors AFD)",04,Alpes-de-Haute-Provence,706,4.343,5
2016,9,"Usage de stupéfiants (hors AFD)",77,Seine-et-Marne,5788,4.141,6
2016,9,"Usage de stupéfiants (hors AFD)",95,Val-d'Oise,4954,4.054,7
2016,9,"Usage de stupéfiants (hors AFD)",59,Nord,10404,3.996,8
2016,9,"Usage de stupéfiants (hors AFD)",83,Var,3967,3.757,9
2016,9,"Usage de stupéfiants (hors AFD)",54,Meurthe-et-Moselle,2721,3.708,10
2016,9,"Usage de stupéfiants (hors AFD)",69,Rhône,6617,3.604,11
2016,9,"Usage de stupéfiants (hors AFD)",06,Alpes-Maritimes,3728,3.440,12
2016,9,"Usage de stupéfiants (hors AFD)",52,Haute-Marne,593,3.330,13
2016,9,"Usage de stupéfiants (hors AFD)",74,Haute-Savoie,2664,3.324,14
2016,9,"Usage de stupéfiants (hors AFD)",88,Vosges,1216,3.290,15
2016,9,"Usage de stupéfiants (hors AFD)",94,Val-de-Marne,4510,3.273,16
2016,9,"Usage de stupéfiants (hors AFD)",13,Bouches-du-Rhône,6608,3.272,17
2016,9,"Usage de stupéfiants (hors AFD)",89,Yonne,1108,3.254,18
2016,9,"Usage de stupéfiants (hors AFD)",84,Vaucluse,1812,3.241,19
2016,9,"Usage de stupéfiants (hors AFD)",55,Meuse,605,3.200,20
2016,9,"Usage de stupéfiants (hors AFD)",53,Mayenne,962,3.127,21
2016,9,"Usage de stupéfiants (hors AFD)",34,Hérault,3387,2.991,22
2016,9,"Usage de stupéfiants (hors AFD)",91,Essonne,3757,2.918,23
2016,9,"Usage de stupéfiants (hors AFD)",26,Drôme,1469,2.892,24
2016,9,"Usage de stupéfiants (hors AFD)",03,Allier,970,2.858,25
2016,9,"Usage de stupéfiants (hors AFD)",14,Calvados,1945,2.804,26
2016,9,"Usage de stupéfiants (hors AFD)",18,Cher,844,2.748,27
2016,9,"Usage de stupéfiants (hors AFD)",19,Corrèze,658,2.724,28
2016,9,"Usage de stupéfiants (hors AFD)",42,Loire,2068,2.714,29
2016,9,"Usage de stupéfiants (hors AFD)",2A,Corse-du-Sud,414,2.683,30
2016,9,"Usage de stupéfiants (hors AFD)",17,Charente-Maritime,1713,2.667,31
2016,9,"Usage de stupéfiants (hors AFD)",48,Lozère,202,2.643,32
2016,9,"Usage de stupéfiants (hors AFD)",80,Somme,1498,2.615,33
2016,9,"Usage de stupéfiants (hors AFD)",73,Savoie,1122,2.611,34
2016,9,"Usage de stupéfiants (hors AFD)",51,Marne,1484,2.599,35
2016,9,"Usage de stupéfiants (hors AFD)",62,Pas-de-Calais,3808,2.589,36
2016,9,"Usage de stupéfiants (hors AFD)",31,Haute-Garonne,3480,2.581,37
2016,9,"Usage de stupéfiants (hors AFD)",45,Loiret,1731,2.567,38
2016,9,"Usage de stupéfiants (hors AFD)",08,Ardennes,687,2.495,39
2016,9,"Usage de stupéfiants (hors AFD)",40,Landes,1005,2.481,40
2016,9,"Usage de stupéfiants (hors AFD)",09,Ariège,375,2.450,41
2016,9,"Usage de stupéfiants (hors AFD)",39,Jura,633,2.430,42
2016,9,"Usage de stupéfiants (hors AFD)",57,Moselle,2529,2.419,43
2016,9,"Usage de stupéfiants (hors AFD)",43,Haute-Loire,547,2.406,44
2016,9,"Usage de stupéfiants (hors AFD)",27,Eure,1450,2.405,45
2016,9,"Usage de stupéfiants (hors AFD)",64,Pyrénées-Atlantiques,1604,2.380,46
2016,9,"Usage de stupéfiants (hors AFD)",90,"Territoire de Belfort",343,2.380,46
2016,9,"Usage de stupéfiants (hors AFD)",71,Saône-et-Loire,1287,2.319,48
2016,9,"Usage de stupéfiants (hors AFD)",2B,Haute-Corse,408,2.316,49
2016,9,"Usage de stupéfiants (hors AFD)",01,Ain,1473,2.307,50
2016,9,"Usage de stupéfiants (hors AFD)",66,Pyrénées-Orientales,1084,2.285,51
2016,9,"Usage de stupéfiants (hors AFD)",44,Loire-Atlantique,3148,2.280,52
2016,9,"Usage de stupéfiants (hors AFD)",29,Finistère,2056,2.264,53
2016,9,"Usage de stupéfiants (hors AFD)",76,Seine-Maritime,2823,2.248,54
2016,9,"Usage de stupéfiants (hors AFD)",32,Gers,425,2.229,55
2016,9,"Usage de stupéfiants (hors AFD)",41,Loir-et-Cher,724,2.176,56
2016,9,"Usage de stupéfiants (hors AFD)",58,Nièvre,454,2.171,57
2016,9,"Usage de stupéfiants (hors AFD)",11,Aude,793,2.155,58
2016,9,"Usage de stupéfiants (hors AFD)",36,Indre,481,2.152,59
2016,9,"Usage de stupéfiants (hors AFD)",37,Indre-et-Loire,1298,2.141,60
2016,9,"Usage de stupéfiants (hors AFD)",86,Vienne,927,2.126,61
2016,9,"Usage de stupéfiants (hors AFD)",28,Eure-et-Loir,915,2.109,62
2016,9,"Usage de stupéfiants (hors AFD)",21,Côte-d'Or,1121,2.102,63
2016,9,"Usage de stupéfiants (hors AFD)",12,Aveyron,577,2.070,64
2016,9,"Usage de stupéfiants (hors AFD)",38,Isère,2594,2.070,64
2016,9,"Usage de stupéfiants (hors AFD)",92,Hauts-de-Seine,3312,2.066,66
2016,9,"Usage de stupéfiants (hors AFD)",60,Oise,1694,2.057,67
2016,9,"Usage de stupéfiants (hors AFD)",02,Aisne,1073,2.001,68
2016,9,"Usage de stupéfiants (hors AFD)",30,Gard,1481,1.996,69
2016,9,"Usage de stupéfiants (hors AFD)",67,Bas-Rhin,2227,1.986,70
2016,9,"Usage de stupéfiants (hors AFD)",65,Hautes-Pyrénées,450,1.975,71
2016,9,"Usage de stupéfiants (hors AFD)",72,Sarthe,1114,1.963,72
2016,9,"Usage de stupéfiants (hors AFD)",07,Ardèche,637,1.959,73
2016,9,"Usage de stupéfiants (hors AFD)",25,Doubs,1033,1.918,74
2016,9,"Usage de stupéfiants (hors AFD)",16,Charente,665,1.882,75
2016,9,"Usage de stupéfiants (hors AFD)",33,Gironde,2928,1.869,76
2016,9,"Usage de stupéfiants (hors AFD)",68,Haut-Rhin,1374,1.801,77
2016,9,"Usage de stupéfiants (hors AFD)",85,Vendée,1177,1.755,78
2016,9,"Usage de stupéfiants (hors AFD)",46,Lot,301,1.736,79
2016,9,"Usage de stupéfiants (hors AFD)",49,Maine-et-Loire,1386,1.709,80
2016,9,"Usage de stupéfiants (hors AFD)",35,Ille-et-Vilaine,1734,1.649,81
2016,9,"Usage de stupéfiants (hors AFD)",50,Manche,821,1.647,82
2016,9,"Usage de stupéfiants (hors AFD)",70,Haute-Saône,387,1.631,83
2016,9,"Usage de stupéfiants (hors AFD)",10,Aube,500,1.619,84
2016,9,"Usage de stupéfiants (hors AFD)",61,Orne,442,1.549,85
2016,9,"Usage de stupéfiants (hors AFD)",47,Lot-et-Garonne,510,1.532,86
2016,9,"Usage de stupéfiants (hors AFD)",24,Dordogne,619,1.492,87
2016,9,"Usage de stupéfiants (hors AFD)",22,Côtes-d'Armor,873,1.458,88
2016,9,"Usage de stupéfiants (hors AFD)",81,Tarn,546,1.413,89
2016,9,"Usage de stupéfiants (hors AFD)",56,Morbihan,1037,1.387,90
2016,9,"Usage de stupéfiants (hors AFD)",87,Haute-Vienne,514,1.371,91
2016,9,"Usage de stupéfiants (hors AFD)",23,Creuse,152,1.272,92
2016,9,"Usage de stupéfiants (hors AFD)",63,Puy-de-Dôme,765,1.176,93
2016,9,"Usage de stupéfiants (hors AFD)",15,Cantal,169,1.158,94
2016,9,"Usage de stupéfiants (hors AFD)",79,Deux-Sèvres,424,1.131,95
2016,9,"Usage de stupéfiants (hors AFD)",82,Tarn-et-Garonne,261,1.016,96
2016,10,"Violences physiques hors cadre familial",75,Paris,9738,4.446,1
2016,10,"Violences physiques hors cadre familial",93,Seine-Saint-Denis,6589,4.101,2
2016,10,"Violences physiques hors cadre familial",69,Rhône,5930,3.230,3
2016,10,"Violences physiques hors cadre familial",13,Bouches-du-Rhône,6472,3.204,4
2016,10,"Violences physiques hors cadre familial",59,Nord,8245,3.167,5
2016,10,"Violences physiques hors cadre familial",34,Hérault,3553,3.137,6
2016,10,"Violences physiques hors cadre familial",62,Pas-de-Calais,4603,3.130,7
2016,10,"Violences physiques hors cadre familial",51,Marne,1723,3.018,8
2016,10,"Violences physiques hors cadre familial",06,Alpes-Maritimes,3213,2.965,9
2016,10,"Violences physiques hors cadre familial",66,Pyrénées-Orientales,1399,2.949,10
2016,10,"Violences physiques hors cadre familial",90,"Territoire de Belfort",421,2.922,11
2016,10,"Violences physiques hors cadre familial",83,Var,3049,2.888,12
2016,10,"Violences physiques hors cadre familial",10,Aube,871,2.820,13
2016,10,"Violences physiques hors cadre familial",08,Ardennes,773,2.807,14
2016,10,"Violences physiques hors cadre familial",54,Meurthe-et-Moselle,2008,2.736,15
2016,10,"Violences physiques hors cadre familial",80,Somme,1567,2.736,15
2016,10,"Violences physiques hors cadre familial",95,Val-d'Oise,3299,2.700,17
2016,10,"Violences physiques hors cadre familial",25,Doubs,1451,2.694,18
2016,10,"Violences physiques hors cadre familial",89,Yonne,881,2.587,19
2016,10,"Violences physiques hors cadre familial",52,Haute-Marne,460,2.583,20
2016,10,"Violences physiques hors cadre familial",26,Drôme,1271,2.502,21
2016,10,"Violences physiques hors cadre familial",60,Oise,2052,2.492,22
2016,10,"Violences physiques hors cadre familial",45,Loiret,1675,2.484,23
2016,10,"Violences physiques hors cadre familial",84,Vaucluse,1384,2.476,24
2016,10,"Violences physiques hors cadre familial",94,Val-de-Marne,3371,2.446,25
2016,10,"Violences physiques hors cadre familial",68,Haut-Rhin,1860,2.439,26
2016,10,"Violences physiques hors cadre familial",38,Isère,3052,2.436,27
2016,10,"Violences physiques hors cadre familial",11,Aude,885,2.405,28
2016,10,"Violences physiques hors cadre familial",02,Aisne,1287,2.401,29
2016,10,"Violences physiques hors cadre familial",91,Essonne,3060,2.377,30
2016,10,"Violences physiques hors cadre familial",77,Seine-et-Marne,3302,2.363,31
2016,10,"Violences physiques hors cadre familial",42,Loire,1783,2.340,32
2016,10,"Violences physiques hors cadre familial",70,Haute-Saône,554,2.335,33
2016,10,"Violences physiques hors cadre familial",76,Seine-Maritime,2927,2.331,34
2016,10,"Violences physiques hors cadre familial",55,Meuse,440,2.327,35
2016,10,"Violences physiques hors cadre familial",33,Gironde,3638,2.322,36
2016,10,"Violences physiques hors cadre familial",31,Haute-Garonne,3111,2.308,37
2016,10,"Violences physiques hors cadre familial",2A,Corse-du-Sud,355,2.301,38
2016,10,"Violences physiques hors cadre familial",27,Eure,1361,2.258,39
2016,10,"Violences physiques hors cadre familial",30,Gard,1627,2.193,40
2016,10,"Violences physiques hors cadre familial",04,Alpes-de-Haute-Provence,352,2.165,41
2016,10,"Violences physiques hors cadre familial",88,Vosges,793,2.145,42
2016,10,"Violences physiques hors cadre familial",67,Bas-Rhin,2392,2.133,43
2016,10,"Violences physiques hors cadre familial",57,Moselle,2226,2.130,44
2016,10,"Violences physiques hors cadre familial",05,Hautes-Alpes,300,2.126,45
2016,10,"Violences physiques hors cadre familial",09,Ariège,324,2.117,46
2016,10,"Violences physiques hors cadre familial",44,Loire-Atlantique,2915,2.111,47
2016,10,"Violences physiques hors cadre familial",73,Savoie,902,2.099,48
2016,10,"Violences physiques hors cadre familial",72,Sarthe,1184,2.086,49
2016,10,"Violences physiques hors cadre familial",78,Yvelines,2946,2.058,50
2016,10,"Violences physiques hors cadre familial",61,Orne,582,2.040,51
2016,10,"Violences physiques hors cadre familial",28,Eure-et-Loir,876,2.019,52
2016,10,"Violences physiques hors cadre familial",36,Indre,447,2.000,53
2016,10,"Violences physiques hors cadre familial",47,Lot-et-Garonne,665,1.998,54
2016,10,"Violences physiques hors cadre familial",14,Calvados,1372,1.978,55
2016,10,"Violences physiques hors cadre familial",21,Côte-d'Or,1051,1.971,56
2016,10,"Violences physiques hors cadre familial",92,Hauts-de-Seine,3089,1.927,57
2016,10,"Violences physiques hors cadre familial",71,Saône-et-Loire,1063,1.915,58
2016,10,"Violences physiques hors cadre familial",18,Cher,579,1.885,59
2016,10,"Violences physiques hors cadre familial",2B,Haute-Corse,331,1.879,60
2016,10,"Violences physiques hors cadre familial",16,Charente,652,1.846,61
2016,10,"Violences physiques hors cadre familial",82,Tarn-et-Garonne,471,1.833,62
2016,10,"Violences physiques hors cadre familial",35,Ille-et-Vilaine,1880,1.787,63
2016,10,"Violences physiques hors cadre familial",41,Loir-et-Cher,583,1.752,64
2016,10,"Violences physiques hors cadre familial",58,Nièvre,361,1.726,65
2016,10,"Violences physiques hors cadre familial",74,Haute-Savoie,1361,1.698,66
2016,10,"Violences physiques hors cadre familial",17,Charente-Maritime,1088,1.694,67
2016,10,"Violences physiques hors cadre familial",87,Haute-Vienne,635,1.693,68
2016,10,"Violences physiques hors cadre familial",39,Jura,438,1.681,69
2016,10,"Violences physiques hors cadre familial",19,Corrèze,401,1.660,70
2016,10,"Violences physiques hors cadre familial",29,Finistère,1502,1.654,71
2016,10,"Violences physiques hors cadre familial",03,Allier,552,1.626,72
2016,10,"Violences physiques hors cadre familial",81,Tarn,622,1.610,73
2016,10,"Violences physiques hors cadre familial",07,Ardèche,517,1.590,74
2016,10,"Violences physiques hors cadre familial",86,Vienne,691,1.585,75
2016,10,"Violences physiques hors cadre familial",63,Puy-de-Dôme,1031,1.584,76
2016,10,"Violences physiques hors cadre familial",65,Hautes-Pyrénées,356,1.563,77
2016,10,"Violences physiques hors cadre familial",37,Indre-et-Loire,938,1.547,78
2016,10,"Violences physiques hors cadre familial",01,Ain,971,1.521,79
2016,10,"Violences physiques hors cadre familial",49,Maine-et-Loire,1232,1.519,80
2016,10,"Violences physiques hors cadre familial",56,Morbihan,1135,1.518,81
2016,10,"Violences physiques hors cadre familial",40,Landes,607,1.499,82
2016,10,"Violences physiques hors cadre familial",23,Creuse,179,1.498,83
2016,10,"Violences physiques hors cadre familial",43,Haute-Loire,335,1.474,84
2016,10,"Violences physiques hors cadre familial",50,Manche,718,1.441,85
2016,10,"Violences physiques hors cadre familial",24,Dordogne,597,1.439,86
2016,10,"Violences physiques hors cadre familial",64,Pyrénées-Atlantiques,954,1.415,87
2016,10,"Violences physiques hors cadre familial",22,Côtes-d'Armor,834,1.392,88
2016,10,"Violences physiques hors cadre familial",79,Deux-Sèvres,500,1.334,89
2016,10,"Violences physiques hors cadre familial",12,Aveyron,371,1.331,90
2016,10,"Violences physiques hors cadre familial",85,Vendée,876,1.306,91
2016,10,"Violences physiques hors cadre familial",48,Lozère,97,1.269,92
2016,10,"Violences physiques hors cadre familial",53,Mayenne,384,1.248,93
2016,10,"Violences physiques hors cadre familial",46,Lot,214,1.235,94
2016,10,"Violences physiques hors cadre familial",32,Gers,230,1.206,95
2016,10,"Violences physiques hors cadre familial",15,Cantal,173,1.185,96
2016,11,"Violences physiques intrafamiliales",93,Seine-Saint-Denis,4772,2.970,1
2016,11,"Violences physiques intrafamiliales",89,Yonne,838,2.461,2
2016,11,"Violences physiques intrafamiliales",62,Pas-de-Calais,3610,2.455,3
2016,11,"Violences physiques intrafamiliales",77,Seine-et-Marne,3311,2.369,4
2016,11,"Violences physiques intrafamiliales",59,Nord,5732,2.201,5
2016,11,"Violences physiques intrafamiliales",94,Val-de-Marne,3019,2.191,6
2016,11,"Violences physiques intrafamiliales",02,Aisne,1160,2.164,7
2016,11,"Violences physiques intrafamiliales",06,Alpes-Maritimes,2327,2.147,8
2016,11,"Violences physiques intrafamiliales",95,Val-d'Oise,2531,2.071,9
2016,11,"Violences physiques intrafamiliales",60,Oise,1691,2.053,10
2016,11,"Violences physiques intrafamiliales",91,Essonne,2600,2.020,11
2016,11,"Violences physiques intrafamiliales",10,Aube,622,2.014,12
2016,11,"Violences physiques intrafamiliales",83,Var,2104,1.993,13
2016,11,"Violences physiques intrafamiliales",80,Somme,1115,1.947,14
2016,11,"Violences physiques intrafamiliales",90,"Territoire de Belfort",275,1.909,15
2016,11,"Violences physiques intrafamiliales",13,Bouches-du-Rhône,3835,1.899,16
2016,11,"Violences physiques intrafamiliales",45,Loiret,1271,1.885,17
2016,11,"Violences physiques intrafamiliales",51,Marne,1067,1.869,18
2016,11,"Violences physiques intrafamiliales",66,Pyrénées-Orientales,886,1.868,19
2016,11,"Violences physiques intrafamiliales",72,Sarthe,1040,1.832,20
2016,11,"Violences physiques intrafamiliales",28,Eure-et-Loir,794,1.830,21
2016,11,"Violences physiques intrafamiliales",27,Eure,1100,1.825,22
2016,11,"Violences physiques intrafamiliales",25,Doubs,940,1.745,23
2016,11,"Violences physiques intrafamiliales",92,Hauts-de-Seine,2797,1.745,23
2016,11,"Violences physiques intrafamiliales",69,Rhône,3170,1.727,25
2016,11,"Violences physiques intrafamiliales",78,Yvelines,2468,1.724,26
2016,11,"Violences physiques intrafamiliales",76,Seine-Maritime,2154,1.715,27
2016,11,"Violences physiques intrafamiliales",09,Ariège,260,1.699,28
2016,11,"Violences physiques intrafamiliales",16,Charente,597,1.690,29
2016,11,"Violences physiques intrafamiliales",84,Vaucluse,934,1.671,30
2016,11,"Violences physiques intrafamiliales",11,Aude,612,1.663,31
2016,11,"Violences physiques intrafamiliales",70,Haute-Saône,394,1.661,32
2016,11,"Violences physiques intrafamiliales",31,Haute-Garonne,2223,1.649,33
2016,11,"Violences physiques intrafamiliales",67,Bas-Rhin,1838,1.639,34
2016,11,"Violences physiques intrafamiliales",34,Hérault,1824,1.611,35
2016,11,"Violences physiques intrafamiliales",30,Gard,1186,1.598,36
2016,11,"Violences physiques intrafamiliales",33,Gironde,2463,1.572,37
2016,11,"Violences physiques intrafamiliales",08,Ardennes,422,1.532,38
2016,11,"Violences physiques intrafamiliales",61,Orne,436,1.528,39
2016,11,"Violences physiques intrafamiliales",26,Drôme,771,1.518,40
2016,11,"Violences physiques intrafamiliales",54,Meurthe-et-Moselle,1108,1.510,41
2016,11,"Violences physiques intrafamiliales",75,Paris,3307,1.510,41
2016,11,"Violences physiques intrafamiliales",05,Hautes-Alpes,213,1.509,43
2016,11,"Violences physiques intrafamiliales",52,Haute-Marne,267,1.499,44
2016,11,"Violences physiques intrafamiliales",68,Haut-Rhin,1142,1.497,45
2016,11,"Violences physiques intrafamiliales",14,Calvados,1020,1.470,46
2016,11,"Violences physiques intrafamiliales",86,Vienne,640,1.468,47
2016,11,"Violences physiques intrafamiliales",53,Mayenne,450,1.463,48
2016,11,"Violences physiques intrafamiliales",38,Isère,1826,1.457,49
2016,11,"Violences physiques intrafamiliales",82,Tarn-et-Garonne,371,1.444,50
2016,11,"Violences physiques intrafamiliales",55,Meuse,270,1.428,51
2016,11,"Violences physiques intrafamiliales",44,Loire-Atlantique,1966,1.424,52
2016,11,"Violences physiques intrafamiliales",47,Lot-et-Garonne,473,1.421,53
2016,11,"Violences physiques intrafamiliales",57,Moselle,1465,1.402,54
2016,11,"Violences physiques intrafamiliales",42,Loire,1066,1.399,55
2016,11,"Violences physiques intrafamiliales",37,Indre-et-Loire,840,1.386,56
2016,11,"Violences physiques intrafamiliales",01,Ain,881,1.380,57
2016,11,"Violences physiques intrafamiliales",03,Allier,466,1.373,58
2016,11,"Violences physiques intrafamiliales",85,Vendée,921,1.373,58
2016,11,"Violences physiques intrafamiliales",17,Charente-Maritime,878,1.367,60
2016,11,"Violences physiques intrafamiliales",58,Nièvre,284,1.358,61
2016,11,"Violences physiques intrafamiliales",19,Corrèze,324,1.341,62
2016,11,"Violences physiques intrafamiliales",41,Loir-et-Cher,446,1.340,63
2016,11,"Violences physiques intrafamiliales",18,Cher,409,1.332,64
2016,11,"Violences physiques intrafamiliales",21,Côte-d'Or,702,1.317,65
2016,11,"Violences physiques intrafamiliales",07,Ardèche,428,1.316,66
2016,11,"Violences physiques intrafamiliales",04,Alpes-de-Haute-Provence,213,1.310,67
2016,11,"Violences physiques intrafamiliales",74,Haute-Savoie,1049,1.309,68
2016,11,"Violences physiques intrafamiliales",88,Vosges,484,1.309,68
2016,11,"Violences physiques intrafamiliales",12,Aveyron,363,1.302,70
2016,11,"Violences physiques intrafamiliales",35,Ille-et-Vilaine,1344,1.278,71
2016,11,"Violences physiques intrafamiliales",39,Jura,332,1.274,72
2016,11,"Violences physiques intrafamiliales",2B,Haute-Corse,224,1.272,73
2016,11,"Violences physiques intrafamiliales",71,Saône-et-Loire,706,1.272,73
2016,11,"Violences physiques intrafamiliales",15,Cantal,185,1.267,75
2016,11,"Violences physiques intrafamiliales",22,Côtes-d'Armor,752,1.256,76
2016,11,"Violences physiques intrafamiliales",2A,Corse-du-Sud,193,1.251,77
2016,11,"Violences physiques intrafamiliales",36,Indre,279,1.248,78
2016,11,"Violences physiques intrafamiliales",73,Savoie,532,1.238,79
2016,11,"Violences physiques intrafamiliales",40,Landes,501,1.237,80
2016,11,"Violences physiques intrafamiliales",50,Manche,606,1.216,81
2016,11,"Violences physiques intrafamiliales",49,Maine-et-Loire,977,1.205,82
2016,11,"Violences physiques intrafamiliales",87,Haute-Vienne,452,1.205,82
2016,11,"Violences physiques intrafamiliales",63,Puy-de-Dôme,774,1.189,84
2016,11,"Violences physiques intrafamiliales",56,Morbihan,881,1.179,85
2016,11,"Violences physiques intrafamiliales",79,Deux-Sèvres,438,1.169,86
2016,11,"Violences physiques intrafamiliales",81,Tarn,449,1.162,87
2016,11,"Violences physiques intrafamiliales",29,Finistère,1045,1.151,88
2016,11,"Violences physiques intrafamiliales",65,Hautes-Pyrénées,257,1.128,89
2016,11,"Violences physiques intrafamiliales",48,Lozère,84,1.099,90
2016,11,"Violences physiques intrafamiliales",43,Haute-Loire,243,1.069,91
2016,11,"Violences physiques intrafamiliales",64,Pyrénées-Atlantiques,709,1.052,92
2016,11,"Violences physiques intrafamiliales",24,Dordogne,434,1.046,93
2016,11,"Violences physiques intrafamiliales",32,Gers,196,1.028,94
2016,11,"Violences physiques intrafamiliales",46,Lot,174,1.004,95
2016,11,"Violences physiques intrafamiliales",23,Creuse,110,0.920,96
2016,12,"Violences sexuelles",75,Paris,2871,1.311,1
2016,12,"Violences sexuelles",61,Orne,310,1.087,2
2016,12,"Violences sexuelles",62,Pas-de-Calais,1546,1.051,3
2016,12,"Violences sexuelles",72,Sarthe,591,1.041,4
2016,12,"Violences sexuelles",90,"Territoire de Belfort",143,0.992,5
2016,12,"Violences sexuelles",28,Eure-et-Loir,426,0.982,6
2016,12,"Violences sexuelles",59,Nord,2542,0.976,7
2016,12,"Violences sexuelles",52,Haute-Marne,173,0.971,8
2016,12,"Violences sexuelles",16,Charente,335,0.948,9
2016,12,"Violences sexuelles",33,Gironde,1418,0.905,10
2016,12,"Violences sexuelles",02,Aisne,482,0.899,11
2016,12,"Violences sexuelles",45,Loiret,606,0.899,11
2016,12,"Violences sexuelles",70,Haute-Saône,212,0.894,13
2016,12,"Violences sexuelles",51,Marne,510,0.893,14
2016,12,"Violences sexuelles",39,Jura,232,0.891,15
2016,12,"Violences sexuelles",89,Yonne,300,0.881,16
2016,12,"Violences sexuelles",49,Maine-et-Loire,701,0.864,17
2016,12,"Violences sexuelles",93,Seine-Saint-Denis,1377,0.857,18
2016,12,"Violences sexuelles",08,Ardennes,234,0.850,19
2016,12,"Violences sexuelles",50,Manche,423,0.849,20
2016,12,"Violences sexuelles",18,Cher,254,0.827,21
2016,12,"Violences sexuelles",76,Seine-Maritime,1037,0.826,22
2016,12,"Violences sexuelles",80,Somme,471,0.822,23
2016,12,"Violences sexuelles",10,Aube,252,0.816,24
2016,12,"Violences sexuelles",14,Calvados,559,0.806,25
2016,12,"Violences sexuelles",60,Oise,659,0.800,26
2016,12,"Violences sexuelles",27,Eure,481,0.798,27
2016,12,"Violences sexuelles",34,Hérault,896,0.791,28
2016,12,"Violences sexuelles",17,Charente-Maritime,500,0.779,29
2016,12,"Violences sexuelles",54,Meurthe-et-Moselle,572,0.779,29
2016,12,"Violences sexuelles",09,Ariège,119,0.777,31
2016,12,"Violences sexuelles",84,Vaucluse,429,0.767,32
2016,12,"Violences sexuelles",66,Pyrénées-Orientales,362,0.763,33
2016,12,"Violences sexuelles",25,Doubs,408,0.758,34
2016,12,"Violences sexuelles",95,Val-d'Oise,921,0.754,35
2016,12,"Violences sexuelles",11,Aude,277,0.753,36
2016,12,"Violences sexuelles",24,Dordogne,312,0.752,37
2016,12,"Violences sexuelles",53,Mayenne,231,0.751,38
2016,12,"Violences sexuelles",41,Loir-et-Cher,249,0.748,39
2016,12,"Violences sexuelles",69,Rhône,1373,0.748,39
2016,12,"Violences sexuelles",44,Loire-Atlantique,1031,0.747,41
2016,12,"Violences sexuelles",82,Tarn-et-Garonne,192,0.747,41
2016,12,"Violences sexuelles",35,Ille-et-Vilaine,784,0.745,43
2016,12,"Violences sexuelles",79,Deux-Sèvres,278,0.742,44
2016,12,"Violences sexuelles",73,Savoie,315,0.733,45
2016,12,"Violences sexuelles",06,Alpes-Maritimes,792,0.731,46
2016,12,"Violences sexuelles",21,Côte-d'Or,387,0.726,47
2016,12,"Violences sexuelles",77,Seine-et-Marne,1006,0.720,48
2016,12,"Violences sexuelles",13,Bouches-du-Rhône,1449,0.717,49
2016,12,"Violences sexuelles",31,Haute-Garonne,964,0.715,50
2016,12,"Violences sexuelles",37,Indre-et-Loire,433,0.714,51
2016,12,"Violences sexuelles",87,Haute-Vienne,265,0.707,52
2016,12,"Violences sexuelles",86,Vienne,305,0.699,53
2016,12,"Violences sexuelles",38,Isère,873,0.697,54
2016,12,"Violences sexuelles",83,Var,736,0.697,54
2016,12,"Violences sexuelles",67,Bas-Rhin,778,0.694,56
2016,12,"Violences sexuelles",88,Vosges,256,0.693,57
2016,12,"Violences sexuelles",22,Côtes-d'Armor,414,0.691,58
2016,12,"Violences sexuelles",23,Creuse,82,0.686,59
2016,12,"Violences sexuelles",36,Indre,153,0.685,60
2016,12,"Violences sexuelles",78,Yvelines,974,0.680,61
2016,12,"Violences sexuelles",55,Meuse,128,0.677,62
2016,12,"Violences sexuelles",26,Drôme,343,0.675,63
2016,12,"Violences sexuelles",85,Vendée,452,0.674,64
2016,12,"Violences sexuelles",29,Finistère,609,0.671,65
2016,12,"Violences sexuelles",42,Loire,509,0.668,66
2016,12,"Violences sexuelles",92,Hauts-de-Seine,1071,0.668,66
2016,12,"Violences sexuelles",47,Lot-et-Garonne,221,0.664,68
2016,12,"Violences sexuelles",94,Val-de-Marne,908,0.659,69
2016,12,"Violences sexuelles",30,Gard,488,0.658,70
2016,12,"Violences sexuelles",91,Essonne,839,0.652,71
2016,12,"Violences sexuelles",74,Haute-Savoie,522,0.651,72
2016,12,"Violences sexuelles",40,Landes,263,0.649,73
2016,12,"Violences sexuelles",19,Corrèze,156,0.646,74
2016,12,"Violences sexuelles",46,Lot,112,0.646,74
2016,12,"Violences sexuelles",03,Allier,219,0.645,76
2016,12,"Violences sexuelles",68,Haut-Rhin,476,0.624,77
2016,12,"Violences sexuelles",01,Ain,397,0.622,78
2016,12,"Violences sexuelles",57,Moselle,644,0.616,79
2016,12,"Violences sexuelles",56,Morbihan,458,0.613,80
2016,12,"Violences sexuelles",04,Alpes-de-Haute-Provence,99,0.609,81
2016,12,"Violences sexuelles",58,Nièvre,127,0.607,82
2016,12,"Violences sexuelles",2A,Corse-du-Sud,91,0.590,83
2016,12,"Violences sexuelles",63,Puy-de-Dôme,384,0.590,83
2016,12,"Violences sexuelles",12,Aveyron,164,0.588,85
2016,12,"Violences sexuelles",43,Haute-Loire,132,0.581,86
2016,12,"Violences sexuelles",07,Ardèche,188,0.578,87
2016,12,"Violences sexuelles",32,Gers,107,0.561,88
2016,12,"Violences sexuelles",81,Tarn,214,0.554,89
2016,12,"Violences sexuelles",71,Saône-et-Loire,301,0.542,90
2016,12,"Violences sexuelles",15,Cantal,78,0.534,91
2016,12,"Violences sexuelles",64,Pyrénées-Atlantiques,356,0.528,92
2016,12,"Violences sexuelles",05,Hautes-Alpes,73,0.517,93
2016,12,"Violences sexuelles",2B,Haute-Corse,91,0.517,93
2016,12,"Violences sexuelles",65,Hautes-Pyrénées,114,0.500,95
2016,12,"Violences sexuelles",48,Lozère,38,0.497,96
2016,13,"Vols avec armes",93,Seine-Saint-Denis,724,0.451,1
2016,13,"Vols avec armes",13,Bouches-du-Rhône,772,0.382,2
2016,13,"Vols avec armes",75,Paris,834,0.381,3
2016,13,"Vols avec armes",95,Val-d'Oise,328,0.268,4
2016,13,"Vols avec armes",94,Val-de-Marne,332,0.241,5
2016,13,"Vols avec armes",69,Rhône,382,0.208,6
2016,13,"Vols avec armes",77,Seine-et-Marne,276,0.197,7
2016,13,"Vols avec armes",91,Essonne,245,0.190,8
2016,13,"Vols avec armes",92,Hauts-de-Seine,287,0.179,9
2016,13,"Vols avec armes",38,Isère,218,0.174,10
2016,13,"Vols avec armes",34,Hérault,194,0.171,11
2016,13,"Vols avec armes",59,Nord,438,0.168,12
2016,13,"Vols avec armes",2A,Corse-du-Sud,24,0.156,13
2016,13,"Vols avec armes",44,Loire-Atlantique,216,0.156,13
2016,13,"Vols avec armes",25,Doubs,82,0.152,15
2016,13,"Vols avec armes",10,Aube,41,0.133,16
2016,13,"Vols avec armes",60,Oise,108,0.131,17
2016,13,"Vols avec armes",31,Haute-Garonne,175,0.130,18
2016,13,"Vols avec armes",62,Pas-de-Calais,190,0.129,19
2016,13,"Vols avec armes",11,Aude,42,0.114,20
2016,13,"Vols avec armes",66,Pyrénées-Orientales,54,0.114,20
2016,13,"Vols avec armes",06,Alpes-Maritimes,123,0.113,22
2016,13,"Vols avec armes",83,Var,118,0.112,23
2016,13,"Vols avec armes",51,Marne,63,0.110,24
2016,13,"Vols avec armes",33,Gironde,170,0.109,25
2016,13,"Vols avec armes",84,Vaucluse,60,0.107,26
2016,13,"Vols avec armes",26,Drôme,52,0.102,27
2016,13,"Vols avec armes",30,Gard,76,0.102,27
2016,13,"Vols avec armes",45,Loiret,66,0.098,29
2016,13,"Vols avec armes",78,Yvelines,137,0.096,30
2016,13,"Vols avec armes",18,Cher,28,0.091,31
2016,13,"Vols avec armes",2B,Haute-Corse,16,0.091,31
2016,13,"Vols avec armes",73,Savoie,37,0.086,33
2016,13,"Vols avec armes",80,Somme,49,0.086,33
2016,13,"Vols avec armes",42,Loire,63,0.083,35
2016,13,"Vols avec armes",57,Moselle,87,0.083,35
2016,13,"Vols avec armes",76,Seine-Maritime,103,0.082,37
2016,13,"Vols avec armes",89,Yonne,28,0.082,37
2016,13,"Vols avec armes",67,Bas-Rhin,86,0.077,39
2016,13,"Vols avec armes",90,"Territoire de Belfort",11,0.076,40
2016,13,"Vols avec armes",41,Loir-et-Cher,25,0.075,41
2016,13,"Vols avec armes",72,Sarthe,42,0.074,42
2016,13,"Vols avec armes",17,Charente-Maritime,47,0.073,43
2016,13,"Vols avec armes",29,Finistère,66,0.073,43
2016,13,"Vols avec armes",37,Indre-et-Loire,42,0.069,45
2016,13,"Vols avec armes",87,Haute-Vienne,26,0.069,45
2016,13,"Vols avec armes",74,Haute-Savoie,54,0.067,47
2016,13,"Vols avec armes",63,Puy-de-Dôme,43,0.066,48
2016,13,"Vols avec armes",02,Aisne,35,0.065,49
2016,13,"Vols avec armes",05,Hautes-Alpes,9,0.064,50
2016,13,"Vols avec armes",08,Ardennes,17,0.062,51
2016,13,"Vols avec armes",49,Maine-et-Loire,49,0.060,52
2016,13,"Vols avec armes",54,Meurthe-et-Moselle,44,0.060,52
2016,13,"Vols avec armes",81,Tarn,23,0.060,52
2016,13,"Vols avec armes",07,Ardèche,19,0.058,55
2016,13,"Vols avec armes",35,Ille-et-Vilaine,61,0.058,55
2016,13,"Vols avec armes",27,Eure,34,0.056,57
2016,13,"Vols avec armes",70,Haute-Saône,13,0.055,58
2016,13,"Vols avec armes",14,Calvados,35,0.050,59
2016,13,"Vols avec armes",68,Haut-Rhin,38,0.050,59
2016,13,"Vols avec armes",01,Ain,31,0.049,61
2016,13,"Vols avec armes",04,Alpes-de-Haute-Provence,8,0.049,61
2016,13,"Vols avec armes",71,Saône-et-Loire,27,0.049,61
2016,13,"Vols avec armes",16,Charente,17,0.048,64
2016,13,"Vols avec armes",47,Lot-et-Garonne,16,0.048,64
2016,13,"Vols avec armes",79,Deux-Sèvres,18,0.048,64
2016,13,"Vols avec armes",21,Côte-d'Or,25,0.047,67
2016,13,"Vols avec armes",61,Orne,13,0.046,68
2016,13,"Vols avec armes",03,Allier,15,0.044,69
2016,13,"Vols avec armes",28,Eure-et-Loir,18,0.041,70
2016,13,"Vols avec armes",65,Hautes-Pyrénées,9,0.040,71
2016,13,"Vols avec armes",64,Pyrénées-Atlantiques,26,0.039,72
2016,13,"Vols avec armes",58,Nièvre,8,0.038,73
2016,13,"Vols avec armes",19,Corrèze,9,0.037,74
2016,13,"Vols avec armes",55,Meuse,7,0.037,74
2016,13,"Vols avec armes",88,Vosges,13,0.035,76
2016,13,"Vols avec armes",24,Dordogne,14,0.034,77
2016,13,"Vols avec armes",52,Haute-Marne,6,0.034,77
2016,13,"Vols avec armes",86,Vienne,15,0.034,77
2016,13,"Vols avec armes",56,Morbihan,23,0.031,80
2016,13,"Vols avec armes",22,Côtes-d'Armor,18,0.030,81
2016,13,"Vols avec armes",50,Manche,15,0.030,81
2016,13,"Vols avec armes",39,Jura,7,0.027,83
2016,13,"Vols avec armes",82,Tarn-et-Garonne,7,0.027,83
2016,13,"Vols avec armes",32,Gers,5,0.026,85
2016,13,"Vols avec armes",53,Mayenne,8,0.026,85
2016,13,"Vols avec armes",12,Aveyron,7,0.025,87
2016,13,"Vols avec armes",23,Creuse,3,0.025,87
2016,13,"Vols avec armes",85,Vendée,16,0.024,89
2016,13,"Vols avec armes",43,Haute-Loire,5,0.022,90
2016,13,"Vols avec armes",40,Landes,7,0.017,91
2016,13,"Vols avec armes",15,Cantal,2,0.014,92
2016,13,"Vols avec armes",09,Ariège,2,0.013,93
2016,13,"Vols avec armes",48,Lozère,1,0.013,93
2016,13,"Vols avec armes",46,Lot,2,0.012,95
2016,13,"Vols avec armes",36,Indre,2,0.009,96
2016,14,"Vols d'accessoires sur véhicules",13,Bouches-du-Rhône,6389,3.163,1
2016,14,"Vols d'accessoires sur véhicules",44,Loire-Atlantique,4014,2.907,2
2016,14,"Vols d'accessoires sur véhicules",60,Oise,2340,2.841,3
2016,14,"Vols d'accessoires sur véhicules",26,Drôme,1267,2.494,4
2016,14,"Vols d'accessoires sur véhicules",91,Essonne,2858,2.220,5
2016,14,"Vols d'accessoires sur véhicules",94,Val-de-Marne,3000,2.177,6
2016,14,"Vols d'accessoires sur véhicules",95,Val-d'Oise,2645,2.165,7
2016,14,"Vols d'accessoires sur véhicules",34,Hérault,2440,2.155,8
2016,14,"Vols d'accessoires sur véhicules",30,Gard,1595,2.150,9
2016,14,"Vols d'accessoires sur véhicules",69,Rhône,3921,2.136,10
2016,14,"Vols d'accessoires sur véhicules",93,Seine-Saint-Denis,3424,2.131,11
2016,14,"Vols d'accessoires sur véhicules",38,Isère,2665,2.127,12
2016,14,"Vols d'accessoires sur véhicules",59,Nord,5532,2.125,13
2016,14,"Vols d'accessoires sur véhicules",78,Yvelines,3029,2.116,14
2016,14,"Vols d'accessoires sur véhicules",77,Seine-et-Marne,2951,2.111,15
2016,14,"Vols d'accessoires sur véhicules",51,Marne,1182,2.070,16
2016,14,"Vols d'accessoires sur véhicules",66,Pyrénées-Orientales,948,1.998,17
2016,14,"Vols d'accessoires sur véhicules",49,Maine-et-Loire,1601,1.974,18
2016,14,"Vols d'accessoires sur véhicules",84,Vaucluse,1081,1.934,19
2016,14,"Vols d'accessoires sur véhicules",37,Indre-et-Loire,1170,1.930,20
2016,14,"Vols d'accessoires sur véhicules",11,Aude,691,1.878,21
2016,14,"Vols d'accessoires sur véhicules",31,Haute-Garonne,2471,1.833,22
2016,14,"Vols d'accessoires sur véhicules",86,Vienne,780,1.789,23
2016,14,"Vols d'accessoires sur véhicules",52,Haute-Marne,316,1.774,24
2016,14,"Vols d'accessoires sur véhicules",45,Loiret,1184,1.756,25
2016,14,"Vols d'accessoires sur véhicules",89,Yonne,596,1.750,26
2016,14,"Vols d'accessoires sur véhicules",76,Seine-Maritime,2094,1.668,27
2016,14,"Vols d'accessoires sur véhicules",17,Charente-Maritime,1051,1.637,28
2016,14,"Vols d'accessoires sur véhicules",41,Loir-et-Cher,544,1.635,29
2016,14,"Vols d'accessoires sur véhicules",33,Gironde,2538,1.620,30
2016,14,"Vols d'accessoires sur véhicules",72,Sarthe,901,1.587,31
2016,14,"Vols d'accessoires sur véhicules",42,Loire,1199,1.573,32
2016,14,"Vols d'accessoires sur véhicules",27,Eure,940,1.559,33
2016,14,"Vols d'accessoires sur véhicules",01,Ain,984,1.541,34
2016,14,"Vols d'accessoires sur véhicules",62,Pas-de-Calais,2244,1.526,35
2016,14,"Vols d'accessoires sur véhicules",83,Var,1556,1.474,36
2016,14,"Vols d'accessoires sur véhicules",71,Saône-et-Loire,808,1.456,37
2016,14,"Vols d'accessoires sur véhicules",92,Hauts-de-Seine,2329,1.453,38
2016,14,"Vols d'accessoires sur véhicules",58,Nièvre,303,1.449,39
2016,14,"Vols d'accessoires sur véhicules",61,Orne,412,1.444,40
2016,14,"Vols d'accessoires sur véhicules",53,Mayenne,444,1.443,41
2016,14,"Vols d'accessoires sur véhicules",02,Aisne,771,1.438,42
2016,14,"Vols d'accessoires sur véhicules",21,Côte-d'Or,759,1.423,43
2016,14,"Vols d'accessoires sur véhicules",04,Alpes-de-Haute-Provence,231,1.421,44
2016,14,"Vols d'accessoires sur véhicules",80,Somme,814,1.421,44
2016,14,"Vols d'accessoires sur véhicules",2A,Corse-du-Sud,219,1.419,46
2016,14,"Vols d'accessoires sur véhicules",06,Alpes-Maritimes,1511,1.394,47
2016,14,"Vols d'accessoires sur véhicules",10,Aube,428,1.386,48
2016,14,"Vols d'accessoires sur véhicules",55,Meuse,257,1.359,49
2016,14,"Vols d'accessoires sur véhicules",56,Morbihan,1006,1.346,50
2016,14,"Vols d'accessoires sur véhicules",35,Ille-et-Vilaine,1409,1.340,51
2016,14,"Vols d'accessoires sur véhicules",65,Hautes-Pyrénées,303,1.330,52
2016,14,"Vols d'accessoires sur véhicules",18,Cher,402,1.309,53
2016,14,"Vols d'accessoires sur véhicules",07,Ardèche,425,1.307,54
2016,14,"Vols d'accessoires sur véhicules",82,Tarn-et-Garonne,331,1.288,55
2016,14,"Vols d'accessoires sur véhicules",28,Eure-et-Loir,558,1.286,56
2016,14,"Vols d'accessoires sur véhicules",63,Puy-de-Dôme,820,1.260,57
2016,14,"Vols d'accessoires sur véhicules",08,Ardennes,343,1.246,58
2016,14,"Vols d'accessoires sur véhicules",87,Haute-Vienne,466,1.243,59
2016,14,"Vols d'accessoires sur véhicules",54,Meurthe-et-Moselle,895,1.220,60
2016,14,"Vols d'accessoires sur véhicules",2B,Haute-Corse,207,1.175,61
2016,14,"Vols d'accessoires sur véhicules",73,Savoie,504,1.173,62
2016,14,"Vols d'accessoires sur véhicules",75,Paris,2525,1.153,63
2016,14,"Vols d'accessoires sur véhicules",16,Charente,400,1.132,64
2016,14,"Vols d'accessoires sur véhicules",36,Indre,248,1.110,65
2016,14,"Vols d'accessoires sur véhicules",25,Doubs,590,1.096,66
2016,14,"Vols d'accessoires sur véhicules",40,Landes,440,1.086,67
2016,14,"Vols d'accessoires sur véhicules",14,Calvados,743,1.071,68
2016,14,"Vols d'accessoires sur véhicules",03,Allier,354,1.043,69
2016,14,"Vols d'accessoires sur véhicules",32,Gers,189,0.991,70
2016,14,"Vols d'accessoires sur véhicules",74,Haute-Savoie,790,0.986,71
2016,14,"Vols d'accessoires sur véhicules",79,Deux-Sèvres,355,0.947,72
2016,14,"Vols d'accessoires sur véhicules",88,Vosges,350,0.947,72
2016,14,"Vols d'accessoires sur véhicules",09,Ariège,142,0.928,74
2016,14,"Vols d'accessoires sur véhicules",57,Moselle,970,0.928,74
2016,14,"Vols d'accessoires sur véhicules",39,Jura,240,0.921,76
2016,14,"Vols d'accessoires sur véhicules",85,Vendée,612,0.913,77
2016,14,"Vols d'accessoires sur véhicules",90,"Territoire de Belfort",131,0.909,78
2016,14,"Vols d'accessoires sur véhicules",05,Hautes-Alpes,128,0.907,79
2016,14,"Vols d'accessoires sur véhicules",29,Finistère,810,0.892,80
2016,14,"Vols d'accessoires sur véhicules",64,Pyrénées-Atlantiques,568,0.843,81
2016,14,"Vols d'accessoires sur véhicules",19,Corrèze,203,0.840,82
2016,14,"Vols d'accessoires sur véhicules",70,Haute-Saône,199,0.839,83
2016,14,"Vols d'accessoires sur véhicules",47,Lot-et-Garonne,279,0.838,84
2016,14,"Vols d'accessoires sur véhicules",81,Tarn,315,0.815,85
2016,14,"Vols d'accessoires sur véhicules",46,Lot,139,0.802,86
2016,14,"Vols d'accessoires sur véhicules",12,Aveyron,220,0.789,87
2016,14,"Vols d'accessoires sur véhicules",22,Côtes-d'Armor,443,0.740,88
2016,14,"Vols d'accessoires sur véhicules",24,Dordogne,297,0.716,89
2016,14,"Vols d'accessoires sur véhicules",43,Haute-Loire,159,0.699,90
2016,14,"Vols d'accessoires sur véhicules",23,Creuse,80,0.669,91
2016,14,"Vols d'accessoires sur véhicules",68,Haut-Rhin,507,0.665,92
2016,14,"Vols d'accessoires sur véhicules",50,Manche,330,0.662,93
2016,14,"Vols d'accessoires sur véhicules",67,Bas-Rhin,608,0.542,94
2016,14,"Vols d'accessoires sur véhicules",15,Cantal,78,0.534,95
2016,14,"Vols d'accessoires sur véhicules",48,Lozère,39,0.510,96
2016,15,"Vols dans les véhicules",31,Haute-Garonne,11387,8.446,1
2016,15,"Vols dans les véhicules",93,Seine-Saint-Denis,13192,8.211,2
2016,15,"Vols dans les véhicules",75,Paris,17438,7.961,3
2016,15,"Vols dans les véhicules",13,Bouches-du-Rhône,15547,7.698,4
2016,15,"Vols dans les véhicules",44,Loire-Atlantique,10183,7.374,5
2016,15,"Vols dans les véhicules",69,Rhône,13226,7.204,6
2016,15,"Vols dans les véhicules",59,Nord,17255,6.627,7
2016,15,"Vols dans les véhicules",26,Drôme,3123,6.148,8
2016,15,"Vols dans les véhicules",34,Hérault,6347,5.605,9
2016,15,"Vols dans les véhicules",95,Val-d'Oise,6560,5.369,10
2016,15,"Vols dans les véhicules",84,Vaucluse,2942,5.263,11
2016,15,"Vols dans les véhicules",30,Gard,3872,5.218,12
2016,15,"Vols dans les véhicules",38,Isère,6380,5.092,13
2016,15,"Vols dans les véhicules",66,Pyrénées-Orientales,2393,5.045,14
2016,15,"Vols dans les véhicules",94,Val-de-Marne,6555,4.756,15
2016,15,"Vols dans les véhicules",04,Alpes-de-Haute-Provence,764,4.700,16
2016,15,"Vols dans les véhicules",11,Aude,1700,4.619,17
2016,15,"Vols dans les véhicules",33,Gironde,7218,4.607,18
2016,15,"Vols dans les véhicules",83,Var,4740,4.489,19
2016,15,"Vols dans les véhicules",77,Seine-et-Marne,6257,4.477,20
2016,15,"Vols dans les véhicules",06,Alpes-Maritimes,4388,4.049,21
2016,15,"Vols dans les véhicules",92,Hauts-de-Seine,6434,4.013,22
2016,15,"Vols dans les véhicules",76,Seine-Maritime,4884,3.889,23
2016,15,"Vols dans les véhicules",60,Oise,3142,3.815,24
2016,15,"Vols dans les véhicules",91,Essonne,4405,3.422,25
2016,15,"Vols dans les véhicules",17,Charente-Maritime,2184,3.401,26
2016,15,"Vols dans les véhicules",73,Savoie,1459,3.396,27
2016,15,"Vols dans les véhicules",16,Charente,1195,3.383,28
2016,15,"Vols dans les véhicules",40,Landes,1368,3.378,29
2016,15,"Vols dans les véhicules",62,Pas-de-Calais,4912,3.340,30
2016,15,"Vols dans les véhicules",65,Hautes-Pyrénées,739,3.244,31
2016,15,"Vols dans les véhicules",42,Loire,2467,3.238,32
2016,15,"Vols dans les véhicules",82,Tarn-et-Garonne,822,3.200,33
2016,15,"Vols dans les véhicules",81,Tarn,1221,3.160,34
2016,15,"Vols dans les véhicules",10,Aube,975,3.156,35
2016,15,"Vols dans les véhicules",63,Puy-de-Dôme,2011,3.091,36
2016,15,"Vols dans les véhicules",64,Pyrénées-Atlantiques,2041,3.028,37
2016,15,"Vols dans les véhicules",74,Haute-Savoie,2407,3.003,38
2016,15,"Vols dans les véhicules",51,Marne,1699,2.976,39
2016,15,"Vols dans les véhicules",78,Yvelines,4168,2.911,40
2016,15,"Vols dans les véhicules",07,Ardèche,946,2.909,41
2016,15,"Vols dans les véhicules",45,Loiret,1891,2.804,42
2016,15,"Vols dans les véhicules",80,Somme,1584,2.766,43
2016,15,"Vols dans les véhicules",87,Haute-Vienne,1017,2.712,44
2016,15,"Vols dans les véhicules",72,Sarthe,1535,2.705,45
2016,15,"Vols dans les véhicules",05,Hautes-Alpes,378,2.679,46
2016,15,"Vols dans les véhicules",41,Loir-et-Cher,888,2.669,47
2016,15,"Vols dans les véhicules",85,Vendée,1739,2.593,48
2016,15,"Vols dans les véhicules",35,Ille-et-Vilaine,2724,2.590,49
2016,15,"Vols dans les véhicules",47,Lot-et-Garonne,845,2.539,50
2016,15,"Vols dans les véhicules",57,Moselle,2646,2.531,51
2016,15,"Vols dans les véhicules",14,Calvados,1736,2.503,52
2016,15,"Vols dans les véhicules",52,Haute-Marne,445,2.499,53
2016,15,"Vols dans les véhicules",29,Finistère,2268,2.497,54
2016,15,"Vols dans les véhicules",90,"Territoire de Belfort",357,2.478,55
2016,15,"Vols dans les véhicules",25,Doubs,1331,2.471,56
2016,15,"Vols dans les véhicules",49,Maine-et-Loire,1979,2.440,57
2016,15,"Vols dans les véhicules",37,Indre-et-Loire,1471,2.426,58
2016,15,"Vols dans les véhicules",89,Yonne,822,2.414,59
2016,15,"Vols dans les véhicules",27,Eure,1445,2.397,60
2016,15,"Vols dans les véhicules",21,Côte-d'Or,1228,2.303,61
2016,15,"Vols dans les véhicules",56,Morbihan,1713,2.291,62
2016,15,"Vols dans les véhicules",68,Haut-Rhin,1741,2.283,63
2016,15,"Vols dans les véhicules",01,Ain,1448,2.268,64
2016,15,"Vols dans les véhicules",86,Vienne,958,2.197,65
2016,15,"Vols dans les véhicules",02,Aisne,1160,2.164,66
2016,15,"Vols dans les véhicules",28,Eure-et-Loir,928,2.139,67
2016,15,"Vols dans les véhicules",09,Ariège,326,2.130,68
2016,15,"Vols dans les véhicules",22,Côtes-d'Armor,1232,2.057,69
2016,15,"Vols dans les véhicules",2A,Corse-du-Sud,313,2.028,70
2016,15,"Vols dans les véhicules",32,Gers,379,1.988,71
2016,15,"Vols dans les véhicules",54,Meurthe-et-Moselle,1433,1.953,72
2016,15,"Vols dans les véhicules",08,Ardennes,534,1.939,73
2016,15,"Vols dans les véhicules",88,Vosges,686,1.856,74
2016,15,"Vols dans les véhicules",70,Haute-Saône,439,1.850,75
2016,15,"Vols dans les véhicules",71,Saône-et-Loire,986,1.777,76
2016,15,"Vols dans les véhicules",79,Deux-Sèvres,655,1.748,77
2016,15,"Vols dans les véhicules",55,Meuse,328,1.735,78
2016,15,"Vols dans les véhicules",18,Cher,528,1.719,79
2016,15,"Vols dans les véhicules",39,Jura,444,1.704,80
2016,15,"Vols dans les véhicules",67,Bas-Rhin,1906,1.700,81
2016,15,"Vols dans les véhicules",36,Indre,343,1.535,82
2016,15,"Vols dans les véhicules",53,Mayenne,471,1.531,83
2016,15,"Vols dans les véhicules",43,Haute-Loire,345,1.518,84
2016,15,"Vols dans les véhicules",15,Cantal,221,1.514,85
2016,15,"Vols dans les véhicules",24,Dordogne,624,1.504,86
2016,15,"Vols dans les véhicules",58,Nièvre,309,1.477,87
2016,15,"Vols dans les véhicules",61,Orne,421,1.476,88
2016,15,"Vols dans les véhicules",03,Allier,473,1.394,89
2016,15,"Vols dans les véhicules",19,Corrèze,328,1.358,90
2016,15,"Vols dans les véhicules",2B,Haute-Corse,234,1.328,91
2016,15,"Vols dans les véhicules",12,Aveyron,362,1.299,92
2016,15,"Vols dans les véhicules",48,Lozère,96,1.256,93
2016,15,"Vols dans les véhicules",50,Manche,568,1.140,94
2016,15,"Vols dans les véhicules",46,Lot,188,1.085,95
2016,15,"Vols dans les véhicules",23,Creuse,104,0.870,96
2016,16,"Vols de véhicule",13,Bouches-du-Rhône,11946,5.915,1
2016,16,"Vols de véhicule",95,Val-d'Oise,5446,4.457,2
2016,16,"Vols de véhicule",60,Oise,3614,4.388,3
2016,16,"Vols de véhicule",93,Seine-Saint-Denis,6879,4.282,4
2016,16,"Vols de véhicule",91,Essonne,5301,4.118,5
2016,16,"Vols de véhicule",75,Paris,8932,4.078,6
2016,16,"Vols de véhicule",94,Val-de-Marne,5125,3.719,7
2016,16,"Vols de véhicule",77,Seine-et-Marne,4918,3.519,8
2016,16,"Vols de véhicule",26,Drôme,1763,3.470,9
2016,16,"Vols de véhicule",69,Rhône,6051,3.296,10
2016,16,"Vols de véhicule",59,Nord,8572,3.292,11
2016,16,"Vols de véhicule",06,Alpes-Maritimes,3544,3.270,12
2016,16,"Vols de véhicule",92,Hauts-de-Seine,5068,3.161,13
2016,16,"Vols de véhicule",83,Var,3175,3.007,14
2016,16,"Vols de véhicule",78,Yvelines,4277,2.987,15
2016,16,"Vols de véhicule",44,Loire-Atlantique,4096,2.966,16
2016,16,"Vols de véhicule",30,Gard,2143,2.888,17
2016,16,"Vols de véhicule",84,Vaucluse,1607,2.875,18
2016,16,"Vols de véhicule",66,Pyrénées-Orientales,1338,2.821,19
2016,16,"Vols de véhicule",34,Hérault,3167,2.797,20
2016,16,"Vols de véhicule",63,Puy-de-Dôme,1814,2.788,21
2016,16,"Vols de véhicule",41,Loir-et-Cher,903,2.714,22
2016,16,"Vols de véhicule",51,Marne,1515,2.654,23
2016,16,"Vols de véhicule",38,Isère,3275,2.614,24
2016,16,"Vols de véhicule",2A,Corse-du-Sud,392,2.540,25
2016,16,"Vols de véhicule",89,Yonne,857,2.517,26
2016,16,"Vols de véhicule",45,Loiret,1529,2.267,27
2016,16,"Vols de véhicule",33,Gironde,3496,2.231,28
2016,16,"Vols de véhicule",80,Somme,1274,2.224,29
2016,16,"Vols de véhicule",27,Eure,1308,2.170,30
2016,16,"Vols de véhicule",17,Charente-Maritime,1383,2.154,31
2016,16,"Vols de véhicule",42,Loire,1619,2.125,32
2016,16,"Vols de véhicule",04,Alpes-de-Haute-Provence,345,2.122,33
2016,16,"Vols de véhicule",82,Tarn-et-Garonne,545,2.121,34
2016,16,"Vols de véhicule",2B,Haute-Corse,371,2.106,35
2016,16,"Vols de véhicule",31,Haute-Garonne,2797,2.075,36
2016,16,"Vols de véhicule",02,Aisne,1099,2.050,37
2016,16,"Vols de véhicule",11,Aude,753,2.046,38
2016,16,"Vols de véhicule",58,Nièvre,428,2.046,38
2016,16,"Vols de véhicule",01,Ain,1284,2.011,40
2016,16,"Vols de véhicule",76,Seine-Maritime,2498,1.989,41
2016,16,"Vols de véhicule",07,Ardèche,630,1.938,42
2016,16,"Vols de véhicule",73,Savoie,829,1.929,43
2016,16,"Vols de véhicule",37,Indre-et-Loire,1149,1.895,44
2016,16,"Vols de véhicule",74,Haute-Savoie,1486,1.854,45
2016,16,"Vols de véhicule",18,Cher,568,1.850,46
2016,16,"Vols de véhicule",10,Aube,567,1.835,47
2016,16,"Vols de véhicule",62,Pas-de-Calais,2551,1.735,48
2016,16,"Vols de véhicule",72,Sarthe,979,1.725,49
2016,16,"Vols de véhicule",64,Pyrénées-Atlantiques,1122,1.665,50
2016,16,"Vols de véhicule",05,Hautes-Alpes,230,1.630,51
2016,16,"Vols de véhicule",28,Eure-et-Loir,691,1.592,52
2016,16,"Vols de véhicule",16,Charente,556,1.574,53
2016,16,"Vols de véhicule",54,Meurthe-et-Moselle,1148,1.564,54
2016,16,"Vols de véhicule",03,Allier,529,1.559,55
2016,16,"Vols de véhicule",21,Côte-d'Or,820,1.538,56
2016,16,"Vols de véhicule",49,Maine-et-Loire,1242,1.532,57
2016,16,"Vols de véhicule",08,Ardennes,415,1.507,58
2016,16,"Vols de véhicule",81,Tarn,580,1.501,59
2016,16,"Vols de véhicule",25,Doubs,796,1.478,60
2016,16,"Vols de véhicule",52,Haute-Marne,261,1.466,61
2016,16,"Vols de véhicule",09,Ariège,222,1.450,62
2016,16,"Vols de véhicule",71,Saône-et-Loire,805,1.450,62
2016,16,"Vols de véhicule",55,Meuse,268,1.418,64
2016,16,"Vols de véhicule",36,Indre,296,1.324,65
2016,16,"Vols de véhicule",65,Hautes-Pyrénées,297,1.304,66
2016,16,"Vols de véhicule",47,Lot-et-Garonne,432,1.298,67
2016,16,"Vols de véhicule",90,"Territoire de Belfort",187,1.298,67
2016,16,"Vols de véhicule",85,Vendée,864,1.288,69
2016,16,"Vols de véhicule",46,Lot,222,1.281,70
2016,16,"Vols de véhicule",70,Haute-Saône,303,1.277,71
2016,16,"Vols de véhicule",86,Vienne,557,1.277,71
2016,16,"Vols de véhicule",57,Moselle,1330,1.272,73
2016,16,"Vols de véhicule",79,Deux-Sèvres,467,1.246,74
2016,16,"Vols de véhicule",40,Landes,501,1.237,75
2016,16,"Vols de véhicule",88,Vosges,452,1.223,76
2016,16,"Vols de véhicule",56,Morbihan,903,1.208,77
2016,16,"Vols de véhicule",24,Dordogne,495,1.193,78
2016,16,"Vols de véhicule",61,Orne,338,1.185,79
2016,16,"Vols de véhicule",87,Haute-Vienne,431,1.149,80
2016,16,"Vols de véhicule",14,Calvados,776,1.119,81
2016,16,"Vols de véhicule",35,Ille-et-Vilaine,1166,1.109,82
2016,16,"Vols de véhicule",39,Jura,289,1.109,82
2016,16,"Vols de véhicule",29,Finistère,952,1.048,84
2016,16,"Vols de véhicule",22,Côtes-d'Armor,618,1.032,85
2016,16,"Vols de véhicule",68,Haut-Rhin,749,0.982,86
2016,16,"Vols de véhicule",19,Corrèze,227,0.940,87
2016,16,"Vols de véhicule",32,Gers,165,0.865,88
2016,16,"Vols de véhicule",43,Haute-Loire,195,0.858,89
2016,16,"Vols de véhicule",50,Manche,418,0.839,90
2016,16,"Vols de véhicule",67,Bas-Rhin,892,0.795,91
2016,16,"Vols de véhicule",53,Mayenne,232,0.754,92
2016,16,"Vols de véhicule",12,Aveyron,208,0.746,93
2016,16,"Vols de véhicule",23,Creuse,68,0.569,94
2016,16,"Vols de véhicule",15,Cantal,81,0.555,95
2016,16,"Vols de véhicule",48,Lozère,37,0.484,96
2016,17,"Vols sans violence contre des personnes",75,Paris,131126,59.866,1
2016,17,"Vols sans violence contre des personnes",34,Hérault,19988,17.650,2
2016,17,"Vols sans violence contre des personnes",06,Alpes-Maritimes,18921,17.460,3
2016,17,"Vols sans violence contre des personnes",69,Rhône,30097,16.394,4
2016,17,"Vols sans violence contre des personnes",93,Seine-Saint-Denis,25080,15.610,5
2016,17,"Vols sans violence contre des personnes",13,Bouches-du-Rhône,31315,15.505,6
2016,17,"Vols sans violence contre des personnes",31,Haute-Garonne,18789,13.937,7
2016,17,"Vols sans violence contre des personnes",92,Hauts-de-Seine,20889,13.029,8
2016,17,"Vols sans violence contre des personnes",73,Savoie,5498,12.796,9
2016,17,"Vols sans violence contre des personnes",33,Gironde,19851,12.671,10
2016,17,"Vols sans violence contre des personnes",66,Pyrénées-Orientales,5759,12.140,11
2016,17,"Vols sans violence contre des personnes",44,Loire-Atlantique,16720,12.108,12
2016,17,"Vols sans violence contre des personnes",94,Val-de-Marne,16530,11.994,13
2016,17,"Vols sans violence contre des personnes",83,Var,12255,11.607,14
2016,17,"Vols sans violence contre des personnes",30,Gard,7380,9.946,15
2016,17,"Vols sans violence contre des personnes",05,Hautes-Alpes,1392,9.865,16
2016,17,"Vols sans violence contre des personnes",84,Vaucluse,5443,9.737,17
2016,17,"Vols sans violence contre des personnes",17,Charente-Maritime,6206,9.664,18
2016,17,"Vols sans violence contre des personnes",95,Val-d'Oise,11788,9.647,19
2016,17,"Vols sans violence contre des personnes",59,Nord,24916,9.569,20
2016,17,"Vols sans violence contre des personnes",40,Landes,3867,9.548,21
2016,17,"Vols sans violence contre des personnes",38,Isère,11659,9.306,22
2016,17,"Vols sans violence contre des personnes",74,Haute-Savoie,7202,8.987,23
2016,17,"Vols sans violence contre des personnes",11,Aude,3269,8.883,24
2016,17,"Vols sans violence contre des personnes",37,Indre-et-Loire,5150,8.495,25
2016,17,"Vols sans violence contre des personnes",35,Ille-et-Vilaine,8739,8.309,26
2016,17,"Vols sans violence contre des personnes",26,Drôme,4183,8.234,27
2016,17,"Vols sans violence contre des personnes",04,Alpes-de-Haute-Provence,1338,8.231,28
2016,17,"Vols sans violence contre des personnes",90,"Territoire de Belfort",1171,8.127,29
2016,17,"Vols sans violence contre des personnes",65,Hautes-Pyrénées,1800,7.901,30
2016,17,"Vols sans violence contre des personnes",67,Bas-Rhin,8808,7.854,31
2016,17,"Vols sans violence contre des personnes",54,Meurthe-et-Moselle,5719,7.793,32
2016,17,"Vols sans violence contre des personnes",64,Pyrénées-Atlantiques,5246,7.784,33
2016,17,"Vols sans violence contre des personnes",78,Yvelines,11035,7.707,34
2016,17,"Vols sans violence contre des personnes",10,Aube,2338,7.569,35
2016,17,"Vols sans violence contre des personnes",2A,Corse-du-Sud,1150,7.453,36
2016,17,"Vols sans violence contre des personnes",14,Calvados,5086,7.332,37
2016,17,"Vols sans violence contre des personnes",42,Loire,5565,7.303,38
2016,17,"Vols sans violence contre des personnes",21,Côte-d'Or,3859,7.237,39
2016,17,"Vols sans violence contre des personnes",91,Essonne,9268,7.199,40
2016,17,"Vols sans violence contre des personnes",77,Seine-et-Marne,10061,7.198,41
2016,17,"Vols sans violence contre des personnes",72,Sarthe,4085,7.197,42
2016,17,"Vols sans violence contre des personnes",76,Seine-Maritime,9037,7.196,43
2016,17,"Vols sans violence contre des personnes",29,Finistère,6482,7.137,44
2016,17,"Vols sans violence contre des personnes",80,Somme,4064,7.096,45
2016,17,"Vols sans violence contre des personnes",68,Haut-Rhin,5336,6.996,46
2016,17,"Vols sans violence contre des personnes",51,Marne,3989,6.987,47
2016,17,"Vols sans violence contre des personnes",47,Lot-et-Garonne,2323,6.979,48
2016,17,"Vols sans violence contre des personnes",63,Puy-de-Dôme,4489,6.899,49
2016,17,"Vols sans violence contre des personnes",89,Yonne,2300,6.754,50
2016,17,"Vols sans violence contre des personnes",45,Loiret,4547,6.743,51
2016,17,"Vols sans violence contre des personnes",56,Morbihan,4987,6.671,52
2016,17,"Vols sans violence contre des personnes",25,Doubs,3550,6.592,53
2016,17,"Vols sans violence contre des personnes",62,Pas-de-Calais,9593,6.523,54
2016,17,"Vols sans violence contre des personnes",09,Ariège,997,6.513,55
2016,17,"Vols sans violence contre des personnes",86,Vienne,2822,6.471,56
2016,17,"Vols sans violence contre des personnes",49,Maine-et-Loire,5153,6.354,57
2016,17,"Vols sans violence contre des personnes",2B,Haute-Corse,1117,6.341,58
2016,17,"Vols sans violence contre des personnes",18,Cher,1947,6.340,59
2016,17,"Vols sans violence contre des personnes",41,Loir-et-Cher,2087,6.272,60
2016,17,"Vols sans violence contre des personnes",82,Tarn-et-Garonne,1607,6.255,61
2016,17,"Vols sans violence contre des personnes",85,Vendée,4164,6.209,62
2016,17,"Vols sans violence contre des personnes",57,Moselle,6475,6.195,63
2016,17,"Vols sans violence contre des personnes",60,Oise,5072,6.159,64
2016,17,"Vols sans violence contre des personnes",16,Charente,2136,6.046,65
2016,17,"Vols sans violence contre des personnes",81,Tarn,2288,5.921,66
2016,17,"Vols sans violence contre des personnes",22,Côtes-d'Armor,3493,5.832,67
2016,17,"Vols sans violence contre des personnes",08,Ardennes,1588,5.767,68
2016,17,"Vols sans violence contre des personnes",87,Haute-Vienne,2151,5.736,69
2016,17,"Vols sans violence contre des personnes",24,Dordogne,2310,5.569,70
2016,17,"Vols sans violence contre des personnes",03,Allier,1875,5.525,71
2016,17,"Vols sans violence contre des personnes",58,Nièvre,1137,5.436,72
2016,17,"Vols sans violence contre des personnes",19,Corrèze,1291,5.345,73
2016,17,"Vols sans violence contre des personnes",02,Aisne,2853,5.321,74
2016,17,"Vols sans violence contre des personnes",88,Vosges,1967,5.321,74
2016,17,"Vols sans violence contre des personnes",79,Deux-Sèvres,1948,5.198,76
2016,17,"Vols sans violence contre des personnes",39,Jura,1325,5.086,77
2016,17,"Vols sans violence contre des personnes",01,Ain,3206,5.022,78
2016,17,"Vols sans violence contre des personnes",28,Eure-et-Loir,2175,5.012,79
2016,17,"Vols sans violence contre des personnes",07,Ardèche,1622,4.988,80
2016,17,"Vols sans violence contre des personnes",52,Haute-Marne,874,4.908,81
2016,17,"Vols sans violence contre des personnes",71,Saône-et-Loire,2683,4.834,82
2016,17,"Vols sans violence contre des personnes",70,Haute-Saône,1132,4.771,83
2016,17,"Vols sans violence contre des personnes",27,Eure,2873,4.766,84
2016,17,"Vols sans violence contre des personnes",48,Lozère,358,4.685,85
2016,17,"Vols sans violence contre des personnes",55,Meuse,871,4.607,86
2016,17,"Vols sans violence contre des personnes",32,Gers,857,4.495,87
2016,17,"Vols sans violence contre des personnes",36,Indre,999,4.470,88
2016,17,"Vols sans violence contre des personnes",53,Mayenne,1369,4.449,89
2016,17,"Vols sans violence contre des personnes",50,Manche,2120,4.254,90
2016,17,"Vols sans violence contre des personnes",46,Lot,732,4.223,91
2016,17,"Vols sans violence contre des personnes",61,Orne,1195,4.188,92
2016,17,"Vols sans violence contre des personnes",12,Aveyron,1142,4.098,93
2016,17,"Vols sans violence contre des personnes",15,Cantal,577,3.953,94
2016,17,"Vols sans violence contre des personnes",43,Haute-Loire,896,3.941,95
2016,17,"Vols sans violence contre des personnes",23,Creuse,426,3.565,96
2016,18,"Vols violents sans arme",75,Paris,17398,7.943,1
2016,18,"Vols violents sans arme",93,Seine-Saint-Denis,11523,7.172,2
2016,18,"Vols violents sans arme",95,Val-d'Oise,3597,2.944,3
2016,18,"Vols violents sans arme",13,Bouches-du-Rhône,5303,2.626,4
2016,18,"Vols violents sans arme",94,Val-de-Marne,3238,2.350,5
2016,18,"Vols violents sans arme",92,Hauts-de-Seine,3308,2.063,6
2016,18,"Vols violents sans arme",69,Rhône,3719,2.026,7
2016,18,"Vols violents sans arme",31,Haute-Garonne,2692,1.997,8
2016,18,"Vols violents sans arme",34,Hérault,2183,1.928,9
2016,18,"Vols violents sans arme",59,Nord,5016,1.926,10
2016,18,"Vols violents sans arme",06,Alpes-Maritimes,2043,1.885,11
2016,18,"Vols violents sans arme",91,Essonne,1957,1.520,12
2016,18,"Vols violents sans arme",77,Seine-et-Marne,1793,1.283,13
2016,18,"Vols violents sans arme",51,Marne,663,1.161,14
2016,18,"Vols violents sans arme",66,Pyrénées-Orientales,547,1.153,15
2016,18,"Vols violents sans arme",33,Gironde,1776,1.134,16
2016,18,"Vols violents sans arme",30,Gard,826,1.113,17
2016,18,"Vols violents sans arme",76,Seine-Maritime,1332,1.061,18
2016,18,"Vols violents sans arme",83,Var,1110,1.051,19
2016,18,"Vols violents sans arme",78,Yvelines,1362,0.951,20
2016,18,"Vols violents sans arme",38,Isère,1158,0.924,21
2016,18,"Vols violents sans arme",42,Loire,674,0.885,22
2016,18,"Vols violents sans arme",45,Loiret,573,0.850,23
2016,18,"Vols violents sans arme",44,Loire-Atlantique,1161,0.841,24
2016,18,"Vols violents sans arme",37,Indre-et-Loire,505,0.833,25
2016,18,"Vols violents sans arme",26,Drôme,419,0.825,26
2016,18,"Vols violents sans arme",84,Vaucluse,418,0.748,27
2016,18,"Vols violents sans arme",62,Pas-de-Calais,1092,0.742,28
2016,18,"Vols violents sans arme",35,Ille-et-Vilaine,754,0.717,29
2016,18,"Vols violents sans arme",60,Oise,581,0.705,30
2016,18,"Vols violents sans arme",25,Doubs,365,0.678,31
2016,18,"Vols violents sans arme",72,Sarthe,383,0.675,32
2016,18,"Vols violents sans arme",80,Somme,380,0.663,33
2016,18,"Vols violents sans arme",11,Aude,226,0.614,34
2016,18,"Vols violents sans arme",73,Savoie,264,0.614,34
2016,18,"Vols violents sans arme",10,Aube,188,0.609,36
2016,18,"Vols violents sans arme",14,Calvados,422,0.608,37
2016,18,"Vols violents sans arme",29,Finistère,547,0.602,38
2016,18,"Vols violents sans arme",68,Haut-Rhin,422,0.553,39
2016,18,"Vols violents sans arme",90,"Territoire de Belfort",79,0.548,40
2016,18,"Vols violents sans arme",63,Puy-de-Dôme,351,0.539,41
2016,18,"Vols violents sans arme",04,Alpes-de-Haute-Provence,82,0.504,42
2016,18,"Vols violents sans arme",40,Landes,202,0.499,43
2016,18,"Vols violents sans arme",18,Cher,152,0.495,44
2016,18,"Vols violents sans arme",65,Hautes-Pyrénées,111,0.487,45
2016,18,"Vols violents sans arme",57,Moselle,496,0.475,46
2016,18,"Vols violents sans arme",81,Tarn,181,0.468,47
2016,18,"Vols violents sans arme",67,Bas-Rhin,522,0.465,48
2016,18,"Vols violents sans arme",64,Pyrénées-Atlantiques,303,0.450,49
2016,18,"Vols violents sans arme",17,Charente-Maritime,287,0.447,50
2016,18,"Vols violents sans arme",47,Lot-et-Garonne,148,0.445,51
2016,18,"Vols violents sans arme",49,Maine-et-Loire,359,0.443,52
2016,18,"Vols violents sans arme",82,Tarn-et-Garonne,111,0.432,53
2016,18,"Vols violents sans arme",27,Eure,252,0.418,54
2016,18,"Vols violents sans arme",21,Côte-d'Or,218,0.409,55
2016,18,"Vols violents sans arme",86,Vienne,178,0.408,56
2016,18,"Vols violents sans arme",05,Hautes-Alpes,57,0.404,57
2016,18,"Vols violents sans arme",08,Ardennes,110,0.399,58
2016,18,"Vols violents sans arme",89,Yonne,133,0.391,59
2016,18,"Vols violents sans arme",16,Charente,137,0.388,60
2016,18,"Vols violents sans arme",74,Haute-Savoie,303,0.378,61
2016,18,"Vols violents sans arme",41,Loir-et-Cher,125,0.376,62
2016,18,"Vols violents sans arme",28,Eure-et-Loir,157,0.362,63
2016,18,"Vols violents sans arme",2A,Corse-du-Sud,55,0.356,64
2016,18,"Vols violents sans arme",54,Meurthe-et-Moselle,257,0.350,65
2016,18,"Vols violents sans arme",02,Aisne,182,0.339,66
2016,18,"Vols violents sans arme",22,Côtes-d'Armor,202,0.337,67
2016,18,"Vols violents sans arme",87,Haute-Vienne,124,0.331,68
2016,18,"Vols violents sans arme",58,Nièvre,61,0.292,69
2016,18,"Vols violents sans arme",88,Vosges,107,0.289,70
2016,18,"Vols violents sans arme",2B,Haute-Corse,48,0.272,71
2016,18,"Vols violents sans arme",52,Haute-Marne,47,0.264,72
2016,18,"Vols violents sans arme",56,Morbihan,197,0.264,72
2016,18,"Vols violents sans arme",03,Allier,89,0.262,74
2016,18,"Vols violents sans arme",19,Corrèze,61,0.253,75
2016,18,"Vols violents sans arme",71,Saône-et-Loire,139,0.250,76
2016,18,"Vols violents sans arme",24,Dordogne,101,0.243,77
2016,18,"Vols violents sans arme",55,Meuse,45,0.238,78
2016,18,"Vols violents sans arme",53,Mayenne,73,0.237,79
2016,18,"Vols violents sans arme",39,Jura,59,0.226,80
2016,18,"Vols violents sans arme",61,Orne,64,0.224,81
2016,18,"Vols violents sans arme",01,Ain,139,0.218,82
2016,18,"Vols violents sans arme",79,Deux-Sèvres,81,0.216,83
2016,18,"Vols violents sans arme",36,Indre,47,0.210,84
2016,18,"Vols violents sans arme",32,Gers,39,0.205,85
2016,18,"Vols violents sans arme",09,Ariège,31,0.203,86
2016,18,"Vols violents sans arme",85,Vendée,128,0.191,87
2016,18,"Vols violents sans arme",07,Ardèche,60,0.185,88
2016,18,"Vols violents sans arme",12,Aveyron,49,0.176,89
2016,18,"Vols violents sans arme",46,Lot,29,0.167,90
2016,18,"Vols violents sans arme",15,Cantal,24,0.164,91
2016,18,"Vols violents sans arme",70,Haute-Saône,35,0.148,92
2016,18,"Vols violents sans arme",43,Haute-Loire,33,0.145,93
2016,18,"Vols violents sans arme",50,Manche,70,0.140,94
2016,18,"Vols violents sans arme",23,Creuse,11,0.092,95
2016,18,"Vols violents sans arme",48,Lozère,7,0.092,95
2017,1,"Cambriolages de logement",31,Haute-Garonne,8906,12.447,1
2017,1,"Cambriolages de logement",93,Seine-Saint-Denis,7757,11.549,2
2017,1,"Cambriolages de logement",38,Isère,7417,11.469,3
2017,1,"Cambriolages de logement",13,Bouches-du-Rhône,11143,10.911,4
2017,1,"Cambriolages de logement",69,Rhône,9688,10.588,5
2017,1,"Cambriolages de logement",77,Seine-et-Marne,6159,10.062,6
2017,1,"Cambriolages de logement",30,Gard,4098,9.669,7
2017,1,"Cambriolages de logement",82,Tarn-et-Garonne,1268,9.657,8
2017,1,"Cambriolages de logement",84,Vaucluse,2867,9.495,9
2017,1,"Cambriolages de logement",59,Nord,11396,9.383,10
2017,1,"Cambriolages de logement",06,Alpes-Maritimes,7060,9.208,11
2017,1,"Cambriolages de logement",47,Lot-et-Garonne,1678,9.053,12
2017,1,"Cambriolages de logement",94,Val-de-Marne,5708,9.014,13
2017,1,"Cambriolages de logement",95,Val-d'Oise,4525,8.976,14
2017,1,"Cambriolages de logement",26,Drôme,2420,8.881,15
2017,1,"Cambriolages de logement",83,Var,6332,8.862,16
2017,1,"Cambriolages de logement",91,Essonne,4866,8.710,17
2017,1,"Cambriolages de logement",63,Puy-de-Dôme,3327,8.610,18
2017,1,"Cambriolages de logement",33,Gironde,7220,8.429,19
2017,1,"Cambriolages de logement",34,Hérault,5948,8.276,20
2017,1,"Cambriolages de logement",81,Tarn,1719,8.145,21
2017,1,"Cambriolages de logement",01,Ain,2542,8.120,22
2017,1,"Cambriolages de logement",45,Loiret,2741,7.952,23
2017,1,"Cambriolages de logement",44,Loire-Atlantique,5816,7.850,24
2017,1,"Cambriolages de logement",42,Loire,2935,7.399,25
2017,1,"Cambriolages de logement",75,Paris,10197,7.374,26
2017,1,"Cambriolages de logement",74,Haute-Savoie,3728,7.335,27
2017,1,"Cambriolages de logement",18,Cher,1252,7.011,28
2017,1,"Cambriolages de logement",11,Aude,1823,6.980,29
2017,1,"Cambriolages de logement",78,Yvelines,4440,6.968,30
2017,1,"Cambriolages de logement",60,Oise,2532,6.792,31
2017,1,"Cambriolages de logement",57,Moselle,3482,6.770,32
2017,1,"Cambriolages de logement",92,Hauts-de-Seine,5263,6.610,33
2017,1,"Cambriolages de logement",02,Aisne,1718,6.470,34
2017,1,"Cambriolages de logement",79,Deux-Sèvres,1244,6.413,35
2017,1,"Cambriolages de logement",51,Marne,1884,6.407,36
2017,1,"Cambriolages de logement",41,Loir-et-Cher,1175,6.398,37
2017,1,"Cambriolages de logement",16,Charente,1227,6.227,38
2017,1,"Cambriolages de logement",24,Dordogne,1591,6.149,39
2017,1,"Cambriolages de logement",58,Nièvre,866,6.114,40
2017,1,"Cambriolages de logement",62,Pas-de-Calais,4361,6.114,40
2017,1,"Cambriolages de logement",90,"Territoire de Belfort",433,5.996,42
2017,1,"Cambriolages de logement",27,Eure,1754,5.944,43
2017,1,"Cambriolages de logement",10,Aube,977,5.941,44
2017,1,"Cambriolages de logement",66,Pyrénées-Orientales,2070,5.916,45
2017,1,"Cambriolages de logement",17,Charente-Maritime,2505,5.799,46
2017,1,"Cambriolages de logement",03,Allier,1203,5.791,47
2017,1,"Cambriolages de logement",28,Eure-et-Loir,1246,5.786,48
2017,1,"Cambriolages de logement",87,Haute-Vienne,1270,5.773,49
2017,1,"Cambriolages de logement",68,Haut-Rhin,2148,5.698,50
2017,1,"Cambriolages de logement",32,Gers,617,5.591,51
2017,1,"Cambriolages de logement",76,Seine-Maritime,3533,5.517,52
2017,1,"Cambriolages de logement",04,Alpes-de-Haute-Provence,696,5.440,53
2017,1,"Cambriolages de logement",80,Somme,1606,5.367,54
2017,1,"Cambriolages de logement",55,Meuse,529,5.304,55
2017,1,"Cambriolages de logement",46,Lot,618,5.234,56
2017,1,"Cambriolages de logement",36,Indre,707,5.100,57
2017,1,"Cambriolages de logement",86,Vienne,1223,5.092,58
2017,1,"Cambriolages de logement",71,Saône-et-Loire,1553,5.003,59
2017,1,"Cambriolages de logement",09,Ariège,541,4.946,60
2017,1,"Cambriolages de logement",64,Pyrénées-Atlantiques,2001,4.941,61
2017,1,"Cambriolages de logement",88,Vosges,1045,4.892,62
2017,1,"Cambriolages de logement",07,Ardèche,990,4.876,63
2017,1,"Cambriolages de logement",89,Yonne,939,4.774,64
2017,1,"Cambriolages de logement",54,Meurthe-et-Moselle,1783,4.745,65
2017,1,"Cambriolages de logement",65,Hautes-Pyrénées,766,4.737,66
2017,1,"Cambriolages de logement",72,Sarthe,1370,4.707,67
2017,1,"Cambriolages de logement",25,Doubs,1312,4.693,68
2017,1,"Cambriolages de logement",73,Savoie,1587,4.597,69
2017,1,"Cambriolages de logement",37,Indre-et-Loire,1462,4.542,70
2017,1,"Cambriolages de logement",49,Maine-et-Loire,1784,4.521,71
2017,1,"Cambriolages de logement",70,Haute-Saône,577,4.521,71
2017,1,"Cambriolages de logement",56,Morbihan,2083,4.487,73
2017,1,"Cambriolages de logement",35,Ille-et-Vilaine,2419,4.427,74
2017,1,"Cambriolages de logement",61,Orne,729,4.420,75
2017,1,"Cambriolages de logement",43,Haute-Loire,625,4.371,76
2017,1,"Cambriolages de logement",21,Côte-d'Or,1238,4.301,77
2017,1,"Cambriolages de logement",40,Landes,1057,4.129,78
2017,1,"Cambriolages de logement",08,Ardennes,569,3.994,79
2017,1,"Cambriolages de logement",52,Haute-Marne,399,3.964,80
2017,1,"Cambriolages de logement",67,Bas-Rhin,2170,3.916,81
2017,1,"Cambriolages de logement",22,Côtes-d'Armor,1381,3.766,82
2017,1,"Cambriolages de logement",23,Creuse,314,3.548,83
2017,1,"Cambriolages de logement",19,Corrèze,544,3.530,84
2017,1,"Cambriolages de logement",29,Finistère,1886,3.475,85
2017,1,"Cambriolages de logement",85,Vendée,1443,3.422,86
2017,1,"Cambriolages de logement",14,Calvados,1407,3.381,87
2017,1,"Cambriolages de logement",53,Mayenne,529,3.377,88
2017,1,"Cambriolages de logement",12,Aveyron,597,3.297,89
2017,1,"Cambriolages de logement",05,Hautes-Alpes,408,3.011,90
2017,1,"Cambriolages de logement",2A,Corse-du-Sud,339,2.852,91
2017,1,"Cambriolages de logement",39,Jura,409,2.739,92
2017,1,"Cambriolages de logement",2B,Haute-Corse,335,2.561,93
2017,1,"Cambriolages de logement",48,Lozère,154,2.529,94
2017,1,"Cambriolages de logement",15,Cantal,229,2.259,95
2017,1,"Cambriolages de logement",50,Manche,606,2.039,96
2017,2,"Destructions et dégradations volontaires",13,Bouches-du-Rhône,27596,13.633,1
2017,2,"Destructions et dégradations volontaires",06,Alpes-Maritimes,13583,12.538,2
2017,2,"Destructions et dégradations volontaires",93,Seine-Saint-Denis,19268,11.871,3
2017,2,"Destructions et dégradations volontaires",75,Paris,25858,11.821,4
2017,2,"Destructions et dégradations volontaires",62,Pas-de-Calais,17226,11.734,5
2017,2,"Destructions et dégradations volontaires",59,Nord,30439,11.688,6
2017,2,"Destructions et dégradations volontaires",66,Pyrénées-Orientales,5493,11.578,7
2017,2,"Destructions et dégradations volontaires",34,Hérault,12854,11.227,8
2017,2,"Destructions et dégradations volontaires",80,Somme,6398,11.177,9
2017,2,"Destructions et dégradations volontaires",11,Aude,4036,10.900,10
2017,2,"Destructions et dégradations volontaires",33,Gironde,17069,10.780,11
2017,2,"Destructions et dégradations volontaires",51,Marne,6095,10.714,12
2017,2,"Destructions et dégradations volontaires",83,Var,11237,10.614,13
2017,2,"Destructions et dégradations volontaires",69,Rhône,19549,10.605,14
2017,2,"Destructions et dégradations volontaires",42,Loire,7998,10.483,15
2017,2,"Destructions et dégradations volontaires",95,Val-d'Oise,12805,10.422,16
2017,2,"Destructions et dégradations volontaires",60,Oise,8541,10.359,17
2017,2,"Destructions et dégradations volontaires",63,Puy-de-Dôme,6585,10.073,18
2017,2,"Destructions et dégradations volontaires",2A,Corse-du-Sud,1575,10.016,19
2017,2,"Destructions et dégradations volontaires",2B,Haute-Corse,1771,9.967,20
2017,2,"Destructions et dégradations volontaires",26,Drôme,5092,9.954,21
2017,2,"Destructions et dégradations volontaires",17,Charente-Maritime,6351,9.857,22
2017,2,"Destructions et dégradations volontaires",02,Aisne,5223,9.772,23
2017,2,"Destructions et dégradations volontaires",91,Essonne,12662,9.769,24
2017,2,"Destructions et dégradations volontaires",94,Val-de-Marne,13552,9.764,25
2017,2,"Destructions et dégradations volontaires",30,Gard,7182,9.651,26
2017,2,"Destructions et dégradations volontaires",76,Seine-Maritime,12022,9.584,27
2017,2,"Destructions et dégradations volontaires",04,Alpes-de-Haute-Provence,1557,9.499,28
2017,2,"Destructions et dégradations volontaires",90,"Territoire de Belfort",1351,9.473,29
2017,2,"Destructions et dégradations volontaires",44,Loire-Atlantique,13167,9.439,30
2017,2,"Destructions et dégradations volontaires",05,Hautes-Alpes,1330,9.414,31
2017,2,"Destructions et dégradations volontaires",54,Meurthe-et-Moselle,6801,9.272,32
2017,2,"Destructions et dégradations volontaires",10,Aube,2870,9.257,33
2017,2,"Destructions et dégradations volontaires",52,Haute-Marne,1622,9.235,34
2017,2,"Destructions et dégradations volontaires",31,Haute-Garonne,12543,9.205,35
2017,2,"Destructions et dégradations volontaires",92,Hauts-de-Seine,14809,9.202,36
2017,2,"Destructions et dégradations volontaires",38,Isère,11558,9.182,37
2017,2,"Destructions et dégradations volontaires",84,Vaucluse,5122,9.155,38
2017,2,"Destructions et dégradations volontaires",25,Doubs,4911,9.110,39
2017,2,"Destructions et dégradations volontaires",77,Seine-et-Marne,12749,9.081,40
2017,2,"Destructions et dégradations volontaires",08,Ardennes,2484,9.080,41
2017,2,"Destructions et dégradations volontaires",29,Finistère,8221,9.044,42
2017,2,"Destructions et dégradations volontaires",89,Yonne,3044,8.998,43
2017,2,"Destructions et dégradations volontaires",03,Allier,3032,8.971,44
2017,2,"Destructions et dégradations volontaires",14,Calvados,6193,8.924,45
2017,2,"Destructions et dégradations volontaires",37,Indre-et-Loire,5287,8.717,46
2017,2,"Destructions et dégradations volontaires",09,Ariège,1328,8.671,47
2017,2,"Destructions et dégradations volontaires",72,Sarthe,4881,8.616,48
2017,2,"Destructions et dégradations volontaires",21,Côte-d'Or,4568,8.557,49
2017,2,"Destructions et dégradations volontaires",57,Moselle,8921,8.549,50
2017,2,"Destructions et dégradations volontaires",16,Charente,2986,8.475,51
2017,2,"Destructions et dégradations volontaires",81,Tarn,3264,8.415,52
2017,2,"Destructions et dégradations volontaires",73,Savoie,3624,8.405,53
2017,2,"Destructions et dégradations volontaires",18,Cher,2539,8.345,54
2017,2,"Destructions et dégradations volontaires",78,Yvelines,11905,8.277,55
2017,2,"Destructions et dégradations volontaires",79,Deux-Sèvres,3085,8.241,56
2017,2,"Destructions et dégradations volontaires",58,Nièvre,1694,8.176,57
2017,2,"Destructions et dégradations volontaires",88,Vosges,2991,8.135,58
2017,2,"Destructions et dégradations volontaires",35,Ille-et-Vilaine,8587,8.099,59
2017,2,"Destructions et dégradations volontaires",70,Haute-Saône,1882,7.952,60
2017,2,"Destructions et dégradations volontaires",07,Ardèche,2574,7.903,61
2017,2,"Destructions et dégradations volontaires",86,Vienne,3449,7.895,62
2017,2,"Destructions et dégradations volontaires",68,Haut-Rhin,5992,7.843,63
2017,2,"Destructions et dégradations volontaires",49,Maine-et-Loire,6314,7.762,64
2017,2,"Destructions et dégradations volontaires",41,Loir-et-Cher,2569,7.740,65
2017,2,"Destructions et dégradations volontaires",28,Eure-et-Loir,3326,7.677,66
2017,2,"Destructions et dégradations volontaires",45,Loiret,5201,7.670,67
2017,2,"Destructions et dégradations volontaires",67,Bas-Rhin,8624,7.662,68
2017,2,"Destructions et dégradations volontaires",82,Tarn-et-Garonne,1977,7.652,69
2017,2,"Destructions et dégradations volontaires",39,Jura,1986,7.633,70
2017,2,"Destructions et dégradations volontaires",61,Orne,2159,7.619,71
2017,2,"Destructions et dégradations volontaires",74,Haute-Savoie,6129,7.591,72
2017,2,"Destructions et dégradations volontaires",47,Lot-et-Garonne,2504,7.523,73
2017,2,"Destructions et dégradations volontaires",27,Eure,4524,7.517,74
2017,2,"Destructions et dégradations volontaires",65,Hautes-Pyrénées,1712,7.491,75
2017,2,"Destructions et dégradations volontaires",87,Haute-Vienne,2803,7.486,76
2017,2,"Destructions et dégradations volontaires",64,Pyrénées-Atlantiques,5067,7.481,77
2017,2,"Destructions et dégradations volontaires",40,Landes,3046,7.476,78
2017,2,"Destructions et dégradations volontaires",36,Indre,1658,7.461,79
2017,2,"Destructions et dégradations volontaires",85,Vendée,5005,7.412,80
2017,2,"Destructions et dégradations volontaires",55,Meuse,1367,7.303,81
2017,2,"Destructions et dégradations volontaires",56,Morbihan,5407,7.201,82
2017,2,"Destructions et dégradations volontaires",22,Côtes-d'Armor,4252,7.101,83
2017,2,"Destructions et dégradations volontaires",01,Ain,4411,6.856,84
2017,2,"Destructions et dégradations volontaires",24,Dordogne,2823,6.825,85
2017,2,"Destructions et dégradations volontaires",71,Saône-et-Loire,3717,6.714,86
2017,2,"Destructions et dégradations volontaires",50,Manche,3296,6.633,87
2017,2,"Destructions et dégradations volontaires",19,Corrèze,1538,6.369,88
2017,2,"Destructions et dégradations volontaires",46,Lot,1101,6.334,89
2017,2,"Destructions et dégradations volontaires",43,Haute-Loire,1413,6.217,90
2017,2,"Destructions et dégradations volontaires",32,Gers,1185,6.201,91
2017,2,"Destructions et dégradations volontaires",23,Creuse,717,6.044,92
2017,2,"Destructions et dégradations volontaires",53,Mayenne,1834,5.965,93
2017,2,"Destructions et dégradations volontaires",15,Cantal,865,5.960,94
2017,2,"Destructions et dégradations volontaires",12,Aveyron,1480,5.301,95
2017,2,"Destructions et dégradations volontaires",48,Lozère,398,5.196,96
2017,3,"Escroqueries et fraudes aux moyens de paiement",75,Paris,22409,10.244,1
2017,3,"Escroqueries et fraudes aux moyens de paiement",92,Hauts-de-Seine,10375,6.447,2
2017,3,"Escroqueries et fraudes aux moyens de paiement",94,Val-de-Marne,7576,5.459,3
2017,3,"Escroqueries et fraudes aux moyens de paiement",69,Rhône,9990,5.420,4
2017,3,"Escroqueries et fraudes aux moyens de paiement",16,Charente,1798,5.103,5
2017,3,"Escroqueries et fraudes aux moyens de paiement",31,Haute-Garonne,6346,4.657,6
2017,3,"Escroqueries et fraudes aux moyens de paiement",93,Seine-Saint-Denis,7504,4.623,7
2017,3,"Escroqueries et fraudes aux moyens de paiement",78,Yvelines,6609,4.595,8
2017,3,"Escroqueries et fraudes aux moyens de paiement",06,Alpes-Maritimes,4755,4.389,9
2017,3,"Escroqueries et fraudes aux moyens de paiement",13,Bouches-du-Rhône,8768,4.332,10
2017,3,"Escroqueries et fraudes aux moyens de paiement",89,Yonne,1452,4.292,11
2017,3,"Escroqueries et fraudes aux moyens de paiement",34,Hérault,4818,4.208,12
2017,3,"Escroqueries et fraudes aux moyens de paiement",45,Loiret,2846,4.197,13
2017,3,"Escroqueries et fraudes aux moyens de paiement",95,Val-d'Oise,5026,4.091,14
2017,3,"Escroqueries et fraudes aux moyens de paiement",72,Sarthe,2295,4.051,15
2017,3,"Escroqueries et fraudes aux moyens de paiement",58,Nièvre,835,4.030,16
2017,3,"Escroqueries et fraudes aux moyens de paiement",77,Seine-et-Marne,5569,3.967,17
2017,3,"Escroqueries et fraudes aux moyens de paiement",83,Var,4164,3.933,18
2017,3,"Escroqueries et fraudes aux moyens de paiement",44,Loire-Atlantique,5448,3.906,19
2017,3,"Escroqueries et fraudes aux moyens de paiement",10,Aube,1191,3.842,20
2017,3,"Escroqueries et fraudes aux moyens de paiement",51,Marne,2151,3.781,21
2017,3,"Escroqueries et fraudes aux moyens de paiement",82,Tarn-et-Garonne,976,3.778,22
2017,3,"Escroqueries et fraudes aux moyens de paiement",91,Essonne,4870,3.757,23
2017,3,"Escroqueries et fraudes aux moyens de paiement",86,Vienne,1625,3.720,24
2017,3,"Escroqueries et fraudes aux moyens de paiement",52,Haute-Marne,652,3.712,25
2017,3,"Escroqueries et fraudes aux moyens de paiement",22,Côtes-d'Armor,2207,3.686,26
2017,3,"Escroqueries et fraudes aux moyens de paiement",37,Indre-et-Loire,2191,3.612,27
2017,3,"Escroqueries et fraudes aux moyens de paiement",33,Gironde,5706,3.604,28
2017,3,"Escroqueries et fraudes aux moyens de paiement",09,Ariège,547,3.572,29
2017,3,"Escroqueries et fraudes aux moyens de paiement",54,Meurthe-et-Moselle,2604,3.550,30
2017,3,"Escroqueries et fraudes aux moyens de paiement",21,Côte-d'Or,1878,3.518,31
2017,3,"Escroqueries et fraudes aux moyens de paiement",25,Doubs,1896,3.517,32
2017,3,"Escroqueries et fraudes aux moyens de paiement",60,Oise,2889,3.504,33
2017,3,"Escroqueries et fraudes aux moyens de paiement",38,Isère,4406,3.500,34
2017,3,"Escroqueries et fraudes aux moyens de paiement",18,Cher,1051,3.454,35
2017,3,"Escroqueries et fraudes aux moyens de paiement",42,Loire,2626,3.442,36
2017,3,"Escroqueries et fraudes aux moyens de paiement",47,Lot-et-Garonne,1143,3.434,37
2017,3,"Escroqueries et fraudes aux moyens de paiement",26,Drôme,1742,3.405,38
2017,3,"Escroqueries et fraudes aux moyens de paiement",35,Ille-et-Vilaine,3549,3.347,39
2017,3,"Escroqueries et fraudes aux moyens de paiement",39,Jura,868,3.336,40
2017,3,"Escroqueries et fraudes aux moyens de paiement",04,Alpes-de-Haute-Provence,546,3.331,41
2017,3,"Escroqueries et fraudes aux moyens de paiement",84,Vaucluse,1861,3.326,42
2017,3,"Escroqueries et fraudes aux moyens de paiement",29,Finistère,3019,3.321,43
2017,3,"Escroqueries et fraudes aux moyens de paiement",59,Nord,8634,3.315,44
2017,3,"Escroqueries et fraudes aux moyens de paiement",30,Gard,2466,3.314,45
2017,3,"Escroqueries et fraudes aux moyens de paiement",32,Gers,631,3.302,46
2017,3,"Escroqueries et fraudes aux moyens de paiement",14,Calvados,2264,3.262,47
2017,3,"Escroqueries et fraudes aux moyens de paiement",73,Savoie,1404,3.256,48
2017,3,"Escroqueries et fraudes aux moyens de paiement",49,Maine-et-Loire,2640,3.245,49
2017,3,"Escroqueries et fraudes aux moyens de paiement",63,Puy-de-Dôme,2107,3.223,50
2017,3,"Escroqueries et fraudes aux moyens de paiement",03,Allier,1086,3.213,51
2017,3,"Escroqueries et fraudes aux moyens de paiement",40,Landes,1299,3.188,52
2017,3,"Escroqueries et fraudes aux moyens de paiement",70,Haute-Saône,753,3.182,53
2017,3,"Escroqueries et fraudes aux moyens de paiement",71,Saône-et-Loire,1761,3.181,54
2017,3,"Escroqueries et fraudes aux moyens de paiement",19,Corrèze,766,3.172,55
2017,3,"Escroqueries et fraudes aux moyens de paiement",46,Lot,548,3.153,56
2017,3,"Escroqueries et fraudes aux moyens de paiement",27,Eure,1894,3.147,57
2017,3,"Escroqueries et fraudes aux moyens de paiement",28,Eure-et-Loir,1358,3.135,58
2017,3,"Escroqueries et fraudes aux moyens de paiement",66,Pyrénées-Orientales,1477,3.113,59
2017,3,"Escroqueries et fraudes aux moyens de paiement",76,Seine-Maritime,3902,3.111,60
2017,3,"Escroqueries et fraudes aux moyens de paiement",41,Loir-et-Cher,1029,3.100,61
2017,3,"Escroqueries et fraudes aux moyens de paiement",65,Hautes-Pyrénées,708,3.098,62
2017,3,"Escroqueries et fraudes aux moyens de paiement",17,Charente-Maritime,1993,3.093,63
2017,3,"Escroqueries et fraudes aux moyens de paiement",15,Cantal,447,3.080,64
2017,3,"Escroqueries et fraudes aux moyens de paiement",02,Aisne,1642,3.072,65
2017,3,"Escroqueries et fraudes aux moyens de paiement",74,Haute-Savoie,2476,3.067,66
2017,3,"Escroqueries et fraudes aux moyens de paiement",90,"Territoire de Belfort",434,3.043,67
2017,3,"Escroqueries et fraudes aux moyens de paiement",56,Morbihan,2279,3.035,68
2017,3,"Escroqueries et fraudes aux moyens de paiement",87,Haute-Vienne,1133,3.026,69
2017,3,"Escroqueries et fraudes aux moyens de paiement",11,Aude,1108,2.992,70
2017,3,"Escroqueries et fraudes aux moyens de paiement",01,Ain,1912,2.972,71
2017,3,"Escroqueries et fraudes aux moyens de paiement",81,Tarn,1135,2.926,72
2017,3,"Escroqueries et fraudes aux moyens de paiement",80,Somme,1658,2.896,73
2017,3,"Escroqueries et fraudes aux moyens de paiement",61,Orne,820,2.894,74
2017,3,"Escroqueries et fraudes aux moyens de paiement",2B,Haute-Corse,513,2.887,75
2017,3,"Escroqueries et fraudes aux moyens de paiement",67,Bas-Rhin,3248,2.886,76
2017,3,"Escroqueries et fraudes aux moyens de paiement",05,Hautes-Alpes,405,2.867,77
2017,3,"Escroqueries et fraudes aux moyens de paiement",24,Dordogne,1176,2.843,78
2017,3,"Escroqueries et fraudes aux moyens de paiement",53,Mayenne,874,2.843,78
2017,3,"Escroqueries et fraudes aux moyens de paiement",64,Pyrénées-Atlantiques,1918,2.832,80
2017,3,"Escroqueries et fraudes aux moyens de paiement",36,Indre,623,2.803,81
2017,3,"Escroqueries et fraudes aux moyens de paiement",55,Meuse,517,2.762,82
2017,3,"Escroqueries et fraudes aux moyens de paiement",23,Creuse,324,2.731,83
2017,3,"Escroqueries et fraudes aux moyens de paiement",2A,Corse-du-Sud,429,2.728,84
2017,3,"Escroqueries et fraudes aux moyens de paiement",43,Haute-Loire,615,2.706,85
2017,3,"Escroqueries et fraudes aux moyens de paiement",85,Vendée,1816,2.689,86
2017,3,"Escroqueries et fraudes aux moyens de paiement",62,Pas-de-Calais,3941,2.685,87
2017,3,"Escroqueries et fraudes aux moyens de paiement",79,Deux-Sèvres,1001,2.674,88
2017,3,"Escroqueries et fraudes aux moyens de paiement",08,Ardennes,719,2.628,89
2017,3,"Escroqueries et fraudes aux moyens de paiement",50,Manche,1293,2.602,90
2017,3,"Escroqueries et fraudes aux moyens de paiement",88,Vosges,955,2.597,91
2017,3,"Escroqueries et fraudes aux moyens de paiement",48,Lozère,189,2.467,92
2017,3,"Escroqueries et fraudes aux moyens de paiement",57,Moselle,2555,2.448,93
2017,3,"Escroqueries et fraudes aux moyens de paiement",12,Aveyron,682,2.443,94
2017,3,"Escroqueries et fraudes aux moyens de paiement",68,Haut-Rhin,1858,2.432,95
2017,3,"Escroqueries et fraudes aux moyens de paiement",07,Ardèche,741,2.275,96
2017,4,Homicides,2B,Haute-Corse,14,0.079,1
2017,4,Homicides,47,Lot-et-Garonne,11,0.033,2
2017,4,Homicides,13,Bouches-du-Rhône,57,0.028,3
2017,4,Homicides,83,Var,25,0.024,4
2017,4,Homicides,84,Vaucluse,13,0.023,5
2017,4,Homicides,25,Doubs,12,0.022,6
2017,4,Homicides,02,Aisne,11,0.021,7
2017,4,Homicides,49,Maine-et-Loire,16,0.020,8
2017,4,Homicides,11,Aude,7,0.019,9
2017,4,Homicides,2A,Corse-du-Sud,3,0.019,9
2017,4,Homicides,73,Savoie,8,0.019,9
2017,4,Homicides,03,Allier,6,0.018,12
2017,4,Homicides,89,Yonne,6,0.018,12
2017,4,Homicides,23,Creuse,2,0.017,14
2017,4,Homicides,10,Aube,5,0.016,15
2017,4,Homicides,28,Eure-et-Loir,7,0.016,15
2017,4,Homicides,57,Moselle,17,0.016,15
2017,4,Homicides,93,Seine-Saint-Denis,26,0.016,15
2017,4,Homicides,06,Alpes-Maritimes,16,0.015,19
2017,4,Homicides,30,Gard,11,0.015,19
2017,4,Homicides,66,Pyrénées-Orientales,7,0.015,19
2017,4,Homicides,74,Haute-Savoie,12,0.015,19
2017,4,Homicides,75,Paris,32,0.015,19
2017,4,Homicides,26,Drôme,7,0.014,24
2017,4,Homicides,34,Hérault,15,0.013,25
2017,4,Homicides,38,Isère,16,0.013,25
2017,4,Homicides,48,Lozère,1,0.013,25
2017,4,Homicides,56,Morbihan,10,0.013,25
2017,4,Homicides,60,Oise,11,0.013,25
2017,4,Homicides,70,Haute-Saône,3,0.013,25
2017,4,Homicides,77,Seine-et-Marne,18,0.013,25
2017,4,Homicides,79,Deux-Sèvres,5,0.013,25
2017,4,Homicides,04,Alpes-de-Haute-Provence,2,0.012,33
2017,4,Homicides,37,Indre-et-Loire,7,0.012,33
2017,4,Homicides,46,Lot,2,0.012,33
2017,4,Homicides,59,Nord,30,0.012,33
2017,4,Homicides,80,Somme,7,0.012,33
2017,4,Homicides,82,Tarn-et-Garonne,3,0.012,33
2017,4,Homicides,01,Ain,7,0.011,39
2017,4,Homicides,16,Charente,4,0.011,39
2017,4,Homicides,33,Gironde,18,0.011,39
2017,4,Homicides,51,Marne,6,0.011,39
2017,4,Homicides,55,Meuse,2,0.011,39
2017,4,Homicides,69,Rhône,20,0.011,39
2017,4,Homicides,94,Val-de-Marne,15,0.011,39
2017,4,Homicides,22,Côtes-d'Armor,6,0.010,46
2017,4,Homicides,24,Dordogne,4,0.010,46
2017,4,Homicides,53,Mayenne,3,0.010,46
2017,4,Homicides,54,Meurthe-et-Moselle,7,0.010,46
2017,4,Homicides,58,Nièvre,2,0.010,46
2017,4,Homicides,62,Pas-de-Calais,15,0.010,46
2017,4,Homicides,64,Pyrénées-Atlantiques,7,0.010,46
2017,4,Homicides,91,Essonne,13,0.010,46
2017,4,Homicides,14,Calvados,6,0.009,54
2017,4,Homicides,17,Charente-Maritime,6,0.009,54
2017,4,Homicides,29,Finistère,8,0.009,54
2017,4,Homicides,31,Haute-Garonne,12,0.009,54
2017,4,Homicides,41,Loir-et-Cher,3,0.009,54
2017,4,Homicides,43,Haute-Loire,2,0.009,54
2017,4,Homicides,72,Sarthe,5,0.009,54
2017,4,Homicides,76,Seine-Maritime,11,0.009,54
2017,4,Homicides,27,Eure,5,0.008,62
2017,4,Homicides,50,Manche,4,0.008,62
2017,4,Homicides,63,Puy-de-Dôme,5,0.008,62
2017,4,Homicides,78,Yvelines,11,0.008,62
2017,4,Homicides,81,Tarn,3,0.008,62
2017,4,Homicides,09,Ariège,1,0.007,67
2017,4,Homicides,18,Cher,2,0.007,67
2017,4,Homicides,44,Loire-Atlantique,10,0.007,67
2017,4,Homicides,45,Loiret,5,0.007,67
2017,4,Homicides,68,Haut-Rhin,5,0.007,67
2017,4,Homicides,86,Vienne,3,0.007,67
2017,4,Homicides,90,"Territoire de Belfort",1,0.007,67
2017,4,Homicides,21,Côte-d'Or,3,0.006,74
2017,4,Homicides,92,Hauts-de-Seine,10,0.006,74
2017,4,Homicides,95,Val-d'Oise,7,0.006,74
2017,4,Homicides,32,Gers,1,0.005,77
2017,4,Homicides,35,Ille-et-Vilaine,5,0.005,77
2017,4,Homicides,40,Landes,2,0.005,77
2017,4,Homicides,42,Loire,4,0.005,77
2017,4,Homicides,71,Saône-et-Loire,3,0.005,77
2017,4,Homicides,88,Vosges,2,0.005,77
2017,4,Homicides,08,Ardennes,1,0.004,83
2017,4,Homicides,12,Aveyron,1,0.004,83
2017,4,Homicides,36,Indre,1,0.004,83
2017,4,Homicides,61,Orne,1,0.004,83
2017,4,Homicides,67,Bas-Rhin,4,0.004,83
2017,4,Homicides,85,Vendée,3,0.004,83
2017,4,Homicides,07,Ardèche,1,0.003,89
2017,4,Homicides,87,Haute-Vienne,1,0.003,89
2017,4,Homicides,05,Hautes-Alpes,0,0.000,91
2017,4,Homicides,15,Cantal,0,0.000,91
2017,4,Homicides,19,Corrèze,0,0.000,91
2017,4,Homicides,39,Jura,0,0.000,91
2017,4,Homicides,52,Haute-Marne,0,0.000,91
2017,4,Homicides,65,Hautes-Pyrénées,0,0.000,91
2017,5,"Tentatives d'homicide",75,Paris,216,0.099,1
2017,5,"Tentatives d'homicide",66,Pyrénées-Orientales,44,0.093,2
2017,5,"Tentatives d'homicide",25,Doubs,48,0.089,3
2017,5,"Tentatives d'homicide",26,Drôme,43,0.084,4
2017,5,"Tentatives d'homicide",2A,Corse-du-Sud,12,0.076,5
2017,5,"Tentatives d'homicide",2B,Haute-Corse,13,0.073,6
2017,5,"Tentatives d'homicide",93,Seine-Saint-Denis,102,0.063,7
2017,5,"Tentatives d'homicide",28,Eure-et-Loir,27,0.062,8
2017,5,"Tentatives d'homicide",06,Alpes-Maritimes,57,0.053,9
2017,5,"Tentatives d'homicide",60,Oise,43,0.052,10
2017,5,"Tentatives d'homicide",13,Bouches-du-Rhône,100,0.049,11
2017,5,"Tentatives d'homicide",94,Val-de-Marne,68,0.049,11
2017,5,"Tentatives d'homicide",42,Loire,37,0.048,13
2017,5,"Tentatives d'homicide",95,Val-d'Oise,54,0.044,14
2017,5,"Tentatives d'homicide",51,Marne,24,0.042,15
2017,5,"Tentatives d'homicide",74,Haute-Savoie,31,0.038,16
2017,5,"Tentatives d'homicide",31,Haute-Garonne,50,0.037,17
2017,5,"Tentatives d'homicide",32,Gers,7,0.037,17
2017,5,"Tentatives d'homicide",68,Haut-Rhin,28,0.037,17
2017,5,"Tentatives d'homicide",77,Seine-et-Marne,52,0.037,17
2017,5,"Tentatives d'homicide",34,Hérault,41,0.036,21
2017,5,"Tentatives d'homicide",84,Vaucluse,20,0.036,21
2017,5,"Tentatives d'homicide",30,Gard,26,0.035,23
2017,5,"Tentatives d'homicide",82,Tarn-et-Garonne,9,0.035,23
2017,5,"Tentatives d'homicide",11,Aude,12,0.032,25
2017,5,"Tentatives d'homicide",38,Isère,40,0.032,25
2017,5,"Tentatives d'homicide",91,Essonne,42,0.032,25
2017,5,"Tentatives d'homicide",36,Indre,7,0.031,28
2017,5,"Tentatives d'homicide",45,Loiret,21,0.031,28
2017,5,"Tentatives d'homicide",49,Maine-et-Loire,25,0.031,28
2017,5,"Tentatives d'homicide",18,Cher,9,0.030,31
2017,5,"Tentatives d'homicide",83,Var,32,0.030,31
2017,5,"Tentatives d'homicide",92,Hauts-de-Seine,49,0.030,31
2017,5,"Tentatives d'homicide",10,Aube,9,0.029,34
2017,5,"Tentatives d'homicide",35,Ille-et-Vilaine,31,0.029,34
2017,5,"Tentatives d'homicide",63,Puy-de-Dôme,19,0.029,34
2017,5,"Tentatives d'homicide",52,Haute-Marne,5,0.028,37
2017,5,"Tentatives d'homicide",33,Gironde,43,0.027,38
2017,5,"Tentatives d'homicide",78,Yvelines,39,0.027,38
2017,5,"Tentatives d'homicide",86,Vienne,12,0.027,38
2017,5,"Tentatives d'homicide",43,Haute-Loire,6,0.026,41
2017,5,"Tentatives d'homicide",59,Nord,68,0.026,41
2017,5,"Tentatives d'homicide",61,Orne,7,0.025,43
2017,5,"Tentatives d'homicide",71,Saône-et-Loire,14,0.025,43
2017,5,"Tentatives d'homicide",58,Nièvre,5,0.024,45
2017,5,"Tentatives d'homicide",69,Rhône,44,0.024,45
2017,5,"Tentatives d'homicide",62,Pas-de-Calais,34,0.023,47
2017,5,"Tentatives d'homicide",67,Bas-Rhin,25,0.022,48
2017,5,"Tentatives d'homicide",85,Vendée,15,0.022,48
2017,5,"Tentatives d'homicide",05,Hautes-Alpes,3,0.021,50
2017,5,"Tentatives d'homicide",79,Deux-Sèvres,8,0.021,50
2017,5,"Tentatives d'homicide",80,Somme,12,0.021,50
2017,5,"Tentatives d'homicide",90,"Territoire de Belfort",3,0.021,50
2017,5,"Tentatives d'homicide",29,Finistère,18,0.020,54
2017,5,"Tentatives d'homicide",50,Manche,10,0.020,54
2017,5,"Tentatives d'homicide",01,Ain,12,0.019,56
2017,5,"Tentatives d'homicide",24,Dordogne,8,0.019,56
2017,5,"Tentatives d'homicide",44,Loire-Atlantique,27,0.019,56
2017,5,"Tentatives d'homicide",72,Sarthe,11,0.019,56
2017,5,"Tentatives d'homicide",22,Côtes-d'Armor,11,0.018,60
2017,5,"Tentatives d'homicide",54,Meurthe-et-Moselle,13,0.018,60
2017,5,"Tentatives d'homicide",02,Aisne,9,0.017,62
2017,5,"Tentatives d'homicide",14,Calvados,12,0.017,62
2017,5,"Tentatives d'homicide",16,Charente,6,0.017,62
2017,5,"Tentatives d'homicide",21,Côte-d'Or,9,0.017,62
2017,5,"Tentatives d'homicide",40,Landes,7,0.017,62
2017,5,"Tentatives d'homicide",70,Haute-Saône,4,0.017,62
2017,5,"Tentatives d'homicide",53,Mayenne,5,0.016,68
2017,5,"Tentatives d'homicide",88,Vosges,6,0.016,68
2017,5,"Tentatives d'homicide",73,Savoie,6,0.014,70
2017,5,"Tentatives d'homicide",76,Seine-Maritime,18,0.014,70
2017,5,"Tentatives d'homicide",27,Eure,8,0.013,72
2017,5,"Tentatives d'homicide",37,Indre-et-Loire,8,0.013,72
2017,5,"Tentatives d'homicide",56,Morbihan,10,0.013,72
2017,5,"Tentatives d'homicide",03,Allier,4,0.012,75
2017,5,"Tentatives d'homicide",55,Meuse,2,0.011,76
2017,5,"Tentatives d'homicide",64,Pyrénées-Atlantiques,7,0.010,77
2017,5,"Tentatives d'homicide",07,Ardèche,3,0.009,78
2017,5,"Tentatives d'homicide",17,Charente-Maritime,6,0.009,78
2017,5,"Tentatives d'homicide",41,Loir-et-Cher,3,0.009,78
2017,5,"Tentatives d'homicide",47,Lot-et-Garonne,3,0.009,78
2017,5,"Tentatives d'homicide",57,Moselle,9,0.009,78
2017,5,"Tentatives d'homicide",89,Yonne,3,0.009,78
2017,5,"Tentatives d'homicide",39,Jura,2,0.008,84
2017,5,"Tentatives d'homicide",12,Aveyron,2,0.007,85
2017,5,"Tentatives d'homicide",15,Cantal,1,0.007,85
2017,5,"Tentatives d'homicide",04,Alpes-de-Haute-Provence,1,0.006,87
2017,5,"Tentatives d'homicide",46,Lot,1,0.006,87
2017,5,"Tentatives d'homicide",81,Tarn,2,0.005,89
2017,5,"Tentatives d'homicide",87,Haute-Vienne,2,0.005,89
2017,5,"Tentatives d'homicide",08,Ardennes,1,0.004,91
2017,5,"Tentatives d'homicide",19,Corrèze,1,0.004,91
2017,5,"Tentatives d'homicide",65,Hautes-Pyrénées,1,0.004,91
2017,5,"Tentatives d'homicide",09,Ariège,0,0.000,94
2017,5,"Tentatives d'homicide",23,Creuse,0,0.000,94
2017,5,"Tentatives d'homicide",48,Lozère,0,0.000,94
2017,6,"Trafic de stupéfiants",93,Seine-Saint-Denis,3400,2.095,1
2017,6,"Trafic de stupéfiants",75,Paris,3626,1.658,2
2017,6,"Trafic de stupéfiants",40,Landes,586,1.438,3
2017,6,"Trafic de stupéfiants",74,Haute-Savoie,1050,1.301,4
2017,6,"Trafic de stupéfiants",94,Val-de-Marne,1704,1.228,5
2017,6,"Trafic de stupéfiants",13,Bouches-du-Rhône,2163,1.069,6
2017,6,"Trafic de stupéfiants",95,Val-d'Oise,1152,0.938,7
2017,6,"Trafic de stupéfiants",90,"Territoire de Belfort",116,0.813,8
2017,6,"Trafic de stupéfiants",31,Haute-Garonne,1082,0.794,9
2017,6,"Trafic de stupéfiants",91,Essonne,1022,0.789,10
2017,6,"Trafic de stupéfiants",33,Gironde,1235,0.780,11
2017,6,"Trafic de stupéfiants",2B,Haute-Corse,138,0.777,12
2017,6,"Trafic de stupéfiants",83,Var,795,0.751,13
2017,6,"Trafic de stupéfiants",84,Vaucluse,408,0.729,14
2017,6,"Trafic de stupéfiants",19,Corrèze,175,0.725,15
2017,6,"Trafic de stupéfiants",65,Hautes-Pyrénées,164,0.718,16
2017,6,"Trafic de stupéfiants",88,Vosges,259,0.704,17
2017,6,"Trafic de stupéfiants",89,Yonne,237,0.701,18
2017,6,"Trafic de stupéfiants",34,Hérault,798,0.697,19
2017,6,"Trafic de stupéfiants",21,Côte-d'Or,366,0.686,20
2017,6,"Trafic de stupéfiants",06,Alpes-Maritimes,738,0.681,21
2017,6,"Trafic de stupéfiants",92,Hauts-de-Seine,1086,0.675,22
2017,6,"Trafic de stupéfiants",55,Meuse,123,0.657,23
2017,6,"Trafic de stupéfiants",10,Aube,202,0.652,24
2017,6,"Trafic de stupéfiants",50,Manche,324,0.652,24
2017,6,"Trafic de stupéfiants",66,Pyrénées-Orientales,305,0.643,26
2017,6,"Trafic de stupéfiants",59,Nord,1667,0.640,27
2017,6,"Trafic de stupéfiants",28,Eure-et-Loir,264,0.609,28
2017,6,"Trafic de stupéfiants",67,Bas-Rhin,682,0.606,29
2017,6,"Trafic de stupéfiants",60,Oise,496,0.602,30
2017,6,"Trafic de stupéfiants",87,Haute-Vienne,220,0.588,31
2017,6,"Trafic de stupéfiants",69,Rhône,1062,0.576,32
2017,6,"Trafic de stupéfiants",77,Seine-et-Marne,808,0.575,33
2017,6,"Trafic de stupéfiants",05,Hautes-Alpes,80,0.566,34
2017,6,"Trafic de stupéfiants",57,Moselle,590,0.565,35
2017,6,"Trafic de stupéfiants",54,Meurthe-et-Moselle,410,0.559,36
2017,6,"Trafic de stupéfiants",12,Aveyron,154,0.552,37
2017,6,"Trafic de stupéfiants",78,Yvelines,780,0.542,38
2017,6,"Trafic de stupéfiants",52,Haute-Marne,95,0.541,39
2017,6,"Trafic de stupéfiants",73,Savoie,232,0.538,40
2017,6,"Trafic de stupéfiants",70,Haute-Saône,127,0.537,41
2017,6,"Trafic de stupéfiants",79,Deux-Sèvres,200,0.534,42
2017,6,"Trafic de stupéfiants",14,Calvados,366,0.527,43
2017,6,"Trafic de stupéfiants",08,Ardennes,140,0.512,44
2017,6,"Trafic de stupéfiants",68,Haut-Rhin,391,0.512,44
2017,6,"Trafic de stupéfiants",35,Ille-et-Vilaine,541,0.510,46
2017,6,"Trafic de stupéfiants",22,Côtes-d'Armor,304,0.508,47
2017,6,"Trafic de stupéfiants",86,Vienne,221,0.506,48
2017,6,"Trafic de stupéfiants",03,Allier,169,0.500,49
2017,6,"Trafic de stupéfiants",25,Doubs,269,0.499,50
2017,6,"Trafic de stupéfiants",24,Dordogne,205,0.496,51
2017,6,"Trafic de stupéfiants",11,Aude,183,0.494,52
2017,6,"Trafic de stupéfiants",48,Lozère,37,0.483,53
2017,6,"Trafic de stupéfiants",17,Charente-Maritime,304,0.472,54
2017,6,"Trafic de stupéfiants",26,Drôme,241,0.471,55
2017,6,"Trafic de stupéfiants",71,Saône-et-Loire,258,0.466,56
2017,6,"Trafic de stupéfiants",30,Gard,346,0.465,57
2017,6,"Trafic de stupéfiants",80,Somme,266,0.465,57
2017,6,"Trafic de stupéfiants",29,Finistère,417,0.459,59
2017,6,"Trafic de stupéfiants",42,Loire,348,0.456,60
2017,6,"Trafic de stupéfiants",64,Pyrénées-Atlantiques,308,0.455,61
2017,6,"Trafic de stupéfiants",2A,Corse-du-Sud,71,0.452,62
2017,6,"Trafic de stupéfiants",62,Pas-de-Calais,664,0.452,62
2017,6,"Trafic de stupéfiants",76,Seine-Maritime,564,0.450,64
2017,6,"Trafic de stupéfiants",38,Isère,561,0.446,65
2017,6,"Trafic de stupéfiants",63,Puy-de-Dôme,285,0.436,66
2017,6,"Trafic de stupéfiants",15,Cantal,63,0.434,67
2017,6,"Trafic de stupéfiants",37,Indre-et-Loire,263,0.434,67
2017,6,"Trafic de stupéfiants",04,Alpes-de-Haute-Provence,71,0.433,69
2017,6,"Trafic de stupéfiants",27,Eure,259,0.430,70
2017,6,"Trafic de stupéfiants",01,Ain,269,0.418,71
2017,6,"Trafic de stupéfiants",36,Indre,92,0.414,72
2017,6,"Trafic de stupéfiants",44,Loire-Atlantique,549,0.394,73
2017,6,"Trafic de stupéfiants",53,Mayenne,121,0.394,73
2017,6,"Trafic de stupéfiants",43,Haute-Loire,86,0.378,75
2017,6,"Trafic de stupéfiants",16,Charente,133,0.377,76
2017,6,"Trafic de stupéfiants",46,Lot,64,0.368,77
2017,6,"Trafic de stupéfiants",49,Maine-et-Loire,294,0.361,78
2017,6,"Trafic de stupéfiants",56,Morbihan,269,0.358,79
2017,6,"Trafic de stupéfiants",23,Creuse,42,0.354,80
2017,6,"Trafic de stupéfiants",47,Lot-et-Garonne,113,0.340,81
2017,6,"Trafic de stupéfiants",85,Vendée,217,0.321,82
2017,6,"Trafic de stupéfiants",51,Marne,178,0.313,83
2017,6,"Trafic de stupéfiants",41,Loir-et-Cher,101,0.304,84
2017,6,"Trafic de stupéfiants",09,Ariège,46,0.300,85
2017,6,"Trafic de stupéfiants",39,Jura,77,0.296,86
2017,6,"Trafic de stupéfiants",58,Nièvre,60,0.290,87
2017,6,"Trafic de stupéfiants",32,Gers,55,0.288,88
2017,6,"Trafic de stupéfiants",81,Tarn,106,0.273,89
2017,6,"Trafic de stupéfiants",45,Loiret,184,0.271,90
2017,6,"Trafic de stupéfiants",07,Ardèche,81,0.249,91
2017,6,"Trafic de stupéfiants",72,Sarthe,141,0.249,91
2017,6,"Trafic de stupéfiants",02,Aisne,123,0.230,93
2017,6,"Trafic de stupéfiants",82,Tarn-et-Garonne,56,0.217,94
2017,6,"Trafic de stupéfiants",18,Cher,64,0.210,95
2017,6,"Trafic de stupéfiants",61,Orne,50,0.176,96
2017,7,"Usage de stupéfiants",05,Hautes-Alpes,840,5.945,1
2017,7,"Usage de stupéfiants",93,Seine-Saint-Denis,9237,5.691,2
2017,7,"Usage de stupéfiants",78,Yvelines,7511,5.222,3
2017,7,"Usage de stupéfiants",75,Paris,10693,4.888,4
2017,7,"Usage de stupéfiants",95,Val-d'Oise,5490,4.468,5
2017,7,"Usage de stupéfiants",83,Var,4688,4.428,6
2017,7,"Usage de stupéfiants",77,Seine-et-Marne,5853,4.169,7
2017,7,"Usage de stupéfiants",59,Nord,10212,3.921,8
2017,7,"Usage de stupéfiants",04,Alpes-de-Haute-Provence,638,3.892,9
2017,7,"Usage de stupéfiants",74,Haute-Savoie,2924,3.622,10
2017,7,"Usage de stupéfiants",54,Meurthe-et-Moselle,2628,3.583,11
2017,7,"Usage de stupéfiants",94,Val-de-Marne,4920,3.545,12
2017,7,"Usage de stupéfiants",89,Yonne,1183,3.497,13
2017,7,"Usage de stupéfiants",88,Vosges,1266,3.443,14
2017,7,"Usage de stupéfiants",69,Rhône,6225,3.377,15
2017,7,"Usage de stupéfiants",55,Meuse,630,3.366,16
2017,7,"Usage de stupéfiants",84,Vaucluse,1877,3.355,17
2017,7,"Usage de stupéfiants",19,Corrèze,801,3.317,18
2017,7,"Usage de stupéfiants",91,Essonne,4200,3.240,19
2017,7,"Usage de stupéfiants",52,Haute-Marne,560,3.188,20
2017,7,"Usage de stupéfiants",80,Somme,1820,3.179,21
2017,7,"Usage de stupéfiants",53,Mayenne,961,3.126,22
2017,7,"Usage de stupéfiants",13,Bouches-du-Rhône,6018,2.973,23
2017,7,"Usage de stupéfiants",17,Charente-Maritime,1913,2.969,24
2017,7,"Usage de stupéfiants",06,Alpes-Maritimes,3197,2.951,25
2017,7,"Usage de stupéfiants",03,Allier,989,2.926,26
2017,7,"Usage de stupéfiants",14,Calvados,1977,2.849,27
2017,7,"Usage de stupéfiants",18,Cher,858,2.820,28
2017,7,"Usage de stupéfiants",11,Aude,1040,2.809,29
2017,7,"Usage de stupéfiants",34,Hérault,3212,2.806,30
2017,7,"Usage de stupéfiants",46,Lot,486,2.796,31
2017,7,"Usage de stupéfiants",90,"Territoire de Belfort",398,2.791,32
2017,7,"Usage de stupéfiants",08,Ardennes,748,2.734,33
2017,7,"Usage de stupéfiants",26,Drôme,1382,2.702,34
2017,7,"Usage de stupéfiants",51,Marne,1524,2.679,35
2017,7,"Usage de stupéfiants",40,Landes,1076,2.641,36
2017,7,"Usage de stupéfiants",73,Savoie,1134,2.630,37
2017,7,"Usage de stupéfiants",39,Jura,684,2.629,38
2017,7,"Usage de stupéfiants",62,Pas-de-Calais,3848,2.621,39
2017,7,"Usage de stupéfiants",45,Loiret,1769,2.609,40
2017,7,"Usage de stupéfiants",92,Hauts-de-Seine,4196,2.607,41
2017,7,"Usage de stupéfiants",27,Eure,1562,2.595,42
2017,7,"Usage de stupéfiants",28,Eure-et-Loir,1117,2.578,43
2017,7,"Usage de stupéfiants",2B,Haute-Corse,454,2.555,44
2017,7,"Usage de stupéfiants",42,Loire,1941,2.544,45
2017,7,"Usage de stupéfiants",36,Indre,555,2.497,46
2017,7,"Usage de stupéfiants",57,Moselle,2581,2.473,47
2017,7,"Usage de stupéfiants",29,Finistère,2240,2.464,48
2017,7,"Usage de stupéfiants",41,Loir-et-Cher,799,2.407,49
2017,7,"Usage de stupéfiants",65,Hautes-Pyrénées,541,2.367,50
2017,7,"Usage de stupéfiants",12,Aveyron,659,2.360,51
2017,7,"Usage de stupéfiants",86,Vienne,1029,2.355,52
2017,7,"Usage de stupéfiants",07,Ardèche,758,2.327,53
2017,7,"Usage de stupéfiants",64,Pyrénées-Atlantiques,1573,2.322,54
2017,7,"Usage de stupéfiants",32,Gers,443,2.318,55
2017,7,"Usage de stupéfiants",21,Côte-d'Or,1218,2.282,56
2017,7,"Usage de stupéfiants",60,Oise,1869,2.267,57
2017,7,"Usage de stupéfiants",31,Haute-Garonne,3070,2.253,58
2017,7,"Usage de stupéfiants",44,Loire-Atlantique,3134,2.247,59
2017,7,"Usage de stupéfiants",71,Saône-et-Loire,1240,2.240,60
2017,7,"Usage de stupéfiants",09,Ariège,340,2.220,61
2017,7,"Usage de stupéfiants",01,Ain,1415,2.199,62
2017,7,"Usage de stupéfiants",33,Gironde,3471,2.192,63
2017,7,"Usage de stupéfiants",37,Indre-et-Loire,1326,2.186,64
2017,7,"Usage de stupéfiants",10,Aube,672,2.168,65
2017,7,"Usage de stupéfiants",38,Isère,2696,2.142,66
2017,7,"Usage de stupéfiants",66,Pyrénées-Orientales,1008,2.125,67
2017,7,"Usage de stupéfiants",43,Haute-Loire,480,2.112,68
2017,7,"Usage de stupéfiants",2A,Corse-du-Sud,332,2.111,69
2017,7,"Usage de stupéfiants",76,Seine-Maritime,2610,2.081,70
2017,7,"Usage de stupéfiants",48,Lozère,148,1.932,71
2017,7,"Usage de stupéfiants",58,Nièvre,396,1.911,72
2017,7,"Usage de stupéfiants",35,Ille-et-Vilaine,2022,1.907,73
2017,7,"Usage de stupéfiants",25,Doubs,1024,1.900,74
2017,7,"Usage de stupéfiants",02,Aisne,997,1.865,75
2017,7,"Usage de stupéfiants",68,Haut-Rhin,1425,1.865,75
2017,7,"Usage de stupéfiants",85,Vendée,1248,1.848,77
2017,7,"Usage de stupéfiants",70,Haute-Saône,424,1.792,78
2017,7,"Usage de stupéfiants",30,Gard,1319,1.772,79
2017,7,"Usage de stupéfiants",67,Bas-Rhin,1992,1.770,80
2017,7,"Usage de stupéfiants",61,Orne,491,1.733,81
2017,7,"Usage de stupéfiants",72,Sarthe,976,1.723,82
2017,7,"Usage de stupéfiants",22,Côtes-d'Armor,987,1.648,83
2017,7,"Usage de stupéfiants",50,Manche,819,1.648,83
2017,7,"Usage de stupéfiants",23,Creuse,193,1.627,85
2017,7,"Usage de stupéfiants",16,Charente,569,1.615,86
2017,7,"Usage de stupéfiants",56,Morbihan,1211,1.613,87
2017,7,"Usage de stupéfiants",87,Haute-Vienne,583,1.557,88
2017,7,"Usage de stupéfiants",49,Maine-et-Loire,1241,1.526,89
2017,7,"Usage de stupéfiants",15,Cantal,208,1.433,90
2017,7,"Usage de stupéfiants",24,Dordogne,578,1.397,91
2017,7,"Usage de stupéfiants",63,Puy-de-Dôme,878,1.343,92
2017,7,"Usage de stupéfiants",81,Tarn,510,1.315,93
2017,7,"Usage de stupéfiants",79,Deux-Sèvres,480,1.282,94
2017,7,"Usage de stupéfiants",47,Lot-et-Garonne,423,1.271,95
2017,7,"Usage de stupéfiants",82,Tarn-et-Garonne,292,1.130,96
2017,8,"Usage de stupéfiants (AFD)",01,Ain,0,0.000,1
2017,8,"Usage de stupéfiants (AFD)",02,Aisne,0,0.000,1
2017,8,"Usage de stupéfiants (AFD)",03,Allier,0,0.000,1
2017,8,"Usage de stupéfiants (AFD)",04,Alpes-de-Haute-Provence,0,0.000,1
2017,8,"Usage de stupéfiants (AFD)",05,Hautes-Alpes,0,0.000,1
2017,8,"Usage de stupéfiants (AFD)",06,Alpes-Maritimes,0,0.000,1
2017,8,"Usage de stupéfiants (AFD)",07,Ardèche,0,0.000,1
2017,8,"Usage de stupéfiants (AFD)",08,Ardennes,0,0.000,1
2017,8,"Usage de stupéfiants (AFD)",09,Ariège,0,0.000,1
2017,8,"Usage de stupéfiants (AFD)",10,Aube,0,0.000,1
2017,8,"Usage de stupéfiants (AFD)",11,Aude,0,0.000,1
2017,8,"Usage de stupéfiants (AFD)",12,Aveyron,0,0.000,1
2017,8,"Usage de stupéfiants (AFD)",13,Bouches-du-Rhône,0,0.000,1
2017,8,"Usage de stupéfiants (AFD)",14,Calvados,0,0.000,1
2017,8,"Usage de stupéfiants (AFD)",15,Cantal,0,0.000,1
2017,8,"Usage de stupéfiants (AFD)",16,Charente,0,0.000,1
2017,8,"Usage de stupéfiants (AFD)",17,Charente-Maritime,0,0.000,1
2017,8,"Usage de stupéfiants (AFD)",18,Cher,0,0.000,1
2017,8,"Usage de stupéfiants (AFD)",19,Corrèze,0,0.000,1
2017,8,"Usage de stupéfiants (AFD)",21,Côte-d'Or,0,0.000,1
2017,8,"Usage de stupéfiants (AFD)",22,Côtes-d'Armor,0,0.000,1
2017,8,"Usage de stupéfiants (AFD)",23,Creuse,0,0.000,1
2017,8,"Usage de stupéfiants (AFD)",24,Dordogne,0,0.000,1
2017,8,"Usage de stupéfiants (AFD)",25,Doubs,0,0.000,1
2017,8,"Usage de stupéfiants (AFD)",26,Drôme,0,0.000,1
2017,8,"Usage de stupéfiants (AFD)",27,Eure,0,0.000,1
2017,8,"Usage de stupéfiants (AFD)",28,Eure-et-Loir,0,0.000,1
2017,8,"Usage de stupéfiants (AFD)",29,Finistère,0,0.000,1
2017,8,"Usage de stupéfiants (AFD)",2A,Corse-du-Sud,0,0.000,1
2017,8,"Usage de stupéfiants (AFD)",2B,Haute-Corse,0,0.000,1
2017,8,"Usage de stupéfiants (AFD)",30,Gard,0,0.000,1
2017,8,"Usage de stupéfiants (AFD)",31,Haute-Garonne,0,0.000,1
2017,8,"Usage de stupéfiants (AFD)",32,Gers,0,0.000,1
2017,8,"Usage de stupéfiants (AFD)",33,Gironde,0,0.000,1
2017,8,"Usage de stupéfiants (AFD)",34,Hérault,0,0.000,1
2017,8,"Usage de stupéfiants (AFD)",35,Ille-et-Vilaine,0,0.000,1
2017,8,"Usage de stupéfiants (AFD)",36,Indre,0,0.000,1
2017,8,"Usage de stupéfiants (AFD)",37,Indre-et-Loire,0,0.000,1
2017,8,"Usage de stupéfiants (AFD)",38,Isère,0,0.000,1
2017,8,"Usage de stupéfiants (AFD)",39,Jura,0,0.000,1
2017,8,"Usage de stupéfiants (AFD)",40,Landes,0,0.000,1
2017,8,"Usage de stupéfiants (AFD)",41,Loir-et-Cher,0,0.000,1
2017,8,"Usage de stupéfiants (AFD)",42,Loire,0,0.000,1
2017,8,"Usage de stupéfiants (AFD)",43,Haute-Loire,0,0.000,1
2017,8,"Usage de stupéfiants (AFD)",44,Loire-Atlantique,0,0.000,1
2017,8,"Usage de stupéfiants (AFD)",45,Loiret,0,0.000,1
2017,8,"Usage de stupéfiants (AFD)",46,Lot,0,0.000,1
2017,8,"Usage de stupéfiants (AFD)",47,Lot-et-Garonne,0,0.000,1
2017,8,"Usage de stupéfiants (AFD)",48,Lozère,0,0.000,1
2017,8,"Usage de stupéfiants (AFD)",49,Maine-et-Loire,0,0.000,1
2017,8,"Usage de stupéfiants (AFD)",50,Manche,0,0.000,1
2017,8,"Usage de stupéfiants (AFD)",51,Marne,0,0.000,1
2017,8,"Usage de stupéfiants (AFD)",52,Haute-Marne,0,0.000,1
2017,8,"Usage de stupéfiants (AFD)",53,Mayenne,0,0.000,1
2017,8,"Usage de stupéfiants (AFD)",54,Meurthe-et-Moselle,0,0.000,1
2017,8,"Usage de stupéfiants (AFD)",55,Meuse,0,0.000,1
2017,8,"Usage de stupéfiants (AFD)",56,Morbihan,0,0.000,1
2017,8,"Usage de stupéfiants (AFD)",57,Moselle,0,0.000,1
2017,8,"Usage de stupéfiants (AFD)",58,Nièvre,0,0.000,1
2017,8,"Usage de stupéfiants (AFD)",59,Nord,0,0.000,1
2017,8,"Usage de stupéfiants (AFD)",60,Oise,0,0.000,1
2017,8,"Usage de stupéfiants (AFD)",61,Orne,0,0.000,1
2017,8,"Usage de stupéfiants (AFD)",62,Pas-de-Calais,0,0.000,1
2017,8,"Usage de stupéfiants (AFD)",63,Puy-de-Dôme,0,0.000,1
2017,8,"Usage de stupéfiants (AFD)",64,Pyrénées-Atlantiques,0,0.000,1
2017,8,"Usage de stupéfiants (AFD)",65,Hautes-Pyrénées,0,0.000,1
2017,8,"Usage de stupéfiants (AFD)",66,Pyrénées-Orientales,0,0.000,1
2017,8,"Usage de stupéfiants (AFD)",67,Bas-Rhin,0,0.000,1
2017,8,"Usage de stupéfiants (AFD)",68,Haut-Rhin,0,0.000,1
2017,8,"Usage de stupéfiants (AFD)",69,Rhône,0,0.000,1
2017,8,"Usage de stupéfiants (AFD)",70,Haute-Saône,0,0.000,1
2017,8,"Usage de stupéfiants (AFD)",71,Saône-et-Loire,0,0.000,1
2017,8,"Usage de stupéfiants (AFD)",72,Sarthe,0,0.000,1
2017,8,"Usage de stupéfiants (AFD)",73,Savoie,0,0.000,1
2017,8,"Usage de stupéfiants (AFD)",74,Haute-Savoie,0,0.000,1
2017,8,"Usage de stupéfiants (AFD)",75,Paris,0,0.000,1
2017,8,"Usage de stupéfiants (AFD)",76,Seine-Maritime,0,0.000,1
2017,8,"Usage de stupéfiants (AFD)",77,Seine-et-Marne,0,0.000,1
2017,8,"Usage de stupéfiants (AFD)",78,Yvelines,0,0.000,1
2017,8,"Usage de stupéfiants (AFD)",79,Deux-Sèvres,0,0.000,1
2017,8,"Usage de stupéfiants (AFD)",80,Somme,0,0.000,1
2017,8,"Usage de stupéfiants (AFD)",81,Tarn,0,0.000,1
2017,8,"Usage de stupéfiants (AFD)",82,Tarn-et-Garonne,0,0.000,1
2017,8,"Usage de stupéfiants (AFD)",83,Var,0,0.000,1
2017,8,"Usage de stupéfiants (AFD)",84,Vaucluse,0,0.000,1
2017,8,"Usage de stupéfiants (AFD)",85,Vendée,0,0.000,1
2017,8,"Usage de stupéfiants (AFD)",86,Vienne,0,0.000,1
2017,8,"Usage de stupéfiants (AFD)",87,Haute-Vienne,0,0.000,1
2017,8,"Usage de stupéfiants (AFD)",88,Vosges,0,0.000,1
2017,8,"Usage de stupéfiants (AFD)",89,Yonne,0,0.000,1
2017,8,"Usage de stupéfiants (AFD)",90,"Territoire de Belfort",0,0.000,1
2017,8,"Usage de stupéfiants (AFD)",91,Essonne,0,0.000,1
2017,8,"Usage de stupéfiants (AFD)",92,Hauts-de-Seine,0,0.000,1
2017,8,"Usage de stupéfiants (AFD)",93,Seine-Saint-Denis,0,0.000,1
2017,8,"Usage de stupéfiants (AFD)",94,Val-de-Marne,0,0.000,1
2017,8,"Usage de stupéfiants (AFD)",95,Val-d'Oise,0,0.000,1
2017,9,"Usage de stupéfiants (hors AFD)",05,Hautes-Alpes,840,5.945,1
2017,9,"Usage de stupéfiants (hors AFD)",93,Seine-Saint-Denis,9237,5.691,2
2017,9,"Usage de stupéfiants (hors AFD)",78,Yvelines,7511,5.222,3
2017,9,"Usage de stupéfiants (hors AFD)",75,Paris,10693,4.888,4
2017,9,"Usage de stupéfiants (hors AFD)",95,Val-d'Oise,5490,4.468,5
2017,9,"Usage de stupéfiants (hors AFD)",83,Var,4688,4.428,6
2017,9,"Usage de stupéfiants (hors AFD)",77,Seine-et-Marne,5853,4.169,7
2017,9,"Usage de stupéfiants (hors AFD)",59,Nord,10212,3.921,8
2017,9,"Usage de stupéfiants (hors AFD)",04,Alpes-de-Haute-Provence,638,3.892,9
2017,9,"Usage de stupéfiants (hors AFD)",74,Haute-Savoie,2924,3.622,10
2017,9,"Usage de stupéfiants (hors AFD)",54,Meurthe-et-Moselle,2628,3.583,11
2017,9,"Usage de stupéfiants (hors AFD)",94,Val-de-Marne,4920,3.545,12
2017,9,"Usage de stupéfiants (hors AFD)",89,Yonne,1183,3.497,13
2017,9,"Usage de stupéfiants (hors AFD)",88,Vosges,1266,3.443,14
2017,9,"Usage de stupéfiants (hors AFD)",69,Rhône,6225,3.377,15
2017,9,"Usage de stupéfiants (hors AFD)",55,Meuse,630,3.366,16
2017,9,"Usage de stupéfiants (hors AFD)",84,Vaucluse,1877,3.355,17
2017,9,"Usage de stupéfiants (hors AFD)",19,Corrèze,801,3.317,18
2017,9,"Usage de stupéfiants (hors AFD)",91,Essonne,4200,3.240,19
2017,9,"Usage de stupéfiants (hors AFD)",52,Haute-Marne,560,3.188,20
2017,9,"Usage de stupéfiants (hors AFD)",80,Somme,1820,3.179,21
2017,9,"Usage de stupéfiants (hors AFD)",53,Mayenne,961,3.126,22
2017,9,"Usage de stupéfiants (hors AFD)",13,Bouches-du-Rhône,6018,2.973,23
2017,9,"Usage de stupéfiants (hors AFD)",17,Charente-Maritime,1913,2.969,24
2017,9,"Usage de stupéfiants (hors AFD)",06,Alpes-Maritimes,3197,2.951,25
2017,9,"Usage de stupéfiants (hors AFD)",03,Allier,989,2.926,26
2017,9,"Usage de stupéfiants (hors AFD)",14,Calvados,1977,2.849,27
2017,9,"Usage de stupéfiants (hors AFD)",18,Cher,858,2.820,28
2017,9,"Usage de stupéfiants (hors AFD)",11,Aude,1040,2.809,29
2017,9,"Usage de stupéfiants (hors AFD)",34,Hérault,3212,2.806,30
2017,9,"Usage de stupéfiants (hors AFD)",46,Lot,486,2.796,31
2017,9,"Usage de stupéfiants (hors AFD)",90,"Territoire de Belfort",398,2.791,32
2017,9,"Usage de stupéfiants (hors AFD)",08,Ardennes,748,2.734,33
2017,9,"Usage de stupéfiants (hors AFD)",26,Drôme,1382,2.702,34
2017,9,"Usage de stupéfiants (hors AFD)",51,Marne,1524,2.679,35
2017,9,"Usage de stupéfiants (hors AFD)",40,Landes,1076,2.641,36
2017,9,"Usage de stupéfiants (hors AFD)",73,Savoie,1134,2.630,37
2017,9,"Usage de stupéfiants (hors AFD)",39,Jura,684,2.629,38
2017,9,"Usage de stupéfiants (hors AFD)",62,Pas-de-Calais,3848,2.621,39
2017,9,"Usage de stupéfiants (hors AFD)",45,Loiret,1769,2.609,40
2017,9,"Usage de stupéfiants (hors AFD)",92,Hauts-de-Seine,4196,2.607,41
2017,9,"Usage de stupéfiants (hors AFD)",27,Eure,1562,2.595,42
2017,9,"Usage de stupéfiants (hors AFD)",28,Eure-et-Loir,1117,2.578,43
2017,9,"Usage de stupéfiants (hors AFD)",2B,Haute-Corse,454,2.555,44
2017,9,"Usage de stupéfiants (hors AFD)",42,Loire,1941,2.544,45
2017,9,"Usage de stupéfiants (hors AFD)",36,Indre,555,2.497,46
2017,9,"Usage de stupéfiants (hors AFD)",57,Moselle,2581,2.473,47
2017,9,"Usage de stupéfiants (hors AFD)",29,Finistère,2240,2.464,48
2017,9,"Usage de stupéfiants (hors AFD)",41,Loir-et-Cher,799,2.407,49
2017,9,"Usage de stupéfiants (hors AFD)",65,Hautes-Pyrénées,541,2.367,50
2017,9,"Usage de stupéfiants (hors AFD)",12,Aveyron,659,2.360,51
2017,9,"Usage de stupéfiants (hors AFD)",86,Vienne,1029,2.355,52
2017,9,"Usage de stupéfiants (hors AFD)",07,Ardèche,758,2.327,53
2017,9,"Usage de stupéfiants (hors AFD)",64,Pyrénées-Atlantiques,1573,2.322,54
2017,9,"Usage de stupéfiants (hors AFD)",32,Gers,443,2.318,55
2017,9,"Usage de stupéfiants (hors AFD)",21,Côte-d'Or,1218,2.282,56
2017,9,"Usage de stupéfiants (hors AFD)",60,Oise,1869,2.267,57
2017,9,"Usage de stupéfiants (hors AFD)",31,Haute-Garonne,3070,2.253,58
2017,9,"Usage de stupéfiants (hors AFD)",44,Loire-Atlantique,3134,2.247,59
2017,9,"Usage de stupéfiants (hors AFD)",71,Saône-et-Loire,1240,2.240,60
2017,9,"Usage de stupéfiants (hors AFD)",09,Ariège,340,2.220,61
2017,9,"Usage de stupéfiants (hors AFD)",01,Ain,1415,2.199,62
2017,9,"Usage de stupéfiants (hors AFD)",33,Gironde,3471,2.192,63
2017,9,"Usage de stupéfiants (hors AFD)",37,Indre-et-Loire,1326,2.186,64
2017,9,"Usage de stupéfiants (hors AFD)",10,Aube,672,2.168,65
2017,9,"Usage de stupéfiants (hors AFD)",38,Isère,2696,2.142,66
2017,9,"Usage de stupéfiants (hors AFD)",66,Pyrénées-Orientales,1008,2.125,67
2017,9,"Usage de stupéfiants (hors AFD)",43,Haute-Loire,480,2.112,68
2017,9,"Usage de stupéfiants (hors AFD)",2A,Corse-du-Sud,332,2.111,69
2017,9,"Usage de stupéfiants (hors AFD)",76,Seine-Maritime,2610,2.081,70
2017,9,"Usage de stupéfiants (hors AFD)",48,Lozère,148,1.932,71
2017,9,"Usage de stupéfiants (hors AFD)",58,Nièvre,396,1.911,72
2017,9,"Usage de stupéfiants (hors AFD)",35,Ille-et-Vilaine,2022,1.907,73
2017,9,"Usage de stupéfiants (hors AFD)",25,Doubs,1024,1.900,74
2017,9,"Usage de stupéfiants (hors AFD)",02,Aisne,997,1.865,75
2017,9,"Usage de stupéfiants (hors AFD)",68,Haut-Rhin,1425,1.865,75
2017,9,"Usage de stupéfiants (hors AFD)",85,Vendée,1248,1.848,77
2017,9,"Usage de stupéfiants (hors AFD)",70,Haute-Saône,424,1.792,78
2017,9,"Usage de stupéfiants (hors AFD)",30,Gard,1319,1.772,79
2017,9,"Usage de stupéfiants (hors AFD)",67,Bas-Rhin,1992,1.770,80
2017,9,"Usage de stupéfiants (hors AFD)",61,Orne,491,1.733,81
2017,9,"Usage de stupéfiants (hors AFD)",72,Sarthe,976,1.723,82
2017,9,"Usage de stupéfiants (hors AFD)",22,Côtes-d'Armor,987,1.648,83
2017,9,"Usage de stupéfiants (hors AFD)",50,Manche,819,1.648,83
2017,9,"Usage de stupéfiants (hors AFD)",23,Creuse,193,1.627,85
2017,9,"Usage de stupéfiants (hors AFD)",16,Charente,569,1.615,86
2017,9,"Usage de stupéfiants (hors AFD)",56,Morbihan,1211,1.613,87
2017,9,"Usage de stupéfiants (hors AFD)",87,Haute-Vienne,583,1.557,88
2017,9,"Usage de stupéfiants (hors AFD)",49,Maine-et-Loire,1241,1.526,89
2017,9,"Usage de stupéfiants (hors AFD)",15,Cantal,208,1.433,90
2017,9,"Usage de stupéfiants (hors AFD)",24,Dordogne,578,1.397,91
2017,9,"Usage de stupéfiants (hors AFD)",63,Puy-de-Dôme,878,1.343,92
2017,9,"Usage de stupéfiants (hors AFD)",81,Tarn,510,1.315,93
2017,9,"Usage de stupéfiants (hors AFD)",79,Deux-Sèvres,480,1.282,94
2017,9,"Usage de stupéfiants (hors AFD)",47,Lot-et-Garonne,423,1.271,95
2017,9,"Usage de stupéfiants (hors AFD)",82,Tarn-et-Garonne,292,1.130,96
2017,10,"Violences physiques hors cadre familial",75,Paris,10123,4.628,1
2017,10,"Violences physiques hors cadre familial",93,Seine-Saint-Denis,7306,4.501,2
2017,10,"Violences physiques hors cadre familial",69,Rhône,6080,3.298,3
2017,10,"Violences physiques hors cadre familial",13,Bouches-du-Rhône,6663,3.292,4
2017,10,"Violences physiques hors cadre familial",59,Nord,8506,3.266,5
2017,10,"Violences physiques hors cadre familial",90,"Territoire de Belfort",461,3.232,6
2017,10,"Violences physiques hors cadre familial",34,Hérault,3647,3.185,7
2017,10,"Violences physiques hors cadre familial",62,Pas-de-Calais,4521,3.080,8
2017,10,"Violences physiques hors cadre familial",52,Haute-Marne,529,3.012,9
2017,10,"Violences physiques hors cadre familial",89,Yonne,1015,3.000,10
2017,10,"Violences physiques hors cadre familial",51,Marne,1701,2.990,11
2017,10,"Violences physiques hors cadre familial",10,Aube,916,2.955,12
2017,10,"Violences physiques hors cadre familial",66,Pyrénées-Orientales,1391,2.932,13
2017,10,"Violences physiques hors cadre familial",25,Doubs,1577,2.925,14
2017,10,"Violences physiques hors cadre familial",08,Ardennes,783,2.862,15
2017,10,"Violences physiques hors cadre familial",95,Val-d'Oise,3483,2.835,16
2017,10,"Violences physiques hors cadre familial",06,Alpes-Maritimes,3020,2.788,17
2017,10,"Violences physiques hors cadre familial",83,Var,2951,2.787,18
2017,10,"Violences physiques hors cadre familial",54,Meurthe-et-Moselle,2025,2.761,19
2017,10,"Violences physiques hors cadre familial",09,Ariège,411,2.684,20
2017,10,"Violences physiques hors cadre familial",45,Loiret,1783,2.629,21
2017,10,"Violences physiques hors cadre familial",42,Loire,2004,2.627,22
2017,10,"Violences physiques hors cadre familial",80,Somme,1503,2.626,23
2017,10,"Violences physiques hors cadre familial",68,Haut-Rhin,1996,2.612,24
2017,10,"Violences physiques hors cadre familial",94,Val-de-Marne,3531,2.544,25
2017,10,"Violences physiques hors cadre familial",55,Meuse,476,2.543,26
2017,10,"Violences physiques hors cadre familial",91,Essonne,3293,2.541,27
2017,10,"Violences physiques hors cadre familial",02,Aisne,1349,2.524,28
2017,10,"Violences physiques hors cadre familial",60,Oise,2051,2.488,29
2017,10,"Violences physiques hors cadre familial",30,Gard,1850,2.486,30
2017,10,"Violences physiques hors cadre familial",84,Vaucluse,1384,2.474,31
2017,10,"Violences physiques hors cadre familial",57,Moselle,2559,2.452,32
2017,10,"Violences physiques hors cadre familial",31,Haute-Garonne,3338,2.450,33
2017,10,"Violences physiques hors cadre familial",77,Seine-et-Marne,3420,2.436,34
2017,10,"Violences physiques hors cadre familial",33,Gironde,3795,2.397,35
2017,10,"Violences physiques hors cadre familial",38,Isère,3015,2.395,36
2017,10,"Violences physiques hors cadre familial",76,Seine-Maritime,2976,2.372,37
2017,10,"Violences physiques hors cadre familial",72,Sarthe,1342,2.369,38
2017,10,"Violences physiques hors cadre familial",67,Bas-Rhin,2620,2.328,39
2017,10,"Violences physiques hors cadre familial",26,Drôme,1186,2.318,40
2017,10,"Violences physiques hors cadre familial",11,Aude,854,2.306,41
2017,10,"Violences physiques hors cadre familial",2A,Corse-du-Sud,361,2.296,42
2017,10,"Violences physiques hors cadre familial",27,Eure,1379,2.291,43
2017,10,"Violences physiques hors cadre familial",18,Cher,677,2.225,44
2017,10,"Violences physiques hors cadre familial",44,Loire-Atlantique,3084,2.211,45
2017,10,"Violences physiques hors cadre familial",70,Haute-Saône,522,2.206,46
2017,10,"Violences physiques hors cadre familial",28,Eure-et-Loir,944,2.179,47
2017,10,"Violences physiques hors cadre familial",61,Orne,615,2.170,48
2017,10,"Violences physiques hors cadre familial",03,Allier,730,2.160,49
2017,10,"Violences physiques hors cadre familial",78,Yvelines,3090,2.148,50
2017,10,"Violences physiques hors cadre familial",47,Lot-et-Garonne,710,2.133,51
2017,10,"Violences physiques hors cadre familial",04,Alpes-de-Haute-Provence,349,2.129,52
2017,10,"Violences physiques hors cadre familial",21,Côte-d'Or,1124,2.106,53
2017,10,"Violences physiques hors cadre familial",41,Loir-et-Cher,688,2.073,54
2017,10,"Violences physiques hors cadre familial",16,Charente,730,2.072,55
2017,10,"Violences physiques hors cadre familial",92,Hauts-de-Seine,3306,2.054,56
2017,10,"Violences physiques hors cadre familial",73,Savoie,881,2.043,57
2017,10,"Violences physiques hors cadre familial",82,Tarn-et-Garonne,522,2.021,58
2017,10,"Violences physiques hors cadre familial",88,Vosges,742,2.018,59
2017,10,"Violences physiques hors cadre familial",14,Calvados,1395,2.010,60
2017,10,"Violences physiques hors cadre familial",29,Finistère,1797,1.977,61
2017,10,"Violences physiques hors cadre familial",17,Charente-Maritime,1271,1.973,62
2017,10,"Violences physiques hors cadre familial",71,Saône-et-Loire,1092,1.973,62
2017,10,"Violences physiques hors cadre familial",48,Lozère,150,1.958,64
2017,10,"Violences physiques hors cadre familial",2B,Haute-Corse,346,1.947,65
2017,10,"Violences physiques hors cadre familial",19,Corrèze,463,1.917,66
2017,10,"Violences physiques hors cadre familial",35,Ille-et-Vilaine,1999,1.885,67
2017,10,"Violences physiques hors cadre familial",36,Indre,418,1.881,68
2017,10,"Violences physiques hors cadre familial",63,Puy-de-Dôme,1208,1.848,69
2017,10,"Violences physiques hors cadre familial",74,Haute-Savoie,1481,1.834,70
2017,10,"Violences physiques hors cadre familial",86,Vienne,785,1.797,71
2017,10,"Violences physiques hors cadre familial",58,Nièvre,372,1.796,72
2017,10,"Violences physiques hors cadre familial",37,Indre-et-Loire,1083,1.786,73
2017,10,"Violences physiques hors cadre familial",81,Tarn,689,1.776,74
2017,10,"Violences physiques hors cadre familial",39,Jura,459,1.764,75
2017,10,"Violences physiques hors cadre familial",01,Ain,1121,1.742,76
2017,10,"Violences physiques hors cadre familial",40,Landes,708,1.738,77
2017,10,"Violences physiques hors cadre familial",05,Hautes-Alpes,244,1.727,78
2017,10,"Violences physiques hors cadre familial",56,Morbihan,1283,1.709,79
2017,10,"Violences physiques hors cadre familial",49,Maine-et-Loire,1388,1.706,80
2017,10,"Violences physiques hors cadre familial",65,Hautes-Pyrénées,388,1.698,81
2017,10,"Violences physiques hors cadre familial",64,Pyrénées-Atlantiques,1139,1.682,82
2017,10,"Violences physiques hors cadre familial",50,Manche,821,1.652,83
2017,10,"Violences physiques hors cadre familial",46,Lot,280,1.611,84
2017,10,"Violences physiques hors cadre familial",07,Ardèche,521,1.600,85
2017,10,"Violences physiques hors cadre familial",22,Côtes-d'Armor,926,1.546,86
2017,10,"Violences physiques hors cadre familial",43,Haute-Loire,349,1.536,87
2017,10,"Violences physiques hors cadre familial",79,Deux-Sèvres,565,1.509,88
2017,10,"Violences physiques hors cadre familial",24,Dordogne,619,1.497,89
2017,10,"Violences physiques hors cadre familial",87,Haute-Vienne,554,1.480,90
2017,10,"Violences physiques hors cadre familial",53,Mayenne,446,1.451,91
2017,10,"Violences physiques hors cadre familial",32,Gers,269,1.408,92
2017,10,"Violences physiques hors cadre familial",85,Vendée,944,1.398,93
2017,10,"Violences physiques hors cadre familial",23,Creuse,158,1.332,94
2017,10,"Violences physiques hors cadre familial",12,Aveyron,370,1.325,95
2017,10,"Violences physiques hors cadre familial",15,Cantal,148,1.020,96
2017,11,"Violences physiques intrafamiliales",93,Seine-Saint-Denis,4843,2.984,1
2017,11,"Violences physiques intrafamiliales",89,Yonne,903,2.669,2
2017,11,"Violences physiques intrafamiliales",77,Seine-et-Marne,3558,2.534,3
2017,11,"Violences physiques intrafamiliales",62,Pas-de-Calais,3620,2.466,4
2017,11,"Violences physiques intrafamiliales",59,Nord,5943,2.282,5
2017,11,"Violences physiques intrafamiliales",45,Loiret,1536,2.265,6
2017,11,"Violences physiques intrafamiliales",91,Essonne,2805,2.164,7
2017,11,"Violences physiques intrafamiliales",94,Val-de-Marne,2978,2.146,8
2017,11,"Violences physiques intrafamiliales",02,Aisne,1135,2.124,9
2017,11,"Violences physiques intrafamiliales",80,Somme,1202,2.100,10
2017,11,"Violences physiques intrafamiliales",51,Marne,1159,2.037,11
2017,11,"Violences physiques intrafamiliales",06,Alpes-Maritimes,2186,2.018,12
2017,11,"Violences physiques intrafamiliales",13,Bouches-du-Rhône,4075,2.013,13
2017,11,"Violences physiques intrafamiliales",95,Val-d'Oise,2425,1.974,14
2017,11,"Violences physiques intrafamiliales",10,Aube,611,1.971,15
2017,11,"Violences physiques intrafamiliales",60,Oise,1608,1.950,16
2017,11,"Violences physiques intrafamiliales",83,Var,2063,1.949,17
2017,11,"Violences physiques intrafamiliales",25,Doubs,1028,1.907,18
2017,11,"Violences physiques intrafamiliales",72,Sarthe,1079,1.905,19
2017,11,"Violences physiques intrafamiliales",11,Aude,705,1.904,20
2017,11,"Violences physiques intrafamiliales",66,Pyrénées-Orientales,900,1.897,21
2017,11,"Violences physiques intrafamiliales",27,Eure,1121,1.863,22
2017,11,"Violences physiques intrafamiliales",78,Yvelines,2590,1.801,23
2017,11,"Violences physiques intrafamiliales",09,Ariège,274,1.789,24
2017,11,"Violences physiques intrafamiliales",92,Hauts-de-Seine,2854,1.773,25
2017,11,"Violences physiques intrafamiliales",04,Alpes-de-Haute-Provence,289,1.763,26
2017,11,"Violences physiques intrafamiliales",90,"Territoire de Belfort",246,1.725,27
2017,11,"Violences physiques intrafamiliales",52,Haute-Marne,302,1.719,28
2017,11,"Violences physiques intrafamiliales",69,Rhône,3130,1.698,29
2017,11,"Violences physiques intrafamiliales",54,Meurthe-et-Moselle,1242,1.693,30
2017,11,"Violences physiques intrafamiliales",30,Gard,1230,1.653,31
2017,11,"Violences physiques intrafamiliales",34,Hérault,1889,1.650,32
2017,11,"Violences physiques intrafamiliales",31,Haute-Garonne,2247,1.649,33
2017,11,"Violences physiques intrafamiliales",08,Ardennes,450,1.645,34
2017,11,"Violences physiques intrafamiliales",84,Vaucluse,920,1.644,35
2017,11,"Violences physiques intrafamiliales",16,Charente,577,1.638,36
2017,11,"Violences physiques intrafamiliales",68,Haut-Rhin,1249,1.635,37
2017,11,"Violences physiques intrafamiliales",76,Seine-Maritime,2044,1.629,38
2017,11,"Violences physiques intrafamiliales",41,Loir-et-Cher,540,1.627,39
2017,11,"Violences physiques intrafamiliales",67,Bas-Rhin,1825,1.621,40
2017,11,"Violences physiques intrafamiliales",28,Eure-et-Loir,700,1.616,41
2017,11,"Violences physiques intrafamiliales",18,Cher,490,1.610,42
2017,11,"Violences physiques intrafamiliales",70,Haute-Saône,381,1.610,42
2017,11,"Violences physiques intrafamiliales",82,Tarn-et-Garonne,413,1.599,44
2017,11,"Violences physiques intrafamiliales",47,Lot-et-Garonne,532,1.598,45
2017,11,"Violences physiques intrafamiliales",61,Orne,448,1.581,46
2017,11,"Violences physiques intrafamiliales",33,Gironde,2491,1.573,47
2017,11,"Violences physiques intrafamiliales",53,Mayenne,482,1.568,48
2017,11,"Violences physiques intrafamiliales",38,Isère,1956,1.554,49
2017,11,"Violences physiques intrafamiliales",50,Manche,772,1.554,49
2017,11,"Violences physiques intrafamiliales",05,Hautes-Alpes,219,1.550,51
2017,11,"Violences physiques intrafamiliales",75,Paris,3380,1.545,52
2017,11,"Violences physiques intrafamiliales",44,Loire-Atlantique,2150,1.541,53
2017,11,"Violences physiques intrafamiliales",15,Cantal,221,1.523,54
2017,11,"Violences physiques intrafamiliales",03,Allier,513,1.518,55
2017,11,"Violences physiques intrafamiliales",39,Jura,393,1.510,56
2017,11,"Violences physiques intrafamiliales",55,Meuse,279,1.490,57
2017,11,"Violences physiques intrafamiliales",57,Moselle,1555,1.490,57
2017,11,"Violences physiques intrafamiliales",14,Calvados,1033,1.488,59
2017,11,"Violences physiques intrafamiliales",26,Drôme,756,1.478,60
2017,11,"Violences physiques intrafamiliales",71,Saône-et-Loire,809,1.461,61
2017,11,"Violences physiques intrafamiliales",42,Loire,1098,1.439,62
2017,11,"Violences physiques intrafamiliales",21,Côte-d'Or,759,1.422,63
2017,11,"Violences physiques intrafamiliales",49,Maine-et-Loire,1141,1.403,64
2017,11,"Violences physiques intrafamiliales",86,Vienne,612,1.401,65
2017,11,"Violences physiques intrafamiliales",36,Indre,311,1.399,66
2017,11,"Violences physiques intrafamiliales",58,Nièvre,285,1.376,67
2017,11,"Violences physiques intrafamiliales",56,Morbihan,1027,1.368,68
2017,11,"Violences physiques intrafamiliales",35,Ille-et-Vilaine,1445,1.363,69
2017,11,"Violences physiques intrafamiliales",37,Indre-et-Loire,818,1.349,70
2017,11,"Violences physiques intrafamiliales",85,Vendée,910,1.348,71
2017,11,"Violences physiques intrafamiliales",40,Landes,545,1.338,72
2017,11,"Violences physiques intrafamiliales",17,Charente-Maritime,854,1.325,73
2017,11,"Violences physiques intrafamiliales",12,Aveyron,368,1.318,74
2017,11,"Violences physiques intrafamiliales",79,Deux-Sèvres,489,1.306,75
2017,11,"Violences physiques intrafamiliales",19,Corrèze,314,1.300,76
2017,11,"Violences physiques intrafamiliales",24,Dordogne,530,1.281,77
2017,11,"Violences physiques intrafamiliales",22,Côtes-d'Armor,765,1.278,78
2017,11,"Violences physiques intrafamiliales",01,Ain,818,1.271,79
2017,11,"Violences physiques intrafamiliales",65,Hautes-Pyrénées,290,1.269,80
2017,11,"Violences physiques intrafamiliales",81,Tarn,492,1.268,81
2017,11,"Violences physiques intrafamiliales",2A,Corse-du-Sud,196,1.246,82
2017,11,"Violences physiques intrafamiliales",74,Haute-Savoie,1002,1.241,83
2017,11,"Violences physiques intrafamiliales",63,Puy-de-Dôme,806,1.233,84
2017,11,"Violences physiques intrafamiliales",29,Finistère,1117,1.229,85
2017,11,"Violences physiques intrafamiliales",2B,Haute-Corse,218,1.227,86
2017,11,"Violences physiques intrafamiliales",32,Gers,234,1.225,87
2017,11,"Violences physiques intrafamiliales",07,Ardèche,396,1.216,88
2017,11,"Violences physiques intrafamiliales",64,Pyrénées-Atlantiques,811,1.197,89
2017,11,"Violences physiques intrafamiliales",88,Vosges,433,1.178,90
2017,11,"Violences physiques intrafamiliales",87,Haute-Vienne,437,1.167,91
2017,11,"Violences physiques intrafamiliales",73,Savoie,501,1.162,92
2017,11,"Violences physiques intrafamiliales",46,Lot,190,1.093,93
2017,11,"Violences physiques intrafamiliales",43,Haute-Loire,220,0.968,94
2017,11,"Violences physiques intrafamiliales",48,Lozère,74,0.966,95
2017,11,"Violences physiques intrafamiliales",23,Creuse,100,0.843,96
2017,12,"Violences sexuelles",75,Paris,2754,1.259,1
2017,12,"Violences sexuelles",89,Yonne,397,1.174,2
2017,12,"Violences sexuelles",62,Pas-de-Calais,1645,1.121,3
2017,12,"Violences sexuelles",52,Haute-Marne,196,1.116,4
2017,12,"Violences sexuelles",72,Sarthe,603,1.064,5
2017,12,"Violences sexuelles",70,Haute-Saône,251,1.061,6
2017,12,"Violences sexuelles",08,Ardennes,289,1.056,7
2017,12,"Violences sexuelles",02,Aisne,563,1.053,8
2017,12,"Violences sexuelles",61,Orne,297,1.048,9
2017,12,"Violences sexuelles",16,Charente,369,1.047,10
2017,12,"Violences sexuelles",90,"Territoire de Belfort",149,1.045,11
2017,12,"Violences sexuelles",55,Meuse,195,1.042,12
2017,12,"Violences sexuelles",50,Manche,516,1.038,13
2017,12,"Violences sexuelles",45,Loiret,684,1.009,14
2017,12,"Violences sexuelles",80,Somme,567,0.990,15
2017,12,"Violences sexuelles",59,Nord,2563,0.984,16
2017,12,"Violences sexuelles",39,Jura,254,0.976,17
2017,12,"Violences sexuelles",09,Ariège,149,0.973,18
2017,12,"Violences sexuelles",93,Seine-Saint-Denis,1573,0.969,19
2017,12,"Violences sexuelles",10,Aube,299,0.964,20
2017,12,"Violences sexuelles",14,Calvados,657,0.947,21
2017,12,"Violences sexuelles",60,Oise,768,0.931,22
2017,12,"Violences sexuelles",49,Maine-et-Loire,749,0.921,23
2017,12,"Violences sexuelles",86,Vienne,402,0.920,24
2017,12,"Violences sexuelles",66,Pyrénées-Orientales,436,0.919,25
2017,12,"Violences sexuelles",17,Charente-Maritime,590,0.916,26
2017,12,"Violences sexuelles",24,Dordogne,378,0.914,27
2017,12,"Violences sexuelles",44,Loire-Atlantique,1272,0.912,28
2017,12,"Violences sexuelles",18,Cher,275,0.904,29
2017,12,"Violences sexuelles",79,Deux-Sèvres,337,0.900,30
2017,12,"Violences sexuelles",27,Eure,538,0.894,31
2017,12,"Violences sexuelles",77,Seine-et-Marne,1252,0.892,32
2017,12,"Violences sexuelles",76,Seine-Maritime,1112,0.886,33
2017,12,"Violences sexuelles",82,Tarn-et-Garonne,224,0.867,34
2017,12,"Violences sexuelles",58,Nièvre,179,0.864,35
2017,12,"Violences sexuelles",33,Gironde,1356,0.856,36
2017,12,"Violences sexuelles",35,Ille-et-Vilaine,904,0.853,37
2017,12,"Violences sexuelles",53,Mayenne,258,0.839,38
2017,12,"Violences sexuelles",69,Rhône,1541,0.836,39
2017,12,"Violences sexuelles",40,Landes,340,0.834,40
2017,12,"Violences sexuelles",34,Hérault,954,0.833,41
2017,12,"Violences sexuelles",51,Marne,473,0.831,42
2017,12,"Violences sexuelles",54,Meurthe-et-Moselle,608,0.829,43
2017,12,"Violences sexuelles",06,Alpes-Maritimes,887,0.819,44
2017,12,"Violences sexuelles",25,Doubs,439,0.814,45
2017,12,"Violences sexuelles",21,Côte-d'Or,433,0.811,46
2017,12,"Violences sexuelles",43,Haute-Loire,184,0.810,47
2017,12,"Violences sexuelles",95,Val-d'Oise,986,0.803,48
2017,12,"Violences sexuelles",12,Aveyron,224,0.802,49
2017,12,"Violences sexuelles",47,Lot-et-Garonne,266,0.799,50
2017,12,"Violences sexuelles",41,Loir-et-Cher,265,0.798,51
2017,12,"Violences sexuelles",84,Vaucluse,446,0.797,52
2017,12,"Violences sexuelles",37,Indre-et-Loire,482,0.795,53
2017,12,"Violences sexuelles",31,Haute-Garonne,1081,0.793,54
2017,12,"Violences sexuelles",32,Gers,151,0.790,55
2017,12,"Violences sexuelles",26,Drôme,403,0.788,56
2017,12,"Violences sexuelles",28,Eure-et-Loir,340,0.785,57
2017,12,"Violences sexuelles",13,Bouches-du-Rhône,1577,0.779,58
2017,12,"Violences sexuelles",67,Bas-Rhin,876,0.778,59
2017,12,"Violences sexuelles",46,Lot,135,0.777,60
2017,12,"Violences sexuelles",73,Savoie,335,0.777,60
2017,12,"Violences sexuelles",05,Hautes-Alpes,109,0.771,62
2017,12,"Violences sexuelles",68,Haut-Rhin,588,0.770,63
2017,12,"Violences sexuelles",03,Allier,259,0.766,64
2017,12,"Violences sexuelles",30,Gard,568,0.763,65
2017,12,"Violences sexuelles",83,Var,804,0.759,66
2017,12,"Violences sexuelles",87,Haute-Vienne,284,0.758,67
2017,12,"Violences sexuelles",04,Alpes-de-Haute-Provence,123,0.750,68
2017,12,"Violences sexuelles",85,Vendée,506,0.749,69
2017,12,"Violences sexuelles",36,Indre,166,0.747,70
2017,12,"Violences sexuelles",91,Essonne,965,0.745,71
2017,12,"Violences sexuelles",2B,Haute-Corse,131,0.737,72
2017,12,"Violences sexuelles",78,Yvelines,1060,0.737,72
2017,12,"Violences sexuelles",88,Vosges,270,0.734,74
2017,12,"Violences sexuelles",38,Isère,916,0.728,75
2017,12,"Violences sexuelles",94,Val-de-Marne,1009,0.727,76
2017,12,"Violences sexuelles",11,Aude,268,0.724,77
2017,12,"Violences sexuelles",57,Moselle,750,0.719,78
2017,12,"Violences sexuelles",81,Tarn,279,0.719,78
2017,12,"Violences sexuelles",29,Finistère,639,0.703,80
2017,12,"Violences sexuelles",74,Haute-Savoie,557,0.690,81
2017,12,"Violences sexuelles",01,Ain,437,0.679,82
2017,12,"Violences sexuelles",56,Morbihan,509,0.678,83
2017,12,"Violences sexuelles",19,Corrèze,163,0.675,84
2017,12,"Violences sexuelles",22,Côtes-d'Armor,403,0.673,85
2017,12,"Violences sexuelles",48,Lozère,51,0.666,86
2017,12,"Violences sexuelles",07,Ardèche,214,0.657,87
2017,12,"Violences sexuelles",92,Hauts-de-Seine,1055,0.656,88
2017,12,"Violences sexuelles",42,Loire,490,0.642,89
2017,12,"Violences sexuelles",71,Saône-et-Loire,354,0.639,90
2017,12,"Violences sexuelles",23,Creuse,73,0.615,91
2017,12,"Violences sexuelles",63,Puy-de-Dôme,393,0.601,92
2017,12,"Violences sexuelles",65,Hautes-Pyrénées,135,0.591,93
2017,12,"Violences sexuelles",15,Cantal,85,0.586,94
2017,12,"Violences sexuelles",64,Pyrénées-Atlantiques,389,0.574,95
2017,12,"Violences sexuelles",2A,Corse-du-Sud,79,0.502,96
2017,13,"Vols avec armes",93,Seine-Saint-Denis,658,0.405,1
2017,13,"Vols avec armes",13,Bouches-du-Rhône,765,0.378,2
2017,13,"Vols avec armes",75,Paris,800,0.366,3
2017,13,"Vols avec armes",95,Val-d'Oise,381,0.310,4
2017,13,"Vols avec armes",94,Val-de-Marne,320,0.231,5
2017,13,"Vols avec armes",34,Hérault,234,0.204,6
2017,13,"Vols avec armes",38,Isère,249,0.198,7
2017,13,"Vols avec armes",69,Rhône,338,0.183,8
2017,13,"Vols avec armes",77,Seine-et-Marne,235,0.167,9
2017,13,"Vols avec armes",91,Essonne,210,0.162,10
2017,13,"Vols avec armes",92,Hauts-de-Seine,246,0.153,11
2017,13,"Vols avec armes",59,Nord,393,0.151,12
2017,13,"Vols avec armes",44,Loire-Atlantique,199,0.143,13
2017,13,"Vols avec armes",31,Haute-Garonne,185,0.136,14
2017,13,"Vols avec armes",06,Alpes-Maritimes,139,0.128,15
2017,13,"Vols avec armes",66,Pyrénées-Orientales,60,0.126,16
2017,13,"Vols avec armes",84,Vaucluse,67,0.120,17
2017,13,"Vols avec armes",2B,Haute-Corse,21,0.118,18
2017,13,"Vols avec armes",30,Gard,87,0.117,19
2017,13,"Vols avec armes",83,Var,124,0.117,19
2017,13,"Vols avec armes",33,Gironde,183,0.116,21
2017,13,"Vols avec armes",02,Aisne,57,0.107,22
2017,13,"Vols avec armes",25,Doubs,57,0.106,23
2017,13,"Vols avec armes",26,Drôme,54,0.106,23
2017,13,"Vols avec armes",60,Oise,84,0.102,25
2017,13,"Vols avec armes",73,Savoie,44,0.102,25
2017,13,"Vols avec armes",78,Yvelines,144,0.100,27
2017,13,"Vols avec armes",90,"Territoire de Belfort",14,0.098,28
2017,13,"Vols avec armes",63,Puy-de-Dôme,63,0.096,29
2017,13,"Vols avec armes",76,Seine-Maritime,115,0.092,30
2017,13,"Vols avec armes",11,Aude,32,0.086,31
2017,13,"Vols avec armes",42,Loire,65,0.085,32
2017,13,"Vols avec armes",37,Indre-et-Loire,51,0.084,33
2017,13,"Vols avec armes",51,Marne,48,0.084,33
2017,13,"Vols avec armes",2A,Corse-du-Sud,13,0.083,35
2017,13,"Vols avec armes",58,Nièvre,17,0.082,36
2017,13,"Vols avec armes",72,Sarthe,46,0.081,37
2017,13,"Vols avec armes",89,Yonne,27,0.080,38
2017,13,"Vols avec armes",82,Tarn-et-Garonne,20,0.077,39
2017,13,"Vols avec armes",80,Somme,43,0.075,40
2017,13,"Vols avec armes",62,Pas-de-Calais,109,0.074,41
2017,13,"Vols avec armes",21,Côte-d'Or,39,0.073,42
2017,13,"Vols avec armes",88,Vosges,26,0.071,43
2017,13,"Vols avec armes",54,Meurthe-et-Moselle,50,0.068,44
2017,13,"Vols avec armes",67,Bas-Rhin,77,0.068,44
2017,13,"Vols avec armes",27,Eure,40,0.066,46
2017,13,"Vols avec armes",45,Loiret,45,0.066,46
2017,13,"Vols avec armes",28,Eure-et-Loir,28,0.065,48
2017,13,"Vols avec armes",57,Moselle,67,0.064,49
2017,13,"Vols avec armes",68,Haut-Rhin,49,0.064,49
2017,13,"Vols avec armes",81,Tarn,25,0.064,49
2017,13,"Vols avec armes",47,Lot-et-Garonne,21,0.063,52
2017,13,"Vols avec armes",86,Vienne,27,0.062,53
2017,13,"Vols avec armes",04,Alpes-de-Haute-Provence,10,0.061,54
2017,13,"Vols avec armes",35,Ille-et-Vilaine,65,0.061,54
2017,13,"Vols avec armes",29,Finistère,54,0.059,56
2017,13,"Vols avec armes",10,Aube,18,0.058,57
2017,13,"Vols avec armes",41,Loir-et-Cher,19,0.057,58
2017,13,"Vols avec armes",65,Hautes-Pyrénées,13,0.057,58
2017,13,"Vols avec armes",49,Maine-et-Loire,44,0.054,60
2017,13,"Vols avec armes",14,Calvados,37,0.053,61
2017,13,"Vols avec armes",01,Ain,33,0.051,62
2017,13,"Vols avec armes",17,Charente-Maritime,33,0.051,62
2017,13,"Vols avec armes",52,Haute-Marne,9,0.051,62
2017,13,"Vols avec armes",74,Haute-Savoie,41,0.051,62
2017,13,"Vols avec armes",03,Allier,17,0.050,66
2017,13,"Vols avec armes",18,Cher,15,0.049,67
2017,13,"Vols avec armes",07,Ardèche,15,0.046,68
2017,13,"Vols avec armes",39,Jura,12,0.046,68
2017,13,"Vols avec armes",87,Haute-Vienne,17,0.045,70
2017,13,"Vols avec armes",71,Saône-et-Loire,24,0.043,71
2017,13,"Vols avec armes",79,Deux-Sèvres,15,0.040,72
2017,13,"Vols avec armes",22,Côtes-d'Armor,23,0.038,73
2017,13,"Vols avec armes",32,Gers,7,0.037,74
2017,13,"Vols avec armes",40,Landes,15,0.037,74
2017,13,"Vols avec armes",85,Vendée,24,0.036,76
2017,13,"Vols avec armes",05,Hautes-Alpes,5,0.035,77
2017,13,"Vols avec armes",64,Pyrénées-Atlantiques,24,0.035,77
2017,13,"Vols avec armes",24,Dordogne,14,0.034,79
2017,13,"Vols avec armes",55,Meuse,6,0.032,80
2017,13,"Vols avec armes",61,Orne,9,0.032,80
2017,13,"Vols avec armes",16,Charente,11,0.031,82
2017,13,"Vols avec armes",12,Aveyron,8,0.029,83
2017,13,"Vols avec armes",56,Morbihan,22,0.029,83
2017,13,"Vols avec armes",15,Cantal,4,0.028,85
2017,13,"Vols avec armes",08,Ardennes,7,0.026,86
2017,13,"Vols avec armes",48,Lozère,2,0.026,86
2017,13,"Vols avec armes",53,Mayenne,8,0.026,86
2017,13,"Vols avec armes",23,Creuse,3,0.025,89
2017,13,"Vols avec armes",70,Haute-Saône,6,0.025,89
2017,13,"Vols avec armes",50,Manche,12,0.024,91
2017,13,"Vols avec armes",46,Lot,4,0.023,92
2017,13,"Vols avec armes",43,Haute-Loire,5,0.022,93
2017,13,"Vols avec armes",36,Indre,4,0.018,94
2017,13,"Vols avec armes",09,Ariège,2,0.013,95
2017,13,"Vols avec armes",19,Corrèze,3,0.012,96
2017,14,"Vols d'accessoires sur véhicules",13,Bouches-du-Rhône,6271,3.098,1
2017,14,"Vols d'accessoires sur véhicules",60,Oise,2146,2.603,2
2017,14,"Vols d'accessoires sur véhicules",44,Loire-Atlantique,3498,2.508,3
2017,14,"Vols d'accessoires sur véhicules",95,Val-d'Oise,2781,2.264,4
2017,14,"Vols d'accessoires sur véhicules",93,Seine-Saint-Denis,3653,2.251,5
2017,14,"Vols d'accessoires sur véhicules",66,Pyrénées-Orientales,1066,2.247,6
2017,14,"Vols d'accessoires sur véhicules",69,Rhône,3937,2.136,7
2017,14,"Vols d'accessoires sur véhicules",77,Seine-et-Marne,2927,2.085,8
2017,14,"Vols d'accessoires sur véhicules",26,Drôme,1054,2.060,9
2017,14,"Vols d'accessoires sur véhicules",37,Indre-et-Loire,1238,2.041,10
2017,14,"Vols d'accessoires sur véhicules",91,Essonne,2598,2.004,11
2017,14,"Vols d'accessoires sur véhicules",30,Gard,1481,1.990,12
2017,14,"Vols d'accessoires sur véhicules",59,Nord,5158,1.981,13
2017,14,"Vols d'accessoires sur véhicules",34,Hérault,2140,1.869,14
2017,14,"Vols d'accessoires sur véhicules",52,Haute-Marne,327,1.862,15
2017,14,"Vols d'accessoires sur véhicules",94,Val-de-Marne,2578,1.857,16
2017,14,"Vols d'accessoires sur véhicules",49,Maine-et-Loire,1509,1.855,17
2017,14,"Vols d'accessoires sur véhicules",11,Aude,665,1.796,18
2017,14,"Vols d'accessoires sur véhicules",78,Yvelines,2575,1.790,19
2017,14,"Vols d'accessoires sur véhicules",51,Marne,1013,1.781,20
2017,14,"Vols d'accessoires sur véhicules",89,Yonne,595,1.759,21
2017,14,"Vols d'accessoires sur véhicules",41,Loir-et-Cher,577,1.738,22
2017,14,"Vols d'accessoires sur véhicules",17,Charente-Maritime,1114,1.729,23
2017,14,"Vols d'accessoires sur véhicules",56,Morbihan,1294,1.723,24
2017,14,"Vols d'accessoires sur véhicules",31,Haute-Garonne,2341,1.718,25
2017,14,"Vols d'accessoires sur véhicules",38,Isère,2163,1.718,25
2017,14,"Vols d'accessoires sur véhicules",80,Somme,945,1.651,27
2017,14,"Vols d'accessoires sur véhicules",76,Seine-Maritime,2060,1.642,28
2017,14,"Vols d'accessoires sur véhicules",45,Loiret,1113,1.641,29
2017,14,"Vols d'accessoires sur véhicules",33,Gironde,2567,1.621,30
2017,14,"Vols d'accessoires sur véhicules",02,Aisne,845,1.581,31
2017,14,"Vols d'accessoires sur véhicules",58,Nièvre,327,1.578,32
2017,14,"Vols d'accessoires sur véhicules",61,Orne,443,1.563,33
2017,14,"Vols d'accessoires sur véhicules",86,Vienne,683,1.563,33
2017,14,"Vols d'accessoires sur véhicules",42,Loire,1128,1.478,35
2017,14,"Vols d'accessoires sur véhicules",18,Cher,437,1.436,36
2017,14,"Vols d'accessoires sur véhicules",62,Pas-de-Calais,2083,1.419,37
2017,14,"Vols d'accessoires sur véhicules",83,Var,1497,1.414,38
2017,14,"Vols d'accessoires sur véhicules",84,Vaucluse,788,1.408,39
2017,14,"Vols d'accessoires sur véhicules",35,Ille-et-Vilaine,1490,1.405,40
2017,14,"Vols d'accessoires sur véhicules",72,Sarthe,790,1.395,41
2017,14,"Vols d'accessoires sur véhicules",55,Meuse,259,1.384,42
2017,14,"Vols d'accessoires sur véhicules",01,Ain,844,1.312,43
2017,14,"Vols d'accessoires sur véhicules",92,Hauts-de-Seine,2105,1.308,44
2017,14,"Vols d'accessoires sur véhicules",06,Alpes-Maritimes,1415,1.306,45
2017,14,"Vols d'accessoires sur véhicules",27,Eure,750,1.246,46
2017,14,"Vols d'accessoires sur véhicules",10,Aube,384,1.239,47
2017,14,"Vols d'accessoires sur véhicules",28,Eure-et-Loir,535,1.235,48
2017,14,"Vols d'accessoires sur véhicules",71,Saône-et-Loire,681,1.230,49
2017,14,"Vols d'accessoires sur véhicules",2B,Haute-Corse,204,1.148,50
2017,14,"Vols d'accessoires sur véhicules",39,Jura,297,1.141,51
2017,14,"Vols d'accessoires sur véhicules",79,Deux-Sèvres,425,1.135,52
2017,14,"Vols d'accessoires sur véhicules",21,Côte-d'Or,602,1.128,53
2017,14,"Vols d'accessoires sur véhicules",75,Paris,2425,1.109,54
2017,14,"Vols d'accessoires sur véhicules",73,Savoie,475,1.102,55
2017,14,"Vols d'accessoires sur véhicules",16,Charente,387,1.098,56
2017,14,"Vols d'accessoires sur véhicules",23,Creuse,130,1.096,57
2017,14,"Vols d'accessoires sur véhicules",88,Vosges,402,1.093,58
2017,14,"Vols d'accessoires sur véhicules",36,Indre,239,1.075,59
2017,14,"Vols d'accessoires sur véhicules",87,Haute-Vienne,398,1.063,60
2017,14,"Vols d'accessoires sur véhicules",85,Vendée,717,1.062,61
2017,14,"Vols d'accessoires sur véhicules",54,Meurthe-et-Moselle,765,1.043,62
2017,14,"Vols d'accessoires sur véhicules",32,Gers,199,1.041,63
2017,14,"Vols d'accessoires sur véhicules",29,Finistère,938,1.032,64
2017,14,"Vols d'accessoires sur véhicules",2A,Corse-du-Sud,162,1.030,65
2017,14,"Vols d'accessoires sur véhicules",25,Doubs,553,1.026,66
2017,14,"Vols d'accessoires sur véhicules",57,Moselle,1060,1.016,67
2017,14,"Vols d'accessoires sur véhicules",82,Tarn-et-Garonne,260,1.006,68
2017,14,"Vols d'accessoires sur véhicules",07,Ardèche,326,1.001,69
2017,14,"Vols d'accessoires sur véhicules",40,Landes,408,1.001,69
2017,14,"Vols d'accessoires sur véhicules",14,Calvados,676,0.974,71
2017,14,"Vols d'accessoires sur véhicules",53,Mayenne,294,0.956,72
2017,14,"Vols d'accessoires sur véhicules",63,Puy-de-Dôme,616,0.942,73
2017,14,"Vols d'accessoires sur véhicules",03,Allier,308,0.911,74
2017,14,"Vols d'accessoires sur véhicules",09,Ariège,139,0.908,75
2017,14,"Vols d'accessoires sur véhicules",64,Pyrénées-Atlantiques,606,0.895,76
2017,14,"Vols d'accessoires sur véhicules",74,Haute-Savoie,712,0.882,77
2017,14,"Vols d'accessoires sur véhicules",81,Tarn,339,0.874,78
2017,14,"Vols d'accessoires sur véhicules",04,Alpes-de-Haute-Provence,140,0.854,79
2017,14,"Vols d'accessoires sur véhicules",08,Ardennes,229,0.837,80
2017,14,"Vols d'accessoires sur véhicules",46,Lot,144,0.828,81
2017,14,"Vols d'accessoires sur véhicules",65,Hautes-Pyrénées,188,0.823,82
2017,14,"Vols d'accessoires sur véhicules",24,Dordogne,338,0.817,83
2017,14,"Vols d'accessoires sur véhicules",90,"Territoire de Belfort",116,0.813,84
2017,14,"Vols d'accessoires sur véhicules",70,Haute-Saône,184,0.777,85
2017,14,"Vols d'accessoires sur véhicules",22,Côtes-d'Armor,464,0.775,86
2017,14,"Vols d'accessoires sur véhicules",05,Hautes-Alpes,107,0.757,87
2017,14,"Vols d'accessoires sur véhicules",47,Lot-et-Garonne,242,0.727,88
2017,14,"Vols d'accessoires sur véhicules",19,Corrèze,165,0.683,89
2017,14,"Vols d'accessoires sur véhicules",68,Haut-Rhin,518,0.678,90
2017,14,"Vols d'accessoires sur véhicules",12,Aveyron,187,0.670,91
2017,14,"Vols d'accessoires sur véhicules",48,Lozère,51,0.666,92
2017,14,"Vols d'accessoires sur véhicules",50,Manche,329,0.662,93
2017,14,"Vols d'accessoires sur véhicules",43,Haute-Loire,128,0.563,94
2017,14,"Vols d'accessoires sur véhicules",67,Bas-Rhin,568,0.505,95
2017,14,"Vols d'accessoires sur véhicules",15,Cantal,68,0.469,96
2017,15,"Vols dans les véhicules",69,Rhône,15921,8.637,1
2017,15,"Vols dans les véhicules",44,Loire-Atlantique,11874,8.512,2
2017,15,"Vols dans les véhicules",31,Haute-Garonne,11362,8.338,3
2017,15,"Vols dans les véhicules",93,Seine-Saint-Denis,13177,8.118,4
2017,15,"Vols dans les véhicules",75,Paris,17088,7.812,5
2017,15,"Vols dans les véhicules",13,Bouches-du-Rhône,13972,6.903,6
2017,15,"Vols dans les véhicules",34,Hérault,6860,5.992,7
2017,15,"Vols dans les véhicules",59,Nord,15477,5.943,8
2017,15,"Vols dans les véhicules",95,Val-d'Oise,7079,5.762,9
2017,15,"Vols dans les véhicules",66,Pyrénées-Orientales,2677,5.642,10
2017,15,"Vols dans les véhicules",33,Gironde,8489,5.361,11
2017,15,"Vols dans les véhicules",38,Isère,6278,4.988,12
2017,15,"Vols dans les véhicules",76,Seine-Maritime,6175,4.923,13
2017,15,"Vols dans les véhicules",63,Puy-de-Dôme,3212,4.913,14
2017,15,"Vols dans les véhicules",77,Seine-et-Marne,6563,4.675,15
2017,15,"Vols dans les véhicules",30,Gard,3375,4.535,16
2017,15,"Vols dans les véhicules",11,Aude,1664,4.494,17
2017,15,"Vols dans les véhicules",26,Drôme,2286,4.469,18
2017,15,"Vols dans les véhicules",84,Vaucluse,2499,4.467,19
2017,15,"Vols dans les véhicules",94,Val-de-Marne,6033,4.347,20
2017,15,"Vols dans les véhicules",60,Oise,3365,4.081,21
2017,15,"Vols dans les véhicules",04,Alpes-de-Haute-Provence,616,3.758,22
2017,15,"Vols dans les véhicules",82,Tarn-et-Garonne,958,3.708,23
2017,15,"Vols dans les véhicules",64,Pyrénées-Atlantiques,2469,3.645,24
2017,15,"Vols dans les véhicules",06,Alpes-Maritimes,3851,3.555,25
2017,15,"Vols dans les véhicules",83,Var,3695,3.490,26
2017,15,"Vols dans les véhicules",92,Hauts-de-Seine,5453,3.388,27
2017,15,"Vols dans les véhicules",73,Savoie,1451,3.365,28
2017,15,"Vols dans les véhicules",91,Essonne,4332,3.342,29
2017,15,"Vols dans les véhicules",81,Tarn,1290,3.326,30
2017,15,"Vols dans les véhicules",17,Charente-Maritime,2124,3.297,31
2017,15,"Vols dans les véhicules",42,Loire,2494,3.269,32
2017,15,"Vols dans les véhicules",51,Marne,1838,3.231,33
2017,15,"Vols dans les véhicules",65,Hautes-Pyrénées,727,3.181,34
2017,15,"Vols dans les véhicules",16,Charente,1096,3.111,35
2017,15,"Vols dans les véhicules",74,Haute-Savoie,2448,3.032,36
2017,15,"Vols dans les véhicules",62,Pas-de-Calais,4406,3.001,37
2017,15,"Vols dans les véhicules",80,Somme,1706,2.980,38
2017,15,"Vols dans les véhicules",37,Indre-et-Loire,1778,2.932,39
2017,15,"Vols dans les véhicules",45,Loiret,1900,2.802,40
2017,15,"Vols dans les véhicules",41,Loir-et-Cher,923,2.781,41
2017,15,"Vols dans les véhicules",72,Sarthe,1545,2.727,42
2017,15,"Vols dans les véhicules",78,Yvelines,3784,2.631,43
2017,15,"Vols dans les véhicules",05,Hautes-Alpes,357,2.527,44
2017,15,"Vols dans les véhicules",21,Côte-d'Or,1348,2.525,45
2017,15,"Vols dans les véhicules",49,Maine-et-Loire,2052,2.522,46
2017,15,"Vols dans les véhicules",87,Haute-Vienne,931,2.486,47
2017,15,"Vols dans les véhicules",88,Vosges,898,2.442,48
2017,15,"Vols dans les véhicules",56,Morbihan,1832,2.440,49
2017,15,"Vols dans les véhicules",02,Aisne,1298,2.428,50
2017,15,"Vols dans les véhicules",68,Haut-Rhin,1847,2.417,51
2017,15,"Vols dans les véhicules",35,Ille-et-Vilaine,2559,2.414,52
2017,15,"Vols dans les véhicules",10,Aube,745,2.403,53
2017,15,"Vols dans les véhicules",01,Ain,1545,2.401,54
2017,15,"Vols dans les véhicules",57,Moselle,2503,2.399,55
2017,15,"Vols dans les véhicules",14,Calvados,1663,2.396,56
2017,15,"Vols dans les véhicules",90,"Territoire de Belfort",341,2.391,57
2017,15,"Vols dans les véhicules",07,Ardèche,778,2.389,58
2017,15,"Vols dans les véhicules",40,Landes,973,2.388,59
2017,15,"Vols dans les véhicules",25,Doubs,1244,2.308,60
2017,15,"Vols dans les véhicules",47,Lot-et-Garonne,762,2.289,61
2017,15,"Vols dans les véhicules",85,Vendée,1512,2.239,62
2017,15,"Vols dans les véhicules",54,Meurthe-et-Moselle,1637,2.232,63
2017,15,"Vols dans les véhicules",67,Bas-Rhin,2499,2.220,64
2017,15,"Vols dans les véhicules",52,Haute-Marne,387,2.203,65
2017,15,"Vols dans les véhicules",27,Eure,1308,2.173,66
2017,15,"Vols dans les véhicules",29,Finistère,1964,2.161,67
2017,15,"Vols dans les véhicules",86,Vienne,883,2.021,68
2017,15,"Vols dans les véhicules",32,Gers,370,1.936,69
2017,15,"Vols dans les véhicules",79,Deux-Sèvres,716,1.913,70
2017,15,"Vols dans les véhicules",18,Cher,570,1.873,71
2017,15,"Vols dans les véhicules",71,Saône-et-Loire,1036,1.871,72
2017,15,"Vols dans les véhicules",36,Indre,415,1.867,73
2017,15,"Vols dans les véhicules",22,Côtes-d'Armor,1050,1.753,74
2017,15,"Vols dans les véhicules",28,Eure-et-Loir,751,1.733,75
2017,15,"Vols dans les véhicules",39,Jura,445,1.710,76
2017,15,"Vols dans les véhicules",89,Yonne,576,1.703,77
2017,15,"Vols dans les véhicules",19,Corrèze,409,1.694,78
2017,15,"Vols dans les véhicules",24,Dordogne,678,1.639,79
2017,15,"Vols dans les véhicules",70,Haute-Saône,384,1.623,80
2017,15,"Vols dans les véhicules",08,Ardennes,432,1.579,81
2017,15,"Vols dans les véhicules",43,Haute-Loire,358,1.575,82
2017,15,"Vols dans les véhicules",09,Ariège,241,1.574,83
2017,15,"Vols dans les véhicules",55,Meuse,290,1.549,84
2017,15,"Vols dans les véhicules",2A,Corse-du-Sud,235,1.494,85
2017,15,"Vols dans les véhicules",58,Nièvre,294,1.419,86
2017,15,"Vols dans les véhicules",61,Orne,389,1.373,87
2017,15,"Vols dans les véhicules",03,Allier,443,1.311,88
2017,15,"Vols dans les véhicules",2B,Haute-Corse,231,1.300,89
2017,15,"Vols dans les véhicules",53,Mayenne,397,1.291,90
2017,15,"Vols dans les véhicules",46,Lot,213,1.225,91
2017,15,"Vols dans les véhicules",48,Lozère,89,1.162,92
2017,15,"Vols dans les véhicules",50,Manche,563,1.133,93
2017,15,"Vols dans les véhicules",15,Cantal,164,1.130,94
2017,15,"Vols dans les véhicules",23,Creuse,132,1.113,95
2017,15,"Vols dans les véhicules",12,Aveyron,307,1.100,96
2017,16,"Vols de véhicule",13,Bouches-du-Rhône,10746,5.309,1
2017,16,"Vols de véhicule",95,Val-d'Oise,5949,4.842,2
2017,16,"Vols de véhicule",60,Oise,3347,4.059,3
2017,16,"Vols de véhicule",93,Seine-Saint-Denis,6555,4.039,4
2017,16,"Vols de véhicule",94,Val-de-Marne,5073,3.655,5
2017,16,"Vols de véhicule",75,Paris,7992,3.653,6
2017,16,"Vols de véhicule",91,Essonne,4472,3.450,7
2017,16,"Vols de véhicule",26,Drôme,1670,3.265,8
2017,16,"Vols de véhicule",77,Seine-et-Marne,4417,3.146,9
2017,16,"Vols de véhicule",69,Rhône,5768,3.129,10
2017,16,"Vols de véhicule",59,Nord,7944,3.050,11
2017,16,"Vols de véhicule",30,Gard,2269,3.049,12
2017,16,"Vols de véhicule",06,Alpes-Maritimes,3278,3.026,13
2017,16,"Vols de véhicule",44,Loire-Atlantique,4188,3.002,14
2017,16,"Vols de véhicule",92,Hauts-de-Seine,4763,2.960,15
2017,16,"Vols de véhicule",66,Pyrénées-Orientales,1337,2.818,16
2017,16,"Vols de véhicule",2A,Corse-du-Sud,438,2.785,17
2017,16,"Vols de véhicule",78,Yvelines,3980,2.767,18
2017,16,"Vols de véhicule",34,Hérault,3124,2.729,19
2017,16,"Vols de véhicule",38,Isère,3295,2.618,20
2017,16,"Vols de véhicule",83,Var,2674,2.526,21
2017,16,"Vols de véhicule",84,Vaucluse,1376,2.459,22
2017,16,"Vols de véhicule",51,Marne,1375,2.417,23
2017,16,"Vols de véhicule",89,Yonne,811,2.397,24
2017,16,"Vols de véhicule",33,Gironde,3535,2.233,25
2017,16,"Vols de véhicule",41,Loir-et-Cher,735,2.214,26
2017,16,"Vols de véhicule",80,Somme,1261,2.203,27
2017,16,"Vols de véhicule",63,Puy-de-Dôme,1438,2.200,28
2017,16,"Vols de véhicule",42,Loire,1654,2.168,29
2017,16,"Vols de véhicule",31,Haute-Garonne,2871,2.107,30
2017,16,"Vols de véhicule",17,Charente-Maritime,1327,2.060,31
2017,16,"Vols de véhicule",11,Aude,731,1.974,32
2017,16,"Vols de véhicule",76,Seine-Maritime,2475,1.973,33
2017,16,"Vols de véhicule",02,Aisne,1007,1.884,34
2017,16,"Vols de véhicule",37,Indre-et-Loire,1131,1.865,35
2017,16,"Vols de véhicule",74,Haute-Savoie,1506,1.865,35
2017,16,"Vols de véhicule",27,Eure,1119,1.859,37
2017,16,"Vols de véhicule",45,Loiret,1250,1.843,38
2017,16,"Vols de véhicule",2B,Haute-Corse,325,1.829,39
2017,16,"Vols de véhicule",07,Ardèche,594,1.824,40
2017,16,"Vols de véhicule",58,Nièvre,361,1.742,41
2017,16,"Vols de véhicule",18,Cher,512,1.683,42
2017,16,"Vols de véhicule",73,Savoie,709,1.644,43
2017,16,"Vols de véhicule",82,Tarn-et-Garonne,424,1.641,44
2017,16,"Vols de véhicule",62,Pas-de-Calais,2361,1.608,45
2017,16,"Vols de véhicule",64,Pyrénées-Atlantiques,1087,1.605,46
2017,16,"Vols de véhicule",01,Ain,1027,1.596,47
2017,16,"Vols de véhicule",04,Alpes-de-Haute-Provence,261,1.592,48
2017,16,"Vols de véhicule",71,Saône-et-Loire,873,1.577,49
2017,16,"Vols de véhicule",49,Maine-et-Loire,1250,1.537,50
2017,16,"Vols de véhicule",28,Eure-et-Loir,638,1.473,51
2017,16,"Vols de véhicule",79,Deux-Sèvres,540,1.442,52
2017,16,"Vols de véhicule",10,Aube,445,1.435,53
2017,16,"Vols de véhicule",39,Jura,373,1.434,54
2017,16,"Vols de véhicule",81,Tarn,530,1.366,55
2017,16,"Vols de véhicule",55,Meuse,254,1.357,56
2017,16,"Vols de véhicule",61,Orne,384,1.355,57
2017,16,"Vols de véhicule",25,Doubs,730,1.354,58
2017,16,"Vols de véhicule",47,Lot-et-Garonne,450,1.352,59
2017,16,"Vols de véhicule",54,Meurthe-et-Moselle,992,1.352,59
2017,16,"Vols de véhicule",52,Haute-Marne,237,1.349,61
2017,16,"Vols de véhicule",72,Sarthe,763,1.347,62
2017,16,"Vols de véhicule",16,Charente,464,1.317,63
2017,16,"Vols de véhicule",88,Vosges,482,1.311,64
2017,16,"Vols de véhicule",70,Haute-Saône,306,1.293,65
2017,16,"Vols de véhicule",36,Indre,285,1.282,66
2017,16,"Vols de véhicule",05,Hautes-Alpes,181,1.281,67
2017,16,"Vols de véhicule",85,Vendée,864,1.280,68
2017,16,"Vols de véhicule",65,Hautes-Pyrénées,290,1.269,69
2017,16,"Vols de véhicule",21,Côte-d'Or,667,1.249,70
2017,16,"Vols de véhicule",35,Ille-et-Vilaine,1320,1.245,71
2017,16,"Vols de véhicule",03,Allier,414,1.225,72
2017,16,"Vols de véhicule",14,Calvados,826,1.190,73
2017,16,"Vols de véhicule",09,Ariège,182,1.188,74
2017,16,"Vols de véhicule",08,Ardennes,324,1.184,75
2017,16,"Vols de véhicule",87,Haute-Vienne,443,1.183,76
2017,16,"Vols de véhicule",29,Finistère,1057,1.163,77
2017,16,"Vols de véhicule",56,Morbihan,840,1.119,78
2017,16,"Vols de véhicule",40,Landes,450,1.104,79
2017,16,"Vols de véhicule",57,Moselle,1142,1.094,80
2017,16,"Vols de véhicule",24,Dordogne,446,1.078,81
2017,16,"Vols de véhicule",86,Vienne,468,1.071,82
2017,16,"Vols de véhicule",46,Lot,186,1.070,83
2017,16,"Vols de véhicule",22,Côtes-d'Armor,628,1.049,84
2017,16,"Vols de véhicule",68,Haut-Rhin,793,1.038,85
2017,16,"Vols de véhicule",32,Gers,170,0.890,86
2017,16,"Vols de véhicule",19,Corrèze,210,0.870,87
2017,16,"Vols de véhicule",90,"Territoire de Belfort",121,0.848,88
2017,16,"Vols de véhicule",50,Manche,404,0.813,89
2017,16,"Vols de véhicule",67,Bas-Rhin,908,0.807,90
2017,16,"Vols de véhicule",53,Mayenne,231,0.751,91
2017,16,"Vols de véhicule",43,Haute-Loire,166,0.730,92
2017,16,"Vols de véhicule",48,Lozère,52,0.679,93
2017,16,"Vols de véhicule",23,Creuse,79,0.666,94
2017,16,"Vols de véhicule",12,Aveyron,172,0.616,95
2017,16,"Vols de véhicule",15,Cantal,73,0.503,96
2017,17,"Vols sans violence contre des personnes",75,Paris,133233,60.906,1
2017,17,"Vols sans violence contre des personnes",69,Rhône,32612,17.692,2
2017,17,"Vols sans violence contre des personnes",34,Hérault,18782,16.405,3
2017,17,"Vols sans violence contre des personnes",93,Seine-Saint-Denis,25725,15.849,4
2017,17,"Vols sans violence contre des personnes",13,Bouches-du-Rhône,31479,15.552,5
2017,17,"Vols sans violence contre des personnes",06,Alpes-Maritimes,16243,14.994,6
2017,17,"Vols sans violence contre des personnes",31,Haute-Garonne,20229,14.845,7
2017,17,"Vols sans violence contre des personnes",33,Gironde,21079,13.313,8
2017,17,"Vols sans violence contre des personnes",94,Val-de-Marne,17601,12.682,9
2017,17,"Vols sans violence contre des personnes",44,Loire-Atlantique,17508,12.551,10
2017,17,"Vols sans violence contre des personnes",92,Hauts-de-Seine,19901,12.366,11
2017,17,"Vols sans violence contre des personnes",73,Savoie,5287,12.262,12
2017,17,"Vols sans violence contre des personnes",66,Pyrénées-Orientales,5780,12.182,13
2017,17,"Vols sans violence contre des personnes",83,Var,11565,10.923,14
2017,17,"Vols sans violence contre des personnes",38,Isère,12852,10.210,15
2017,17,"Vols sans violence contre des personnes",95,Val-d'Oise,12362,10.062,16
2017,17,"Vols sans violence contre des personnes",84,Vaucluse,5453,9.747,17
2017,17,"Vols sans violence contre des personnes",05,Hautes-Alpes,1374,9.725,18
2017,17,"Vols sans violence contre des personnes",17,Charente-Maritime,6254,9.707,19
2017,17,"Vols sans violence contre des personnes",30,Gard,7185,9.655,20
2017,17,"Vols sans violence contre des personnes",37,Indre-et-Loire,5769,9.512,21
2017,17,"Vols sans violence contre des personnes",59,Nord,24698,9.483,22
2017,17,"Vols sans violence contre des personnes",11,Aude,3387,9.148,23
2017,17,"Vols sans violence contre des personnes",74,Haute-Savoie,7044,8.725,24
2017,17,"Vols sans violence contre des personnes",40,Landes,3529,8.661,25
2017,17,"Vols sans violence contre des personnes",67,Bas-Rhin,9687,8.606,26
2017,17,"Vols sans violence contre des personnes",65,Hautes-Pyrénées,1933,8.458,27
2017,17,"Vols sans violence contre des personnes",90,"Territoire de Belfort",1206,8.456,28
2017,17,"Vols sans violence contre des personnes",64,Pyrénées-Atlantiques,5552,8.197,29
2017,17,"Vols sans violence contre des personnes",35,Ille-et-Vilaine,8624,8.134,30
2017,17,"Vols sans violence contre des personnes",04,Alpes-de-Haute-Provence,1315,8.022,31
2017,17,"Vols sans violence contre des personnes",26,Drôme,4100,8.015,32
2017,17,"Vols sans violence contre des personnes",21,Côte-d'Or,4170,7.812,33
2017,17,"Vols sans violence contre des personnes",54,Meurthe-et-Moselle,5612,7.651,34
2017,17,"Vols sans violence contre des personnes",10,Aube,2332,7.522,35
2017,17,"Vols sans violence contre des personnes",77,Seine-et-Marne,10463,7.452,36
2017,17,"Vols sans violence contre des personnes",91,Essonne,9620,7.422,37
2017,17,"Vols sans violence contre des personnes",29,Finistère,6730,7.404,38
2017,17,"Vols sans violence contre des personnes",80,Somme,4187,7.314,39
2017,17,"Vols sans violence contre des personnes",14,Calvados,5072,7.308,40
2017,17,"Vols sans violence contre des personnes",47,Lot-et-Garonne,2416,7.259,41
2017,17,"Vols sans violence contre des personnes",51,Marne,4115,7.233,42
2017,17,"Vols sans violence contre des personnes",78,Yvelines,10367,7.208,43
2017,17,"Vols sans violence contre des personnes",72,Sarthe,4074,7.191,44
2017,17,"Vols sans violence contre des personnes",76,Seine-Maritime,8909,7.102,45
2017,17,"Vols sans violence contre des personnes",2A,Corse-du-Sud,1079,6.862,46
2017,17,"Vols sans violence contre des personnes",63,Puy-de-Dôme,4427,6.772,47
2017,17,"Vols sans violence contre des personnes",42,Loire,5152,6.753,48
2017,17,"Vols sans violence contre des personnes",56,Morbihan,5027,6.695,49
2017,17,"Vols sans violence contre des personnes",68,Haut-Rhin,5105,6.682,50
2017,17,"Vols sans violence contre des personnes",25,Doubs,3564,6.611,51
2017,17,"Vols sans violence contre des personnes",86,Vienne,2885,6.604,52
2017,17,"Vols sans violence contre des personnes",45,Loiret,4385,6.467,53
2017,17,"Vols sans violence contre des personnes",82,Tarn-et-Garonne,1631,6.313,54
2017,17,"Vols sans violence contre des personnes",89,Yonne,2119,6.264,55
2017,17,"Vols sans violence contre des personnes",85,Vendée,4168,6.173,56
2017,17,"Vols sans violence contre des personnes",16,Charente,2147,6.094,57
2017,17,"Vols sans violence contre des personnes",49,Maine-et-Loire,4921,6.049,58
2017,17,"Vols sans violence contre des personnes",57,Moselle,6253,5.992,59
2017,17,"Vols sans violence contre des personnes",60,Oise,4928,5.977,60
2017,17,"Vols sans violence contre des personnes",62,Pas-de-Calais,8742,5.955,61
2017,17,"Vols sans violence contre des personnes",18,Cher,1804,5.929,62
2017,17,"Vols sans violence contre des personnes",2B,Haute-Corse,1047,5.892,63
2017,17,"Vols sans violence contre des personnes",41,Loir-et-Cher,1943,5.854,64
2017,17,"Vols sans violence contre des personnes",39,Jura,1518,5.834,65
2017,17,"Vols sans violence contre des personnes",22,Côtes-d'Armor,3456,5.771,66
2017,17,"Vols sans violence contre des personnes",87,Haute-Vienne,2147,5.734,67
2017,17,"Vols sans violence contre des personnes",09,Ariège,878,5.733,68
2017,17,"Vols sans violence contre des personnes",08,Ardennes,1550,5.666,69
2017,17,"Vols sans violence contre des personnes",79,Deux-Sèvres,2098,5.604,70
2017,17,"Vols sans violence contre des personnes",58,Nièvre,1150,5.551,71
2017,17,"Vols sans violence contre des personnes",88,Vosges,2038,5.543,72
2017,17,"Vols sans violence contre des personnes",81,Tarn,2135,5.504,73
2017,17,"Vols sans violence contre des personnes",03,Allier,1856,5.491,74
2017,17,"Vols sans violence contre des personnes",02,Aisne,2895,5.416,75
2017,17,"Vols sans violence contre des personnes",24,Dordogne,2102,5.082,76
2017,17,"Vols sans violence contre des personnes",71,Saône-et-Loire,2809,5.074,77
2017,17,"Vols sans violence contre des personnes",19,Corrèze,1213,5.024,78
2017,17,"Vols sans violence contre des personnes",70,Haute-Saône,1162,4.910,79
2017,17,"Vols sans violence contre des personnes",01,Ain,3142,4.884,80
2017,17,"Vols sans violence contre des personnes",07,Ardèche,1575,4.836,81
2017,17,"Vols sans violence contre des personnes",32,Gers,924,4.835,82
2017,17,"Vols sans violence contre des personnes",53,Mayenne,1479,4.811,83
2017,17,"Vols sans violence contre des personnes",28,Eure-et-Loir,2057,4.748,84
2017,17,"Vols sans violence contre des personnes",46,Lot,825,4.746,85
2017,17,"Vols sans violence contre des personnes",52,Haute-Marne,820,4.669,86
2017,17,"Vols sans violence contre des personnes",50,Manche,2314,4.657,87
2017,17,"Vols sans violence contre des personnes",36,Indre,1020,4.590,88
2017,17,"Vols sans violence contre des personnes",27,Eure,2729,4.534,89
2017,17,"Vols sans violence contre des personnes",61,Orne,1263,4.457,90
2017,17,"Vols sans violence contre des personnes",55,Meuse,798,4.263,91
2017,17,"Vols sans violence contre des personnes",48,Lozère,326,4.256,92
2017,17,"Vols sans violence contre des personnes",23,Creuse,480,4.046,93
2017,17,"Vols sans violence contre des personnes",12,Aveyron,1110,3.976,94
2017,17,"Vols sans violence contre des personnes",15,Cantal,571,3.934,95
2017,17,"Vols sans violence contre des personnes",43,Haute-Loire,815,3.586,96
2017,18,"Vols violents sans arme",75,Paris,17344,7.929,1
2017,18,"Vols violents sans arme",93,Seine-Saint-Denis,10844,6.681,2
2017,18,"Vols violents sans arme",95,Val-d'Oise,3336,2.715,3
2017,18,"Vols violents sans arme",94,Val-de-Marne,3141,2.263,4
2017,18,"Vols violents sans arme",13,Bouches-du-Rhône,4497,2.222,5
2017,18,"Vols violents sans arme",92,Hauts-de-Seine,3128,1.944,6
2017,18,"Vols violents sans arme",34,Hérault,2174,1.899,7
2017,18,"Vols violents sans arme",31,Haute-Garonne,2484,1.823,8
2017,18,"Vols violents sans arme",69,Rhône,3315,1.798,9
2017,18,"Vols violents sans arme",59,Nord,4381,1.682,10
2017,18,"Vols violents sans arme",06,Alpes-Maritimes,1769,1.633,11
2017,18,"Vols violents sans arme",91,Essonne,1803,1.391,12
2017,18,"Vols violents sans arme",77,Seine-et-Marne,1624,1.157,13
2017,18,"Vols violents sans arme",33,Gironde,1803,1.139,14
2017,18,"Vols violents sans arme",66,Pyrénées-Orientales,535,1.128,15
2017,18,"Vols violents sans arme",38,Isère,1342,1.066,16
2017,18,"Vols violents sans arme",44,Loire-Atlantique,1454,1.042,17
2017,18,"Vols violents sans arme",83,Var,1077,1.017,18
2017,18,"Vols violents sans arme",76,Seine-Maritime,1231,0.981,19
2017,18,"Vols violents sans arme",78,Yvelines,1377,0.957,20
2017,18,"Vols violents sans arme",30,Gard,680,0.914,21
2017,18,"Vols violents sans arme",51,Marne,509,0.895,22
2017,18,"Vols violents sans arme",37,Indre-et-Loire,495,0.816,23
2017,18,"Vols violents sans arme",42,Loire,614,0.805,24
2017,18,"Vols violents sans arme",60,Oise,610,0.740,25
2017,18,"Vols violents sans arme",45,Loiret,478,0.705,26
2017,18,"Vols violents sans arme",84,Vaucluse,391,0.699,27
2017,18,"Vols violents sans arme",72,Sarthe,395,0.697,28
2017,18,"Vols violents sans arme",63,Puy-de-Dôme,446,0.682,29
2017,18,"Vols violents sans arme",35,Ille-et-Vilaine,680,0.641,30
2017,18,"Vols violents sans arme",25,Doubs,345,0.640,31
2017,18,"Vols violents sans arme",80,Somme,360,0.629,32
2017,18,"Vols violents sans arme",10,Aube,194,0.626,33
2017,18,"Vols violents sans arme",90,"Territoire de Belfort",88,0.617,34
2017,18,"Vols violents sans arme",62,Pas-de-Calais,898,0.612,35
2017,18,"Vols violents sans arme",14,Calvados,421,0.607,36
2017,18,"Vols violents sans arme",26,Drôme,308,0.602,37
2017,18,"Vols violents sans arme",11,Aude,218,0.589,38
2017,18,"Vols violents sans arme",65,Hautes-Pyrénées,132,0.578,39
2017,18,"Vols violents sans arme",57,Moselle,581,0.557,40
2017,18,"Vols violents sans arme",29,Finistère,505,0.556,41
2017,18,"Vols violents sans arme",73,Savoie,229,0.531,42
2017,18,"Vols violents sans arme",67,Bas-Rhin,589,0.523,43
2017,18,"Vols violents sans arme",68,Haut-Rhin,386,0.505,44
2017,18,"Vols violents sans arme",64,Pyrénées-Atlantiques,331,0.489,45
2017,18,"Vols violents sans arme",17,Charente-Maritime,299,0.464,46
2017,18,"Vols violents sans arme",08,Ardennes,125,0.457,47
2017,18,"Vols violents sans arme",21,Côte-d'Or,244,0.457,47
2017,18,"Vols violents sans arme",27,Eure,271,0.450,49
2017,18,"Vols violents sans arme",54,Meurthe-et-Moselle,329,0.449,50
2017,18,"Vols violents sans arme",16,Charente,155,0.440,51
2017,18,"Vols violents sans arme",86,Vienne,191,0.437,52
2017,18,"Vols violents sans arme",18,Cher,132,0.434,53
2017,18,"Vols violents sans arme",40,Landes,177,0.434,53
2017,18,"Vols violents sans arme",74,Haute-Savoie,348,0.431,55
2017,18,"Vols violents sans arme",47,Lot-et-Garonne,143,0.430,56
2017,18,"Vols violents sans arme",81,Tarn,159,0.410,57
2017,18,"Vols violents sans arme",28,Eure-et-Loir,173,0.399,58
2017,18,"Vols violents sans arme",05,Hautes-Alpes,55,0.389,59
2017,18,"Vols violents sans arme",04,Alpes-de-Haute-Provence,62,0.378,60
2017,18,"Vols violents sans arme",2A,Corse-du-Sud,58,0.369,61
2017,18,"Vols violents sans arme",02,Aisne,190,0.355,62
2017,18,"Vols violents sans arme",41,Loir-et-Cher,117,0.352,63
2017,18,"Vols violents sans arme",49,Maine-et-Loire,277,0.341,64
2017,18,"Vols violents sans arme",82,Tarn-et-Garonne,88,0.341,64
2017,18,"Vols violents sans arme",22,Côtes-d'Armor,197,0.329,66
2017,18,"Vols violents sans arme",52,Haute-Marne,56,0.319,67
2017,18,"Vols violents sans arme",03,Allier,107,0.317,68
2017,18,"Vols violents sans arme",89,Yonne,104,0.307,69
2017,18,"Vols violents sans arme",71,Saône-et-Loire,162,0.293,70
2017,18,"Vols violents sans arme",88,Vosges,106,0.288,71
2017,18,"Vols violents sans arme",56,Morbihan,209,0.278,72
2017,18,"Vols violents sans arme",87,Haute-Vienne,104,0.278,72
2017,18,"Vols violents sans arme",2B,Haute-Corse,49,0.276,74
2017,18,"Vols violents sans arme",58,Nièvre,57,0.275,75
2017,18,"Vols violents sans arme",53,Mayenne,72,0.234,76
2017,18,"Vols violents sans arme",36,Indre,51,0.229,77
2017,18,"Vols violents sans arme",79,Deux-Sèvres,85,0.227,78
2017,18,"Vols violents sans arme",61,Orne,62,0.219,79
2017,18,"Vols violents sans arme",85,Vendée,148,0.219,79
2017,18,"Vols violents sans arme",07,Ardèche,71,0.218,81
2017,18,"Vols violents sans arme",32,Gers,40,0.209,82
2017,18,"Vols violents sans arme",09,Ariège,31,0.202,83
2017,18,"Vols violents sans arme",55,Meuse,37,0.198,84
2017,18,"Vols violents sans arme",46,Lot,34,0.196,85
2017,18,"Vols violents sans arme",24,Dordogne,76,0.184,86
2017,18,"Vols violents sans arme",01,Ain,112,0.174,87
2017,18,"Vols violents sans arme",39,Jura,44,0.169,88
2017,18,"Vols violents sans arme",43,Haute-Loire,37,0.163,89
2017,18,"Vols violents sans arme",19,Corrèze,36,0.149,90
2017,18,"Vols violents sans arme",50,Manche,74,0.149,90
2017,18,"Vols violents sans arme",12,Aveyron,41,0.147,92
2017,18,"Vols violents sans arme",15,Cantal,21,0.145,93
2017,18,"Vols violents sans arme",70,Haute-Saône,34,0.144,94
2017,18,"Vols violents sans arme",23,Creuse,15,0.126,95
2017,18,"Vols violents sans arme",48,Lozère,9,0.117,96
2018,1,"Cambriolages de logement",93,Seine-Saint-Denis,7755,11.410,1
2018,1,"Cambriolages de logement",13,Bouches-du-Rhône,11644,11.261,2
2018,1,"Cambriolages de logement",31,Haute-Garonne,7606,10.444,3
2018,1,"Cambriolages de logement",69,Rhône,9609,10.370,4
2018,1,"Cambriolages de logement",38,Isère,6149,9.412,5
2018,1,"Cambriolages de logement",77,Seine-et-Marne,5575,8.995,6
2018,1,"Cambriolages de logement",91,Essonne,5041,8.929,7
2018,1,"Cambriolages de logement",94,Val-de-Marne,5681,8.876,8
2018,1,"Cambriolages de logement",75,Paris,12028,8.673,9
2018,1,"Cambriolages de logement",01,Ain,2679,8.425,10
2018,1,"Cambriolages de logement",95,Val-d'Oise,4266,8.360,11
2018,1,"Cambriolages de logement",44,Loire-Atlantique,6220,8.261,12
2018,1,"Cambriolages de logement",33,Gironde,7013,8.039,13
2018,1,"Cambriolages de logement",59,Nord,9768,7.977,14
2018,1,"Cambriolages de logement",47,Lot-et-Garonne,1486,7.967,15
2018,1,"Cambriolages de logement",83,Var,5731,7.936,16
2018,1,"Cambriolages de logement",82,Tarn-et-Garonne,1041,7.851,17
2018,1,"Cambriolages de logement",26,Drôme,2145,7.779,18
2018,1,"Cambriolages de logement",02,Aisne,2057,7.714,19
2018,1,"Cambriolages de logement",30,Gard,3285,7.674,20
2018,1,"Cambriolages de logement",84,Vaucluse,2339,7.658,21
2018,1,"Cambriolages de logement",34,Hérault,5440,7.456,22
2018,1,"Cambriolages de logement",06,Alpes-Maritimes,5682,7.357,23
2018,1,"Cambriolages de logement",81,Tarn,1532,7.196,24
2018,1,"Cambriolages de logement",45,Loiret,2492,7.179,25
2018,1,"Cambriolages de logement",78,Yvelines,4483,6.962,26
2018,1,"Cambriolages de logement",60,Oise,2556,6.795,27
2018,1,"Cambriolages de logement",42,Loire,2656,6.654,28
2018,1,"Cambriolages de logement",62,Pas-de-Calais,4612,6.424,29
2018,1,"Cambriolages de logement",18,Cher,1113,6.214,30
2018,1,"Cambriolages de logement",92,Hauts-de-Seine,4917,6.133,31
2018,1,"Cambriolages de logement",51,Marne,1793,6.065,32
2018,1,"Cambriolages de logement",10,Aube,1003,6.060,33
2018,1,"Cambriolages de logement",74,Haute-Savoie,3043,5.883,34
2018,1,"Cambriolages de logement",16,Charente,1165,5.877,35
2018,1,"Cambriolages de logement",63,Puy-de-Dôme,2261,5.802,36
2018,1,"Cambriolages de logement",57,Moselle,2980,5.744,37
2018,1,"Cambriolages de logement",04,Alpes-de-Haute-Provence,715,5.540,38
2018,1,"Cambriolages de logement",37,Indre-et-Loire,1795,5.520,39
2018,1,"Cambriolages de logement",27,Eure,1639,5.513,40
2018,1,"Cambriolages de logement",68,Haut-Rhin,2038,5.360,41
2018,1,"Cambriolages de logement",11,Aude,1396,5.290,42
2018,1,"Cambriolages de logement",58,Nièvre,748,5.282,43
2018,1,"Cambriolages de logement",66,Pyrénées-Orientales,1837,5.208,44
2018,1,"Cambriolages de logement",89,Yonne,1027,5.195,45
2018,1,"Cambriolages de logement",76,Seine-Maritime,3349,5.186,46
2018,1,"Cambriolages de logement",71,Saône-et-Loire,1595,5.120,47
2018,1,"Cambriolages de logement",24,Dordogne,1328,5.103,48
2018,1,"Cambriolages de logement",25,Doubs,1434,5.084,49
2018,1,"Cambriolages de logement",08,Ardennes,727,5.083,50
2018,1,"Cambriolages de logement",90,"Territoire de Belfort",369,5.060,51
2018,1,"Cambriolages de logement",17,Charente-Maritime,2204,5.045,52
2018,1,"Cambriolages de logement",03,Allier,1051,5.044,53
2018,1,"Cambriolages de logement",86,Vienne,1208,4.993,54
2018,1,"Cambriolages de logement",65,Hautes-Pyrénées,809,4.971,55
2018,1,"Cambriolages de logement",55,Meuse,484,4.845,56
2018,1,"Cambriolages de logement",80,Somme,1462,4.845,56
2018,1,"Cambriolages de logement",41,Loir-et-Cher,872,4.723,58
2018,1,"Cambriolages de logement",28,Eure-et-Loir,1022,4.717,59
2018,1,"Cambriolages de logement",32,Gers,515,4.632,60
2018,1,"Cambriolages de logement",72,Sarthe,1352,4.620,61
2018,1,"Cambriolages de logement",49,Maine-et-Loire,1825,4.587,62
2018,1,"Cambriolages de logement",07,Ardèche,927,4.524,63
2018,1,"Cambriolages de logement",52,Haute-Marne,453,4.502,64
2018,1,"Cambriolages de logement",64,Pyrénées-Atlantiques,1840,4.490,65
2018,1,"Cambriolages de logement",88,Vosges,961,4.483,66
2018,1,"Cambriolages de logement",87,Haute-Vienne,983,4.453,67
2018,1,"Cambriolages de logement",14,Calvados,1868,4.451,68
2018,1,"Cambriolages de logement",46,Lot,515,4.328,69
2018,1,"Cambriolages de logement",36,Indre,591,4.255,70
2018,1,"Cambriolages de logement",21,Côte-d'Or,1236,4.254,71
2018,1,"Cambriolages de logement",39,Jura,637,4.242,72
2018,1,"Cambriolages de logement",35,Ille-et-Vilaine,2299,4.148,73
2018,1,"Cambriolages de logement",67,Bas-Rhin,2326,4.142,74
2018,1,"Cambriolages de logement",43,Haute-Loire,589,4.099,75
2018,1,"Cambriolages de logement",56,Morbihan,1892,4.035,76
2018,1,"Cambriolages de logement",70,Haute-Saône,509,3.966,77
2018,1,"Cambriolages de logement",79,Deux-Sèvres,772,3.958,78
2018,1,"Cambriolages de logement",22,Côtes-d'Armor,1422,3.847,79
2018,1,"Cambriolages de logement",09,Ariège,421,3.820,80
2018,1,"Cambriolages de logement",54,Meurthe-et-Moselle,1429,3.780,81
2018,1,"Cambriolages de logement",73,Savoie,1301,3.725,82
2018,1,"Cambriolages de logement",61,Orne,590,3.566,83
2018,1,"Cambriolages de logement",40,Landes,924,3.561,84
2018,1,"Cambriolages de logement",29,Finistère,1941,3.556,85
2018,1,"Cambriolages de logement",19,Corrèze,499,3.227,86
2018,1,"Cambriolages de logement",85,Vendée,1340,3.142,87
2018,1,"Cambriolages de logement",12,Aveyron,557,3.060,88
2018,1,"Cambriolages de logement",53,Mayenne,434,2.755,89
2018,1,"Cambriolages de logement",23,Creuse,240,2.705,90
2018,1,"Cambriolages de logement",15,Cantal,272,2.675,91
2018,1,"Cambriolages de logement",48,Lozère,149,2.429,92
2018,1,"Cambriolages de logement",05,Hautes-Alpes,325,2.380,93
2018,1,"Cambriolages de logement",2A,Corse-du-Sud,266,2.206,94
2018,1,"Cambriolages de logement",50,Manche,657,2.200,95
2018,1,"Cambriolages de logement",2B,Haute-Corse,221,1.673,96
2018,2,"Destructions et dégradations volontaires",75,Paris,26864,12.348,1
2018,2,"Destructions et dégradations volontaires",13,Bouches-du-Rhône,24527,12.056,2
2018,2,"Destructions et dégradations volontaires",66,Pyrénées-Orientales,5406,11.349,3
2018,2,"Destructions et dégradations volontaires",42,Loire,8619,11.290,4
2018,2,"Destructions et dégradations volontaires",06,Alpes-Maritimes,12215,11.245,5
2018,2,"Destructions et dégradations volontaires",62,Pas-de-Calais,16359,11.153,6
2018,2,"Destructions et dégradations volontaires",59,Nord,28635,10.987,7
2018,2,"Destructions et dégradations volontaires",34,Hérault,12564,10.838,8
2018,2,"Destructions et dégradations volontaires",11,Aude,3903,10.469,9
2018,2,"Destructions et dégradations volontaires",93,Seine-Saint-Denis,17012,10.420,10
2018,2,"Destructions et dégradations volontaires",33,Gironde,16669,10.406,11
2018,2,"Destructions et dégradations volontaires",80,Somme,5907,10.351,12
2018,2,"Destructions et dégradations volontaires",83,Var,11047,10.347,13
2018,2,"Destructions et dégradations volontaires",51,Marne,5784,10.193,14
2018,2,"Destructions et dégradations volontaires",2A,Corse-du-Sud,1581,10.016,15
2018,2,"Destructions et dégradations volontaires",69,Rhône,18575,9.989,16
2018,2,"Destructions et dégradations volontaires",63,Puy-de-Dôme,6569,9.967,17
2018,2,"Destructions et dégradations volontaires",38,Isère,12466,9.866,18
2018,2,"Destructions et dégradations volontaires",04,Alpes-de-Haute-Provence,1600,9.752,19
2018,2,"Destructions et dégradations volontaires",95,Val-d'Oise,12004,9.692,20
2018,2,"Destructions et dégradations volontaires",02,Aisne,5128,9.615,21
2018,2,"Destructions et dégradations volontaires",2B,Haute-Corse,1723,9.535,22
2018,2,"Destructions et dégradations volontaires",60,Oise,7821,9.455,23
2018,2,"Destructions et dégradations volontaires",52,Haute-Marne,1618,9.295,24
2018,2,"Destructions et dégradations volontaires",44,Loire-Atlantique,13127,9.293,25
2018,2,"Destructions et dégradations volontaires",89,Yonne,3128,9.268,26
2018,2,"Destructions et dégradations volontaires",05,Hautes-Alpes,1298,9.225,27
2018,2,"Destructions et dégradations volontaires",17,Charente-Maritime,5963,9.217,28
2018,2,"Destructions et dégradations volontaires",09,Ariège,1404,9.173,29
2018,2,"Destructions et dégradations volontaires",30,Gard,6835,9.169,30
2018,2,"Destructions et dégradations volontaires",08,Ardennes,2489,9.156,31
2018,2,"Destructions et dégradations volontaires",91,Essonne,11871,9.155,32
2018,2,"Destructions et dégradations volontaires",90,"Territoire de Belfort",1291,9.101,33
2018,2,"Destructions et dégradations volontaires",84,Vaucluse,5094,9.100,34
2018,2,"Destructions et dégradations volontaires",26,Drôme,4680,9.092,35
2018,2,"Destructions et dégradations volontaires",76,Seine-Maritime,11391,9.070,36
2018,2,"Destructions et dégradations volontaires",03,Allier,3056,9.064,37
2018,2,"Destructions et dégradations volontaires",10,Aube,2786,8.987,38
2018,2,"Destructions et dégradations volontaires",54,Meurthe-et-Moselle,6590,8.985,39
2018,2,"Destructions et dégradations volontaires",31,Haute-Garonne,12372,8.961,40
2018,2,"Destructions et dégradations volontaires",94,Val-de-Marne,12241,8.763,41
2018,2,"Destructions et dégradations volontaires",77,Seine-et-Marne,12340,8.736,42
2018,2,"Destructions et dégradations volontaires",29,Finistère,7870,8.632,43
2018,2,"Destructions et dégradations volontaires",92,Hauts-de-Seine,13898,8.584,44
2018,2,"Destructions et dégradations volontaires",37,Indre-et-Loire,5209,8.571,45
2018,2,"Destructions et dégradations volontaires",18,Cher,2593,8.546,46
2018,2,"Destructions et dégradations volontaires",16,Charente,3005,8.542,47
2018,2,"Destructions et dégradations volontaires",58,Nièvre,1734,8.425,48
2018,2,"Destructions et dégradations volontaires",86,Vienne,3649,8.339,49
2018,2,"Destructions et dégradations volontaires",25,Doubs,4509,8.328,50
2018,2,"Destructions et dégradations volontaires",21,Côte-d'Or,4432,8.312,51
2018,2,"Destructions et dégradations volontaires",57,Moselle,8627,8.267,52
2018,2,"Destructions et dégradations volontaires",14,Calvados,5709,8.226,53
2018,2,"Destructions et dégradations volontaires",72,Sarthe,4625,8.172,54
2018,2,"Destructions et dégradations volontaires",47,Lot-et-Garonne,2678,8.067,55
2018,2,"Destructions et dégradations volontaires",70,Haute-Saône,1898,8.042,56
2018,2,"Destructions et dégradations volontaires",67,Bas-Rhin,9065,7.997,57
2018,2,"Destructions et dégradations volontaires",39,Jura,2061,7.935,58
2018,2,"Destructions et dégradations volontaires",41,Loir-et-Cher,2618,7.927,59
2018,2,"Destructions et dégradations volontaires",68,Haut-Rhin,6057,7.918,60
2018,2,"Destructions et dégradations volontaires",65,Hautes-Pyrénées,1809,7.893,61
2018,2,"Destructions et dégradations volontaires",79,Deux-Sèvres,2942,7.850,62
2018,2,"Destructions et dégradations volontaires",27,Eure,4709,7.849,63
2018,2,"Destructions et dégradations volontaires",73,Savoie,3395,7.828,64
2018,2,"Destructions et dégradations volontaires",49,Maine-et-Loire,6362,7.798,65
2018,2,"Destructions et dégradations volontaires",88,Vosges,2853,7.793,66
2018,2,"Destructions et dégradations volontaires",55,Meuse,1440,7.769,67
2018,2,"Destructions et dégradations volontaires",35,Ille-et-Vilaine,8284,7.748,68
2018,2,"Destructions et dégradations volontaires",78,Yvelines,11158,7.741,69
2018,2,"Destructions et dégradations volontaires",07,Ardèche,2503,7.664,70
2018,2,"Destructions et dégradations volontaires",81,Tarn,2969,7.640,71
2018,2,"Destructions et dégradations volontaires",28,Eure-et-Loir,3296,7.630,72
2018,2,"Destructions et dégradations volontaires",45,Loiret,5140,7.572,73
2018,2,"Destructions et dégradations volontaires",71,Saône-et-Loire,4123,7.467,74
2018,2,"Destructions et dégradations volontaires",87,Haute-Vienne,2770,7.422,75
2018,2,"Destructions et dégradations volontaires",85,Vendée,4971,7.310,76
2018,2,"Destructions et dégradations volontaires",61,Orne,2048,7.273,77
2018,2,"Destructions et dégradations volontaires",74,Haute-Savoie,5935,7.267,78
2018,2,"Destructions et dégradations volontaires",64,Pyrénées-Atlantiques,4937,7.262,79
2018,2,"Destructions et dégradations volontaires",36,Indre,1581,7.167,80
2018,2,"Destructions et dégradations volontaires",22,Côtes-d'Armor,4205,7.013,81
2018,2,"Destructions et dégradations volontaires",40,Landes,2863,6.977,82
2018,2,"Destructions et dégradations volontaires",01,Ain,4416,6.819,83
2018,2,"Destructions et dégradations volontaires",43,Haute-Loire,1538,6.759,84
2018,2,"Destructions et dégradations volontaires",82,Tarn-et-Garonne,1737,6.703,85
2018,2,"Destructions et dégradations volontaires",23,Creuse,779,6.630,86
2018,2,"Destructions et dégradations volontaires",46,Lot,1135,6.526,87
2018,2,"Destructions et dégradations volontaires",50,Manche,3237,6.526,87
2018,2,"Destructions et dégradations volontaires",56,Morbihan,4908,6.502,89
2018,2,"Destructions et dégradations volontaires",15,Cantal,940,6.493,90
2018,2,"Destructions et dégradations volontaires",24,Dordogne,2613,6.320,91
2018,2,"Destructions et dégradations volontaires",19,Corrèze,1505,6.256,92
2018,2,"Destructions et dégradations volontaires",53,Mayenne,1882,6.129,93
2018,2,"Destructions et dégradations volontaires",32,Gers,1047,5.474,94
2018,2,"Destructions et dégradations volontaires",48,Lozère,411,5.371,95
2018,2,"Destructions et dégradations volontaires",12,Aveyron,1445,5.174,96
2018,3,"Escroqueries et fraudes aux moyens de paiement",75,Paris,21700,9.974,1
2018,3,"Escroqueries et fraudes aux moyens de paiement",92,Hauts-de-Seine,10488,6.478,2
2018,3,"Escroqueries et fraudes aux moyens de paiement",94,Val-de-Marne,7249,5.189,3
2018,3,"Escroqueries et fraudes aux moyens de paiement",69,Rhône,9486,5.101,4
2018,3,"Escroqueries et fraudes aux moyens de paiement",16,Charente,1691,4.807,5
2018,3,"Escroqueries et fraudes aux moyens de paiement",31,Haute-Garonne,6572,4.760,6
2018,3,"Escroqueries et fraudes aux moyens de paiement",78,Yvelines,6519,4.523,7
2018,3,"Escroqueries et fraudes aux moyens de paiement",47,Lot-et-Garonne,1464,4.410,8
2018,3,"Escroqueries et fraudes aux moyens de paiement",13,Bouches-du-Rhône,8870,4.360,9
2018,3,"Escroqueries et fraudes aux moyens de paiement",93,Seine-Saint-Denis,7092,4.344,10
2018,3,"Escroqueries et fraudes aux moyens de paiement",34,Hérault,4930,4.253,11
2018,3,"Escroqueries et fraudes aux moyens de paiement",10,Aube,1318,4.251,12
2018,3,"Escroqueries et fraudes aux moyens de paiement",45,Loiret,2867,4.223,13
2018,3,"Escroqueries et fraudes aux moyens de paiement",95,Val-d'Oise,5221,4.215,14
2018,3,"Escroqueries et fraudes aux moyens de paiement",72,Sarthe,2372,4.191,15
2018,3,"Escroqueries et fraudes aux moyens de paiement",06,Alpes-Maritimes,4549,4.188,16
2018,3,"Escroqueries et fraudes aux moyens de paiement",89,Yonne,1407,4.169,17
2018,3,"Escroqueries et fraudes aux moyens de paiement",91,Essonne,5185,3.999,18
2018,3,"Escroqueries et fraudes aux moyens de paiement",83,Var,4247,3.978,19
2018,3,"Escroqueries et fraudes aux moyens de paiement",37,Indre-et-Loire,2391,3.934,20
2018,3,"Escroqueries et fraudes aux moyens de paiement",82,Tarn-et-Garonne,1018,3.929,21
2018,3,"Escroqueries et fraudes aux moyens de paiement",77,Seine-et-Marne,5496,3.891,22
2018,3,"Escroqueries et fraudes aux moyens de paiement",46,Lot,665,3.823,23
2018,3,"Escroqueries et fraudes aux moyens de paiement",51,Marne,2160,3.806,24
2018,3,"Escroqueries et fraudes aux moyens de paiement",33,Gironde,6076,3.793,25
2018,3,"Escroqueries et fraudes aux moyens de paiement",58,Nièvre,775,3.765,26
2018,3,"Escroqueries et fraudes aux moyens de paiement",21,Côte-d'Or,2007,3.764,27
2018,3,"Escroqueries et fraudes aux moyens de paiement",44,Loire-Atlantique,5279,3.737,28
2018,3,"Escroqueries et fraudes aux moyens de paiement",22,Côtes-d'Armor,2231,3.721,29
2018,3,"Escroqueries et fraudes aux moyens de paiement",30,Gard,2725,3.655,30
2018,3,"Escroqueries et fraudes aux moyens de paiement",04,Alpes-de-Haute-Provence,595,3.627,31
2018,3,"Escroqueries et fraudes aux moyens de paiement",32,Gers,693,3.623,32
2018,3,"Escroqueries et fraudes aux moyens de paiement",38,Isère,4576,3.622,33
2018,3,"Escroqueries et fraudes aux moyens de paiement",25,Doubs,1951,3.603,34
2018,3,"Escroqueries et fraudes aux moyens de paiement",29,Finistère,3260,3.576,35
2018,3,"Escroqueries et fraudes aux moyens de paiement",40,Landes,1438,3.504,36
2018,3,"Escroqueries et fraudes aux moyens de paiement",86,Vienne,1533,3.503,37
2018,3,"Escroqueries et fraudes aux moyens de paiement",59,Nord,9075,3.482,38
2018,3,"Escroqueries et fraudes aux moyens de paiement",84,Vaucluse,1942,3.469,39
2018,3,"Escroqueries et fraudes aux moyens de paiement",42,Loire,2637,3.454,40
2018,3,"Escroqueries et fraudes aux moyens de paiement",18,Cher,1042,3.434,41
2018,3,"Escroqueries et fraudes aux moyens de paiement",03,Allier,1149,3.408,42
2018,3,"Escroqueries et fraudes aux moyens de paiement",52,Haute-Marne,593,3.407,43
2018,3,"Escroqueries et fraudes aux moyens de paiement",02,Aisne,1809,3.392,44
2018,3,"Escroqueries et fraudes aux moyens de paiement",35,Ille-et-Vilaine,3606,3.373,45
2018,3,"Escroqueries et fraudes aux moyens de paiement",54,Meurthe-et-Moselle,2470,3.368,46
2018,3,"Escroqueries et fraudes aux moyens de paiement",79,Deux-Sèvres,1260,3.362,47
2018,3,"Escroqueries et fraudes aux moyens de paiement",63,Puy-de-Dôme,2208,3.350,48
2018,3,"Escroqueries et fraudes aux moyens de paiement",87,Haute-Vienne,1249,3.347,49
2018,3,"Escroqueries et fraudes aux moyens de paiement",26,Drôme,1722,3.345,50
2018,3,"Escroqueries et fraudes aux moyens de paiement",65,Hautes-Pyrénées,765,3.338,51
2018,3,"Escroqueries et fraudes aux moyens de paiement",39,Jura,862,3.319,52
2018,3,"Escroqueries et fraudes aux moyens de paiement",28,Eure-et-Loir,1427,3.303,53
2018,3,"Escroqueries et fraudes aux moyens de paiement",17,Charente-Maritime,2120,3.277,54
2018,3,"Escroqueries et fraudes aux moyens de paiement",60,Oise,2706,3.271,55
2018,3,"Escroqueries et fraudes aux moyens de paiement",81,Tarn,1266,3.258,56
2018,3,"Escroqueries et fraudes aux moyens de paiement",49,Maine-et-Loire,2654,3.253,57
2018,3,"Escroqueries et fraudes aux moyens de paiement",14,Calvados,2251,3.243,58
2018,3,"Escroqueries et fraudes aux moyens de paiement",66,Pyrénées-Orientales,1542,3.237,59
2018,3,"Escroqueries et fraudes aux moyens de paiement",09,Ariège,492,3.214,60
2018,3,"Escroqueries et fraudes aux moyens de paiement",73,Savoie,1394,3.214,60
2018,3,"Escroqueries et fraudes aux moyens de paiement",41,Loir-et-Cher,1057,3.201,62
2018,3,"Escroqueries et fraudes aux moyens de paiement",27,Eure,1911,3.185,63
2018,3,"Escroqueries et fraudes aux moyens de paiement",74,Haute-Savoie,2598,3.181,64
2018,3,"Escroqueries et fraudes aux moyens de paiement",19,Corrèze,765,3.180,65
2018,3,"Escroqueries et fraudes aux moyens de paiement",01,Ain,2055,3.173,66
2018,3,"Escroqueries et fraudes aux moyens de paiement",2A,Corse-du-Sud,500,3.168,67
2018,3,"Escroqueries et fraudes aux moyens de paiement",76,Seine-Maritime,3963,3.156,68
2018,3,"Escroqueries et fraudes aux moyens de paiement",23,Creuse,367,3.123,69
2018,3,"Escroqueries et fraudes aux moyens de paiement",80,Somme,1744,3.056,70
2018,3,"Escroqueries et fraudes aux moyens de paiement",70,Haute-Saône,721,3.055,71
2018,3,"Escroqueries et fraudes aux moyens de paiement",15,Cantal,440,3.039,72
2018,3,"Escroqueries et fraudes aux moyens de paiement",08,Ardennes,824,3.031,73
2018,3,"Escroqueries et fraudes aux moyens de paiement",05,Hautes-Alpes,426,3.028,74
2018,3,"Escroqueries et fraudes aux moyens de paiement",56,Morbihan,2279,3.019,75
2018,3,"Escroqueries et fraudes aux moyens de paiement",12,Aveyron,838,3.001,76
2018,3,"Escroqueries et fraudes aux moyens de paiement",24,Dordogne,1237,2.992,77
2018,3,"Escroqueries et fraudes aux moyens de paiement",11,Aude,1113,2.985,78
2018,3,"Escroqueries et fraudes aux moyens de paiement",36,Indre,657,2.978,79
2018,3,"Escroqueries et fraudes aux moyens de paiement",67,Bas-Rhin,3361,2.965,80
2018,3,"Escroqueries et fraudes aux moyens de paiement",64,Pyrénées-Atlantiques,2011,2.958,81
2018,3,"Escroqueries et fraudes aux moyens de paiement",71,Saône-et-Loire,1606,2.908,82
2018,3,"Escroqueries et fraudes aux moyens de paiement",61,Orne,818,2.905,83
2018,3,"Escroqueries et fraudes aux moyens de paiement",53,Mayenne,890,2.898,84
2018,3,"Escroqueries et fraudes aux moyens de paiement",85,Vendée,1944,2.859,85
2018,3,"Escroqueries et fraudes aux moyens de paiement",62,Pas-de-Calais,4110,2.802,86
2018,3,"Escroqueries et fraudes aux moyens de paiement",2B,Haute-Corse,497,2.750,87
2018,3,"Escroqueries et fraudes aux moyens de paiement",68,Haut-Rhin,2062,2.695,88
2018,3,"Escroqueries et fraudes aux moyens de paiement",55,Meuse,495,2.671,89
2018,3,"Escroqueries et fraudes aux moyens de paiement",43,Haute-Loire,607,2.668,90
2018,3,"Escroqueries et fraudes aux moyens de paiement",50,Manche,1323,2.667,91
2018,3,"Escroqueries et fraudes aux moyens de paiement",90,"Territoire de Belfort",376,2.651,92
2018,3,"Escroqueries et fraudes aux moyens de paiement",57,Moselle,2722,2.608,93
2018,3,"Escroqueries et fraudes aux moyens de paiement",88,Vosges,932,2.546,94
2018,3,"Escroqueries et fraudes aux moyens de paiement",48,Lozère,180,2.352,95
2018,3,"Escroqueries et fraudes aux moyens de paiement",07,Ardèche,722,2.211,96
2018,4,Homicides,13,Bouches-du-Rhône,74,0.036,1
2018,4,Homicides,11,Aude,13,0.035,2
2018,4,Homicides,26,Drôme,17,0.033,3
2018,4,Homicides,2A,Corse-du-Sud,5,0.032,4
2018,4,Homicides,2B,Haute-Corse,5,0.028,5
2018,4,Homicides,43,Haute-Loire,5,0.022,6
2018,4,Homicides,15,Cantal,3,0.021,7
2018,4,Homicides,83,Var,22,0.021,7
2018,4,Homicides,66,Pyrénées-Orientales,9,0.019,9
2018,4,Homicides,06,Alpes-Maritimes,20,0.018,10
2018,4,Homicides,73,Savoie,8,0.018,10
2018,4,Homicides,80,Somme,10,0.018,10
2018,4,Homicides,89,Yonne,6,0.018,10
2018,4,Homicides,02,Aisne,9,0.017,14
2018,4,Homicides,24,Dordogne,7,0.017,14
2018,4,Homicides,30,Gard,12,0.016,16
2018,4,Homicides,32,Gers,3,0.016,16
2018,4,Homicides,62,Pas-de-Calais,23,0.016,16
2018,4,Homicides,75,Paris,34,0.016,16
2018,4,Homicides,93,Seine-Saint-Denis,26,0.016,16
2018,4,Homicides,58,Nièvre,3,0.015,21
2018,4,Homicides,59,Nord,40,0.015,21
2018,4,Homicides,05,Hautes-Alpes,2,0.014,23
2018,4,Homicides,17,Charente-Maritime,9,0.014,23
2018,4,Homicides,44,Loire-Atlantique,20,0.014,23
2018,4,Homicides,84,Vaucluse,8,0.014,23
2018,4,Homicides,33,Gironde,21,0.013,27
2018,4,Homicides,34,Hérault,15,0.013,27
2018,4,Homicides,53,Mayenne,4,0.013,27
2018,4,Homicides,65,Hautes-Pyrénées,3,0.013,27
2018,4,Homicides,39,Jura,3,0.012,31
2018,4,Homicides,41,Loir-et-Cher,4,0.012,31
2018,4,Homicides,54,Meurthe-et-Moselle,9,0.012,31
2018,4,Homicides,68,Haut-Rhin,9,0.012,31
2018,4,Homicides,76,Seine-Maritime,15,0.012,31
2018,4,Homicides,01,Ain,7,0.011,36
2018,4,Homicides,21,Côte-d'Or,6,0.011,36
2018,4,Homicides,25,Doubs,6,0.011,36
2018,4,Homicides,29,Finistère,10,0.011,36
2018,4,Homicides,57,Moselle,12,0.011,36
2018,4,Homicides,92,Hauts-de-Seine,18,0.011,36
2018,4,Homicides,10,Aube,3,0.010,42
2018,4,Homicides,22,Côtes-d'Armor,6,0.010,42
2018,4,Homicides,60,Oise,8,0.010,42
2018,4,Homicides,64,Pyrénées-Atlantiques,7,0.010,42
2018,4,Homicides,69,Rhône,19,0.010,42
2018,4,Homicides,03,Allier,3,0.009,47
2018,4,Homicides,16,Charente,3,0.009,47
2018,4,Homicides,23,Creuse,1,0.009,47
2018,4,Homicides,31,Haute-Garonne,13,0.009,47
2018,4,Homicides,45,Loiret,6,0.009,47
2018,4,Homicides,47,Lot-et-Garonne,3,0.009,47
2018,4,Homicides,67,Bas-Rhin,10,0.009,47
2018,4,Homicides,71,Saône-et-Loire,5,0.009,47
2018,4,Homicides,72,Sarthe,5,0.009,47
2018,4,Homicides,86,Vienne,4,0.009,47
2018,4,Homicides,91,Essonne,12,0.009,47
2018,4,Homicides,37,Indre-et-Loire,5,0.008,58
2018,4,Homicides,63,Puy-de-Dôme,5,0.008,58
2018,4,Homicides,78,Yvelines,12,0.008,58
2018,4,Homicides,81,Tarn,3,0.008,58
2018,4,Homicides,95,Val-d'Oise,10,0.008,58
2018,4,Homicides,08,Ardennes,2,0.007,63
2018,4,Homicides,09,Ariège,1,0.007,63
2018,4,Homicides,12,Aveyron,2,0.007,63
2018,4,Homicides,28,Eure-et-Loir,3,0.007,63
2018,4,Homicides,49,Maine-et-Loire,6,0.007,63
2018,4,Homicides,51,Marne,4,0.007,63
2018,4,Homicides,61,Orne,2,0.007,63
2018,4,Homicides,90,"Territoire de Belfort",1,0.007,63
2018,4,Homicides,94,Val-de-Marne,10,0.007,63
2018,4,Homicides,04,Alpes-de-Haute-Provence,1,0.006,72
2018,4,Homicides,07,Ardèche,2,0.006,72
2018,4,Homicides,38,Isère,8,0.006,72
2018,4,Homicides,50,Manche,3,0.006,72
2018,4,Homicides,52,Haute-Marne,1,0.006,72
2018,4,Homicides,27,Eure,3,0.005,77
2018,4,Homicides,35,Ille-et-Vilaine,5,0.005,77
2018,4,Homicides,36,Indre,1,0.005,77
2018,4,Homicides,55,Meuse,1,0.005,77
2018,4,Homicides,79,Deux-Sèvres,2,0.005,77
2018,4,Homicides,87,Haute-Vienne,2,0.005,77
2018,4,Homicides,19,Corrèze,1,0.004,83
2018,4,Homicides,56,Morbihan,3,0.004,83
2018,4,Homicides,70,Haute-Saône,1,0.004,83
2018,4,Homicides,74,Haute-Savoie,3,0.004,83
2018,4,Homicides,77,Seine-et-Marne,6,0.004,83
2018,4,Homicides,82,Tarn-et-Garonne,1,0.004,83
2018,4,Homicides,85,Vendée,3,0.004,83
2018,4,Homicides,14,Calvados,2,0.003,90
2018,4,Homicides,18,Cher,1,0.003,90
2018,4,Homicides,42,Loire,2,0.003,90
2018,4,Homicides,88,Vosges,1,0.003,90
2018,4,Homicides,40,Landes,0,0.000,94
2018,4,Homicides,46,Lot,0,0.000,94
2018,4,Homicides,48,Lozère,0,0.000,94
2018,5,"Tentatives d'homicide",93,Seine-Saint-Denis,131,0.080,1
2018,5,"Tentatives d'homicide",75,Paris,160,0.074,2
2018,5,"Tentatives d'homicide",2A,Corse-du-Sud,11,0.070,3
2018,5,"Tentatives d'homicide",90,"Territoire de Belfort",10,0.070,3
2018,5,"Tentatives d'homicide",13,Bouches-du-Rhône,141,0.069,5
2018,5,"Tentatives d'homicide",83,Var,73,0.068,6
2018,5,"Tentatives d'homicide",45,Loiret,40,0.059,7
2018,5,"Tentatives d'homicide",52,Haute-Marne,10,0.057,8
2018,5,"Tentatives d'homicide",66,Pyrénées-Orientales,27,0.057,8
2018,5,"Tentatives d'homicide",68,Haut-Rhin,41,0.054,10
2018,5,"Tentatives d'homicide",94,Val-de-Marne,72,0.052,11
2018,5,"Tentatives d'homicide",28,Eure-et-Loir,22,0.051,12
2018,5,"Tentatives d'homicide",55,Meuse,9,0.049,13
2018,5,"Tentatives d'homicide",95,Val-d'Oise,60,0.048,14
2018,5,"Tentatives d'homicide",34,Hérault,52,0.045,15
2018,5,"Tentatives d'homicide",21,Côte-d'Or,23,0.043,16
2018,5,"Tentatives d'homicide",61,Orne,12,0.043,16
2018,5,"Tentatives d'homicide",06,Alpes-Maritimes,45,0.041,18
2018,5,"Tentatives d'homicide",11,Aude,15,0.040,19
2018,5,"Tentatives d'homicide",2B,Haute-Corse,7,0.039,20
2018,5,"Tentatives d'homicide",89,Yonne,13,0.039,20
2018,5,"Tentatives d'homicide",27,Eure,23,0.038,22
2018,5,"Tentatives d'homicide",30,Gard,28,0.038,22
2018,5,"Tentatives d'homicide",37,Indre-et-Loire,23,0.038,22
2018,5,"Tentatives d'homicide",59,Nord,97,0.037,25
2018,5,"Tentatives d'homicide",73,Savoie,16,0.037,25
2018,5,"Tentatives d'homicide",79,Deux-Sèvres,14,0.037,25
2018,5,"Tentatives d'homicide",31,Haute-Garonne,50,0.036,28
2018,5,"Tentatives d'homicide",71,Saône-et-Loire,20,0.036,28
2018,5,"Tentatives d'homicide",62,Pas-de-Calais,52,0.035,30
2018,5,"Tentatives d'homicide",82,Tarn-et-Garonne,9,0.035,30
2018,5,"Tentatives d'homicide",54,Meurthe-et-Moselle,25,0.034,32
2018,5,"Tentatives d'homicide",69,Rhône,64,0.034,32
2018,5,"Tentatives d'homicide",47,Lot-et-Garonne,11,0.033,34
2018,5,"Tentatives d'homicide",77,Seine-et-Marne,45,0.032,35
2018,5,"Tentatives d'homicide",60,Oise,25,0.030,36
2018,5,"Tentatives d'homicide",86,Vienne,13,0.030,36
2018,5,"Tentatives d'homicide",29,Finistère,26,0.029,38
2018,5,"Tentatives d'homicide",33,Gironde,46,0.029,38
2018,5,"Tentatives d'homicide",35,Ille-et-Vilaine,31,0.029,38
2018,5,"Tentatives d'homicide",46,Lot,5,0.029,38
2018,5,"Tentatives d'homicide",84,Vaucluse,16,0.029,38
2018,5,"Tentatives d'homicide",44,Loire-Atlantique,39,0.028,43
2018,5,"Tentatives d'homicide",85,Vendée,19,0.028,43
2018,5,"Tentatives d'homicide",03,Allier,9,0.027,45
2018,5,"Tentatives d'homicide",40,Landes,11,0.027,45
2018,5,"Tentatives d'homicide",78,Yvelines,39,0.027,45
2018,5,"Tentatives d'homicide",42,Loire,20,0.026,48
2018,5,"Tentatives d'homicide",51,Marne,15,0.026,48
2018,5,"Tentatives d'homicide",70,Haute-Saône,6,0.025,50
2018,5,"Tentatives d'homicide",91,Essonne,33,0.025,50
2018,5,"Tentatives d'homicide",92,Hauts-de-Seine,40,0.025,50
2018,5,"Tentatives d'homicide",17,Charente-Maritime,15,0.023,53
2018,5,"Tentatives d'homicide",26,Drôme,12,0.023,53
2018,5,"Tentatives d'homicide",56,Morbihan,17,0.023,53
2018,5,"Tentatives d'homicide",63,Puy-de-Dôme,15,0.023,53
2018,5,"Tentatives d'homicide",01,Ain,14,0.022,57
2018,5,"Tentatives d'homicide",38,Isère,26,0.021,58
2018,5,"Tentatives d'homicide",09,Ariège,3,0.020,59
2018,5,"Tentatives d'homicide",74,Haute-Savoie,16,0.020,59
2018,5,"Tentatives d'homicide",14,Calvados,13,0.019,61
2018,5,"Tentatives d'homicide",39,Jura,5,0.019,61
2018,5,"Tentatives d'homicide",67,Bas-Rhin,22,0.019,61
2018,5,"Tentatives d'homicide",80,Somme,11,0.019,61
2018,5,"Tentatives d'homicide",25,Doubs,10,0.018,65
2018,5,"Tentatives d'homicide",43,Haute-Loire,4,0.018,65
2018,5,"Tentatives d'homicide",50,Manche,9,0.018,65
2018,5,"Tentatives d'homicide",76,Seine-Maritime,23,0.018,65
2018,5,"Tentatives d'homicide",24,Dordogne,7,0.017,69
2018,5,"Tentatives d'homicide",72,Sarthe,9,0.016,70
2018,5,"Tentatives d'homicide",64,Pyrénées-Atlantiques,10,0.015,71
2018,5,"Tentatives d'homicide",81,Tarn,6,0.015,71
2018,5,"Tentatives d'homicide",05,Hautes-Alpes,2,0.014,73
2018,5,"Tentatives d'homicide",12,Aveyron,4,0.014,73
2018,5,"Tentatives d'homicide",16,Charente,5,0.014,73
2018,5,"Tentatives d'homicide",02,Aisne,7,0.013,76
2018,5,"Tentatives d'homicide",10,Aube,4,0.013,76
2018,5,"Tentatives d'homicide",53,Mayenne,4,0.013,76
2018,5,"Tentatives d'homicide",65,Hautes-Pyrénées,3,0.013,76
2018,5,"Tentatives d'homicide",04,Alpes-de-Haute-Provence,2,0.012,80
2018,5,"Tentatives d'homicide",22,Côtes-d'Armor,7,0.012,80
2018,5,"Tentatives d'homicide",49,Maine-et-Loire,10,0.012,80
2018,5,"Tentatives d'homicide",57,Moselle,11,0.011,83
2018,5,"Tentatives d'homicide",87,Haute-Vienne,4,0.011,83
2018,5,"Tentatives d'homicide",07,Ardèche,3,0.009,85
2018,5,"Tentatives d'homicide",36,Indre,2,0.009,85
2018,5,"Tentatives d'homicide",41,Loir-et-Cher,3,0.009,85
2018,5,"Tentatives d'homicide",88,Vosges,3,0.008,88
2018,5,"Tentatives d'homicide",08,Ardennes,2,0.007,89
2018,5,"Tentatives d'homicide",15,Cantal,1,0.007,89
2018,5,"Tentatives d'homicide",18,Cher,2,0.007,89
2018,5,"Tentatives d'homicide",32,Gers,1,0.005,92
2018,5,"Tentatives d'homicide",58,Nièvre,1,0.005,92
2018,5,"Tentatives d'homicide",19,Corrèze,0,0.000,94
2018,5,"Tentatives d'homicide",23,Creuse,0,0.000,94
2018,5,"Tentatives d'homicide",48,Lozère,0,0.000,94
2018,6,"Trafic de stupéfiants",93,Seine-Saint-Denis,3538,2.167,1
2018,6,"Trafic de stupéfiants",75,Paris,4199,1.930,2
2018,6,"Trafic de stupéfiants",94,Val-de-Marne,1966,1.407,3
2018,6,"Trafic de stupéfiants",74,Haute-Savoie,1060,1.298,4
2018,6,"Trafic de stupéfiants",31,Haute-Garonne,1317,0.954,5
2018,6,"Trafic de stupéfiants",95,Val-d'Oise,1168,0.943,6
2018,6,"Trafic de stupéfiants",40,Landes,385,0.938,7
2018,6,"Trafic de stupéfiants",21,Côte-d'Or,499,0.936,8
2018,6,"Trafic de stupéfiants",13,Bouches-du-Rhône,1903,0.935,9
2018,6,"Trafic de stupéfiants",91,Essonne,1167,0.900,10
2018,6,"Trafic de stupéfiants",28,Eure-et-Loir,364,0.843,11
2018,6,"Trafic de stupéfiants",06,Alpes-Maritimes,912,0.840,12
2018,6,"Trafic de stupéfiants",25,Doubs,449,0.829,13
2018,6,"Trafic de stupéfiants",66,Pyrénées-Orientales,382,0.802,14
2018,6,"Trafic de stupéfiants",92,Hauts-de-Seine,1229,0.759,15
2018,6,"Trafic de stupéfiants",34,Hérault,855,0.738,16
2018,6,"Trafic de stupéfiants",59,Nord,1892,0.726,17
2018,6,"Trafic de stupéfiants",43,Haute-Loire,159,0.699,18
2018,6,"Trafic de stupéfiants",83,Var,743,0.696,19
2018,6,"Trafic de stupéfiants",88,Vosges,254,0.694,20
2018,6,"Trafic de stupéfiants",86,Vienne,303,0.692,21
2018,6,"Trafic de stupéfiants",84,Vaucluse,387,0.691,22
2018,6,"Trafic de stupéfiants",67,Bas-Rhin,771,0.680,23
2018,6,"Trafic de stupéfiants",73,Savoie,285,0.657,24
2018,6,"Trafic de stupéfiants",39,Jura,170,0.654,25
2018,6,"Trafic de stupéfiants",55,Meuse,119,0.642,26
2018,6,"Trafic de stupéfiants",77,Seine-et-Marne,883,0.625,27
2018,6,"Trafic de stupéfiants",90,"Territoire de Belfort",86,0.606,28
2018,6,"Trafic de stupéfiants",79,Deux-Sèvres,223,0.595,29
2018,6,"Trafic de stupéfiants",2A,Corse-du-Sud,93,0.589,30
2018,6,"Trafic de stupéfiants",89,Yonne,196,0.581,31
2018,6,"Trafic de stupéfiants",57,Moselle,587,0.563,32
2018,6,"Trafic de stupéfiants",35,Ille-et-Vilaine,590,0.552,33
2018,6,"Trafic de stupéfiants",14,Calvados,382,0.550,34
2018,6,"Trafic de stupéfiants",76,Seine-Maritime,683,0.544,35
2018,6,"Trafic de stupéfiants",69,Rhône,995,0.535,36
2018,6,"Trafic de stupéfiants",10,Aube,161,0.519,37
2018,6,"Trafic de stupéfiants",65,Hautes-Pyrénées,118,0.515,38
2018,6,"Trafic de stupéfiants",50,Manche,253,0.510,39
2018,6,"Trafic de stupéfiants",33,Gironde,806,0.503,40
2018,6,"Trafic de stupéfiants",60,Oise,416,0.503,40
2018,6,"Trafic de stupéfiants",78,Yvelines,711,0.493,42
2018,6,"Trafic de stupéfiants",63,Puy-de-Dôme,323,0.490,43
2018,6,"Trafic de stupéfiants",03,Allier,165,0.489,44
2018,6,"Trafic de stupéfiants",54,Meurthe-et-Moselle,355,0.484,45
2018,6,"Trafic de stupéfiants",27,Eure,290,0.483,46
2018,6,"Trafic de stupéfiants",19,Corrèze,115,0.478,47
2018,6,"Trafic de stupéfiants",87,Haute-Vienne,177,0.474,48
2018,6,"Trafic de stupéfiants",26,Drôme,243,0.472,49
2018,6,"Trafic de stupéfiants",68,Haut-Rhin,361,0.472,49
2018,6,"Trafic de stupéfiants",29,Finistère,423,0.464,51
2018,6,"Trafic de stupéfiants",16,Charente,162,0.461,52
2018,6,"Trafic de stupéfiants",80,Somme,263,0.461,52
2018,6,"Trafic de stupéfiants",45,Loiret,311,0.458,54
2018,6,"Trafic de stupéfiants",70,Haute-Saône,108,0.458,54
2018,6,"Trafic de stupéfiants",04,Alpes-de-Haute-Provence,75,0.457,56
2018,6,"Trafic de stupéfiants",44,Loire-Atlantique,634,0.449,57
2018,6,"Trafic de stupéfiants",11,Aude,167,0.448,58
2018,6,"Trafic de stupéfiants",24,Dordogne,184,0.445,59
2018,6,"Trafic de stupéfiants",46,Lot,77,0.443,60
2018,6,"Trafic de stupéfiants",22,Côtes-d'Armor,264,0.440,61
2018,6,"Trafic de stupéfiants",38,Isère,554,0.438,62
2018,6,"Trafic de stupéfiants",71,Saône-et-Loire,242,0.438,62
2018,6,"Trafic de stupéfiants",05,Hautes-Alpes,61,0.434,64
2018,6,"Trafic de stupéfiants",85,Vendée,295,0.434,64
2018,6,"Trafic de stupéfiants",52,Haute-Marne,75,0.431,66
2018,6,"Trafic de stupéfiants",61,Orne,120,0.426,67
2018,6,"Trafic de stupéfiants",64,Pyrénées-Atlantiques,289,0.425,68
2018,6,"Trafic de stupéfiants",17,Charente-Maritime,263,0.407,69
2018,6,"Trafic de stupéfiants",36,Indre,88,0.399,70
2018,6,"Trafic de stupéfiants",15,Cantal,57,0.394,71
2018,6,"Trafic de stupéfiants",18,Cher,117,0.386,72
2018,6,"Trafic de stupéfiants",23,Creuse,44,0.374,73
2018,6,"Trafic de stupéfiants",62,Pas-de-Calais,545,0.372,74
2018,6,"Trafic de stupéfiants",2B,Haute-Corse,67,0.371,75
2018,6,"Trafic de stupéfiants",53,Mayenne,114,0.371,75
2018,6,"Trafic de stupéfiants",30,Gard,272,0.365,77
2018,6,"Trafic de stupéfiants",37,Indre-et-Loire,220,0.362,78
2018,6,"Trafic de stupéfiants",49,Maine-et-Loire,294,0.360,79
2018,6,"Trafic de stupéfiants",12,Aveyron,99,0.354,80
2018,6,"Trafic de stupéfiants",56,Morbihan,259,0.343,81
2018,6,"Trafic de stupéfiants",02,Aisne,177,0.332,82
2018,6,"Trafic de stupéfiants",09,Ariège,50,0.327,83
2018,6,"Trafic de stupéfiants",47,Lot-et-Garonne,107,0.322,84
2018,6,"Trafic de stupéfiants",08,Ardennes,85,0.313,85
2018,6,"Trafic de stupéfiants",01,Ain,198,0.306,86
2018,6,"Trafic de stupéfiants",48,Lozère,23,0.301,87
2018,6,"Trafic de stupéfiants",58,Nièvre,62,0.301,87
2018,6,"Trafic de stupéfiants",51,Marne,166,0.293,89
2018,6,"Trafic de stupéfiants",42,Loire,218,0.286,90
2018,6,"Trafic de stupéfiants",81,Tarn,108,0.278,91
2018,6,"Trafic de stupéfiants",41,Loir-et-Cher,91,0.276,92
2018,6,"Trafic de stupéfiants",72,Sarthe,151,0.267,93
2018,6,"Trafic de stupéfiants",82,Tarn-et-Garonne,67,0.259,94
2018,6,"Trafic de stupéfiants",07,Ardèche,63,0.193,95
2018,6,"Trafic de stupéfiants",32,Gers,37,0.193,95
2018,7,"Usage de stupéfiants",05,Hautes-Alpes,832,5.913,1
2018,7,"Usage de stupéfiants",93,Seine-Saint-Denis,8858,5.425,2
2018,7,"Usage de stupéfiants",78,Yvelines,7187,4.986,3
2018,7,"Usage de stupéfiants",75,Paris,10538,4.844,4
2018,7,"Usage de stupéfiants",77,Seine-et-Marne,6273,4.441,5
2018,7,"Usage de stupéfiants",95,Val-d'Oise,5066,4.090,6
2018,7,"Usage de stupéfiants",04,Alpes-de-Haute-Provence,665,4.053,7
2018,7,"Usage de stupéfiants",83,Var,4204,3.937,8
2018,7,"Usage de stupéfiants",59,Nord,10175,3.904,9
2018,7,"Usage de stupéfiants",52,Haute-Marne,666,3.826,10
2018,7,"Usage de stupéfiants",89,Yonne,1254,3.716,11
2018,7,"Usage de stupéfiants",74,Haute-Savoie,3028,3.708,12
2018,7,"Usage de stupéfiants",73,Savoie,1560,3.597,13
2018,7,"Usage de stupéfiants",94,Val-de-Marne,4990,3.572,14
2018,7,"Usage de stupéfiants",91,Essonne,4488,3.461,15
2018,7,"Usage de stupéfiants",90,"Territoire de Belfort",483,3.405,16
2018,7,"Usage de stupéfiants",69,Rhône,6309,3.393,17
2018,7,"Usage de stupéfiants",84,Vaucluse,1896,3.387,18
2018,7,"Usage de stupéfiants",55,Meuse,610,3.291,19
2018,7,"Usage de stupéfiants",26,Drôme,1673,3.250,20
2018,7,"Usage de stupéfiants",06,Alpes-Maritimes,3374,3.106,21
2018,7,"Usage de stupéfiants",80,Somme,1756,3.077,22
2018,7,"Usage de stupéfiants",53,Mayenne,922,3.002,23
2018,7,"Usage de stupéfiants",18,Cher,905,2.983,24
2018,7,"Usage de stupéfiants",17,Charente-Maritime,1897,2.932,25
2018,7,"Usage de stupéfiants",39,Jura,761,2.930,26
2018,7,"Usage de stupéfiants",43,Haute-Loire,665,2.922,27
2018,7,"Usage de stupéfiants",34,Hérault,3383,2.918,28
2018,7,"Usage de stupéfiants",03,Allier,978,2.901,29
2018,7,"Usage de stupéfiants",36,Indre,637,2.888,30
2018,7,"Usage de stupéfiants",54,Meurthe-et-Moselle,2094,2.855,31
2018,7,"Usage de stupéfiants",51,Marne,1613,2.842,32
2018,7,"Usage de stupéfiants",88,Vosges,1036,2.830,33
2018,7,"Usage de stupéfiants",19,Corrèze,674,2.802,34
2018,7,"Usage de stupéfiants",13,Bouches-du-Rhône,5582,2.744,35
2018,7,"Usage de stupéfiants",08,Ardennes,737,2.711,36
2018,7,"Usage de stupéfiants",28,Eure-et-Loir,1159,2.683,37
2018,7,"Usage de stupéfiants",29,Finistère,2400,2.632,38
2018,7,"Usage de stupéfiants",46,Lot,454,2.610,39
2018,7,"Usage de stupéfiants",42,Loire,1978,2.591,40
2018,7,"Usage de stupéfiants",62,Pas-de-Calais,3779,2.576,41
2018,7,"Usage de stupéfiants",10,Aube,797,2.571,42
2018,7,"Usage de stupéfiants",14,Calvados,1754,2.527,43
2018,7,"Usage de stupéfiants",45,Loiret,1715,2.526,44
2018,7,"Usage de stupéfiants",21,Côte-d'Or,1343,2.519,45
2018,7,"Usage de stupéfiants",86,Vienne,1089,2.489,46
2018,7,"Usage de stupéfiants",92,Hauts-de-Seine,4004,2.473,47
2018,7,"Usage de stupéfiants",25,Doubs,1326,2.449,48
2018,7,"Usage de stupéfiants",07,Ardèche,761,2.330,49
2018,7,"Usage de stupéfiants",38,Isère,2914,2.306,50
2018,7,"Usage de stupéfiants",41,Loir-et-Cher,761,2.304,51
2018,7,"Usage de stupéfiants",12,Aveyron,637,2.281,52
2018,7,"Usage de stupéfiants",02,Aisne,1208,2.265,53
2018,7,"Usage de stupéfiants",76,Seine-Maritime,2828,2.252,54
2018,7,"Usage de stupéfiants",2A,Corse-du-Sud,353,2.236,55
2018,7,"Usage de stupéfiants",23,Creuse,262,2.230,56
2018,7,"Usage de stupéfiants",65,Hautes-Pyrénées,510,2.225,57
2018,7,"Usage de stupéfiants",32,Gers,424,2.217,58
2018,7,"Usage de stupéfiants",64,Pyrénées-Atlantiques,1476,2.171,59
2018,7,"Usage de stupéfiants",61,Orne,611,2.170,60
2018,7,"Usage de stupéfiants",44,Loire-Atlantique,3044,2.155,61
2018,7,"Usage de stupéfiants",31,Haute-Garonne,2953,2.139,62
2018,7,"Usage de stupéfiants",60,Oise,1758,2.125,63
2018,7,"Usage de stupéfiants",27,Eure,1270,2.117,64
2018,7,"Usage de stupéfiants",71,Saône-et-Loire,1167,2.113,65
2018,7,"Usage de stupéfiants",57,Moselle,2190,2.099,66
2018,7,"Usage de stupéfiants",33,Gironde,3301,2.061,67
2018,7,"Usage de stupéfiants",40,Landes,829,2.020,68
2018,7,"Usage de stupéfiants",11,Aude,734,1.969,69
2018,7,"Usage de stupéfiants",15,Cantal,285,1.969,69
2018,7,"Usage de stupéfiants",66,Pyrénées-Orientales,928,1.948,71
2018,7,"Usage de stupéfiants",2B,Haute-Corse,350,1.937,72
2018,7,"Usage de stupéfiants",72,Sarthe,1069,1.889,73
2018,7,"Usage de stupéfiants",01,Ain,1198,1.850,74
2018,7,"Usage de stupéfiants",35,Ille-et-Vilaine,1960,1.833,75
2018,7,"Usage de stupéfiants",70,Haute-Saône,427,1.809,76
2018,7,"Usage de stupéfiants",58,Nièvre,361,1.754,77
2018,7,"Usage de stupéfiants",63,Puy-de-Dôme,1138,1.727,78
2018,7,"Usage de stupéfiants",37,Indre-et-Loire,1045,1.719,79
2018,7,"Usage de stupéfiants",50,Manche,852,1.718,80
2018,7,"Usage de stupéfiants",68,Haut-Rhin,1313,1.716,81
2018,7,"Usage de stupéfiants",67,Bas-Rhin,1926,1.699,82
2018,7,"Usage de stupéfiants",16,Charente,593,1.686,83
2018,7,"Usage de stupéfiants",56,Morbihan,1261,1.670,84
2018,7,"Usage de stupéfiants",30,Gard,1235,1.657,85
2018,7,"Usage de stupéfiants",09,Ariège,253,1.653,86
2018,7,"Usage de stupéfiants",87,Haute-Vienne,610,1.635,87
2018,7,"Usage de stupéfiants",22,Côtes-d'Armor,978,1.631,88
2018,7,"Usage de stupéfiants",49,Maine-et-Loire,1317,1.614,89
2018,7,"Usage de stupéfiants",85,Vendée,1028,1.512,90
2018,7,"Usage de stupéfiants",48,Lozère,114,1.490,91
2018,7,"Usage de stupéfiants",47,Lot-et-Garonne,489,1.473,92
2018,7,"Usage de stupéfiants",81,Tarn,570,1.467,93
2018,7,"Usage de stupéfiants",24,Dordogne,586,1.417,94
2018,7,"Usage de stupéfiants",82,Tarn-et-Garonne,356,1.374,95
2018,7,"Usage de stupéfiants",79,Deux-Sèvres,509,1.358,96
2018,8,"Usage de stupéfiants (AFD)",01,Ain,0,0.000,1
2018,8,"Usage de stupéfiants (AFD)",02,Aisne,0,0.000,1
2018,8,"Usage de stupéfiants (AFD)",03,Allier,0,0.000,1
2018,8,"Usage de stupéfiants (AFD)",04,Alpes-de-Haute-Provence,0,0.000,1
2018,8,"Usage de stupéfiants (AFD)",05,Hautes-Alpes,0,0.000,1
2018,8,"Usage de stupéfiants (AFD)",06,Alpes-Maritimes,0,0.000,1
2018,8,"Usage de stupéfiants (AFD)",07,Ardèche,0,0.000,1
2018,8,"Usage de stupéfiants (AFD)",08,Ardennes,0,0.000,1
2018,8,"Usage de stupéfiants (AFD)",09,Ariège,0,0.000,1
2018,8,"Usage de stupéfiants (AFD)",10,Aube,0,0.000,1
2018,8,"Usage de stupéfiants (AFD)",11,Aude,0,0.000,1
2018,8,"Usage de stupéfiants (AFD)",12,Aveyron,0,0.000,1
2018,8,"Usage de stupéfiants (AFD)",13,Bouches-du-Rhône,0,0.000,1
2018,8,"Usage de stupéfiants (AFD)",14,Calvados,0,0.000,1
2018,8,"Usage de stupéfiants (AFD)",15,Cantal,0,0.000,1
2018,8,"Usage de stupéfiants (AFD)",16,Charente,0,0.000,1
2018,8,"Usage de stupéfiants (AFD)",17,Charente-Maritime,0,0.000,1
2018,8,"Usage de stupéfiants (AFD)",18,Cher,0,0.000,1
2018,8,"Usage de stupéfiants (AFD)",19,Corrèze,0,0.000,1
2018,8,"Usage de stupéfiants (AFD)",21,Côte-d'Or,0,0.000,1
2018,8,"Usage de stupéfiants (AFD)",22,Côtes-d'Armor,0,0.000,1
2018,8,"Usage de stupéfiants (AFD)",23,Creuse,0,0.000,1
2018,8,"Usage de stupéfiants (AFD)",24,Dordogne,0,0.000,1
2018,8,"Usage de stupéfiants (AFD)",25,Doubs,0,0.000,1
2018,8,"Usage de stupéfiants (AFD)",26,Drôme,0,0.000,1
2018,8,"Usage de stupéfiants (AFD)",27,Eure,0,0.000,1
2018,8,"Usage de stupéfiants (AFD)",28,Eure-et-Loir,0,0.000,1
2018,8,"Usage de stupéfiants (AFD)",29,Finistère,0,0.000,1
2018,8,"Usage de stupéfiants (AFD)",2A,Corse-du-Sud,0,0.000,1
2018,8,"Usage de stupéfiants (AFD)",2B,Haute-Corse,0,0.000,1
2018,8,"Usage de stupéfiants (AFD)",30,Gard,0,0.000,1
2018,8,"Usage de stupéfiants (AFD)",31,Haute-Garonne,0,0.000,1
2018,8,"Usage de stupéfiants (AFD)",32,Gers,0,0.000,1
2018,8,"Usage de stupéfiants (AFD)",33,Gironde,0,0.000,1
2018,8,"Usage de stupéfiants (AFD)",34,Hérault,0,0.000,1
2018,8,"Usage de stupéfiants (AFD)",35,Ille-et-Vilaine,0,0.000,1
2018,8,"Usage de stupéfiants (AFD)",36,Indre,0,0.000,1
2018,8,"Usage de stupéfiants (AFD)",37,Indre-et-Loire,0,0.000,1
2018,8,"Usage de stupéfiants (AFD)",38,Isère,0,0.000,1
2018,8,"Usage de stupéfiants (AFD)",39,Jura,0,0.000,1
2018,8,"Usage de stupéfiants (AFD)",40,Landes,0,0.000,1
2018,8,"Usage de stupéfiants (AFD)",41,Loir-et-Cher,0,0.000,1
2018,8,"Usage de stupéfiants (AFD)",42,Loire,0,0.000,1
2018,8,"Usage de stupéfiants (AFD)",43,Haute-Loire,0,0.000,1
2018,8,"Usage de stupéfiants (AFD)",44,Loire-Atlantique,0,0.000,1
2018,8,"Usage de stupéfiants (AFD)",45,Loiret,0,0.000,1
2018,8,"Usage de stupéfiants (AFD)",46,Lot,0,0.000,1
2018,8,"Usage de stupéfiants (AFD)",47,Lot-et-Garonne,0,0.000,1
2018,8,"Usage de stupéfiants (AFD)",48,Lozère,0,0.000,1
2018,8,"Usage de stupéfiants (AFD)",49,Maine-et-Loire,0,0.000,1
2018,8,"Usage de stupéfiants (AFD)",50,Manche,0,0.000,1
2018,8,"Usage de stupéfiants (AFD)",51,Marne,0,0.000,1
2018,8,"Usage de stupéfiants (AFD)",52,Haute-Marne,0,0.000,1
2018,8,"Usage de stupéfiants (AFD)",53,Mayenne,0,0.000,1
2018,8,"Usage de stupéfiants (AFD)",54,Meurthe-et-Moselle,0,0.000,1
2018,8,"Usage de stupéfiants (AFD)",55,Meuse,0,0.000,1
2018,8,"Usage de stupéfiants (AFD)",56,Morbihan,0,0.000,1
2018,8,"Usage de stupéfiants (AFD)",57,Moselle,0,0.000,1
2018,8,"Usage de stupéfiants (AFD)",58,Nièvre,0,0.000,1
2018,8,"Usage de stupéfiants (AFD)",59,Nord,0,0.000,1
2018,8,"Usage de stupéfiants (AFD)",60,Oise,0,0.000,1
2018,8,"Usage de stupéfiants (AFD)",61,Orne,0,0.000,1
2018,8,"Usage de stupéfiants (AFD)",62,Pas-de-Calais,0,0.000,1
2018,8,"Usage de stupéfiants (AFD)",63,Puy-de-Dôme,0,0.000,1
2018,8,"Usage de stupéfiants (AFD)",64,Pyrénées-Atlantiques,0,0.000,1
2018,8,"Usage de stupéfiants (AFD)",65,Hautes-Pyrénées,0,0.000,1
2018,8,"Usage de stupéfiants (AFD)",66,Pyrénées-Orientales,0,0.000,1
2018,8,"Usage de stupéfiants (AFD)",67,Bas-Rhin,0,0.000,1
2018,8,"Usage de stupéfiants (AFD)",68,Haut-Rhin,0,0.000,1
2018,8,"Usage de stupéfiants (AFD)",69,Rhône,0,0.000,1
2018,8,"Usage de stupéfiants (AFD)",70,Haute-Saône,0,0.000,1
2018,8,"Usage de stupéfiants (AFD)",71,Saône-et-Loire,0,0.000,1
2018,8,"Usage de stupéfiants (AFD)",72,Sarthe,0,0.000,1
2018,8,"Usage de stupéfiants (AFD)",73,Savoie,0,0.000,1
2018,8,"Usage de stupéfiants (AFD)",74,Haute-Savoie,0,0.000,1
2018,8,"Usage de stupéfiants (AFD)",75,Paris,0,0.000,1
2018,8,"Usage de stupéfiants (AFD)",76,Seine-Maritime,0,0.000,1
2018,8,"Usage de stupéfiants (AFD)",77,Seine-et-Marne,0,0.000,1
2018,8,"Usage de stupéfiants (AFD)",78,Yvelines,0,0.000,1
2018,8,"Usage de stupéfiants (AFD)",79,Deux-Sèvres,0,0.000,1
2018,8,"Usage de stupéfiants (AFD)",80,Somme,0,0.000,1
2018,8,"Usage de stupéfiants (AFD)",81,Tarn,0,0.000,1
2018,8,"Usage de stupéfiants (AFD)",82,Tarn-et-Garonne,0,0.000,1
2018,8,"Usage de stupéfiants (AFD)",83,Var,0,0.000,1
2018,8,"Usage de stupéfiants (AFD)",84,Vaucluse,0,0.000,1
2018,8,"Usage de stupéfiants (AFD)",85,Vendée,0,0.000,1
2018,8,"Usage de stupéfiants (AFD)",86,Vienne,0,0.000,1
2018,8,"Usage de stupéfiants (AFD)",87,Haute-Vienne,0,0.000,1
2018,8,"Usage de stupéfiants (AFD)",88,Vosges,0,0.000,1
2018,8,"Usage de stupéfiants (AFD)",89,Yonne,0,0.000,1
2018,8,"Usage de stupéfiants (AFD)",90,"Territoire de Belfort",0,0.000,1
2018,8,"Usage de stupéfiants (AFD)",91,Essonne,0,0.000,1
2018,8,"Usage de stupéfiants (AFD)",92,Hauts-de-Seine,0,0.000,1
2018,8,"Usage de stupéfiants (AFD)",93,Seine-Saint-Denis,0,0.000,1
2018,8,"Usage de stupéfiants (AFD)",94,Val-de-Marne,0,0.000,1
2018,8,"Usage de stupéfiants (AFD)",95,Val-d'Oise,0,0.000,1
2018,9,"Usage de stupéfiants (hors AFD)",05,Hautes-Alpes,832,5.913,1
2018,9,"Usage de stupéfiants (hors AFD)",93,Seine-Saint-Denis,8858,5.425,2
2018,9,"Usage de stupéfiants (hors AFD)",78,Yvelines,7187,4.986,3
2018,9,"Usage de stupéfiants (hors AFD)",75,Paris,10538,4.844,4
2018,9,"Usage de stupéfiants (hors AFD)",77,Seine-et-Marne,6273,4.441,5
2018,9,"Usage de stupéfiants (hors AFD)",95,Val-d'Oise,5066,4.090,6
2018,9,"Usage de stupéfiants (hors AFD)",04,Alpes-de-Haute-Provence,665,4.053,7
2018,9,"Usage de stupéfiants (hors AFD)",83,Var,4204,3.937,8
2018,9,"Usage de stupéfiants (hors AFD)",59,Nord,10175,3.904,9
2018,9,"Usage de stupéfiants (hors AFD)",52,Haute-Marne,666,3.826,10
2018,9,"Usage de stupéfiants (hors AFD)",89,Yonne,1254,3.716,11
2018,9,"Usage de stupéfiants (hors AFD)",74,Haute-Savoie,3028,3.708,12
2018,9,"Usage de stupéfiants (hors AFD)",73,Savoie,1560,3.597,13
2018,9,"Usage de stupéfiants (hors AFD)",94,Val-de-Marne,4990,3.572,14
2018,9,"Usage de stupéfiants (hors AFD)",91,Essonne,4488,3.461,15
2018,9,"Usage de stupéfiants (hors AFD)",90,"Territoire de Belfort",483,3.405,16
2018,9,"Usage de stupéfiants (hors AFD)",69,Rhône,6309,3.393,17
2018,9,"Usage de stupéfiants (hors AFD)",84,Vaucluse,1896,3.387,18
2018,9,"Usage de stupéfiants (hors AFD)",55,Meuse,610,3.291,19
2018,9,"Usage de stupéfiants (hors AFD)",26,Drôme,1673,3.250,20
2018,9,"Usage de stupéfiants (hors AFD)",06,Alpes-Maritimes,3374,3.106,21
2018,9,"Usage de stupéfiants (hors AFD)",80,Somme,1756,3.077,22
2018,9,"Usage de stupéfiants (hors AFD)",53,Mayenne,922,3.002,23
2018,9,"Usage de stupéfiants (hors AFD)",18,Cher,905,2.983,24
2018,9,"Usage de stupéfiants (hors AFD)",17,Charente-Maritime,1897,2.932,25
2018,9,"Usage de stupéfiants (hors AFD)",39,Jura,761,2.930,26
2018,9,"Usage de stupéfiants (hors AFD)",43,Haute-Loire,665,2.922,27
2018,9,"Usage de stupéfiants (hors AFD)",34,Hérault,3383,2.918,28
2018,9,"Usage de stupéfiants (hors AFD)",03,Allier,978,2.901,29
2018,9,"Usage de stupéfiants (hors AFD)",36,Indre,637,2.888,30
2018,9,"Usage de stupéfiants (hors AFD)",54,Meurthe-et-Moselle,2094,2.855,31
2018,9,"Usage de stupéfiants (hors AFD)",51,Marne,1613,2.842,32
2018,9,"Usage de stupéfiants (hors AFD)",88,Vosges,1036,2.830,33
2018,9,"Usage de stupéfiants (hors AFD)",19,Corrèze,674,2.802,34
2018,9,"Usage de stupéfiants (hors AFD)",13,Bouches-du-Rhône,5582,2.744,35
2018,9,"Usage de stupéfiants (hors AFD)",08,Ardennes,737,2.711,36
2018,9,"Usage de stupéfiants (hors AFD)",28,Eure-et-Loir,1159,2.683,37
2018,9,"Usage de stupéfiants (hors AFD)",29,Finistère,2400,2.632,38
2018,9,"Usage de stupéfiants (hors AFD)",46,Lot,454,2.610,39
2018,9,"Usage de stupéfiants (hors AFD)",42,Loire,1978,2.591,40
2018,9,"Usage de stupéfiants (hors AFD)",62,Pas-de-Calais,3779,2.576,41
2018,9,"Usage de stupéfiants (hors AFD)",10,Aube,797,2.571,42
2018,9,"Usage de stupéfiants (hors AFD)",14,Calvados,1754,2.527,43
2018,9,"Usage de stupéfiants (hors AFD)",45,Loiret,1715,2.526,44
2018,9,"Usage de stupéfiants (hors AFD)",21,Côte-d'Or,1343,2.519,45
2018,9,"Usage de stupéfiants (hors AFD)",86,Vienne,1089,2.489,46
2018,9,"Usage de stupéfiants (hors AFD)",92,Hauts-de-Seine,4004,2.473,47
2018,9,"Usage de stupéfiants (hors AFD)",25,Doubs,1326,2.449,48
2018,9,"Usage de stupéfiants (hors AFD)",07,Ardèche,761,2.330,49
2018,9,"Usage de stupéfiants (hors AFD)",38,Isère,2914,2.306,50
2018,9,"Usage de stupéfiants (hors AFD)",41,Loir-et-Cher,761,2.304,51
2018,9,"Usage de stupéfiants (hors AFD)",12,Aveyron,637,2.281,52
2018,9,"Usage de stupéfiants (hors AFD)",02,Aisne,1208,2.265,53
2018,9,"Usage de stupéfiants (hors AFD)",76,Seine-Maritime,2828,2.252,54
2018,9,"Usage de stupéfiants (hors AFD)",2A,Corse-du-Sud,353,2.236,55
2018,9,"Usage de stupéfiants (hors AFD)",23,Creuse,262,2.230,56
2018,9,"Usage de stupéfiants (hors AFD)",65,Hautes-Pyrénées,510,2.225,57
2018,9,"Usage de stupéfiants (hors AFD)",32,Gers,424,2.217,58
2018,9,"Usage de stupéfiants (hors AFD)",64,Pyrénées-Atlantiques,1476,2.171,59
2018,9,"Usage de stupéfiants (hors AFD)",61,Orne,611,2.170,60
2018,9,"Usage de stupéfiants (hors AFD)",44,Loire-Atlantique,3044,2.155,61
2018,9,"Usage de stupéfiants (hors AFD)",31,Haute-Garonne,2953,2.139,62
2018,9,"Usage de stupéfiants (hors AFD)",60,Oise,1758,2.125,63
2018,9,"Usage de stupéfiants (hors AFD)",27,Eure,1270,2.117,64
2018,9,"Usage de stupéfiants (hors AFD)",71,Saône-et-Loire,1167,2.113,65
2018,9,"Usage de stupéfiants (hors AFD)",57,Moselle,2190,2.099,66
2018,9,"Usage de stupéfiants (hors AFD)",33,Gironde,3301,2.061,67
2018,9,"Usage de stupéfiants (hors AFD)",40,Landes,829,2.020,68
2018,9,"Usage de stupéfiants (hors AFD)",11,Aude,734,1.969,69
2018,9,"Usage de stupéfiants (hors AFD)",15,Cantal,285,1.969,69
2018,9,"Usage de stupéfiants (hors AFD)",66,Pyrénées-Orientales,928,1.948,71
2018,9,"Usage de stupéfiants (hors AFD)",2B,Haute-Corse,350,1.937,72
2018,9,"Usage de stupéfiants (hors AFD)",72,Sarthe,1069,1.889,73
2018,9,"Usage de stupéfiants (hors AFD)",01,Ain,1198,1.850,74
2018,9,"Usage de stupéfiants (hors AFD)",35,Ille-et-Vilaine,1960,1.833,75
2018,9,"Usage de stupéfiants (hors AFD)",70,Haute-Saône,427,1.809,76
2018,9,"Usage de stupéfiants (hors AFD)",58,Nièvre,361,1.754,77
2018,9,"Usage de stupéfiants (hors AFD)",63,Puy-de-Dôme,1138,1.727,78
2018,9,"Usage de stupéfiants (hors AFD)",37,Indre-et-Loire,1045,1.719,79
2018,9,"Usage de stupéfiants (hors AFD)",50,Manche,852,1.718,80
2018,9,"Usage de stupéfiants (hors AFD)",68,Haut-Rhin,1313,1.716,81
2018,9,"Usage de stupéfiants (hors AFD)",67,Bas-Rhin,1926,1.699,82
2018,9,"Usage de stupéfiants (hors AFD)",16,Charente,593,1.686,83
2018,9,"Usage de stupéfiants (hors AFD)",56,Morbihan,1261,1.670,84
2018,9,"Usage de stupéfiants (hors AFD)",30,Gard,1235,1.657,85
2018,9,"Usage de stupéfiants (hors AFD)",09,Ariège,253,1.653,86
2018,9,"Usage de stupéfiants (hors AFD)",87,Haute-Vienne,610,1.635,87
2018,9,"Usage de stupéfiants (hors AFD)",22,Côtes-d'Armor,978,1.631,88
2018,9,"Usage de stupéfiants (hors AFD)",49,Maine-et-Loire,1317,1.614,89
2018,9,"Usage de stupéfiants (hors AFD)",85,Vendée,1028,1.512,90
2018,9,"Usage de stupéfiants (hors AFD)",48,Lozère,114,1.490,91
2018,9,"Usage de stupéfiants (hors AFD)",47,Lot-et-Garonne,489,1.473,92
2018,9,"Usage de stupéfiants (hors AFD)",81,Tarn,570,1.467,93
2018,9,"Usage de stupéfiants (hors AFD)",24,Dordogne,586,1.417,94
2018,9,"Usage de stupéfiants (hors AFD)",82,Tarn-et-Garonne,356,1.374,95
2018,9,"Usage de stupéfiants (hors AFD)",79,Deux-Sèvres,509,1.358,96
2018,10,"Violences physiques hors cadre familial",93,Seine-Saint-Denis,7425,4.548,1
2018,10,"Violences physiques hors cadre familial",75,Paris,9684,4.451,2
2018,10,"Violences physiques hors cadre familial",13,Bouches-du-Rhône,7302,3.589,3
2018,10,"Violences physiques hors cadre familial",69,Rhône,6606,3.553,4
2018,10,"Violences physiques hors cadre familial",59,Nord,9112,3.496,5
2018,10,"Violences physiques hors cadre familial",10,Aube,1081,3.487,6
2018,10,"Violences physiques hors cadre familial",34,Hérault,4026,3.473,7
2018,10,"Violences physiques hors cadre familial",66,Pyrénées-Orientales,1594,3.346,8
2018,10,"Violences physiques hors cadre familial",83,Var,3484,3.263,9
2018,10,"Violences physiques hors cadre familial",62,Pas-de-Calais,4707,3.209,10
2018,10,"Violences physiques hors cadre familial",89,Yonne,1061,3.144,11
2018,10,"Violences physiques hors cadre familial",80,Somme,1784,3.126,12
2018,10,"Violences physiques hors cadre familial",25,Doubs,1690,3.121,13
2018,10,"Violences physiques hors cadre familial",54,Meurthe-et-Moselle,2276,3.103,14
2018,10,"Violences physiques hors cadre familial",06,Alpes-Maritimes,3369,3.102,15
2018,10,"Violences physiques hors cadre familial",95,Val-d'Oise,3727,3.009,16
2018,10,"Violences physiques hors cadre familial",51,Marne,1700,2.996,17
2018,10,"Violences physiques hors cadre familial",90,"Territoire de Belfort",420,2.961,18
2018,10,"Violences physiques hors cadre familial",45,Loiret,2001,2.948,19
2018,10,"Violences physiques hors cadre familial",02,Aisne,1536,2.880,20
2018,10,"Violences physiques hors cadre familial",52,Haute-Marne,500,2.872,21
2018,10,"Violences physiques hors cadre familial",55,Meuse,530,2.859,22
2018,10,"Violences physiques hors cadre familial",38,Isère,3515,2.782,23
2018,10,"Violences physiques hors cadre familial",76,Seine-Maritime,3489,2.778,24
2018,10,"Violences physiques hors cadre familial",08,Ardennes,752,2.766,25
2018,10,"Violences physiques hors cadre familial",84,Vaucluse,1521,2.717,26
2018,10,"Violences physiques hors cadre familial",94,Val-de-Marne,3688,2.640,27
2018,10,"Violences physiques hors cadre familial",26,Drôme,1355,2.632,28
2018,10,"Violences physiques hors cadre familial",60,Oise,2177,2.632,28
2018,10,"Violences physiques hors cadre familial",68,Haut-Rhin,2012,2.630,30
2018,10,"Violences physiques hors cadre familial",91,Essonne,3406,2.627,31
2018,10,"Violences physiques hors cadre familial",30,Gard,1956,2.624,32
2018,10,"Violences physiques hors cadre familial",47,Lot-et-Garonne,871,2.624,32
2018,10,"Violences physiques hors cadre familial",77,Seine-et-Marne,3680,2.605,34
2018,10,"Violences physiques hors cadre familial",05,Hautes-Alpes,363,2.580,35
2018,10,"Violences physiques hors cadre familial",42,Loire,1960,2.567,36
2018,10,"Violences physiques hors cadre familial",67,Bas-Rhin,2910,2.567,36
2018,10,"Violences physiques hors cadre familial",31,Haute-Garonne,3527,2.555,38
2018,10,"Violences physiques hors cadre familial",11,Aude,936,2.511,39
2018,10,"Violences physiques hors cadre familial",73,Savoie,1086,2.504,40
2018,10,"Violences physiques hors cadre familial",33,Gironde,3999,2.496,41
2018,10,"Violences physiques hors cadre familial",27,Eure,1493,2.488,42
2018,10,"Violences physiques hors cadre familial",72,Sarthe,1402,2.477,43
2018,10,"Violences physiques hors cadre familial",70,Haute-Saône,583,2.470,44
2018,10,"Violences physiques hors cadre familial",28,Eure-et-Loir,1059,2.451,45
2018,10,"Violences physiques hors cadre familial",61,Orne,682,2.422,46
2018,10,"Violences physiques hors cadre familial",44,Loire-Atlantique,3418,2.420,47
2018,10,"Violences physiques hors cadre familial",82,Tarn-et-Garonne,623,2.404,48
2018,10,"Violences physiques hors cadre familial",14,Calvados,1607,2.315,49
2018,10,"Violences physiques hors cadre familial",09,Ariège,351,2.293,50
2018,10,"Violences physiques hors cadre familial",21,Côte-d'Or,1214,2.277,51
2018,10,"Violences physiques hors cadre familial",36,Indre,501,2.271,52
2018,10,"Violences physiques hors cadre familial",81,Tarn,877,2.257,53
2018,10,"Violences physiques hors cadre familial",78,Yvelines,3216,2.231,54
2018,10,"Violences physiques hors cadre familial",65,Hautes-Pyrénées,511,2.230,55
2018,10,"Violences physiques hors cadre familial",04,Alpes-de-Haute-Provence,365,2.225,56
2018,10,"Violences physiques hors cadre familial",57,Moselle,2311,2.215,57
2018,10,"Violences physiques hors cadre familial",92,Hauts-de-Seine,3569,2.204,58
2018,10,"Violences physiques hors cadre familial",2A,Corse-du-Sud,345,2.186,59
2018,10,"Violences physiques hors cadre familial",88,Vosges,798,2.180,60
2018,10,"Violences physiques hors cadre familial",29,Finistère,1978,2.169,61
2018,10,"Violences physiques hors cadre familial",2B,Haute-Corse,391,2.164,62
2018,10,"Violences physiques hors cadre familial",16,Charente,757,2.152,63
2018,10,"Violences physiques hors cadre familial",18,Cher,648,2.136,64
2018,10,"Violences physiques hors cadre familial",39,Jura,539,2.075,65
2018,10,"Violences physiques hors cadre familial",03,Allier,697,2.067,66
2018,10,"Violences physiques hors cadre familial",48,Lozère,156,2.039,67
2018,10,"Violences physiques hors cadre familial",74,Haute-Savoie,1659,2.031,68
2018,10,"Violences physiques hors cadre familial",17,Charente-Maritime,1313,2.030,69
2018,10,"Violences physiques hors cadre familial",41,Loir-et-Cher,669,2.026,70
2018,10,"Violences physiques hors cadre familial",37,Indre-et-Loire,1224,2.014,71
2018,10,"Violences physiques hors cadre familial",71,Saône-et-Loire,1110,2.010,72
2018,10,"Violences physiques hors cadre familial",35,Ille-et-Vilaine,2099,1.963,73
2018,10,"Violences physiques hors cadre familial",56,Morbihan,1466,1.942,74
2018,10,"Violences physiques hors cadre familial",19,Corrèze,467,1.941,75
2018,10,"Violences physiques hors cadre familial",63,Puy-de-Dôme,1253,1.901,76
2018,10,"Violences physiques hors cadre familial",58,Nièvre,385,1.870,77
2018,10,"Violences physiques hors cadre familial",40,Landes,763,1.859,78
2018,10,"Violences physiques hors cadre familial",86,Vienne,809,1.849,79
2018,10,"Violences physiques hors cadre familial",07,Ardèche,600,1.837,80
2018,10,"Violences physiques hors cadre familial",87,Haute-Vienne,678,1.817,81
2018,10,"Violences physiques hors cadre familial",64,Pyrénées-Atlantiques,1205,1.773,82
2018,10,"Violences physiques hors cadre familial",49,Maine-et-Loire,1430,1.753,83
2018,10,"Violences physiques hors cadre familial",01,Ain,1117,1.725,84
2018,10,"Violences physiques hors cadre familial",24,Dordogne,695,1.681,85
2018,10,"Violences physiques hors cadre familial",46,Lot,287,1.650,86
2018,10,"Violences physiques hors cadre familial",43,Haute-Loire,372,1.635,87
2018,10,"Violences physiques hors cadre familial",22,Côtes-d'Armor,951,1.586,88
2018,10,"Violences physiques hors cadre familial",50,Manche,776,1.565,89
2018,10,"Violences physiques hors cadre familial",85,Vendée,1038,1.526,90
2018,10,"Violences physiques hors cadre familial",53,Mayenne,464,1.511,91
2018,10,"Violences physiques hors cadre familial",23,Creuse,168,1.430,92
2018,10,"Violences physiques hors cadre familial",15,Cantal,193,1.333,93
2018,10,"Violences physiques hors cadre familial",79,Deux-Sèvres,482,1.286,94
2018,10,"Violences physiques hors cadre familial",32,Gers,244,1.276,95
2018,10,"Violences physiques hors cadre familial",12,Aveyron,345,1.235,96
2018,11,"Violences physiques intrafamiliales",93,Seine-Saint-Denis,5123,3.138,1
2018,11,"Violences physiques intrafamiliales",89,Yonne,935,2.770,2
2018,11,"Violences physiques intrafamiliales",62,Pas-de-Calais,3995,2.724,3
2018,11,"Violences physiques intrafamiliales",77,Seine-et-Marne,3645,2.581,4
2018,11,"Violences physiques intrafamiliales",80,Somme,1465,2.567,5
2018,11,"Violences physiques intrafamiliales",02,Aisne,1358,2.546,6
2018,11,"Violences physiques intrafamiliales",59,Nord,6534,2.507,7
2018,11,"Violences physiques intrafamiliales",94,Val-de-Marne,3214,2.301,8
2018,11,"Violences physiques intrafamiliales",13,Bouches-du-Rhône,4630,2.276,9
2018,11,"Violences physiques intrafamiliales",72,Sarthe,1281,2.263,10
2018,11,"Violences physiques intrafamiliales",06,Alpes-Maritimes,2452,2.257,11
2018,11,"Violences physiques intrafamiliales",10,Aube,697,2.248,12
2018,11,"Violences physiques intrafamiliales",91,Essonne,2885,2.225,13
2018,11,"Violences physiques intrafamiliales",45,Loiret,1501,2.211,14
2018,11,"Violences physiques intrafamiliales",51,Marne,1248,2.199,15
2018,11,"Violences physiques intrafamiliales",60,Oise,1809,2.187,16
2018,11,"Violences physiques intrafamiliales",95,Val-d'Oise,2660,2.148,17
2018,11,"Violences physiques intrafamiliales",69,Rhône,3754,2.019,18
2018,11,"Violences physiques intrafamiliales",25,Doubs,1092,2.017,19
2018,11,"Violences physiques intrafamiliales",27,Eure,1188,1.980,20
2018,11,"Violences physiques intrafamiliales",05,Hautes-Alpes,278,1.976,21
2018,11,"Violences physiques intrafamiliales",92,Hauts-de-Seine,3158,1.950,22
2018,11,"Violences physiques intrafamiliales",78,Yvelines,2810,1.949,23
2018,11,"Violences physiques intrafamiliales",83,Var,2077,1.945,24
2018,11,"Violences physiques intrafamiliales",11,Aude,722,1.937,25
2018,11,"Violences physiques intrafamiliales",66,Pyrénées-Orientales,921,1.933,26
2018,11,"Violences physiques intrafamiliales",09,Ariège,294,1.921,27
2018,11,"Violences physiques intrafamiliales",16,Charente,674,1.916,28
2018,11,"Violences physiques intrafamiliales",70,Haute-Saône,452,1.915,29
2018,11,"Violences physiques intrafamiliales",41,Loir-et-Cher,632,1.914,30
2018,11,"Violences physiques intrafamiliales",68,Haut-Rhin,1463,1.912,31
2018,11,"Violences physiques intrafamiliales",54,Meurthe-et-Moselle,1401,1.910,32
2018,11,"Violences physiques intrafamiliales",28,Eure-et-Loir,821,1.900,33
2018,11,"Violences physiques intrafamiliales",08,Ardennes,516,1.898,34
2018,11,"Violences physiques intrafamiliales",61,Orne,522,1.854,35
2018,11,"Violences physiques intrafamiliales",31,Haute-Garonne,2545,1.843,36
2018,11,"Violences physiques intrafamiliales",04,Alpes-de-Haute-Provence,302,1.841,37
2018,11,"Violences physiques intrafamiliales",67,Bas-Rhin,2080,1.835,38
2018,11,"Violences physiques intrafamiliales",30,Gard,1364,1.830,39
2018,11,"Violences physiques intrafamiliales",90,"Territoire de Belfort",259,1.826,40
2018,11,"Violences physiques intrafamiliales",84,Vaucluse,1020,1.822,41
2018,11,"Violences physiques intrafamiliales",47,Lot-et-Garonne,599,1.804,42
2018,11,"Violences physiques intrafamiliales",76,Seine-Maritime,2249,1.791,43
2018,11,"Violences physiques intrafamiliales",38,Isère,2241,1.774,44
2018,11,"Violences physiques intrafamiliales",03,Allier,592,1.756,45
2018,11,"Violences physiques intrafamiliales",52,Haute-Marne,305,1.752,46
2018,11,"Violences physiques intrafamiliales",55,Meuse,324,1.748,47
2018,11,"Violences physiques intrafamiliales",82,Tarn-et-Garonne,449,1.733,48
2018,11,"Violences physiques intrafamiliales",34,Hérault,1992,1.718,49
2018,11,"Violences physiques intrafamiliales",32,Gers,326,1.704,50
2018,11,"Violences physiques intrafamiliales",33,Gironde,2722,1.699,51
2018,11,"Violences physiques intrafamiliales",44,Loire-Atlantique,2395,1.696,52
2018,11,"Violences physiques intrafamiliales",53,Mayenne,512,1.667,53
2018,11,"Violences physiques intrafamiliales",18,Cher,505,1.664,54
2018,11,"Violences physiques intrafamiliales",26,Drôme,856,1.663,55
2018,11,"Violences physiques intrafamiliales",14,Calvados,1131,1.630,56
2018,11,"Violences physiques intrafamiliales",65,Hautes-Pyrénées,372,1.623,57
2018,11,"Violences physiques intrafamiliales",75,Paris,3523,1.619,58
2018,11,"Violences physiques intrafamiliales",57,Moselle,1677,1.607,59
2018,11,"Violences physiques intrafamiliales",73,Savoie,675,1.556,60
2018,11,"Violences physiques intrafamiliales",86,Vienne,679,1.552,61
2018,11,"Violences physiques intrafamiliales",37,Indre-et-Loire,941,1.548,62
2018,11,"Violences physiques intrafamiliales",56,Morbihan,1161,1.538,63
2018,11,"Violences physiques intrafamiliales",17,Charente-Maritime,991,1.532,64
2018,11,"Violences physiques intrafamiliales",50,Manche,760,1.532,64
2018,11,"Violences physiques intrafamiliales",42,Loire,1166,1.527,66
2018,11,"Violences physiques intrafamiliales",2A,Corse-du-Sud,240,1.520,67
2018,11,"Violences physiques intrafamiliales",21,Côte-d'Or,807,1.513,68
2018,11,"Violences physiques intrafamiliales",39,Jura,391,1.505,69
2018,11,"Violences physiques intrafamiliales",36,Indre,329,1.491,70
2018,11,"Violences physiques intrafamiliales",49,Maine-et-Loire,1214,1.488,71
2018,11,"Violences physiques intrafamiliales",71,Saône-et-Loire,809,1.465,72
2018,11,"Violences physiques intrafamiliales",19,Corrèze,350,1.455,73
2018,11,"Violences physiques intrafamiliales",40,Landes,596,1.452,74
2018,11,"Violences physiques intrafamiliales",29,Finistère,1318,1.446,75
2018,11,"Violences physiques intrafamiliales",74,Haute-Savoie,1180,1.445,76
2018,11,"Violences physiques intrafamiliales",85,Vendée,981,1.443,77
2018,11,"Violences physiques intrafamiliales",88,Vosges,526,1.437,78
2018,11,"Violences physiques intrafamiliales",35,Ille-et-Vilaine,1530,1.431,79
2018,11,"Violences physiques intrafamiliales",22,Côtes-d'Armor,854,1.424,80
2018,11,"Violences physiques intrafamiliales",23,Creuse,167,1.421,81
2018,11,"Violences physiques intrafamiliales",87,Haute-Vienne,528,1.415,82
2018,11,"Violences physiques intrafamiliales",15,Cantal,204,1.409,83
2018,11,"Violences physiques intrafamiliales",24,Dordogne,580,1.403,84
2018,11,"Violences physiques intrafamiliales",12,Aveyron,391,1.400,85
2018,11,"Violences physiques intrafamiliales",58,Nièvre,288,1.399,86
2018,11,"Violences physiques intrafamiliales",01,Ain,900,1.390,87
2018,11,"Violences physiques intrafamiliales",81,Tarn,534,1.374,88
2018,11,"Violences physiques intrafamiliales",43,Haute-Loire,305,1.340,89
2018,11,"Violences physiques intrafamiliales",79,Deux-Sèvres,498,1.329,90
2018,11,"Violences physiques intrafamiliales",64,Pyrénées-Atlantiques,860,1.265,91
2018,11,"Violences physiques intrafamiliales",63,Puy-de-Dôme,825,1.252,92
2018,11,"Violences physiques intrafamiliales",07,Ardèche,408,1.249,93
2018,11,"Violences physiques intrafamiliales",48,Lozère,95,1.242,94
2018,11,"Violences physiques intrafamiliales",46,Lot,214,1.230,95
2018,11,"Violences physiques intrafamiliales",2B,Haute-Corse,214,1.184,96
2018,12,"Violences sexuelles",75,Paris,3654,1.680,1
2018,12,"Violences sexuelles",72,Sarthe,809,1.429,2
2018,12,"Violences sexuelles",89,Yonne,453,1.342,3
2018,12,"Violences sexuelles",62,Pas-de-Calais,1936,1.320,4
2018,12,"Violences sexuelles",15,Cantal,186,1.285,5
2018,12,"Violences sexuelles",93,Seine-Saint-Denis,2076,1.272,6
2018,12,"Violences sexuelles",80,Somme,704,1.234,7
2018,12,"Violences sexuelles",10,Aube,379,1.223,8
2018,12,"Violences sexuelles",59,Nord,3127,1.200,9
2018,12,"Violences sexuelles",02,Aisne,622,1.166,10
2018,12,"Violences sexuelles",61,Orne,328,1.165,11
2018,12,"Violences sexuelles",52,Haute-Marne,201,1.155,12
2018,12,"Violences sexuelles",50,Manche,562,1.133,13
2018,12,"Violences sexuelles",05,Hautes-Alpes,159,1.130,14
2018,12,"Violences sexuelles",27,Eure,669,1.115,15
2018,12,"Violences sexuelles",14,Calvados,773,1.114,16
2018,12,"Violences sexuelles",16,Charente,388,1.103,17
2018,12,"Violences sexuelles",08,Ardennes,299,1.100,18
2018,12,"Violences sexuelles",41,Loir-et-Cher,358,1.084,19
2018,12,"Violences sexuelles",45,Loiret,720,1.061,20
2018,12,"Violences sexuelles",60,Oise,877,1.060,21
2018,12,"Violences sexuelles",53,Mayenne,325,1.058,22
2018,12,"Violences sexuelles",09,Ariège,159,1.039,23
2018,12,"Violences sexuelles",34,Hérault,1203,1.038,24
2018,12,"Violences sexuelles",70,Haute-Saône,244,1.034,25
2018,12,"Violences sexuelles",28,Eure-et-Loir,446,1.032,26
2018,12,"Violences sexuelles",33,Gironde,1651,1.031,27
2018,12,"Violences sexuelles",46,Lot,179,1.029,28
2018,12,"Violences sexuelles",90,"Territoire de Belfort",146,1.029,28
2018,12,"Violences sexuelles",88,Vosges,376,1.027,30
2018,12,"Violences sexuelles",49,Maine-et-Loire,836,1.025,31
2018,12,"Violences sexuelles",76,Seine-Maritime,1285,1.023,32
2018,12,"Violences sexuelles",04,Alpes-de-Haute-Provence,167,1.018,33
2018,12,"Violences sexuelles",44,Loire-Atlantique,1431,1.013,34
2018,12,"Violences sexuelles",54,Meurthe-et-Moselle,743,1.013,34
2018,12,"Violences sexuelles",18,Cher,305,1.005,36
2018,12,"Violences sexuelles",40,Landes,410,0.999,37
2018,12,"Violences sexuelles",39,Jura,259,0.997,38
2018,12,"Violences sexuelles",86,Vienne,435,0.994,39
2018,12,"Violences sexuelles",82,Tarn-et-Garonne,255,0.984,40
2018,12,"Violences sexuelles",21,Côte-d'Or,524,0.983,41
2018,12,"Violences sexuelles",55,Meuse,182,0.982,42
2018,12,"Violences sexuelles",37,Indre-et-Loire,596,0.981,43
2018,12,"Violences sexuelles",77,Seine-et-Marne,1385,0.981,43
2018,12,"Violences sexuelles",17,Charente-Maritime,634,0.980,45
2018,12,"Violences sexuelles",03,Allier,329,0.976,46
2018,12,"Violences sexuelles",69,Rhône,1814,0.976,46
2018,12,"Violences sexuelles",51,Marne,553,0.975,48
2018,12,"Violences sexuelles",95,Val-d'Oise,1199,0.968,49
2018,12,"Violences sexuelles",35,Ille-et-Vilaine,1033,0.966,50
2018,12,"Violences sexuelles",13,Bouches-du-Rhône,1957,0.962,51
2018,12,"Violences sexuelles",25,Doubs,521,0.962,51
2018,12,"Violences sexuelles",11,Aude,357,0.958,53
2018,12,"Violences sexuelles",58,Nièvre,197,0.957,54
2018,12,"Violences sexuelles",47,Lot-et-Garonne,316,0.952,55
2018,12,"Violences sexuelles",31,Haute-Garonne,1292,0.936,56
2018,12,"Violences sexuelles",26,Drôme,479,0.931,57
2018,12,"Violences sexuelles",38,Isère,1175,0.930,58
2018,12,"Violences sexuelles",81,Tarn,361,0.929,59
2018,12,"Violences sexuelles",85,Vendée,626,0.921,60
2018,12,"Violences sexuelles",94,Val-de-Marne,1287,0.921,60
2018,12,"Violences sexuelles",84,Vaucluse,513,0.916,62
2018,12,"Violences sexuelles",66,Pyrénées-Orientales,436,0.915,63
2018,12,"Violences sexuelles",73,Savoie,394,0.908,64
2018,12,"Violences sexuelles",32,Gers,173,0.904,65
2018,12,"Violences sexuelles",22,Côtes-d'Armor,536,0.894,66
2018,12,"Violences sexuelles",23,Creuse,105,0.894,66
2018,12,"Violences sexuelles",67,Bas-Rhin,1008,0.889,68
2018,12,"Violences sexuelles",79,Deux-Sèvres,331,0.883,69
2018,12,"Violences sexuelles",56,Morbihan,664,0.880,70
2018,12,"Violences sexuelles",48,Lozère,67,0.876,71
2018,12,"Violences sexuelles",68,Haut-Rhin,669,0.875,72
2018,12,"Violences sexuelles",91,Essonne,1123,0.866,73
2018,12,"Violences sexuelles",29,Finistère,786,0.862,74
2018,12,"Violences sexuelles",87,Haute-Vienne,321,0.860,75
2018,12,"Violences sexuelles",83,Var,912,0.854,76
2018,12,"Violences sexuelles",78,Yvelines,1230,0.853,77
2018,12,"Violences sexuelles",36,Indre,187,0.848,78
2018,12,"Violences sexuelles",24,Dordogne,350,0.847,79
2018,12,"Violences sexuelles",71,Saône-et-Loire,464,0.840,80
2018,12,"Violences sexuelles",65,Hautes-Pyrénées,192,0.838,81
2018,12,"Violences sexuelles",01,Ain,531,0.820,82
2018,12,"Violences sexuelles",57,Moselle,845,0.810,83
2018,12,"Violences sexuelles",19,Corrèze,193,0.802,84
2018,12,"Violences sexuelles",30,Gard,598,0.802,84
2018,12,"Violences sexuelles",92,Hauts-de-Seine,1289,0.796,86
2018,12,"Violences sexuelles",06,Alpes-Maritimes,859,0.791,87
2018,12,"Violences sexuelles",74,Haute-Savoie,639,0.782,88
2018,12,"Violences sexuelles",2A,Corse-du-Sud,123,0.779,89
2018,12,"Violences sexuelles",43,Haute-Loire,175,0.769,90
2018,12,"Violences sexuelles",63,Puy-de-Dôme,495,0.751,91
2018,12,"Violences sexuelles",07,Ardèche,243,0.744,92
2018,12,"Violences sexuelles",64,Pyrénées-Atlantiques,496,0.730,93
2018,12,"Violences sexuelles",12,Aveyron,201,0.720,94
2018,12,"Violences sexuelles",42,Loire,539,0.706,95
2018,12,"Violences sexuelles",2B,Haute-Corse,110,0.609,96
2018,13,"Vols avec armes",93,Seine-Saint-Denis,636,0.390,1
2018,13,"Vols avec armes",13,Bouches-du-Rhône,784,0.385,2
2018,13,"Vols avec armes",75,Paris,759,0.349,3
2018,13,"Vols avec armes",69,Rhône,366,0.197,4
2018,13,"Vols avec armes",34,Hérault,216,0.186,5
2018,13,"Vols avec armes",95,Val-d'Oise,230,0.186,5
2018,13,"Vols avec armes",94,Val-de-Marne,258,0.185,7
2018,13,"Vols avec armes",38,Isère,183,0.145,8
2018,13,"Vols avec armes",59,Nord,378,0.145,8
2018,13,"Vols avec armes",77,Seine-et-Marne,199,0.141,10
2018,13,"Vols avec armes",44,Loire-Atlantique,190,0.135,11
2018,13,"Vols avec armes",60,Oise,108,0.131,12
2018,13,"Vols avec armes",66,Pyrénées-Orientales,60,0.126,13
2018,13,"Vols avec armes",25,Doubs,66,0.122,14
2018,13,"Vols avec armes",91,Essonne,157,0.121,15
2018,13,"Vols avec armes",72,Sarthe,68,0.120,16
2018,13,"Vols avec armes",31,Haute-Garonne,159,0.115,17
2018,13,"Vols avec armes",92,Hauts-de-Seine,185,0.114,18
2018,13,"Vols avec armes",83,Var,110,0.103,19
2018,13,"Vols avec armes",33,Gironde,161,0.101,20
2018,13,"Vols avec armes",04,Alpes-de-Haute-Provence,16,0.098,21
2018,13,"Vols avec armes",76,Seine-Maritime,121,0.096,22
2018,13,"Vols avec armes",06,Alpes-Maritimes,100,0.092,23
2018,13,"Vols avec armes",2A,Corse-du-Sud,14,0.089,24
2018,13,"Vols avec armes",26,Drôme,44,0.085,25
2018,13,"Vols avec armes",37,Indre-et-Loire,50,0.082,26
2018,13,"Vols avec armes",62,Pas-de-Calais,116,0.079,27
2018,13,"Vols avec armes",74,Haute-Savoie,64,0.078,28
2018,13,"Vols avec armes",42,Loire,58,0.076,29
2018,13,"Vols avec armes",30,Gard,56,0.075,30
2018,13,"Vols avec armes",51,Marne,42,0.074,31
2018,13,"Vols avec armes",11,Aude,27,0.072,32
2018,13,"Vols avec armes",02,Aisne,38,0.071,33
2018,13,"Vols avec armes",10,Aube,22,0.071,33
2018,13,"Vols avec armes",89,Yonne,24,0.071,33
2018,13,"Vols avec armes",21,Côte-d'Or,37,0.069,36
2018,13,"Vols avec armes",35,Ille-et-Vilaine,74,0.069,36
2018,13,"Vols avec armes",45,Loiret,47,0.069,36
2018,13,"Vols avec armes",67,Bas-Rhin,77,0.068,39
2018,13,"Vols avec armes",47,Lot-et-Garonne,22,0.066,40
2018,13,"Vols avec armes",84,Vaucluse,37,0.066,40
2018,13,"Vols avec armes",78,Yvelines,94,0.065,42
2018,13,"Vols avec armes",80,Somme,37,0.065,42
2018,13,"Vols avec armes",87,Haute-Vienne,24,0.064,44
2018,13,"Vols avec armes",52,Haute-Marne,11,0.063,45
2018,13,"Vols avec armes",86,Vienne,27,0.062,46
2018,13,"Vols avec armes",63,Puy-de-Dôme,40,0.061,47
2018,13,"Vols avec armes",57,Moselle,62,0.059,48
2018,13,"Vols avec armes",64,Pyrénées-Atlantiques,40,0.059,48
2018,13,"Vols avec armes",65,Hautes-Pyrénées,13,0.057,50
2018,13,"Vols avec armes",90,"Territoire de Belfort",8,0.056,51
2018,13,"Vols avec armes",73,Savoie,24,0.055,52
2018,13,"Vols avec armes",17,Charente-Maritime,35,0.054,53
2018,13,"Vols avec armes",55,Meuse,10,0.054,53
2018,13,"Vols avec armes",71,Saône-et-Loire,30,0.054,53
2018,13,"Vols avec armes",27,Eure,32,0.053,56
2018,13,"Vols avec armes",14,Calvados,36,0.052,57
2018,13,"Vols avec armes",08,Ardennes,14,0.051,58
2018,13,"Vols avec armes",16,Charente,18,0.051,58
2018,13,"Vols avec armes",28,Eure-et-Loir,22,0.051,58
2018,13,"Vols avec armes",07,Ardèche,16,0.049,61
2018,13,"Vols avec armes",54,Meurthe-et-Moselle,36,0.049,61
2018,13,"Vols avec armes",41,Loir-et-Cher,16,0.048,63
2018,13,"Vols avec armes",70,Haute-Saône,11,0.047,64
2018,13,"Vols avec armes",01,Ain,30,0.046,65
2018,13,"Vols avec armes",18,Cher,14,0.046,65
2018,13,"Vols avec armes",68,Haut-Rhin,35,0.046,65
2018,13,"Vols avec armes",82,Tarn-et-Garonne,12,0.046,65
2018,13,"Vols avec armes",88,Vosges,17,0.046,65
2018,13,"Vols avec armes",46,Lot,7,0.040,70
2018,13,"Vols avec armes",03,Allier,13,0.039,71
2018,13,"Vols avec armes",09,Ariège,6,0.039,71
2018,13,"Vols avec armes",81,Tarn,15,0.039,71
2018,13,"Vols avec armes",29,Finistère,34,0.037,74
2018,13,"Vols avec armes",56,Morbihan,28,0.037,74
2018,13,"Vols avec armes",61,Orne,10,0.036,76
2018,13,"Vols avec armes",58,Nièvre,7,0.034,77
2018,13,"Vols avec armes",19,Corrèze,8,0.033,78
2018,13,"Vols avec armes",22,Côtes-d'Armor,20,0.033,78
2018,13,"Vols avec armes",49,Maine-et-Loire,27,0.033,78
2018,13,"Vols avec armes",53,Mayenne,10,0.033,78
2018,13,"Vols avec armes",85,Vendée,22,0.032,82
2018,13,"Vols avec armes",12,Aveyron,8,0.029,83
2018,13,"Vols avec armes",79,Deux-Sèvres,11,0.029,83
2018,13,"Vols avec armes",32,Gers,5,0.026,85
2018,13,"Vols avec armes",24,Dordogne,10,0.024,86
2018,13,"Vols avec armes",2B,Haute-Corse,4,0.022,87
2018,13,"Vols avec armes",43,Haute-Loire,5,0.022,87
2018,13,"Vols avec armes",50,Manche,11,0.022,87
2018,13,"Vols avec armes",36,Indre,4,0.018,90
2018,13,"Vols avec armes",23,Creuse,2,0.017,91
2018,13,"Vols avec armes",40,Landes,7,0.017,91
2018,13,"Vols avec armes",05,Hautes-Alpes,2,0.014,93
2018,13,"Vols avec armes",15,Cantal,2,0.014,93
2018,13,"Vols avec armes",48,Lozère,1,0.013,95
2018,13,"Vols avec armes",39,Jura,2,0.008,96
2018,14,"Vols d'accessoires sur véhicules",13,Bouches-du-Rhône,5945,2.922,1
2018,14,"Vols d'accessoires sur véhicules",44,Loire-Atlantique,3501,2.479,2
2018,14,"Vols d'accessoires sur véhicules",60,Oise,1946,2.353,3
2018,14,"Vols d'accessoires sur véhicules",52,Haute-Marne,402,2.309,4
2018,14,"Vols d'accessoires sur véhicules",93,Seine-Saint-Denis,3765,2.306,5
2018,14,"Vols d'accessoires sur véhicules",95,Val-d'Oise,2690,2.172,6
2018,14,"Vols d'accessoires sur véhicules",69,Rhône,3684,1.981,7
2018,14,"Vols d'accessoires sur véhicules",66,Pyrénées-Orientales,941,1.975,8
2018,14,"Vols d'accessoires sur véhicules",77,Seine-et-Marne,2741,1.941,9
2018,14,"Vols d'accessoires sur véhicules",30,Gard,1397,1.874,10
2018,14,"Vols d'accessoires sur véhicules",59,Nord,4879,1.872,11
2018,14,"Vols d'accessoires sur véhicules",51,Marne,1040,1.833,12
2018,14,"Vols d'accessoires sur véhicules",80,Somme,1031,1.807,13
2018,14,"Vols d'accessoires sur véhicules",17,Charente-Maritime,1153,1.782,14
2018,14,"Vols d'accessoires sur véhicules",91,Essonne,2309,1.781,15
2018,14,"Vols d'accessoires sur véhicules",26,Drôme,913,1.774,16
2018,14,"Vols d'accessoires sur véhicules",37,Indre-et-Loire,1032,1.698,17
2018,14,"Vols d'accessoires sur véhicules",33,Gironde,2689,1.679,18
2018,14,"Vols d'accessoires sur véhicules",94,Val-de-Marne,2333,1.670,19
2018,14,"Vols d'accessoires sur véhicules",78,Yvelines,2400,1.665,20
2018,14,"Vols d'accessoires sur véhicules",89,Yonne,562,1.665,20
2018,14,"Vols d'accessoires sur véhicules",02,Aisne,861,1.614,22
2018,14,"Vols d'accessoires sur véhicules",38,Isère,1973,1.561,23
2018,14,"Vols d'accessoires sur véhicules",34,Hérault,1796,1.549,24
2018,14,"Vols d'accessoires sur véhicules",76,Seine-Maritime,1933,1.539,25
2018,14,"Vols d'accessoires sur véhicules",45,Loiret,1033,1.522,26
2018,14,"Vols d'accessoires sur véhicules",31,Haute-Garonne,2072,1.501,27
2018,14,"Vols d'accessoires sur véhicules",56,Morbihan,1127,1.493,28
2018,14,"Vols d'accessoires sur véhicules",86,Vienne,648,1.481,29
2018,14,"Vols d'accessoires sur véhicules",18,Cher,446,1.470,30
2018,14,"Vols d'accessoires sur véhicules",49,Maine-et-Loire,1189,1.457,31
2018,14,"Vols d'accessoires sur véhicules",11,Aude,519,1.392,32
2018,14,"Vols d'accessoires sur véhicules",55,Meuse,258,1.392,32
2018,14,"Vols d'accessoires sur véhicules",27,Eure,822,1.370,34
2018,14,"Vols d'accessoires sur véhicules",58,Nièvre,282,1.370,34
2018,14,"Vols d'accessoires sur véhicules",46,Lot,238,1.368,36
2018,14,"Vols d'accessoires sur véhicules",61,Orne,380,1.349,37
2018,14,"Vols d'accessoires sur véhicules",36,Indre,293,1.328,38
2018,14,"Vols d'accessoires sur véhicules",88,Vosges,476,1.300,39
2018,14,"Vols d'accessoires sur véhicules",83,Var,1380,1.293,40
2018,14,"Vols d'accessoires sur véhicules",01,Ain,835,1.289,41
2018,14,"Vols d'accessoires sur véhicules",08,Ardennes,343,1.262,42
2018,14,"Vols d'accessoires sur véhicules",62,Pas-de-Calais,1847,1.259,43
2018,14,"Vols d'accessoires sur véhicules",41,Loir-et-Cher,415,1.257,44
2018,14,"Vols d'accessoires sur véhicules",54,Meurthe-et-Moselle,916,1.249,45
2018,14,"Vols d'accessoires sur véhicules",84,Vaucluse,698,1.247,46
2018,14,"Vols d'accessoires sur véhicules",06,Alpes-Maritimes,1343,1.236,47
2018,14,"Vols d'accessoires sur véhicules",2A,Corse-du-Sud,194,1.229,48
2018,14,"Vols d'accessoires sur véhicules",42,Loire,935,1.225,49
2018,14,"Vols d'accessoires sur véhicules",16,Charente,428,1.217,50
2018,14,"Vols d'accessoires sur véhicules",28,Eure-et-Loir,520,1.204,51
2018,14,"Vols d'accessoires sur véhicules",21,Côte-d'Or,639,1.198,52
2018,14,"Vols d'accessoires sur véhicules",10,Aube,367,1.184,53
2018,14,"Vols d'accessoires sur véhicules",71,Saône-et-Loire,653,1.183,54
2018,14,"Vols d'accessoires sur véhicules",35,Ille-et-Vilaine,1250,1.169,55
2018,14,"Vols d'accessoires sur véhicules",72,Sarthe,661,1.168,56
2018,14,"Vols d'accessoires sur véhicules",79,Deux-Sèvres,434,1.158,57
2018,14,"Vols d'accessoires sur véhicules",92,Hauts-de-Seine,1828,1.129,58
2018,14,"Vols d'accessoires sur véhicules",39,Jura,287,1.105,59
2018,14,"Vols d'accessoires sur véhicules",87,Haute-Vienne,406,1.088,60
2018,14,"Vols d'accessoires sur véhicules",63,Puy-de-Dôme,698,1.059,61
2018,14,"Vols d'accessoires sur véhicules",85,Vendée,718,1.056,62
2018,14,"Vols d'accessoires sur véhicules",40,Landes,429,1.045,63
2018,14,"Vols d'accessoires sur véhicules",04,Alpes-de-Haute-Provence,171,1.042,64
2018,14,"Vols d'accessoires sur véhicules",07,Ardèche,340,1.041,65
2018,14,"Vols d'accessoires sur véhicules",57,Moselle,1082,1.037,66
2018,14,"Vols d'accessoires sur véhicules",2B,Haute-Corse,182,1.007,67
2018,14,"Vols d'accessoires sur véhicules",75,Paris,2156,0.991,68
2018,14,"Vols d'accessoires sur véhicules",29,Finistère,899,0.986,69
2018,14,"Vols d'accessoires sur véhicules",65,Hautes-Pyrénées,223,0.973,70
2018,14,"Vols d'accessoires sur véhicules",14,Calvados,665,0.958,71
2018,14,"Vols d'accessoires sur véhicules",03,Allier,312,0.925,72
2018,14,"Vols d'accessoires sur véhicules",73,Savoie,397,0.915,73
2018,14,"Vols d'accessoires sur véhicules",09,Ariège,136,0.889,74
2018,14,"Vols d'accessoires sur véhicules",47,Lot-et-Garonne,290,0.874,75
2018,14,"Vols d'accessoires sur véhicules",25,Doubs,468,0.864,76
2018,14,"Vols d'accessoires sur véhicules",82,Tarn-et-Garonne,224,0.864,76
2018,14,"Vols d'accessoires sur véhicules",22,Côtes-d'Armor,516,0.861,78
2018,14,"Vols d'accessoires sur véhicules",81,Tarn,314,0.808,79
2018,14,"Vols d'accessoires sur véhicules",50,Manche,396,0.798,80
2018,14,"Vols d'accessoires sur véhicules",64,Pyrénées-Atlantiques,537,0.790,81
2018,14,"Vols d'accessoires sur véhicules",48,Lozère,60,0.784,82
2018,14,"Vols d'accessoires sur véhicules",53,Mayenne,239,0.778,83
2018,14,"Vols d'accessoires sur véhicules",24,Dordogne,316,0.764,84
2018,14,"Vols d'accessoires sur véhicules",32,Gers,142,0.742,85
2018,14,"Vols d'accessoires sur véhicules",23,Creuse,86,0.732,86
2018,14,"Vols d'accessoires sur véhicules",05,Hautes-Alpes,102,0.725,87
2018,14,"Vols d'accessoires sur véhicules",19,Corrèze,165,0.686,88
2018,14,"Vols d'accessoires sur véhicules",15,Cantal,99,0.684,89
2018,14,"Vols d'accessoires sur véhicules",74,Haute-Savoie,554,0.678,90
2018,14,"Vols d'accessoires sur véhicules",70,Haute-Saône,157,0.665,91
2018,14,"Vols d'accessoires sur véhicules",90,"Territoire de Belfort",79,0.557,92
2018,14,"Vols d'accessoires sur véhicules",43,Haute-Loire,117,0.514,93
2018,14,"Vols d'accessoires sur véhicules",12,Aveyron,139,0.498,94
2018,14,"Vols d'accessoires sur véhicules",67,Bas-Rhin,531,0.468,95
2018,14,"Vols d'accessoires sur véhicules",68,Haut-Rhin,316,0.413,96
2018,15,"Vols dans les véhicules",44,Loire-Atlantique,12776,9.045,1
2018,15,"Vols dans les véhicules",31,Haute-Garonne,12432,9.004,2
2018,15,"Vols dans les véhicules",69,Rhône,16254,8.741,3
2018,15,"Vols dans les véhicules",75,Paris,17199,7.905,4
2018,15,"Vols dans les véhicules",13,Bouches-du-Rhône,14966,7.357,5
2018,15,"Vols dans les véhicules",93,Seine-Saint-Denis,11219,6.872,6
2018,15,"Vols dans les véhicules",66,Pyrénées-Orientales,2992,6.281,7
2018,15,"Vols dans les véhicules",33,Gironde,9832,6.138,8
2018,15,"Vols dans les véhicules",38,Isère,7201,5.699,9
2018,15,"Vols dans les véhicules",59,Nord,14822,5.687,10
2018,15,"Vols dans les véhicules",34,Hérault,6497,5.605,11
2018,15,"Vols dans les véhicules",30,Gard,3845,5.158,12
2018,15,"Vols dans les véhicules",95,Val-d'Oise,5992,4.838,13
2018,15,"Vols dans les véhicules",11,Aude,1754,4.705,14
2018,15,"Vols dans les véhicules",72,Sarthe,2524,4.460,15
2018,15,"Vols dans les véhicules",76,Seine-Maritime,5575,4.439,16
2018,15,"Vols dans les véhicules",63,Puy-de-Dôme,2865,4.347,17
2018,15,"Vols dans les véhicules",84,Vaucluse,2312,4.130,18
2018,15,"Vols dans les véhicules",77,Seine-et-Marne,5514,3.904,19
2018,15,"Vols dans les véhicules",04,Alpes-de-Haute-Provence,640,3.901,20
2018,15,"Vols dans les véhicules",94,Val-de-Marne,5416,3.877,21
2018,15,"Vols dans les véhicules",26,Drôme,1995,3.876,22
2018,15,"Vols dans les véhicules",06,Alpes-Maritimes,4173,3.842,23
2018,15,"Vols dans les véhicules",91,Essonne,4504,3.474,24
2018,15,"Vols dans les véhicules",60,Oise,2824,3.414,25
2018,15,"Vols dans les véhicules",83,Var,3644,3.413,26
2018,15,"Vols dans les véhicules",02,Aisne,1818,3.409,27
2018,15,"Vols dans les véhicules",92,Hauts-de-Seine,5296,3.271,28
2018,15,"Vols dans les véhicules",37,Indre-et-Loire,1979,3.256,29
2018,15,"Vols dans les véhicules",64,Pyrénées-Atlantiques,2201,3.238,30
2018,15,"Vols dans les véhicules",51,Marne,1830,3.225,31
2018,15,"Vols dans les véhicules",35,Ille-et-Vilaine,3426,3.204,32
2018,15,"Vols dans les véhicules",16,Charente,1098,3.121,33
2018,15,"Vols dans les véhicules",42,Loire,2284,2.992,34
2018,15,"Vols dans les véhicules",80,Somme,1700,2.979,35
2018,15,"Vols dans les véhicules",45,Loiret,2003,2.951,36
2018,15,"Vols dans les véhicules",62,Pas-de-Calais,4212,2.872,37
2018,15,"Vols dans les véhicules",40,Landes,1176,2.866,38
2018,15,"Vols dans les véhicules",17,Charente-Maritime,1847,2.855,39
2018,15,"Vols dans les véhicules",74,Haute-Savoie,2218,2.716,40
2018,15,"Vols dans les véhicules",73,Savoie,1164,2.684,41
2018,15,"Vols dans les véhicules",39,Jura,691,2.660,42
2018,15,"Vols dans les véhicules",14,Calvados,1830,2.637,43
2018,15,"Vols dans les véhicules",81,Tarn,1020,2.625,44
2018,15,"Vols dans les véhicules",21,Côte-d'Or,1343,2.519,45
2018,15,"Vols dans les véhicules",01,Ain,1622,2.505,46
2018,15,"Vols dans les véhicules",52,Haute-Marne,434,2.493,47
2018,15,"Vols dans les véhicules",57,Moselle,2557,2.450,48
2018,15,"Vols dans les véhicules",78,Yvelines,3531,2.450,48
2018,15,"Vols dans les véhicules",47,Lot-et-Garonne,809,2.437,50
2018,15,"Vols dans les véhicules",88,Vosges,862,2.354,51
2018,15,"Vols dans les véhicules",49,Maine-et-Loire,1907,2.337,52
2018,15,"Vols dans les véhicules",41,Loir-et-Cher,762,2.307,53
2018,15,"Vols dans les véhicules",87,Haute-Vienne,850,2.278,54
2018,15,"Vols dans les véhicules",29,Finistère,2068,2.268,55
2018,15,"Vols dans les véhicules",07,Ardèche,737,2.257,56
2018,15,"Vols dans les véhicules",54,Meurthe-et-Moselle,1654,2.255,57
2018,15,"Vols dans les véhicules",86,Vienne,960,2.194,58
2018,15,"Vols dans les véhicules",82,Tarn-et-Garonne,562,2.169,59
2018,15,"Vols dans les véhicules",67,Bas-Rhin,2452,2.163,60
2018,15,"Vols dans les véhicules",85,Vendée,1452,2.135,61
2018,15,"Vols dans les véhicules",10,Aube,650,2.097,62
2018,15,"Vols dans les véhicules",89,Yonne,705,2.089,63
2018,15,"Vols dans les véhicules",56,Morbihan,1554,2.059,64
2018,15,"Vols dans les véhicules",90,"Territoire de Belfort",286,2.016,65
2018,15,"Vols dans les véhicules",09,Ariège,300,1.960,66
2018,15,"Vols dans les véhicules",25,Doubs,1060,1.958,67
2018,15,"Vols dans les véhicules",71,Saône-et-Loire,1073,1.943,68
2018,15,"Vols dans les véhicules",19,Corrèze,456,1.895,69
2018,15,"Vols dans les véhicules",65,Hautes-Pyrénées,426,1.859,70
2018,15,"Vols dans les véhicules",68,Haut-Rhin,1418,1.854,71
2018,15,"Vols dans les véhicules",53,Mayenne,569,1.853,72
2018,15,"Vols dans les véhicules",27,Eure,1101,1.835,73
2018,15,"Vols dans les véhicules",22,Côtes-d'Armor,1052,1.755,74
2018,15,"Vols dans les véhicules",36,Indre,369,1.673,75
2018,15,"Vols dans les véhicules",46,Lot,289,1.662,76
2018,15,"Vols dans les véhicules",05,Hautes-Alpes,230,1.635,77
2018,15,"Vols dans les véhicules",18,Cher,489,1.612,78
2018,15,"Vols dans les véhicules",24,Dordogne,652,1.577,79
2018,15,"Vols dans les véhicules",28,Eure-et-Loir,679,1.572,80
2018,15,"Vols dans les véhicules",08,Ardennes,421,1.549,81
2018,15,"Vols dans les véhicules",79,Deux-Sèvres,580,1.547,82
2018,15,"Vols dans les véhicules",03,Allier,492,1.459,83
2018,15,"Vols dans les véhicules",55,Meuse,263,1.419,84
2018,15,"Vols dans les véhicules",32,Gers,265,1.385,85
2018,15,"Vols dans les véhicules",61,Orne,384,1.364,86
2018,15,"Vols dans les véhicules",48,Lozère,101,1.320,87
2018,15,"Vols dans les véhicules",2B,Haute-Corse,237,1.312,88
2018,15,"Vols dans les véhicules",58,Nièvre,262,1.273,89
2018,15,"Vols dans les véhicules",2A,Corse-du-Sud,193,1.223,90
2018,15,"Vols dans les véhicules",15,Cantal,165,1.140,91
2018,15,"Vols dans les véhicules",12,Aveyron,309,1.106,92
2018,15,"Vols dans les véhicules",70,Haute-Saône,258,1.093,93
2018,15,"Vols dans les véhicules",50,Manche,533,1.075,94
2018,15,"Vols dans les véhicules",43,Haute-Loire,240,1.055,95
2018,15,"Vols dans les véhicules",23,Creuse,108,0.919,96
2018,16,"Vols de véhicule",13,Bouches-du-Rhône,10282,5.054,1
2018,16,"Vols de véhicule",95,Val-d'Oise,5435,4.388,2
2018,16,"Vols de véhicule",75,Paris,8566,3.937,3
2018,16,"Vols de véhicule",93,Seine-Saint-Denis,6118,3.747,4
2018,16,"Vols de véhicule",60,Oise,3029,3.662,5
2018,16,"Vols de véhicule",94,Val-de-Marne,4641,3.322,6
2018,16,"Vols de véhicule",59,Nord,7621,2.924,7
2018,16,"Vols de véhicule",77,Seine-et-Marne,4105,2.906,8
2018,16,"Vols de véhicule",66,Pyrénées-Orientales,1380,2.897,9
2018,16,"Vols de véhicule",92,Hauts-de-Seine,4637,2.864,10
2018,16,"Vols de véhicule",69,Rhône,5230,2.813,11
2018,16,"Vols de véhicule",91,Essonne,3580,2.761,12
2018,16,"Vols de véhicule",44,Loire-Atlantique,3781,2.677,13
2018,16,"Vols de véhicule",30,Gard,1993,2.674,14
2018,16,"Vols de véhicule",26,Drôme,1354,2.630,15
2018,16,"Vols de véhicule",06,Alpes-Maritimes,2813,2.590,16
2018,16,"Vols de véhicule",38,Isère,3189,2.524,17
2018,16,"Vols de véhicule",2A,Corse-du-Sud,396,2.509,18
2018,16,"Vols de véhicule",34,Hérault,2885,2.489,19
2018,16,"Vols de véhicule",83,Var,2355,2.206,20
2018,16,"Vols de véhicule",84,Vaucluse,1235,2.206,20
2018,16,"Vols de véhicule",17,Charente-Maritime,1419,2.193,22
2018,16,"Vols de véhicule",51,Marne,1230,2.168,23
2018,16,"Vols de véhicule",33,Gironde,3469,2.166,24
2018,16,"Vols de véhicule",78,Yvelines,3103,2.153,25
2018,16,"Vols de véhicule",89,Yonne,726,2.151,26
2018,16,"Vols de véhicule",80,Somme,1186,2.078,27
2018,16,"Vols de véhicule",02,Aisne,1045,1.959,28
2018,16,"Vols de véhicule",63,Puy-de-Dôme,1278,1.939,29
2018,16,"Vols de véhicule",01,Ain,1252,1.933,30
2018,16,"Vols de véhicule",42,Loire,1464,1.918,31
2018,16,"Vols de véhicule",27,Eure,1132,1.887,32
2018,16,"Vols de véhicule",31,Haute-Garonne,2586,1.873,33
2018,16,"Vols de véhicule",76,Seine-Maritime,2303,1.834,34
2018,16,"Vols de véhicule",41,Loir-et-Cher,599,1.814,35
2018,16,"Vols de véhicule",11,Aude,642,1.722,36
2018,16,"Vols de véhicule",07,Ardèche,550,1.684,37
2018,16,"Vols de véhicule",71,Saône-et-Loire,897,1.624,38
2018,16,"Vols de véhicule",45,Loiret,1083,1.595,39
2018,16,"Vols de véhicule",37,Indre-et-Loire,968,1.593,40
2018,16,"Vols de véhicule",47,Lot-et-Garonne,524,1.578,41
2018,16,"Vols de véhicule",04,Alpes-de-Haute-Provence,255,1.554,42
2018,16,"Vols de véhicule",10,Aube,471,1.519,43
2018,16,"Vols de véhicule",62,Pas-de-Calais,2219,1.513,44
2018,16,"Vols de véhicule",2B,Haute-Corse,268,1.483,45
2018,16,"Vols de véhicule",58,Nièvre,292,1.419,46
2018,16,"Vols de véhicule",74,Haute-Savoie,1154,1.413,47
2018,16,"Vols de véhicule",36,Indre,309,1.401,48
2018,16,"Vols de véhicule",64,Pyrénées-Atlantiques,950,1.397,49
2018,16,"Vols de véhicule",52,Haute-Marne,241,1.385,50
2018,16,"Vols de véhicule",55,Meuse,254,1.370,51
2018,16,"Vols de véhicule",39,Jura,349,1.344,52
2018,16,"Vols de véhicule",18,Cher,406,1.338,53
2018,16,"Vols de véhicule",46,Lot,231,1.328,54
2018,16,"Vols de véhicule",28,Eure-et-Loir,569,1.317,55
2018,16,"Vols de véhicule",72,Sarthe,742,1.311,56
2018,16,"Vols de véhicule",25,Doubs,704,1.300,57
2018,16,"Vols de véhicule",16,Charente,454,1.291,58
2018,16,"Vols de véhicule",82,Tarn-et-Garonne,331,1.277,59
2018,16,"Vols de véhicule",08,Ardennes,337,1.240,60
2018,16,"Vols de véhicule",49,Maine-et-Loire,1006,1.233,61
2018,16,"Vols de véhicule",81,Tarn,477,1.227,62
2018,16,"Vols de véhicule",79,Deux-Sèvres,455,1.214,63
2018,16,"Vols de véhicule",14,Calvados,814,1.173,64
2018,16,"Vols de véhicule",73,Savoie,506,1.167,65
2018,16,"Vols de véhicule",09,Ariège,178,1.163,66
2018,16,"Vols de véhicule",54,Meurthe-et-Moselle,851,1.160,67
2018,16,"Vols de véhicule",40,Landes,473,1.153,68
2018,16,"Vols de véhicule",88,Vosges,421,1.150,69
2018,16,"Vols de véhicule",70,Haute-Saône,265,1.123,70
2018,16,"Vols de véhicule",35,Ille-et-Vilaine,1186,1.109,71
2018,16,"Vols de véhicule",21,Côte-d'Or,591,1.108,72
2018,16,"Vols de véhicule",03,Allier,366,1.086,73
2018,16,"Vols de véhicule",86,Vienne,473,1.081,74
2018,16,"Vols de véhicule",29,Finistère,953,1.045,75
2018,16,"Vols de véhicule",61,Orne,290,1.030,76
2018,16,"Vols de véhicule",57,Moselle,1060,1.016,77
2018,16,"Vols de véhicule",85,Vendée,686,1.009,78
2018,16,"Vols de véhicule",43,Haute-Loire,229,1.006,79
2018,16,"Vols de véhicule",65,Hautes-Pyrénées,221,0.964,80
2018,16,"Vols de véhicule",22,Côtes-d'Armor,573,0.956,81
2018,16,"Vols de véhicule",56,Morbihan,693,0.918,82
2018,16,"Vols de véhicule",05,Hautes-Alpes,125,0.888,83
2018,16,"Vols de véhicule",24,Dordogne,364,0.880,84
2018,16,"Vols de véhicule",68,Haut-Rhin,671,0.877,85
2018,16,"Vols de véhicule",32,Gers,163,0.852,86
2018,16,"Vols de véhicule",23,Creuse,92,0.783,87
2018,16,"Vols de véhicule",87,Haute-Vienne,289,0.774,88
2018,16,"Vols de véhicule",19,Corrèze,181,0.752,89
2018,16,"Vols de véhicule",67,Bas-Rhin,835,0.737,90
2018,16,"Vols de véhicule",50,Manche,358,0.722,91
2018,16,"Vols de véhicule",12,Aveyron,194,0.695,92
2018,16,"Vols de véhicule",53,Mayenne,210,0.684,93
2018,16,"Vols de véhicule",90,"Territoire de Belfort",97,0.684,93
2018,16,"Vols de véhicule",15,Cantal,92,0.636,95
2018,16,"Vols de véhicule",48,Lozère,37,0.484,96
2018,17,"Vols sans violence contre des personnes",75,Paris,139758,64.239,1
2018,17,"Vols sans violence contre des personnes",69,Rhône,33345,17.932,2
2018,17,"Vols sans violence contre des personnes",06,Alpes-Maritimes,17263,15.893,3
2018,17,"Vols sans violence contre des personnes",93,Seine-Saint-Denis,24949,15.281,4
2018,17,"Vols sans violence contre des personnes",34,Hérault,17648,15.224,5
2018,17,"Vols sans violence contre des personnes",31,Haute-Garonne,19299,13.978,6
2018,17,"Vols sans violence contre des personnes",13,Bouches-du-Rhône,28425,13.972,7
2018,17,"Vols sans violence contre des personnes",33,Gironde,20514,12.806,8
2018,17,"Vols sans violence contre des personnes",92,Hauts-de-Seine,19898,12.289,9
2018,17,"Vols sans violence contre des personnes",44,Loire-Atlantique,17232,12.200,10
2018,17,"Vols sans violence contre des personnes",94,Val-de-Marne,17036,12.195,11
2018,17,"Vols sans violence contre des personnes",66,Pyrénées-Orientales,5438,11.416,12
2018,17,"Vols sans violence contre des personnes",73,Savoie,4824,11.122,13
2018,17,"Vols sans violence contre des personnes",38,Isère,13074,10.347,14
2018,17,"Vols sans violence contre des personnes",83,Var,11024,10.325,15
2018,17,"Vols sans violence contre des personnes",95,Val-d'Oise,12681,10.238,16
2018,17,"Vols sans violence contre des personnes",59,Nord,24954,9.575,17
2018,17,"Vols sans violence contre des personnes",37,Indre-et-Loire,5563,9.153,18
2018,17,"Vols sans violence contre des personnes",84,Vaucluse,5094,9.100,19
2018,17,"Vols sans violence contre des personnes",30,Gard,6742,9.044,20
2018,17,"Vols sans violence contre des personnes",17,Charente-Maritime,5695,8.803,21
2018,17,"Vols sans violence contre des personnes",74,Haute-Savoie,7159,8.766,22
2018,17,"Vols sans violence contre des personnes",05,Hautes-Alpes,1211,8.607,23
2018,17,"Vols sans violence contre des personnes",65,Hautes-Pyrénées,1967,8.582,24
2018,17,"Vols sans violence contre des personnes",67,Bas-Rhin,9577,8.449,25
2018,17,"Vols sans violence contre des personnes",35,Ille-et-Vilaine,8851,8.278,26
2018,17,"Vols sans violence contre des personnes",40,Landes,3325,8.103,27
2018,17,"Vols sans violence contre des personnes",26,Drôme,4133,8.029,28
2018,17,"Vols sans violence contre des personnes",11,Aude,2955,7.926,29
2018,17,"Vols sans violence contre des personnes",47,Lot-et-Garonne,2530,7.621,30
2018,17,"Vols sans violence contre des personnes",90,"Territoire de Belfort",1078,7.599,31
2018,17,"Vols sans violence contre des personnes",29,Finistère,6898,7.566,32
2018,17,"Vols sans violence contre des personnes",64,Pyrénées-Atlantiques,5095,7.495,33
2018,17,"Vols sans violence contre des personnes",04,Alpes-de-Haute-Provence,1220,7.436,34
2018,17,"Vols sans violence contre des personnes",80,Somme,4163,7.295,35
2018,17,"Vols sans violence contre des personnes",10,Aube,2260,7.290,36
2018,17,"Vols sans violence contre des personnes",76,Seine-Maritime,9123,7.264,37
2018,17,"Vols sans violence contre des personnes",21,Côte-d'Or,3869,7.256,38
2018,17,"Vols sans violence contre des personnes",77,Seine-et-Marne,10177,7.205,39
2018,17,"Vols sans violence contre des personnes",51,Marne,4005,7.058,40
2018,17,"Vols sans violence contre des personnes",54,Meurthe-et-Moselle,5122,6.983,41
2018,17,"Vols sans violence contre des personnes",42,Loire,5319,6.967,42
2018,17,"Vols sans violence contre des personnes",14,Calvados,4827,6.955,43
2018,17,"Vols sans violence contre des personnes",91,Essonne,9010,6.949,44
2018,17,"Vols sans violence contre des personnes",63,Puy-de-Dôme,4519,6.857,45
2018,17,"Vols sans violence contre des personnes",78,Yvelines,9855,6.837,46
2018,17,"Vols sans violence contre des personnes",72,Sarthe,3826,6.760,47
2018,17,"Vols sans violence contre des personnes",2A,Corse-du-Sud,1043,6.607,48
2018,17,"Vols sans violence contre des personnes",68,Haut-Rhin,4923,6.435,49
2018,17,"Vols sans violence contre des personnes",45,Loiret,4236,6.240,50
2018,17,"Vols sans violence contre des personnes",16,Charente,2112,6.004,51
2018,17,"Vols sans violence contre des personnes",86,Vienne,2619,5.985,52
2018,17,"Vols sans violence contre des personnes",56,Morbihan,4516,5.983,53
2018,17,"Vols sans violence contre des personnes",09,Ariège,906,5.919,54
2018,17,"Vols sans violence contre des personnes",25,Doubs,3146,5.810,55
2018,17,"Vols sans violence contre des personnes",49,Maine-et-Loire,4738,5.807,56
2018,17,"Vols sans violence contre des personnes",89,Yonne,1950,5.778,57
2018,17,"Vols sans violence contre des personnes",57,Moselle,6027,5.776,58
2018,17,"Vols sans violence contre des personnes",62,Pas-de-Calais,8430,5.747,59
2018,17,"Vols sans violence contre des personnes",82,Tarn-et-Garonne,1481,5.715,60
2018,17,"Vols sans violence contre des personnes",22,Côtes-d'Armor,3380,5.637,61
2018,17,"Vols sans violence contre des personnes",85,Vendée,3828,5.629,62
2018,17,"Vols sans violence contre des personnes",08,Ardennes,1521,5.595,63
2018,17,"Vols sans violence contre des personnes",60,Oise,4581,5.538,64
2018,17,"Vols sans violence contre des personnes",02,Aisne,2941,5.515,65
2018,17,"Vols sans violence contre des personnes",2B,Haute-Corse,994,5.501,66
2018,17,"Vols sans violence contre des personnes",24,Dordogne,2264,5.476,67
2018,17,"Vols sans violence contre des personnes",87,Haute-Vienne,2034,5.450,68
2018,17,"Vols sans violence contre des personnes",18,Cher,1646,5.425,69
2018,17,"Vols sans violence contre des personnes",81,Tarn,2044,5.260,70
2018,17,"Vols sans violence contre des personnes",03,Allier,1773,5.258,71
2018,17,"Vols sans violence contre des personnes",88,Vosges,1910,5.217,72
2018,17,"Vols sans violence contre des personnes",39,Jura,1335,5.140,73
2018,17,"Vols sans violence contre des personnes",41,Loir-et-Cher,1659,5.023,74
2018,17,"Vols sans violence contre des personnes",79,Deux-Sèvres,1877,5.008,75
2018,17,"Vols sans violence contre des personnes",71,Saône-et-Loire,2763,5.004,76
2018,17,"Vols sans violence contre des personnes",52,Haute-Marne,861,4.946,77
2018,17,"Vols sans violence contre des personnes",01,Ain,3181,4.912,78
2018,17,"Vols sans violence contre des personnes",46,Lot,841,4.835,79
2018,17,"Vols sans violence contre des personnes",58,Nièvre,994,4.829,80
2018,17,"Vols sans violence contre des personnes",19,Corrèze,1155,4.801,81
2018,17,"Vols sans violence contre des personnes",36,Indre,1049,4.755,82
2018,17,"Vols sans violence contre des personnes",28,Eure-et-Loir,2052,4.750,83
2018,17,"Vols sans violence contre des personnes",70,Haute-Saône,1121,4.750,83
2018,17,"Vols sans violence contre des personnes",07,Ardèche,1545,4.730,85
2018,17,"Vols sans violence contre des personnes",32,Gers,880,4.601,86
2018,17,"Vols sans violence contre des personnes",27,Eure,2749,4.582,87
2018,17,"Vols sans violence contre des personnes",55,Meuse,805,4.343,88
2018,17,"Vols sans violence contre des personnes",53,Mayenne,1319,4.295,89
2018,17,"Vols sans violence contre des personnes",50,Manche,2062,4.157,90
2018,17,"Vols sans violence contre des personnes",61,Orne,1167,4.144,91
2018,17,"Vols sans violence contre des personnes",43,Haute-Loire,909,3.995,92
2018,17,"Vols sans violence contre des personnes",12,Aveyron,1089,3.899,93
2018,17,"Vols sans violence contre des personnes",23,Creuse,456,3.881,94
2018,17,"Vols sans violence contre des personnes",15,Cantal,530,3.661,95
2018,17,"Vols sans violence contre des personnes",48,Lozère,277,3.620,96
2018,18,"Vols violents sans arme",75,Paris,17742,8.155,1
2018,18,"Vols violents sans arme",93,Seine-Saint-Denis,8904,5.454,2
2018,18,"Vols violents sans arme",13,Bouches-du-Rhône,4889,2.403,3
2018,18,"Vols violents sans arme",95,Val-d'Oise,2662,2.149,4
2018,18,"Vols violents sans arme",94,Val-de-Marne,2945,2.108,5
2018,18,"Vols violents sans arme",92,Hauts-de-Seine,2879,1.778,6
2018,18,"Vols violents sans arme",69,Rhône,3249,1.747,7
2018,18,"Vols violents sans arme",34,Hérault,1900,1.639,8
2018,18,"Vols violents sans arme",59,Nord,4117,1.580,9
2018,18,"Vols violents sans arme",31,Haute-Garonne,2087,1.512,10
2018,18,"Vols violents sans arme",06,Alpes-Maritimes,1500,1.381,11
2018,18,"Vols violents sans arme",91,Essonne,1638,1.263,12
2018,18,"Vols violents sans arme",33,Gironde,1901,1.187,13
2018,18,"Vols violents sans arme",76,Seine-Maritime,1336,1.064,14
2018,18,"Vols violents sans arme",44,Loire-Atlantique,1494,1.058,15
2018,18,"Vols violents sans arme",66,Pyrénées-Orientales,501,1.052,16
2018,18,"Vols violents sans arme",38,Isère,1250,0.989,17
2018,18,"Vols violents sans arme",37,Indre-et-Loire,578,0.951,18
2018,18,"Vols violents sans arme",77,Seine-et-Marne,1343,0.951,18
2018,18,"Vols violents sans arme",42,Loire,672,0.880,20
2018,18,"Vols violents sans arme",30,Gard,637,0.855,21
2018,18,"Vols violents sans arme",78,Yvelines,1151,0.799,22
2018,18,"Vols violents sans arme",51,Marne,444,0.782,23
2018,18,"Vols violents sans arme",83,Var,812,0.761,24
2018,18,"Vols violents sans arme",72,Sarthe,419,0.740,25
2018,18,"Vols violents sans arme",35,Ille-et-Vilaine,737,0.689,26
2018,18,"Vols violents sans arme",80,Somme,375,0.657,27
2018,18,"Vols violents sans arme",60,Oise,533,0.644,28
2018,18,"Vols violents sans arme",10,Aube,197,0.635,29
2018,18,"Vols violents sans arme",45,Loiret,409,0.602,30
2018,18,"Vols violents sans arme",84,Vaucluse,332,0.593,31
2018,18,"Vols violents sans arme",67,Bas-Rhin,647,0.571,32
2018,18,"Vols violents sans arme",62,Pas-de-Calais,797,0.543,33
2018,18,"Vols violents sans arme",90,"Territoire de Belfort",76,0.536,34
2018,18,"Vols violents sans arme",14,Calvados,365,0.526,35
2018,18,"Vols violents sans arme",63,Puy-de-Dôme,340,0.516,36
2018,18,"Vols violents sans arme",26,Drôme,262,0.509,37
2018,18,"Vols violents sans arme",29,Finistère,450,0.494,38
2018,18,"Vols violents sans arme",25,Doubs,260,0.480,39
2018,18,"Vols violents sans arme",65,Hautes-Pyrénées,104,0.454,40
2018,18,"Vols violents sans arme",08,Ardennes,119,0.438,41
2018,18,"Vols violents sans arme",57,Moselle,455,0.436,42
2018,18,"Vols violents sans arme",05,Hautes-Alpes,60,0.426,43
2018,18,"Vols violents sans arme",16,Charente,150,0.426,43
2018,18,"Vols violents sans arme",21,Côte-d'Or,226,0.424,45
2018,18,"Vols violents sans arme",68,Haut-Rhin,324,0.424,45
2018,18,"Vols violents sans arme",54,Meurthe-et-Moselle,308,0.420,47
2018,18,"Vols violents sans arme",17,Charente-Maritime,271,0.419,48
2018,18,"Vols violents sans arme",64,Pyrénées-Atlantiques,275,0.405,49
2018,18,"Vols violents sans arme",73,Savoie,174,0.401,50
2018,18,"Vols violents sans arme",27,Eure,238,0.397,51
2018,18,"Vols violents sans arme",11,Aude,147,0.394,52
2018,18,"Vols violents sans arme",28,Eure-et-Loir,164,0.380,53
2018,18,"Vols violents sans arme",81,Tarn,145,0.373,54
2018,18,"Vols violents sans arme",18,Cher,113,0.372,55
2018,18,"Vols violents sans arme",74,Haute-Savoie,301,0.369,56
2018,18,"Vols violents sans arme",47,Lot-et-Garonne,122,0.368,57
2018,18,"Vols violents sans arme",86,Vienne,159,0.363,58
2018,18,"Vols violents sans arme",02,Aisne,193,0.362,59
2018,18,"Vols violents sans arme",49,Maine-et-Loire,295,0.362,59
2018,18,"Vols violents sans arme",04,Alpes-de-Haute-Provence,59,0.360,61
2018,18,"Vols violents sans arme",82,Tarn-et-Garonne,91,0.351,62
2018,18,"Vols violents sans arme",2B,Haute-Corse,60,0.332,63
2018,18,"Vols violents sans arme",41,Loir-et-Cher,109,0.330,64
2018,18,"Vols violents sans arme",89,Yonne,108,0.320,65
2018,18,"Vols violents sans arme",22,Côtes-d'Armor,184,0.307,66
2018,18,"Vols violents sans arme",53,Mayenne,90,0.293,67
2018,18,"Vols violents sans arme",40,Landes,119,0.290,68
2018,18,"Vols violents sans arme",03,Allier,96,0.285,69
2018,18,"Vols violents sans arme",56,Morbihan,213,0.282,70
2018,18,"Vols violents sans arme",87,Haute-Vienne,102,0.273,71
2018,18,"Vols violents sans arme",46,Lot,42,0.241,72
2018,18,"Vols violents sans arme",88,Vosges,88,0.240,73
2018,18,"Vols violents sans arme",32,Gers,44,0.230,74
2018,18,"Vols violents sans arme",2A,Corse-du-Sud,36,0.228,75
2018,18,"Vols violents sans arme",24,Dordogne,93,0.225,76
2018,18,"Vols violents sans arme",71,Saône-et-Loire,124,0.225,76
2018,18,"Vols violents sans arme",43,Haute-Loire,51,0.224,78
2018,18,"Vols violents sans arme",52,Haute-Marne,39,0.224,78
2018,18,"Vols violents sans arme",19,Corrèze,51,0.212,80
2018,18,"Vols violents sans arme",61,Orne,59,0.210,81
2018,18,"Vols violents sans arme",58,Nièvre,43,0.209,82
2018,18,"Vols violents sans arme",07,Ardèche,67,0.205,83
2018,18,"Vols violents sans arme",55,Meuse,36,0.194,84
2018,18,"Vols violents sans arme",85,Vendée,131,0.193,85
2018,18,"Vols violents sans arme",39,Jura,50,0.192,86
2018,18,"Vols violents sans arme",79,Deux-Sèvres,70,0.187,87
2018,18,"Vols violents sans arme",36,Indre,40,0.181,88
2018,18,"Vols violents sans arme",01,Ain,113,0.174,89
2018,18,"Vols violents sans arme",12,Aveyron,48,0.172,90
2018,18,"Vols violents sans arme",09,Ariège,26,0.170,91
2018,18,"Vols violents sans arme",50,Manche,74,0.149,92
2018,18,"Vols violents sans arme",70,Haute-Saône,35,0.148,93
2018,18,"Vols violents sans arme",15,Cantal,21,0.145,94
2018,18,"Vols violents sans arme",23,Creuse,14,0.119,95
2018,18,"Vols violents sans arme",48,Lozère,5,0.065,96
2019,1,"Cambriolages de logement",13,Bouches-du-Rhône,12046,11.528,1
2019,1,"Cambriolages de logement",69,Rhône,10256,10.939,2
2019,1,"Cambriolages de logement",93,Seine-Saint-Denis,7131,10.376,3
2019,1,"Cambriolages de logement",31,Haute-Garonne,7492,10.117,4
2019,1,"Cambriolages de logement",01,Ain,3072,9.557,5
2019,1,"Cambriolages de logement",33,Gironde,8369,9.435,6
2019,1,"Cambriolages de logement",95,Val-d'Oise,4762,9.210,7
2019,1,"Cambriolages de logement",38,Isère,5975,9.066,8
2019,1,"Cambriolages de logement",75,Paris,12593,9.064,9
2019,1,"Cambriolages de logement",59,Nord,10776,8.743,10
2019,1,"Cambriolages de logement",94,Val-de-Marne,5502,8.500,11
2019,1,"Cambriolages de logement",44,Loire-Atlantique,6396,8.372,12
2019,1,"Cambriolages de logement",77,Seine-et-Marne,5218,8.330,13
2019,1,"Cambriolages de logement",30,Gard,3581,8.295,14
2019,1,"Cambriolages de logement",91,Essonne,4625,8.108,15
2019,1,"Cambriolages de logement",84,Vaucluse,2410,7.812,16
2019,1,"Cambriolages de logement",02,Aisne,2060,7.718,17
2019,1,"Cambriolages de logement",34,Hérault,5708,7.716,18
2019,1,"Cambriolages de logement",83,Var,5424,7.438,19
2019,1,"Cambriolages de logement",51,Marne,2190,7.367,20
2019,1,"Cambriolages de logement",81,Tarn,1543,7.196,21
2019,1,"Cambriolages de logement",26,Drôme,1968,7.085,22
2019,1,"Cambriolages de logement",10,Aube,1153,6.942,23
2019,1,"Cambriolages de logement",78,Yvelines,4403,6.780,24
2019,1,"Cambriolages de logement",92,Hauts-de-Seine,5385,6.667,25
2019,1,"Cambriolages de logement",18,Cher,1165,6.493,26
2019,1,"Cambriolages de logement",82,Tarn-et-Garonne,864,6.471,27
2019,1,"Cambriolages de logement",60,Oise,2430,6.428,28
2019,1,"Cambriolages de logement",42,Loire,2535,6.320,29
2019,1,"Cambriolages de logement",06,Alpes-Maritimes,4910,6.309,30
2019,1,"Cambriolages de logement",47,Lot-et-Garonne,1168,6.244,31
2019,1,"Cambriolages de logement",74,Haute-Savoie,3271,6.226,32
2019,1,"Cambriolages de logement",71,Saône-et-Loire,1936,6.206,33
2019,1,"Cambriolages de logement",90,"Territoire de Belfort",454,6.204,34
2019,1,"Cambriolages de logement",45,Loiret,2158,6.184,35
2019,1,"Cambriolages de logement",62,Pas-de-Calais,4384,6.082,36
2019,1,"Cambriolages de logement",66,Pyrénées-Orientales,2152,6.051,37
2019,1,"Cambriolages de logement",58,Nièvre,846,5.983,38
2019,1,"Cambriolages de logement",63,Puy-de-Dôme,2261,5.767,39
2019,1,"Cambriolages de logement",17,Charente-Maritime,2539,5.758,40
2019,1,"Cambriolages de logement",52,Haute-Marne,560,5.579,41
2019,1,"Cambriolages de logement",16,Charente,1070,5.379,42
2019,1,"Cambriolages de logement",72,Sarthe,1577,5.372,43
2019,1,"Cambriolages de logement",08,Ardennes,768,5.371,44
2019,1,"Cambriolages de logement",76,Seine-Maritime,3486,5.366,45
2019,1,"Cambriolages de logement",80,Somme,1626,5.358,46
2019,1,"Cambriolages de logement",55,Meuse,523,5.239,47
2019,1,"Cambriolages de logement",89,Yonne,1034,5.230,48
2019,1,"Cambriolages de logement",57,Moselle,2709,5.177,49
2019,1,"Cambriolages de logement",27,Eure,1517,5.088,50
2019,1,"Cambriolages de logement",04,Alpes-de-Haute-Provence,659,5.081,51
2019,1,"Cambriolages de logement",28,Eure-et-Loir,1101,5.063,52
2019,1,"Cambriolages de logement",03,Allier,1028,4.922,53
2019,1,"Cambriolages de logement",11,Aude,1305,4.921,54
2019,1,"Cambriolages de logement",37,Indre-et-Loire,1597,4.867,55
2019,1,"Cambriolages de logement",25,Doubs,1322,4.659,56
2019,1,"Cambriolages de logement",46,Lot,556,4.653,57
2019,1,"Cambriolages de logement",24,Dordogne,1164,4.458,58
2019,1,"Cambriolages de logement",39,Jura,661,4.393,59
2019,1,"Cambriolages de logement",21,Côte-d'Or,1279,4.373,60
2019,1,"Cambriolages de logement",88,Vosges,932,4.349,61
2019,1,"Cambriolages de logement",54,Meurthe-et-Moselle,1644,4.330,62
2019,1,"Cambriolages de logement",68,Haut-Rhin,1642,4.289,63
2019,1,"Cambriolages de logement",41,Loir-et-Cher,788,4.258,64
2019,1,"Cambriolages de logement",49,Maine-et-Loire,1692,4.225,65
2019,1,"Cambriolages de logement",36,Indre,570,4.106,66
2019,1,"Cambriolages de logement",64,Pyrénées-Atlantiques,1680,4.064,67
2019,1,"Cambriolages de logement",65,Hautes-Pyrénées,662,4.046,68
2019,1,"Cambriolages de logement",07,Ardèche,823,3.987,69
2019,1,"Cambriolages de logement",87,Haute-Vienne,871,3.938,70
2019,1,"Cambriolages de logement",67,Bas-Rhin,2235,3.935,71
2019,1,"Cambriolages de logement",70,Haute-Saône,499,3.885,72
2019,1,"Cambriolages de logement",09,Ariège,429,3.881,73
2019,1,"Cambriolages de logement",61,Orne,640,3.876,74
2019,1,"Cambriolages de logement",56,Morbihan,1829,3.869,75
2019,1,"Cambriolages de logement",86,Vienne,913,3.759,76
2019,1,"Cambriolages de logement",79,Deux-Sèvres,727,3.717,77
2019,1,"Cambriolages de logement",35,Ille-et-Vilaine,2053,3.657,78
2019,1,"Cambriolages de logement",32,Gers,400,3.586,79
2019,1,"Cambriolages de logement",22,Côtes-d'Armor,1306,3.514,80
2019,1,"Cambriolages de logement",73,Savoie,1229,3.489,81
2019,1,"Cambriolages de logement",40,Landes,903,3.442,82
2019,1,"Cambriolages de logement",85,Vendée,1403,3.257,83
2019,1,"Cambriolages de logement",43,Haute-Loire,465,3.231,84
2019,1,"Cambriolages de logement",14,Calvados,1322,3.132,85
2019,1,"Cambriolages de logement",53,Mayenne,494,3.125,86
2019,1,"Cambriolages de logement",29,Finistère,1652,3.009,87
2019,1,"Cambriolages de logement",12,Aveyron,507,2.774,88
2019,1,"Cambriolages de logement",19,Corrèze,425,2.741,89
2019,1,"Cambriolages de logement",15,Cantal,236,2.315,90
2019,1,"Cambriolages de logement",05,Hautes-Alpes,291,2.114,91
2019,1,"Cambriolages de logement",23,Creuse,185,2.087,92
2019,1,"Cambriolages de logement",50,Manche,576,1.922,93
2019,1,"Cambriolages de logement",2A,Corse-du-Sud,224,1.836,94
2019,1,"Cambriolages de logement",48,Lozère,109,1.771,95
2019,1,"Cambriolages de logement",2B,Haute-Corse,153,1.146,96
2019,2,"Destructions et dégradations volontaires",75,Paris,27730,12.806,1
2019,2,"Destructions et dégradations volontaires",13,Bouches-du-Rhône,24370,11.928,2
2019,2,"Destructions et dégradations volontaires",66,Pyrénées-Orientales,5469,11.394,3
2019,2,"Destructions et dégradations volontaires",06,Alpes-Maritimes,12462,11.388,4
2019,2,"Destructions et dégradations volontaires",34,Hérault,13163,11.197,5
2019,2,"Destructions et dégradations volontaires",93,Seine-Saint-Denis,18362,11.163,6
2019,2,"Destructions et dégradations volontaires",59,Nord,28759,11.026,7
2019,2,"Destructions et dégradations volontaires",33,Gironde,17610,10.845,8
2019,2,"Destructions et dégradations volontaires",62,Pas-de-Calais,15747,10.747,9
2019,2,"Destructions et dégradations volontaires",42,Loire,8185,10.690,10
2019,2,"Destructions et dégradations volontaires",2A,Corse-du-Sud,1668,10.523,11
2019,2,"Destructions et dégradations volontaires",11,Aude,3822,10.217,12
2019,2,"Destructions et dégradations volontaires",04,Alpes-de-Haute-Provence,1672,10.176,13
2019,2,"Destructions et dégradations volontaires",38,Isère,12648,9.950,14
2019,2,"Destructions et dégradations volontaires",80,Somme,5645,9.894,15
2019,2,"Destructions et dégradations volontaires",63,Puy-de-Dôme,6528,9.859,16
2019,2,"Destructions et dégradations volontaires",83,Var,10599,9.844,17
2019,2,"Destructions et dégradations volontaires",69,Rhône,18340,9.777,18
2019,2,"Destructions et dégradations volontaires",51,Marne,5526,9.749,19
2019,2,"Destructions et dégradations volontaires",2B,Haute-Corse,1771,9.734,20
2019,2,"Destructions et dégradations volontaires",95,Val-d'Oise,12101,9.683,21
2019,2,"Destructions et dégradations volontaires",17,Charente-Maritime,6238,9.577,22
2019,2,"Destructions et dégradations volontaires",26,Drôme,4916,9.513,23
2019,2,"Destructions et dégradations volontaires",08,Ardennes,2544,9.402,24
2019,2,"Destructions et dégradations volontaires",03,Allier,3113,9.266,25
2019,2,"Destructions et dégradations volontaires",02,Aisne,4909,9.239,26
2019,2,"Destructions et dégradations volontaires",76,Seine-Maritime,11598,9.237,27
2019,2,"Destructions et dégradations volontaires",30,Gard,6834,9.131,28
2019,2,"Destructions et dégradations volontaires",44,Loire-Atlantique,12961,9.068,29
2019,2,"Destructions et dégradations volontaires",60,Oise,7447,8.979,30
2019,2,"Destructions et dégradations volontaires",94,Val-de-Marne,12611,8.962,31
2019,2,"Destructions et dégradations volontaires",31,Haute-Garonne,12534,8.953,32
2019,2,"Destructions et dégradations volontaires",09,Ariège,1372,8.951,33
2019,2,"Destructions et dégradations volontaires",84,Vaucluse,5017,8.935,34
2019,2,"Destructions et dégradations volontaires",52,Haute-Marne,1540,8.927,35
2019,2,"Destructions et dégradations volontaires",18,Cher,2690,8.898,36
2019,2,"Destructions et dégradations volontaires",21,Côte-d'Or,4711,8.820,37
2019,2,"Destructions et dégradations volontaires",90,"Territoire de Belfort",1241,8.782,38
2019,2,"Destructions et dégradations volontaires",54,Meurthe-et-Moselle,6401,8.724,39
2019,2,"Destructions et dégradations volontaires",91,Essonne,11350,8.720,40
2019,2,"Destructions et dégradations volontaires",14,Calvados,6057,8.716,41
2019,2,"Destructions et dégradations volontaires",92,Hauts-de-Seine,14088,8.673,42
2019,2,"Destructions et dégradations volontaires",10,Aube,2680,8.638,43
2019,2,"Destructions et dégradations volontaires",77,Seine-et-Marne,12272,8.635,44
2019,2,"Destructions et dégradations volontaires",72,Sarthe,4889,8.632,45
2019,2,"Destructions et dégradations volontaires",58,Nièvre,1745,8.535,46
2019,2,"Destructions et dégradations volontaires",05,Hautes-Alpes,1196,8.469,47
2019,2,"Destructions et dégradations volontaires",37,Indre-et-Loire,5144,8.432,48
2019,2,"Destructions et dégradations volontaires",89,Yonne,2822,8.406,49
2019,2,"Destructions et dégradations volontaires",29,Finistère,7672,8.384,50
2019,2,"Destructions et dégradations volontaires",88,Vosges,3026,8.302,51
2019,2,"Destructions et dégradations volontaires",86,Vienne,3597,8.204,52
2019,2,"Destructions et dégradations volontaires",16,Charente,2846,8.085,53
2019,2,"Destructions et dégradations volontaires",57,Moselle,8365,7.993,54
2019,2,"Destructions et dégradations volontaires",73,Savoie,3486,7.987,55
2019,2,"Destructions et dégradations volontaires",68,Haut-Rhin,6084,7.931,56
2019,2,"Destructions et dégradations volontaires",87,Haute-Vienne,2933,7.877,57
2019,2,"Destructions et dégradations volontaires",49,Maine-et-Loire,6394,7.814,58
2019,2,"Destructions et dégradations volontaires",70,Haute-Saône,1838,7.811,59
2019,2,"Destructions et dégradations volontaires",67,Bas-Rhin,8895,7.802,60
2019,2,"Destructions et dégradations volontaires",27,Eure,4671,7.791,61
2019,2,"Destructions et dégradations volontaires",78,Yvelines,11152,7.701,62
2019,2,"Destructions et dégradations volontaires",25,Doubs,4188,7.699,63
2019,2,"Destructions et dégradations volontaires",81,Tarn,2987,7.662,64
2019,2,"Destructions et dégradations volontaires",79,Deux-Sèvres,2864,7.640,65
2019,2,"Destructions et dégradations volontaires",35,Ille-et-Vilaine,8204,7.600,66
2019,2,"Destructions et dégradations volontaires",55,Meuse,1399,7.600,66
2019,2,"Destructions et dégradations volontaires",41,Loir-et-Cher,2473,7.506,68
2019,2,"Destructions et dégradations volontaires",28,Eure-et-Loir,3234,7.493,69
2019,2,"Destructions et dégradations volontaires",85,Vendée,5127,7.480,70
2019,2,"Destructions et dégradations volontaires",39,Jura,1924,7.423,71
2019,2,"Destructions et dégradations volontaires",47,Lot-et-Garonne,2419,7.302,72
2019,2,"Destructions et dégradations volontaires",65,Hautes-Pyrénées,1674,7.292,73
2019,2,"Destructions et dégradations volontaires",36,Indre,1597,7.282,74
2019,2,"Destructions et dégradations volontaires",22,Côtes-d'Armor,4311,7.178,75
2019,2,"Destructions et dégradations volontaires",71,Saône-et-Loire,3914,7.097,76
2019,2,"Destructions et dégradations volontaires",40,Landes,2925,7.071,77
2019,2,"Destructions et dégradations volontaires",64,Pyrénées-Atlantiques,4820,7.061,78
2019,2,"Destructions et dégradations volontaires",07,Ardèche,2280,6.945,79
2019,2,"Destructions et dégradations volontaires",61,Orne,1942,6.937,80
2019,2,"Destructions et dégradations volontaires",01,Ain,4493,6.887,81
2019,2,"Destructions et dégradations volontaires",45,Loiret,4668,6.860,82
2019,2,"Destructions et dégradations volontaires",74,Haute-Savoie,5565,6.737,83
2019,2,"Destructions et dégradations volontaires",19,Corrèze,1610,6.706,84
2019,2,"Destructions et dégradations volontaires",56,Morbihan,5083,6.691,85
2019,2,"Destructions et dégradations volontaires",23,Creuse,776,6.654,86
2019,2,"Destructions et dégradations volontaires",82,Tarn-et-Garonne,1719,6.595,87
2019,2,"Destructions et dégradations volontaires",43,Haute-Loire,1470,6.460,88
2019,2,"Destructions et dégradations volontaires",24,Dordogne,2637,6.382,89
2019,2,"Destructions et dégradations volontaires",50,Manche,3088,6.238,90
2019,2,"Destructions et dégradations volontaires",46,Lot,1059,6.083,91
2019,2,"Destructions et dégradations volontaires",32,Gers,1150,6.009,92
2019,2,"Destructions et dégradations volontaires",15,Cantal,851,5.881,93
2019,2,"Destructions et dégradations volontaires",53,Mayenne,1756,5.719,94
2019,2,"Destructions et dégradations volontaires",12,Aveyron,1448,5.179,95
2019,2,"Destructions et dégradations volontaires",48,Lozère,376,4.908,96
2019,3,"Escroqueries et fraudes aux moyens de paiement",75,Paris,23502,10.853,1
2019,3,"Escroqueries et fraudes aux moyens de paiement",92,Hauts-de-Seine,11937,7.349,2
2019,3,"Escroqueries et fraudes aux moyens de paiement",69,Rhône,10754,5.733,3
2019,3,"Escroqueries et fraudes aux moyens de paiement",94,Val-de-Marne,8053,5.723,4
2019,3,"Escroqueries et fraudes aux moyens de paiement",06,Alpes-Maritimes,5762,5.266,5
2019,3,"Escroqueries et fraudes aux moyens de paiement",93,Seine-Saint-Denis,8623,5.242,6
2019,3,"Escroqueries et fraudes aux moyens de paiement",13,Bouches-du-Rhône,10613,5.195,7
2019,3,"Escroqueries et fraudes aux moyens de paiement",31,Haute-Garonne,7212,5.151,8
2019,3,"Escroqueries et fraudes aux moyens de paiement",78,Yvelines,7401,5.110,9
2019,3,"Escroqueries et fraudes aux moyens de paiement",72,Sarthe,2871,5.069,10
2019,3,"Escroqueries et fraudes aux moyens de paiement",34,Hérault,5875,4.997,11
2019,3,"Escroqueries et fraudes aux moyens de paiement",95,Val-d'Oise,6006,4.806,12
2019,3,"Escroqueries et fraudes aux moyens de paiement",16,Charente,1652,4.693,13
2019,3,"Escroqueries et fraudes aux moyens de paiement",83,Var,5026,4.668,14
2019,3,"Escroqueries et fraudes aux moyens de paiement",45,Loiret,3115,4.578,15
2019,3,"Escroqueries et fraudes aux moyens de paiement",91,Essonne,5915,4.544,16
2019,3,"Escroqueries et fraudes aux moyens de paiement",37,Indre-et-Loire,2767,4.535,17
2019,3,"Escroqueries et fraudes aux moyens de paiement",77,Seine-et-Marne,6261,4.405,18
2019,3,"Escroqueries et fraudes aux moyens de paiement",66,Pyrénées-Orientales,2100,4.375,19
2019,3,"Escroqueries et fraudes aux moyens de paiement",33,Gironde,6984,4.301,20
2019,3,"Escroqueries et fraudes aux moyens de paiement",51,Marne,2427,4.282,21
2019,3,"Escroqueries et fraudes aux moyens de paiement",47,Lot-et-Garonne,1417,4.277,22
2019,3,"Escroqueries et fraudes aux moyens de paiement",58,Nièvre,863,4.221,23
2019,3,"Escroqueries et fraudes aux moyens de paiement",10,Aube,1306,4.210,24
2019,3,"Escroqueries et fraudes aux moyens de paiement",38,Isère,5320,4.185,25
2019,3,"Escroqueries et fraudes aux moyens de paiement",30,Gard,3122,4.171,26
2019,3,"Escroqueries et fraudes aux moyens de paiement",84,Vaucluse,2339,4.166,27
2019,3,"Escroqueries et fraudes aux moyens de paiement",86,Vienne,1822,4.156,28
2019,3,"Escroqueries et fraudes aux moyens de paiement",59,Nord,10765,4.127,29
2019,3,"Escroqueries et fraudes aux moyens de paiement",44,Loire-Atlantique,5853,4.095,30
2019,3,"Escroqueries et fraudes aux moyens de paiement",82,Tarn-et-Garonne,1049,4.024,31
2019,3,"Escroqueries et fraudes aux moyens de paiement",65,Hautes-Pyrénées,917,3.994,32
2019,3,"Escroqueries et fraudes aux moyens de paiement",89,Yonne,1337,3.983,33
2019,3,"Escroqueries et fraudes aux moyens de paiement",21,Côte-d'Or,2094,3.920,34
2019,3,"Escroqueries et fraudes aux moyens de paiement",04,Alpes-de-Haute-Provence,643,3.913,35
2019,3,"Escroqueries et fraudes aux moyens de paiement",25,Doubs,2126,3.908,36
2019,3,"Escroqueries et fraudes aux moyens de paiement",54,Meurthe-et-Moselle,2865,3.905,37
2019,3,"Escroqueries et fraudes aux moyens de paiement",74,Haute-Savoie,3220,3.898,38
2019,3,"Escroqueries et fraudes aux moyens de paiement",63,Puy-de-Dôme,2569,3.880,39
2019,3,"Escroqueries et fraudes aux moyens de paiement",76,Seine-Maritime,4864,3.874,40
2019,3,"Escroqueries et fraudes aux moyens de paiement",03,Allier,1289,3.837,41
2019,3,"Escroqueries et fraudes aux moyens de paiement",35,Ille-et-Vilaine,4117,3.814,42
2019,3,"Escroqueries et fraudes aux moyens de paiement",29,Finistère,3478,3.801,43
2019,3,"Escroqueries et fraudes aux moyens de paiement",42,Loire,2899,3.786,44
2019,3,"Escroqueries et fraudes aux moyens de paiement",81,Tarn,1473,3.778,45
2019,3,"Escroqueries et fraudes aux moyens de paiement",40,Landes,1558,3.766,46
2019,3,"Escroqueries et fraudes aux moyens de paiement",27,Eure,2252,3.756,47
2019,3,"Escroqueries et fraudes aux moyens de paiement",26,Drôme,1936,3.746,48
2019,3,"Escroqueries et fraudes aux moyens de paiement",46,Lot,652,3.745,49
2019,3,"Escroqueries et fraudes aux moyens de paiement",73,Savoie,1631,3.737,50
2019,3,"Escroqueries et fraudes aux moyens de paiement",28,Eure-et-Loir,1612,3.735,51
2019,3,"Escroqueries et fraudes aux moyens de paiement",02,Aisne,1970,3.708,52
2019,3,"Escroqueries et fraudes aux moyens de paiement",49,Maine-et-Loire,3030,3.703,53
2019,3,"Escroqueries et fraudes aux moyens de paiement",19,Corrèze,882,3.674,54
2019,3,"Escroqueries et fraudes aux moyens de paiement",36,Indre,805,3.671,55
2019,3,"Escroqueries et fraudes aux moyens de paiement",11,Aude,1363,3.644,56
2019,3,"Escroqueries et fraudes aux moyens de paiement",53,Mayenne,1097,3.573,57
2019,3,"Escroqueries et fraudes aux moyens de paiement",01,Ain,2327,3.567,58
2019,3,"Escroqueries et fraudes aux moyens de paiement",60,Oise,2944,3.549,59
2019,3,"Escroqueries et fraudes aux moyens de paiement",09,Ariège,543,3.542,60
2019,3,"Escroqueries et fraudes aux moyens de paiement",87,Haute-Vienne,1316,3.534,61
2019,3,"Escroqueries et fraudes aux moyens de paiement",67,Bas-Rhin,3977,3.488,62
2019,3,"Escroqueries et fraudes aux moyens de paiement",32,Gers,666,3.480,63
2019,3,"Escroqueries et fraudes aux moyens de paiement",39,Jura,894,3.449,64
2019,3,"Escroqueries et fraudes aux moyens de paiement",15,Cantal,493,3.407,65
2019,3,"Escroqueries et fraudes aux moyens de paiement",2A,Corse-du-Sud,540,3.407,65
2019,3,"Escroqueries et fraudes aux moyens de paiement",41,Loir-et-Cher,1121,3.402,67
2019,3,"Escroqueries et fraudes aux moyens de paiement",70,Haute-Saône,800,3.400,68
2019,3,"Escroqueries et fraudes aux moyens de paiement",79,Deux-Sèvres,1272,3.393,69
2019,3,"Escroqueries et fraudes aux moyens de paiement",18,Cher,1025,3.391,70
2019,3,"Escroqueries et fraudes aux moyens de paiement",14,Calvados,2354,3.388,71
2019,3,"Escroqueries et fraudes aux moyens de paiement",05,Hautes-Alpes,477,3.378,72
2019,3,"Escroqueries et fraudes aux moyens de paiement",17,Charente-Maritime,2200,3.378,72
2019,3,"Escroqueries et fraudes aux moyens de paiement",71,Saône-et-Loire,1861,3.374,74
2019,3,"Escroqueries et fraudes aux moyens de paiement",52,Haute-Marne,580,3.362,75
2019,3,"Escroqueries et fraudes aux moyens de paiement",08,Ardennes,907,3.352,76
2019,3,"Escroqueries et fraudes aux moyens de paiement",56,Morbihan,2544,3.349,77
2019,3,"Escroqueries et fraudes aux moyens de paiement",55,Meuse,614,3.335,78
2019,3,"Escroqueries et fraudes aux moyens de paiement",22,Côtes-d'Armor,2001,3.332,79
2019,3,"Escroqueries et fraudes aux moyens de paiement",23,Creuse,388,3.327,80
2019,3,"Escroqueries et fraudes aux moyens de paiement",68,Haut-Rhin,2501,3.260,81
2019,3,"Escroqueries et fraudes aux moyens de paiement",80,Somme,1834,3.214,82
2019,3,"Escroqueries et fraudes aux moyens de paiement",2B,Haute-Corse,584,3.210,83
2019,3,"Escroqueries et fraudes aux moyens de paiement",61,Orne,898,3.208,84
2019,3,"Escroqueries et fraudes aux moyens de paiement",64,Pyrénées-Atlantiques,2184,3.199,85
2019,3,"Escroqueries et fraudes aux moyens de paiement",24,Dordogne,1317,3.187,86
2019,3,"Escroqueries et fraudes aux moyens de paiement",85,Vendée,2153,3.141,87
2019,3,"Escroqueries et fraudes aux moyens de paiement",62,Pas-de-Calais,4470,3.051,88
2019,3,"Escroqueries et fraudes aux moyens de paiement",88,Vosges,1096,3.007,89
2019,3,"Escroqueries et fraudes aux moyens de paiement",57,Moselle,3140,3.000,90
2019,3,"Escroqueries et fraudes aux moyens de paiement",43,Haute-Loire,671,2.949,91
2019,3,"Escroqueries et fraudes aux moyens de paiement",12,Aveyron,823,2.944,92
2019,3,"Escroqueries et fraudes aux moyens de paiement",48,Lozère,223,2.911,93
2019,3,"Escroqueries et fraudes aux moyens de paiement",50,Manche,1428,2.885,94
2019,3,"Escroqueries et fraudes aux moyens de paiement",07,Ardèche,918,2.796,95
2019,3,"Escroqueries et fraudes aux moyens de paiement",90,"Territoire de Belfort",393,2.781,96
2019,4,Homicides,2A,Corse-du-Sud,5,0.032,1
2019,4,Homicides,13,Bouches-du-Rhône,60,0.029,2
2019,4,Homicides,09,Ariège,4,0.026,3
2019,4,Homicides,2B,Haute-Corse,4,0.022,4
2019,4,Homicides,45,Loiret,15,0.022,4
2019,4,Homicides,83,Var,22,0.020,6
2019,4,Homicides,24,Dordogne,8,0.019,7
2019,4,Homicides,75,Paris,41,0.019,7
2019,4,Homicides,71,Saône-et-Loire,10,0.018,9
2019,4,Homicides,73,Savoie,8,0.018,9
2019,4,Homicides,26,Drôme,9,0.017,11
2019,4,Homicides,66,Pyrénées-Orientales,8,0.017,11
2019,4,Homicides,14,Calvados,11,0.016,13
2019,4,Homicides,55,Meuse,3,0.016,13
2019,4,Homicides,57,Moselle,17,0.016,13
2019,4,Homicides,88,Vosges,6,0.016,13
2019,4,Homicides,27,Eure,9,0.015,17
2019,4,Homicides,31,Haute-Garonne,21,0.015,17
2019,4,Homicides,82,Tarn-et-Garonne,4,0.015,17
2019,4,Homicides,05,Hautes-Alpes,2,0.014,20
2019,4,Homicides,12,Aveyron,4,0.014,20
2019,4,Homicides,15,Cantal,2,0.014,20
2019,4,Homicides,38,Isère,18,0.014,20
2019,4,Homicides,51,Marne,8,0.014,20
2019,4,Homicides,80,Somme,8,0.014,20
2019,4,Homicides,84,Vaucluse,8,0.014,20
2019,4,Homicides,93,Seine-Saint-Denis,23,0.014,20
2019,4,Homicides,94,Val-de-Marne,20,0.014,20
2019,4,Homicides,10,Aube,4,0.013,29
2019,4,Homicides,11,Aude,5,0.013,29
2019,4,Homicides,53,Mayenne,4,0.013,29
2019,4,Homicides,59,Nord,33,0.013,29
2019,4,Homicides,62,Pas-de-Calais,19,0.013,29
2019,4,Homicides,81,Tarn,5,0.013,29
2019,4,Homicides,07,Ardèche,4,0.012,35
2019,4,Homicides,17,Charente-Maritime,8,0.012,35
2019,4,Homicides,19,Corrèze,3,0.012,35
2019,4,Homicides,34,Hérault,14,0.012,35
2019,4,Homicides,52,Haute-Marne,2,0.012,35
2019,4,Homicides,63,Puy-de-Dôme,8,0.012,35
2019,4,Homicides,64,Pyrénées-Atlantiques,8,0.012,35
2019,4,Homicides,68,Haut-Rhin,9,0.012,35
2019,4,Homicides,72,Sarthe,7,0.012,35
2019,4,Homicides,16,Charente,4,0.011,44
2019,4,Homicides,56,Morbihan,8,0.011,44
2019,4,Homicides,60,Oise,9,0.011,44
2019,4,Homicides,67,Bas-Rhin,12,0.011,44
2019,4,Homicides,69,Rhône,21,0.011,44
2019,4,Homicides,86,Vienne,5,0.011,44
2019,4,Homicides,87,Haute-Vienne,4,0.011,44
2019,4,Homicides,18,Cher,3,0.010,51
2019,4,Homicides,29,Finistère,9,0.010,51
2019,4,Homicides,37,Indre-et-Loire,6,0.010,51
2019,4,Homicides,40,Landes,4,0.010,51
2019,4,Homicides,49,Maine-et-Loire,8,0.010,51
2019,4,Homicides,78,Yvelines,14,0.010,51
2019,4,Homicides,92,Hauts-de-Seine,16,0.010,51
2019,4,Homicides,02,Aisne,5,0.009,58
2019,4,Homicides,03,Allier,3,0.009,58
2019,4,Homicides,21,Côte-d'Or,5,0.009,58
2019,4,Homicides,30,Gard,7,0.009,58
2019,4,Homicides,33,Gironde,15,0.009,58
2019,4,Homicides,47,Lot-et-Garonne,3,0.009,58
2019,4,Homicides,65,Hautes-Pyrénées,2,0.009,58
2019,4,Homicides,76,Seine-Maritime,11,0.009,58
2019,4,Homicides,89,Yonne,3,0.009,58
2019,4,Homicides,06,Alpes-Maritimes,9,0.008,67
2019,4,Homicides,42,Loire,6,0.008,67
2019,4,Homicides,50,Manche,4,0.008,67
2019,4,Homicides,70,Haute-Saône,2,0.008,67
2019,4,Homicides,74,Haute-Savoie,7,0.008,67
2019,4,Homicides,77,Seine-et-Marne,12,0.008,67
2019,4,Homicides,91,Essonne,11,0.008,67
2019,4,Homicides,08,Ardennes,2,0.007,74
2019,4,Homicides,35,Ille-et-Vilaine,8,0.007,74
2019,4,Homicides,44,Loire-Atlantique,10,0.007,74
2019,4,Homicides,61,Orne,2,0.007,74
2019,4,Homicides,85,Vendée,5,0.007,74
2019,4,Homicides,90,"Territoire de Belfort",1,0.007,74
2019,4,Homicides,95,Val-d'Oise,9,0.007,74
2019,4,Homicides,01,Ain,4,0.006,81
2019,4,Homicides,25,Doubs,3,0.006,81
2019,4,Homicides,28,Eure-et-Loir,2,0.005,83
2019,4,Homicides,32,Gers,1,0.005,83
2019,4,Homicides,36,Indre,1,0.005,83
2019,4,Homicides,54,Meurthe-et-Moselle,4,0.005,83
2019,4,Homicides,58,Nièvre,1,0.005,83
2019,4,Homicides,79,Deux-Sèvres,2,0.005,83
2019,4,Homicides,39,Jura,1,0.004,89
2019,4,Homicides,22,Côtes-d'Armor,2,0.003,90
2019,4,Homicides,04,Alpes-de-Haute-Provence,0,0.000,91
2019,4,Homicides,23,Creuse,0,0.000,91
2019,4,Homicides,41,Loir-et-Cher,0,0.000,91
2019,4,Homicides,43,Haute-Loire,0,0.000,91
2019,4,Homicides,46,Lot,0,0.000,91
2019,4,Homicides,48,Lozère,0,0.000,91
2019,5,"Tentatives d'homicide",05,Hautes-Alpes,16,0.113,1
2019,5,"Tentatives d'homicide",66,Pyrénées-Orientales,48,0.100,2
2019,5,"Tentatives d'homicide",93,Seine-Saint-Denis,138,0.084,3
2019,5,"Tentatives d'homicide",88,Vosges,29,0.080,4
2019,5,"Tentatives d'homicide",52,Haute-Marne,13,0.075,5
2019,5,"Tentatives d'homicide",75,Paris,160,0.074,6
2019,5,"Tentatives d'homicide",94,Val-de-Marne,95,0.068,7
2019,5,"Tentatives d'homicide",2B,Haute-Corse,12,0.066,8
2019,5,"Tentatives d'homicide",95,Val-d'Oise,82,0.066,8
2019,5,"Tentatives d'homicide",13,Bouches-du-Rhône,130,0.064,10
2019,5,"Tentatives d'homicide",78,Yvelines,92,0.064,10
2019,5,"Tentatives d'homicide",60,Oise,49,0.059,12
2019,5,"Tentatives d'homicide",2A,Corse-du-Sud,9,0.057,13
2019,5,"Tentatives d'homicide",61,Orne,16,0.057,13
2019,5,"Tentatives d'homicide",34,Hérault,64,0.054,15
2019,5,"Tentatives d'homicide",06,Alpes-Maritimes,57,0.052,16
2019,5,"Tentatives d'homicide",11,Aude,18,0.048,17
2019,5,"Tentatives d'homicide",25,Doubs,26,0.048,17
2019,5,"Tentatives d'homicide",84,Vaucluse,27,0.048,17
2019,5,"Tentatives d'homicide",50,Manche,23,0.046,20
2019,5,"Tentatives d'homicide",68,Haut-Rhin,35,0.046,20
2019,5,"Tentatives d'homicide",83,Var,49,0.046,20
2019,5,"Tentatives d'homicide",54,Meurthe-et-Moselle,33,0.045,23
2019,5,"Tentatives d'homicide",79,Deux-Sèvres,17,0.045,23
2019,5,"Tentatives d'homicide",30,Gard,32,0.043,25
2019,5,"Tentatives d'homicide",03,Allier,13,0.039,26
2019,5,"Tentatives d'homicide",31,Haute-Garonne,55,0.039,26
2019,5,"Tentatives d'homicide",42,Loire,30,0.039,26
2019,5,"Tentatives d'homicide",65,Hautes-Pyrénées,9,0.039,26
2019,5,"Tentatives d'homicide",80,Somme,22,0.039,26
2019,5,"Tentatives d'homicide",91,Essonne,51,0.039,26
2019,5,"Tentatives d'homicide",85,Vendée,26,0.038,32
2019,5,"Tentatives d'homicide",26,Drôme,19,0.037,33
2019,5,"Tentatives d'homicide",59,Nord,94,0.036,34
2019,5,"Tentatives d'homicide",38,Isère,45,0.035,35
2019,5,"Tentatives d'homicide",43,Haute-Loire,8,0.035,35
2019,5,"Tentatives d'homicide",69,Rhône,66,0.035,35
2019,5,"Tentatives d'homicide",90,"Territoire de Belfort",5,0.035,35
2019,5,"Tentatives d'homicide",35,Ille-et-Vilaine,37,0.034,39
2019,5,"Tentatives d'homicide",58,Nièvre,7,0.034,39
2019,5,"Tentatives d'homicide",33,Gironde,54,0.033,41
2019,5,"Tentatives d'homicide",24,Dordogne,13,0.031,42
2019,5,"Tentatives d'homicide",62,Pas-de-Calais,44,0.030,43
2019,5,"Tentatives d'homicide",92,Hauts-de-Seine,49,0.030,43
2019,5,"Tentatives d'homicide",44,Loire-Atlantique,40,0.028,45
2019,5,"Tentatives d'homicide",86,Vienne,12,0.027,46
2019,5,"Tentatives d'homicide",17,Charente-Maritime,16,0.025,47
2019,5,"Tentatives d'homicide",51,Marne,14,0.025,47
2019,5,"Tentatives d'homicide",40,Landes,10,0.024,49
2019,5,"Tentatives d'homicide",56,Morbihan,18,0.024,49
2019,5,"Tentatives d'homicide",87,Haute-Vienne,9,0.024,49
2019,5,"Tentatives d'homicide",27,Eure,14,0.023,52
2019,5,"Tentatives d'homicide",28,Eure-et-Loir,10,0.023,52
2019,5,"Tentatives d'homicide",29,Finistère,21,0.023,52
2019,5,"Tentatives d'homicide",49,Maine-et-Loire,19,0.023,52
2019,5,"Tentatives d'homicide",73,Savoie,10,0.023,52
2019,5,"Tentatives d'homicide",67,Bas-Rhin,25,0.022,57
2019,5,"Tentatives d'homicide",76,Seine-Maritime,27,0.022,57
2019,5,"Tentatives d'homicide",19,Corrèze,5,0.021,59
2019,5,"Tentatives d'homicide",63,Puy-de-Dôme,14,0.021,59
2019,5,"Tentatives d'homicide",70,Haute-Saône,5,0.021,59
2019,5,"Tentatives d'homicide",09,Ariège,3,0.020,62
2019,5,"Tentatives d'homicide",71,Saône-et-Loire,11,0.020,62
2019,5,"Tentatives d'homicide",02,Aisne,10,0.019,64
2019,5,"Tentatives d'homicide",10,Aube,6,0.019,64
2019,5,"Tentatives d'homicide",82,Tarn-et-Garonne,5,0.019,64
2019,5,"Tentatives d'homicide",12,Aveyron,5,0.018,67
2019,5,"Tentatives d'homicide",37,Indre-et-Loire,11,0.018,67
2019,5,"Tentatives d'homicide",77,Seine-et-Marne,26,0.018,67
2019,5,"Tentatives d'homicide",81,Tarn,7,0.018,67
2019,5,"Tentatives d'homicide",16,Charente,6,0.017,71
2019,5,"Tentatives d'homicide",74,Haute-Savoie,14,0.017,71
2019,5,"Tentatives d'homicide",14,Calvados,11,0.016,73
2019,5,"Tentatives d'homicide",32,Gers,3,0.016,73
2019,5,"Tentatives d'homicide",57,Moselle,17,0.016,73
2019,5,"Tentatives d'homicide",21,Côte-d'Or,8,0.015,76
2019,5,"Tentatives d'homicide",45,Loiret,10,0.015,76
2019,5,"Tentatives d'homicide",47,Lot-et-Garonne,5,0.015,76
2019,5,"Tentatives d'homicide",15,Cantal,2,0.014,79
2019,5,"Tentatives d'homicide",36,Indre,3,0.014,79
2019,5,"Tentatives d'homicide",18,Cher,4,0.013,81
2019,5,"Tentatives d'homicide",08,Ardennes,3,0.011,82
2019,5,"Tentatives d'homicide",55,Meuse,2,0.011,82
2019,5,"Tentatives d'homicide",22,Côtes-d'Armor,6,0.010,84
2019,5,"Tentatives d'homicide",64,Pyrénées-Atlantiques,7,0.010,84
2019,5,"Tentatives d'homicide",01,Ain,6,0.009,86
2019,5,"Tentatives d'homicide",07,Ardèche,3,0.009,86
2019,5,"Tentatives d'homicide",23,Creuse,1,0.009,86
2019,5,"Tentatives d'homicide",41,Loir-et-Cher,3,0.009,86
2019,5,"Tentatives d'homicide",72,Sarthe,4,0.007,90
2019,5,"Tentatives d'homicide",04,Alpes-de-Haute-Provence,1,0.006,91
2019,5,"Tentatives d'homicide",39,Jura,1,0.004,92
2019,5,"Tentatives d'homicide",89,Yonne,1,0.003,93
2019,5,"Tentatives d'homicide",46,Lot,0,0.000,94
2019,5,"Tentatives d'homicide",48,Lozère,0,0.000,94
2019,5,"Tentatives d'homicide",53,Mayenne,0,0.000,94
2019,6,"Trafic de stupéfiants",93,Seine-Saint-Denis,3997,2.430,1
2019,6,"Trafic de stupéfiants",75,Paris,3797,1.753,2
2019,6,"Trafic de stupéfiants",94,Val-de-Marne,2158,1.534,3
2019,6,"Trafic de stupéfiants",74,Haute-Savoie,1187,1.437,4
2019,6,"Trafic de stupéfiants",13,Bouches-du-Rhône,2250,1.101,5
2019,6,"Trafic de stupéfiants",91,Essonne,1414,1.086,6
2019,6,"Trafic de stupéfiants",31,Haute-Garonne,1453,1.038,7
2019,6,"Trafic de stupéfiants",66,Pyrénées-Orientales,471,0.981,8
2019,6,"Trafic de stupéfiants",84,Vaucluse,534,0.951,9
2019,6,"Trafic de stupéfiants",95,Val-d'Oise,1181,0.945,10
2019,6,"Trafic de stupéfiants",06,Alpes-Maritimes,1010,0.923,11
2019,6,"Trafic de stupéfiants",83,Var,960,0.892,12
2019,6,"Trafic de stupéfiants",43,Haute-Loire,193,0.848,13
2019,6,"Trafic de stupéfiants",40,Landes,345,0.834,14
2019,6,"Trafic de stupéfiants",92,Hauts-de-Seine,1342,0.826,15
2019,6,"Trafic de stupéfiants",23,Creuse,88,0.755,16
2019,6,"Trafic de stupéfiants",88,Vosges,272,0.746,17
2019,6,"Trafic de stupéfiants",25,Doubs,400,0.735,18
2019,6,"Trafic de stupéfiants",21,Côte-d'Or,374,0.700,19
2019,6,"Trafic de stupéfiants",34,Hérault,816,0.694,20
2019,6,"Trafic de stupéfiants",59,Nord,1802,0.691,21
2019,6,"Trafic de stupéfiants",28,Eure-et-Loir,298,0.690,22
2019,6,"Trafic de stupéfiants",55,Meuse,127,0.690,22
2019,6,"Trafic de stupéfiants",89,Yonne,221,0.658,24
2019,6,"Trafic de stupéfiants",48,Lozère,48,0.627,25
2019,6,"Trafic de stupéfiants",69,Rhône,1141,0.608,26
2019,6,"Trafic de stupéfiants",78,Yvelines,833,0.575,27
2019,6,"Trafic de stupéfiants",17,Charente-Maritime,369,0.567,28
2019,6,"Trafic de stupéfiants",77,Seine-et-Marne,806,0.567,28
2019,6,"Trafic de stupéfiants",90,"Territoire de Belfort",80,0.566,30
2019,6,"Trafic de stupéfiants",44,Loire-Atlantique,786,0.550,31
2019,6,"Trafic de stupéfiants",39,Jura,142,0.548,32
2019,6,"Trafic de stupéfiants",19,Corrèze,131,0.546,33
2019,6,"Trafic de stupéfiants",67,Bas-Rhin,616,0.540,34
2019,6,"Trafic de stupéfiants",22,Côtes-d'Armor,323,0.538,35
2019,6,"Trafic de stupéfiants",35,Ille-et-Vilaine,580,0.537,36
2019,6,"Trafic de stupéfiants",56,Morbihan,408,0.537,36
2019,6,"Trafic de stupéfiants",76,Seine-Maritime,667,0.531,38
2019,6,"Trafic de stupéfiants",54,Meurthe-et-Moselle,383,0.522,39
2019,6,"Trafic de stupéfiants",57,Moselle,543,0.519,40
2019,6,"Trafic de stupéfiants",09,Ariège,79,0.515,41
2019,6,"Trafic de stupéfiants",29,Finistère,470,0.514,42
2019,6,"Trafic de stupéfiants",04,Alpes-de-Haute-Provence,84,0.511,43
2019,6,"Trafic de stupéfiants",12,Aveyron,141,0.504,44
2019,6,"Trafic de stupéfiants",79,Deux-Sèvres,189,0.504,44
2019,6,"Trafic de stupéfiants",86,Vienne,221,0.504,44
2019,6,"Trafic de stupéfiants",24,Dordogne,207,0.501,47
2019,6,"Trafic de stupéfiants",65,Hautes-Pyrénées,115,0.501,47
2019,6,"Trafic de stupéfiants",38,Isère,636,0.500,49
2019,6,"Trafic de stupéfiants",73,Savoie,218,0.500,49
2019,6,"Trafic de stupéfiants",87,Haute-Vienne,186,0.500,49
2019,6,"Trafic de stupéfiants",08,Ardennes,135,0.499,52
2019,6,"Trafic de stupéfiants",05,Hautes-Alpes,70,0.496,53
2019,6,"Trafic de stupéfiants",60,Oise,409,0.493,54
2019,6,"Trafic de stupéfiants",16,Charente,173,0.491,55
2019,6,"Trafic de stupéfiants",10,Aube,152,0.490,56
2019,6,"Trafic de stupéfiants",71,Saône-et-Loire,269,0.488,57
2019,6,"Trafic de stupéfiants",42,Loire,368,0.481,58
2019,6,"Trafic de stupéfiants",30,Gard,344,0.460,59
2019,6,"Trafic de stupéfiants",53,Mayenne,140,0.456,60
2019,6,"Trafic de stupéfiants",68,Haut-Rhin,349,0.455,61
2019,6,"Trafic de stupéfiants",62,Pas-de-Calais,664,0.453,62
2019,6,"Trafic de stupéfiants",46,Lot,78,0.448,63
2019,6,"Trafic de stupéfiants",50,Manche,220,0.444,64
2019,6,"Trafic de stupéfiants",11,Aude,161,0.430,65
2019,6,"Trafic de stupéfiants",64,Pyrénées-Atlantiques,290,0.425,66
2019,6,"Trafic de stupéfiants",47,Lot-et-Garonne,140,0.423,67
2019,6,"Trafic de stupéfiants",33,Gironde,686,0.422,68
2019,6,"Trafic de stupéfiants",70,Haute-Saône,97,0.412,69
2019,6,"Trafic de stupéfiants",03,Allier,138,0.411,70
2019,6,"Trafic de stupéfiants",2B,Haute-Corse,74,0.407,71
2019,6,"Trafic de stupéfiants",80,Somme,229,0.401,72
2019,6,"Trafic de stupéfiants",27,Eure,240,0.400,73
2019,6,"Trafic de stupéfiants",63,Puy-de-Dôme,265,0.400,73
2019,6,"Trafic de stupéfiants",36,Indre,87,0.397,75
2019,6,"Trafic de stupéfiants",26,Drôme,198,0.383,76
2019,6,"Trafic de stupéfiants",49,Maine-et-Loire,311,0.380,77
2019,6,"Trafic de stupéfiants",52,Haute-Marne,65,0.377,78
2019,6,"Trafic de stupéfiants",14,Calvados,256,0.368,79
2019,6,"Trafic de stupéfiants",85,Vendée,250,0.365,80
2019,6,"Trafic de stupéfiants",45,Loiret,248,0.364,81
2019,6,"Trafic de stupéfiants",51,Marne,203,0.358,82
2019,6,"Trafic de stupéfiants",37,Indre-et-Loire,217,0.356,83
2019,6,"Trafic de stupéfiants",2A,Corse-du-Sud,55,0.347,84
2019,6,"Trafic de stupéfiants",02,Aisne,179,0.337,85
2019,6,"Trafic de stupéfiants",61,Orne,93,0.332,86
2019,6,"Trafic de stupéfiants",18,Cher,93,0.308,87
2019,6,"Trafic de stupéfiants",41,Loir-et-Cher,101,0.307,88
2019,6,"Trafic de stupéfiants",15,Cantal,44,0.304,89
2019,6,"Trafic de stupéfiants",01,Ain,186,0.285,90
2019,6,"Trafic de stupéfiants",72,Sarthe,159,0.281,91
2019,6,"Trafic de stupéfiants",07,Ardèche,90,0.274,92
2019,6,"Trafic de stupéfiants",81,Tarn,106,0.272,93
2019,6,"Trafic de stupéfiants",82,Tarn-et-Garonne,56,0.215,94
2019,6,"Trafic de stupéfiants",58,Nièvre,33,0.161,95
2019,6,"Trafic de stupéfiants",32,Gers,28,0.146,96
2019,7,"Usage de stupéfiants",93,Seine-Saint-Denis,9114,5.541,1
2019,7,"Usage de stupéfiants",04,Alpes-de-Haute-Provence,733,4.461,2
2019,7,"Usage de stupéfiants",05,Hautes-Alpes,624,4.419,3
2019,7,"Usage de stupéfiants",75,Paris,9446,4.362,4
2019,7,"Usage de stupéfiants",78,Yvelines,6181,4.268,5
2019,7,"Usage de stupéfiants",74,Haute-Savoie,3317,4.015,6
2019,7,"Usage de stupéfiants",83,Var,4258,3.955,7
2019,7,"Usage de stupéfiants",77,Seine-et-Marne,5614,3.950,8
2019,7,"Usage de stupéfiants",52,Haute-Marne,680,3.942,9
2019,7,"Usage de stupéfiants",95,Val-d'Oise,4621,3.698,10
2019,7,"Usage de stupéfiants",43,Haute-Loire,821,3.608,11
2019,7,"Usage de stupéfiants",59,Nord,9369,3.592,12
2019,7,"Usage de stupéfiants",89,Yonne,1197,3.566,13
2019,7,"Usage de stupéfiants",80,Somme,2001,3.507,14
2019,7,"Usage de stupéfiants",94,Val-de-Marne,4898,3.481,15
2019,7,"Usage de stupéfiants",69,Rhône,6505,3.468,16
2019,7,"Usage de stupéfiants",55,Meuse,604,3.281,17
2019,7,"Usage de stupéfiants",17,Charente-Maritime,2095,3.216,18
2019,7,"Usage de stupéfiants",19,Corrèze,760,3.166,19
2019,7,"Usage de stupéfiants",91,Essonne,4043,3.106,20
2019,7,"Usage de stupéfiants",34,Hérault,3629,3.087,21
2019,7,"Usage de stupéfiants",06,Alpes-Maritimes,3347,3.059,22
2019,7,"Usage de stupéfiants",84,Vaucluse,1672,2.978,23
2019,7,"Usage de stupéfiants",08,Ardennes,773,2.857,24
2019,7,"Usage de stupéfiants",53,Mayenne,832,2.710,25
2019,7,"Usage de stupéfiants",51,Marne,1534,2.706,26
2019,7,"Usage de stupéfiants",62,Pas-de-Calais,3888,2.653,27
2019,7,"Usage de stupéfiants",07,Ardèche,870,2.650,28
2019,7,"Usage de stupéfiants",41,Loir-et-Cher,857,2.601,29
2019,7,"Usage de stupéfiants",73,Savoie,1126,2.580,30
2019,7,"Usage de stupéfiants",54,Meurthe-et-Moselle,1886,2.570,31
2019,7,"Usage de stupéfiants",13,Bouches-du-Rhône,5221,2.555,32
2019,7,"Usage de stupéfiants",39,Jura,661,2.550,33
2019,7,"Usage de stupéfiants",46,Lot,437,2.510,34
2019,7,"Usage de stupéfiants",88,Vosges,907,2.488,35
2019,7,"Usage de stupéfiants",29,Finistère,2258,2.468,36
2019,7,"Usage de stupéfiants",65,Hautes-Pyrénées,562,2.448,37
2019,7,"Usage de stupéfiants",02,Aisne,1297,2.441,38
2019,7,"Usage de stupéfiants",38,Isère,3059,2.406,39
2019,7,"Usage de stupéfiants",76,Seine-Maritime,3007,2.395,40
2019,7,"Usage de stupéfiants",86,Vienne,1049,2.393,41
2019,7,"Usage de stupéfiants",25,Doubs,1282,2.357,42
2019,7,"Usage de stupéfiants",92,Hauts-de-Seine,3825,2.355,43
2019,7,"Usage de stupéfiants",18,Cher,711,2.352,44
2019,7,"Usage de stupéfiants",26,Drôme,1212,2.345,45
2019,7,"Usage de stupéfiants",42,Loire,1792,2.341,46
2019,7,"Usage de stupéfiants",90,"Territoire de Belfort",327,2.314,47
2019,7,"Usage de stupéfiants",11,Aude,841,2.248,48
2019,7,"Usage de stupéfiants",28,Eure-et-Loir,964,2.234,49
2019,7,"Usage de stupéfiants",03,Allier,744,2.214,50
2019,7,"Usage de stupéfiants",36,Indre,484,2.207,51
2019,7,"Usage de stupéfiants",48,Lozère,169,2.206,52
2019,7,"Usage de stupéfiants",2B,Haute-Corse,400,2.199,53
2019,7,"Usage de stupéfiants",12,Aveyron,613,2.192,54
2019,7,"Usage de stupéfiants",60,Oise,1814,2.187,55
2019,7,"Usage de stupéfiants",21,Côte-d'Or,1165,2.181,56
2019,7,"Usage de stupéfiants",71,Saône-et-Loire,1162,2.107,57
2019,7,"Usage de stupéfiants",32,Gers,399,2.085,58
2019,7,"Usage de stupéfiants",10,Aube,635,2.047,59
2019,7,"Usage de stupéfiants",57,Moselle,2096,2.003,60
2019,7,"Usage de stupéfiants",50,Manche,991,2.002,61
2019,7,"Usage de stupéfiants",01,Ain,1302,1.996,62
2019,7,"Usage de stupéfiants",45,Loiret,1344,1.975,63
2019,7,"Usage de stupéfiants",14,Calvados,1369,1.970,64
2019,7,"Usage de stupéfiants",27,Eure,1179,1.967,65
2019,7,"Usage de stupéfiants",33,Gironde,3183,1.960,66
2019,7,"Usage de stupéfiants",44,Loire-Atlantique,2762,1.932,67
2019,7,"Usage de stupéfiants",2A,Corse-du-Sud,305,1.924,68
2019,7,"Usage de stupéfiants",23,Creuse,219,1.878,69
2019,7,"Usage de stupéfiants",66,Pyrénées-Orientales,877,1.827,70
2019,7,"Usage de stupéfiants",16,Charente,633,1.798,71
2019,7,"Usage de stupéfiants",70,Haute-Saône,423,1.798,71
2019,7,"Usage de stupéfiants",61,Orne,502,1.793,73
2019,7,"Usage de stupéfiants",09,Ariège,270,1.761,74
2019,7,"Usage de stupéfiants",64,Pyrénées-Atlantiques,1180,1.729,75
2019,7,"Usage de stupéfiants",68,Haut-Rhin,1324,1.726,76
2019,7,"Usage de stupéfiants",30,Gard,1278,1.708,77
2019,7,"Usage de stupéfiants",22,Côtes-d'Armor,1021,1.700,78
2019,7,"Usage de stupéfiants",82,Tarn-et-Garonne,443,1.699,79
2019,7,"Usage de stupéfiants",31,Haute-Garonne,2352,1.680,80
2019,7,"Usage de stupéfiants",40,Landes,686,1.658,81
2019,7,"Usage de stupéfiants",35,Ille-et-Vilaine,1789,1.657,82
2019,7,"Usage de stupéfiants",81,Tarn,638,1.637,83
2019,7,"Usage de stupéfiants",72,Sarthe,924,1.631,84
2019,7,"Usage de stupéfiants",56,Morbihan,1194,1.572,85
2019,7,"Usage de stupéfiants",85,Vendée,1074,1.567,86
2019,7,"Usage de stupéfiants",24,Dordogne,643,1.556,87
2019,7,"Usage de stupéfiants",67,Bas-Rhin,1773,1.555,88
2019,7,"Usage de stupéfiants",58,Nièvre,316,1.546,89
2019,7,"Usage de stupéfiants",87,Haute-Vienne,571,1.533,90
2019,7,"Usage de stupéfiants",49,Maine-et-Loire,1254,1.532,91
2019,7,"Usage de stupéfiants",79,Deux-Sèvres,567,1.512,92
2019,7,"Usage de stupéfiants",63,Puy-de-Dôme,995,1.503,93
2019,7,"Usage de stupéfiants",47,Lot-et-Garonne,475,1.434,94
2019,7,"Usage de stupéfiants",37,Indre-et-Loire,817,1.339,95
2019,7,"Usage de stupéfiants",15,Cantal,177,1.223,96
2019,8,"Usage de stupéfiants (AFD)",01,Ain,0,0.000,1
2019,8,"Usage de stupéfiants (AFD)",02,Aisne,0,0.000,1
2019,8,"Usage de stupéfiants (AFD)",03,Allier,0,0.000,1
2019,8,"Usage de stupéfiants (AFD)",04,Alpes-de-Haute-Provence,0,0.000,1
2019,8,"Usage de stupéfiants (AFD)",05,Hautes-Alpes,0,0.000,1
2019,8,"Usage de stupéfiants (AFD)",06,Alpes-Maritimes,0,0.000,1
2019,8,"Usage de stupéfiants (AFD)",07,Ardèche,0,0.000,1
2019,8,"Usage de stupéfiants (AFD)",08,Ardennes,0,0.000,1
2019,8,"Usage de stupéfiants (AFD)",09,Ariège,0,0.000,1
2019,8,"Usage de stupéfiants (AFD)",10,Aube,0,0.000,1
2019,8,"Usage de stupéfiants (AFD)",11,Aude,0,0.000,1
2019,8,"Usage de stupéfiants (AFD)",12,Aveyron,0,0.000,1
2019,8,"Usage de stupéfiants (AFD)",13,Bouches-du-Rhône,0,0.000,1
2019,8,"Usage de stupéfiants (AFD)",14,Calvados,0,0.000,1
2019,8,"Usage de stupéfiants (AFD)",15,Cantal,0,0.000,1
2019,8,"Usage de stupéfiants (AFD)",16,Charente,0,0.000,1
2019,8,"Usage de stupéfiants (AFD)",17,Charente-Maritime,0,0.000,1
2019,8,"Usage de stupéfiants (AFD)",18,Cher,0,0.000,1
2019,8,"Usage de stupéfiants (AFD)",19,Corrèze,0,0.000,1
2019,8,"Usage de stupéfiants (AFD)",21,Côte-d'Or,0,0.000,1
2019,8,"Usage de stupéfiants (AFD)",22,Côtes-d'Armor,0,0.000,1
2019,8,"Usage de stupéfiants (AFD)",23,Creuse,0,0.000,1
2019,8,"Usage de stupéfiants (AFD)",24,Dordogne,0,0.000,1
2019,8,"Usage de stupéfiants (AFD)",25,Doubs,0,0.000,1
2019,8,"Usage de stupéfiants (AFD)",26,Drôme,0,0.000,1
2019,8,"Usage de stupéfiants (AFD)",27,Eure,0,0.000,1
2019,8,"Usage de stupéfiants (AFD)",28,Eure-et-Loir,0,0.000,1
2019,8,"Usage de stupéfiants (AFD)",29,Finistère,0,0.000,1
2019,8,"Usage de stupéfiants (AFD)",2A,Corse-du-Sud,0,0.000,1
2019,8,"Usage de stupéfiants (AFD)",2B,Haute-Corse,0,0.000,1
2019,8,"Usage de stupéfiants (AFD)",30,Gard,0,0.000,1
2019,8,"Usage de stupéfiants (AFD)",31,Haute-Garonne,0,0.000,1
2019,8,"Usage de stupéfiants (AFD)",32,Gers,0,0.000,1
2019,8,"Usage de stupéfiants (AFD)",33,Gironde,0,0.000,1
2019,8,"Usage de stupéfiants (AFD)",34,Hérault,0,0.000,1
2019,8,"Usage de stupéfiants (AFD)",35,Ille-et-Vilaine,0,0.000,1
2019,8,"Usage de stupéfiants (AFD)",36,Indre,0,0.000,1
2019,8,"Usage de stupéfiants (AFD)",37,Indre-et-Loire,0,0.000,1
2019,8,"Usage de stupéfiants (AFD)",38,Isère,0,0.000,1
2019,8,"Usage de stupéfiants (AFD)",39,Jura,0,0.000,1
2019,8,"Usage de stupéfiants (AFD)",40,Landes,0,0.000,1
2019,8,"Usage de stupéfiants (AFD)",41,Loir-et-Cher,0,0.000,1
2019,8,"Usage de stupéfiants (AFD)",42,Loire,0,0.000,1
2019,8,"Usage de stupéfiants (AFD)",43,Haute-Loire,0,0.000,1
2019,8,"Usage de stupéfiants (AFD)",44,Loire-Atlantique,0,0.000,1
2019,8,"Usage de stupéfiants (AFD)",45,Loiret,0,0.000,1
2019,8,"Usage de stupéfiants (AFD)",46,Lot,0,0.000,1
2019,8,"Usage de stupéfiants (AFD)",47,Lot-et-Garonne,0,0.000,1
2019,8,"Usage de stupéfiants (AFD)",48,Lozère,0,0.000,1
2019,8,"Usage de stupéfiants (AFD)",49,Maine-et-Loire,0,0.000,1
2019,8,"Usage de stupéfiants (AFD)",50,Manche,0,0.000,1
2019,8,"Usage de stupéfiants (AFD)",51,Marne,0,0.000,1
2019,8,"Usage de stupéfiants (AFD)",52,Haute-Marne,0,0.000,1
2019,8,"Usage de stupéfiants (AFD)",53,Mayenne,0,0.000,1
2019,8,"Usage de stupéfiants (AFD)",54,Meurthe-et-Moselle,0,0.000,1
2019,8,"Usage de stupéfiants (AFD)",55,Meuse,0,0.000,1
2019,8,"Usage de stupéfiants (AFD)",56,Morbihan,0,0.000,1
2019,8,"Usage de stupéfiants (AFD)",57,Moselle,0,0.000,1
2019,8,"Usage de stupéfiants (AFD)",58,Nièvre,0,0.000,1
2019,8,"Usage de stupéfiants (AFD)",59,Nord,0,0.000,1
2019,8,"Usage de stupéfiants (AFD)",60,Oise,0,0.000,1
2019,8,"Usage de stupéfiants (AFD)",61,Orne,0,0.000,1
2019,8,"Usage de stupéfiants (AFD)",62,Pas-de-Calais,0,0.000,1
2019,8,"Usage de stupéfiants (AFD)",63,Puy-de-Dôme,0,0.000,1
2019,8,"Usage de stupéfiants (AFD)",64,Pyrénées-Atlantiques,0,0.000,1
2019,8,"Usage de stupéfiants (AFD)",65,Hautes-Pyrénées,0,0.000,1
2019,8,"Usage de stupéfiants (AFD)",66,Pyrénées-Orientales,0,0.000,1
2019,8,"Usage de stupéfiants (AFD)",67,Bas-Rhin,0,0.000,1
2019,8,"Usage de stupéfiants (AFD)",68,Haut-Rhin,0,0.000,1
2019,8,"Usage de stupéfiants (AFD)",69,Rhône,0,0.000,1
2019,8,"Usage de stupéfiants (AFD)",70,Haute-Saône,0,0.000,1
2019,8,"Usage de stupéfiants (AFD)",71,Saône-et-Loire,0,0.000,1
2019,8,"Usage de stupéfiants (AFD)",72,Sarthe,0,0.000,1
2019,8,"Usage de stupéfiants (AFD)",73,Savoie,0,0.000,1
2019,8,"Usage de stupéfiants (AFD)",74,Haute-Savoie,0,0.000,1
2019,8,"Usage de stupéfiants (AFD)",75,Paris,0,0.000,1
2019,8,"Usage de stupéfiants (AFD)",76,Seine-Maritime,0,0.000,1
2019,8,"Usage de stupéfiants (AFD)",77,Seine-et-Marne,0,0.000,1
2019,8,"Usage de stupéfiants (AFD)",78,Yvelines,0,0.000,1
2019,8,"Usage de stupéfiants (AFD)",79,Deux-Sèvres,0,0.000,1
2019,8,"Usage de stupéfiants (AFD)",80,Somme,0,0.000,1
2019,8,"Usage de stupéfiants (AFD)",81,Tarn,0,0.000,1
2019,8,"Usage de stupéfiants (AFD)",82,Tarn-et-Garonne,0,0.000,1
2019,8,"Usage de stupéfiants (AFD)",83,Var,0,0.000,1
2019,8,"Usage de stupéfiants (AFD)",84,Vaucluse,0,0.000,1
2019,8,"Usage de stupéfiants (AFD)",85,Vendée,0,0.000,1
2019,8,"Usage de stupéfiants (AFD)",86,Vienne,0,0.000,1
2019,8,"Usage de stupéfiants (AFD)",87,Haute-Vienne,0,0.000,1
2019,8,"Usage de stupéfiants (AFD)",88,Vosges,0,0.000,1
2019,8,"Usage de stupéfiants (AFD)",89,Yonne,0,0.000,1
2019,8,"Usage de stupéfiants (AFD)",90,"Territoire de Belfort",0,0.000,1
2019,8,"Usage de stupéfiants (AFD)",91,Essonne,0,0.000,1
2019,8,"Usage de stupéfiants (AFD)",92,Hauts-de-Seine,0,0.000,1
2019,8,"Usage de stupéfiants (AFD)",93,Seine-Saint-Denis,0,0.000,1
2019,8,"Usage de stupéfiants (AFD)",94,Val-de-Marne,0,0.000,1
2019,8,"Usage de stupéfiants (AFD)",95,Val-d'Oise,0,0.000,1
2019,9,"Usage de stupéfiants (hors AFD)",93,Seine-Saint-Denis,9114,5.541,1
2019,9,"Usage de stupéfiants (hors AFD)",04,Alpes-de-Haute-Provence,733,4.461,2
2019,9,"Usage de stupéfiants (hors AFD)",05,Hautes-Alpes,624,4.419,3
2019,9,"Usage de stupéfiants (hors AFD)",75,Paris,9446,4.362,4
2019,9,"Usage de stupéfiants (hors AFD)",78,Yvelines,6181,4.268,5
2019,9,"Usage de stupéfiants (hors AFD)",74,Haute-Savoie,3317,4.015,6
2019,9,"Usage de stupéfiants (hors AFD)",83,Var,4258,3.955,7
2019,9,"Usage de stupéfiants (hors AFD)",77,Seine-et-Marne,5614,3.950,8
2019,9,"Usage de stupéfiants (hors AFD)",52,Haute-Marne,680,3.942,9
2019,9,"Usage de stupéfiants (hors AFD)",95,Val-d'Oise,4621,3.698,10
2019,9,"Usage de stupéfiants (hors AFD)",43,Haute-Loire,821,3.608,11
2019,9,"Usage de stupéfiants (hors AFD)",59,Nord,9369,3.592,12
2019,9,"Usage de stupéfiants (hors AFD)",89,Yonne,1197,3.566,13
2019,9,"Usage de stupéfiants (hors AFD)",80,Somme,2001,3.507,14
2019,9,"Usage de stupéfiants (hors AFD)",94,Val-de-Marne,4898,3.481,15
2019,9,"Usage de stupéfiants (hors AFD)",69,Rhône,6505,3.468,16
2019,9,"Usage de stupéfiants (hors AFD)",55,Meuse,604,3.281,17
2019,9,"Usage de stupéfiants (hors AFD)",17,Charente-Maritime,2095,3.216,18
2019,9,"Usage de stupéfiants (hors AFD)",19,Corrèze,760,3.166,19
2019,9,"Usage de stupéfiants (hors AFD)",91,Essonne,4043,3.106,20
2019,9,"Usage de stupéfiants (hors AFD)",34,Hérault,3629,3.087,21
2019,9,"Usage de stupéfiants (hors AFD)",06,Alpes-Maritimes,3347,3.059,22
2019,9,"Usage de stupéfiants (hors AFD)",84,Vaucluse,1672,2.978,23
2019,9,"Usage de stupéfiants (hors AFD)",08,Ardennes,773,2.857,24
2019,9,"Usage de stupéfiants (hors AFD)",53,Mayenne,832,2.710,25
2019,9,"Usage de stupéfiants (hors AFD)",51,Marne,1534,2.706,26
2019,9,"Usage de stupéfiants (hors AFD)",62,Pas-de-Calais,3888,2.653,27
2019,9,"Usage de stupéfiants (hors AFD)",07,Ardèche,870,2.650,28
2019,9,"Usage de stupéfiants (hors AFD)",41,Loir-et-Cher,857,2.601,29
2019,9,"Usage de stupéfiants (hors AFD)",73,Savoie,1126,2.580,30
2019,9,"Usage de stupéfiants (hors AFD)",54,Meurthe-et-Moselle,1886,2.570,31
2019,9,"Usage de stupéfiants (hors AFD)",13,Bouches-du-Rhône,5221,2.555,32
2019,9,"Usage de stupéfiants (hors AFD)",39,Jura,661,2.550,33
2019,9,"Usage de stupéfiants (hors AFD)",46,Lot,437,2.510,34
2019,9,"Usage de stupéfiants (hors AFD)",88,Vosges,907,2.488,35
2019,9,"Usage de stupéfiants (hors AFD)",29,Finistère,2258,2.468,36
2019,9,"Usage de stupéfiants (hors AFD)",65,Hautes-Pyrénées,562,2.448,37
2019,9,"Usage de stupéfiants (hors AFD)",02,Aisne,1297,2.441,38
2019,9,"Usage de stupéfiants (hors AFD)",38,Isère,3059,2.406,39
2019,9,"Usage de stupéfiants (hors AFD)",76,Seine-Maritime,3007,2.395,40
2019,9,"Usage de stupéfiants (hors AFD)",86,Vienne,1049,2.393,41
2019,9,"Usage de stupéfiants (hors AFD)",25,Doubs,1282,2.357,42
2019,9,"Usage de stupéfiants (hors AFD)",92,Hauts-de-Seine,3825,2.355,43
2019,9,"Usage de stupéfiants (hors AFD)",18,Cher,711,2.352,44
2019,9,"Usage de stupéfiants (hors AFD)",26,Drôme,1212,2.345,45
2019,9,"Usage de stupéfiants (hors AFD)",42,Loire,1792,2.341,46
2019,9,"Usage de stupéfiants (hors AFD)",90,"Territoire de Belfort",327,2.314,47
2019,9,"Usage de stupéfiants (hors AFD)",11,Aude,841,2.248,48
2019,9,"Usage de stupéfiants (hors AFD)",28,Eure-et-Loir,964,2.234,49
2019,9,"Usage de stupéfiants (hors AFD)",03,Allier,744,2.214,50
2019,9,"Usage de stupéfiants (hors AFD)",36,Indre,484,2.207,51
2019,9,"Usage de stupéfiants (hors AFD)",48,Lozère,169,2.206,52
2019,9,"Usage de stupéfiants (hors AFD)",2B,Haute-Corse,400,2.199,53
2019,9,"Usage de stupéfiants (hors AFD)",12,Aveyron,613,2.192,54
2019,9,"Usage de stupéfiants (hors AFD)",60,Oise,1814,2.187,55
2019,9,"Usage de stupéfiants (hors AFD)",21,Côte-d'Or,1165,2.181,56
2019,9,"Usage de stupéfiants (hors AFD)",71,Saône-et-Loire,1162,2.107,57
2019,9,"Usage de stupéfiants (hors AFD)",32,Gers,399,2.085,58
2019,9,"Usage de stupéfiants (hors AFD)",10,Aube,635,2.047,59
2019,9,"Usage de stupéfiants (hors AFD)",57,Moselle,2096,2.003,60
2019,9,"Usage de stupéfiants (hors AFD)",50,Manche,991,2.002,61
2019,9,"Usage de stupéfiants (hors AFD)",01,Ain,1302,1.996,62
2019,9,"Usage de stupéfiants (hors AFD)",45,Loiret,1344,1.975,63
2019,9,"Usage de stupéfiants (hors AFD)",14,Calvados,1369,1.970,64
2019,9,"Usage de stupéfiants (hors AFD)",27,Eure,1179,1.967,65
2019,9,"Usage de stupéfiants (hors AFD)",33,Gironde,3183,1.960,66
2019,9,"Usage de stupéfiants (hors AFD)",44,Loire-Atlantique,2762,1.932,67
2019,9,"Usage de stupéfiants (hors AFD)",2A,Corse-du-Sud,305,1.924,68
2019,9,"Usage de stupéfiants (hors AFD)",23,Creuse,219,1.878,69
2019,9,"Usage de stupéfiants (hors AFD)",66,Pyrénées-Orientales,877,1.827,70
2019,9,"Usage de stupéfiants (hors AFD)",16,Charente,633,1.798,71
2019,9,"Usage de stupéfiants (hors AFD)",70,Haute-Saône,423,1.798,71
2019,9,"Usage de stupéfiants (hors AFD)",61,Orne,502,1.793,73
2019,9,"Usage de stupéfiants (hors AFD)",09,Ariège,270,1.761,74
2019,9,"Usage de stupéfiants (hors AFD)",64,Pyrénées-Atlantiques,1180,1.729,75
2019,9,"Usage de stupéfiants (hors AFD)",68,Haut-Rhin,1324,1.726,76
2019,9,"Usage de stupéfiants (hors AFD)",30,Gard,1278,1.708,77
2019,9,"Usage de stupéfiants (hors AFD)",22,Côtes-d'Armor,1021,1.700,78
2019,9,"Usage de stupéfiants (hors AFD)",82,Tarn-et-Garonne,443,1.699,79
2019,9,"Usage de stupéfiants (hors AFD)",31,Haute-Garonne,2352,1.680,80
2019,9,"Usage de stupéfiants (hors AFD)",40,Landes,686,1.658,81
2019,9,"Usage de stupéfiants (hors AFD)",35,Ille-et-Vilaine,1789,1.657,82
2019,9,"Usage de stupéfiants (hors AFD)",81,Tarn,638,1.637,83
2019,9,"Usage de stupéfiants (hors AFD)",72,Sarthe,924,1.631,84
2019,9,"Usage de stupéfiants (hors AFD)",56,Morbihan,1194,1.572,85
2019,9,"Usage de stupéfiants (hors AFD)",85,Vendée,1074,1.567,86
2019,9,"Usage de stupéfiants (hors AFD)",24,Dordogne,643,1.556,87
2019,9,"Usage de stupéfiants (hors AFD)",67,Bas-Rhin,1773,1.555,88
2019,9,"Usage de stupéfiants (hors AFD)",58,Nièvre,316,1.546,89
2019,9,"Usage de stupéfiants (hors AFD)",87,Haute-Vienne,571,1.533,90
2019,9,"Usage de stupéfiants (hors AFD)",49,Maine-et-Loire,1254,1.532,91
2019,9,"Usage de stupéfiants (hors AFD)",79,Deux-Sèvres,567,1.512,92
2019,9,"Usage de stupéfiants (hors AFD)",63,Puy-de-Dôme,995,1.503,93
2019,9,"Usage de stupéfiants (hors AFD)",47,Lot-et-Garonne,475,1.434,94
2019,9,"Usage de stupéfiants (hors AFD)",37,Indre-et-Loire,817,1.339,95
2019,9,"Usage de stupéfiants (hors AFD)",15,Cantal,177,1.223,96
2019,10,"Violences physiques hors cadre familial",75,Paris,10183,4.703,1
2019,10,"Violences physiques hors cadre familial",93,Seine-Saint-Denis,7241,4.402,2
2019,10,"Violences physiques hors cadre familial",13,Bouches-du-Rhône,7371,3.608,3
2019,10,"Violences physiques hors cadre familial",66,Pyrénées-Orientales,1705,3.552,4
2019,10,"Violences physiques hors cadre familial",34,Hérault,4140,3.522,5
2019,10,"Violences physiques hors cadre familial",69,Rhône,6568,3.502,6
2019,10,"Violences physiques hors cadre familial",59,Nord,9019,3.458,7
2019,10,"Violences physiques hors cadre familial",62,Pas-de-Calais,4873,3.326,8
2019,10,"Violences physiques hors cadre familial",10,Aube,997,3.214,9
2019,10,"Violences physiques hors cadre familial",08,Ardennes,867,3.204,10
2019,10,"Violences physiques hors cadre familial",06,Alpes-Maritimes,3445,3.148,11
2019,10,"Violences physiques hors cadre familial",90,"Territoire de Belfort",439,3.106,12
2019,10,"Violences physiques hors cadre familial",83,Var,3328,3.091,13
2019,10,"Violences physiques hors cadre familial",52,Haute-Marne,520,3.014,14
2019,10,"Violences physiques hors cadre familial",25,Doubs,1639,3.013,15
2019,10,"Violences physiques hors cadre familial",95,Val-d'Oise,3692,2.954,16
2019,10,"Violences physiques hors cadre familial",54,Meurthe-et-Moselle,2153,2.934,17
2019,10,"Violences physiques hors cadre familial",51,Marne,1631,2.877,18
2019,10,"Violences physiques hors cadre familial",76,Seine-Maritime,3594,2.862,19
2019,10,"Violences physiques hors cadre familial",80,Somme,1610,2.822,20
2019,10,"Violences physiques hors cadre familial",38,Isère,3581,2.817,21
2019,10,"Violences physiques hors cadre familial",31,Haute-Garonne,3923,2.802,22
2019,10,"Violences physiques hors cadre familial",09,Ariège,429,2.799,23
2019,10,"Violences physiques hors cadre familial",84,Vaucluse,1566,2.789,24
2019,10,"Violences physiques hors cadre familial",68,Haut-Rhin,2121,2.765,25
2019,10,"Violences physiques hors cadre familial",02,Aisne,1459,2.746,26
2019,10,"Violences physiques hors cadre familial",30,Gard,2051,2.740,27
2019,10,"Violences physiques hors cadre familial",89,Yonne,916,2.729,28
2019,10,"Violences physiques hors cadre familial",94,Val-de-Marne,3797,2.698,29
2019,10,"Violences physiques hors cadre familial",47,Lot-et-Garonne,889,2.684,30
2019,10,"Violences physiques hors cadre familial",33,Gironde,4302,2.649,31
2019,10,"Violences physiques hors cadre familial",42,Loire,2010,2.625,32
2019,10,"Violences physiques hors cadre familial",60,Oise,2168,2.614,33
2019,10,"Violences physiques hors cadre familial",55,Meuse,480,2.608,34
2019,10,"Violences physiques hors cadre familial",45,Loiret,1767,2.597,35
2019,10,"Violences physiques hors cadre familial",91,Essonne,3361,2.582,36
2019,10,"Violences physiques hors cadre familial",72,Sarthe,1457,2.572,37
2019,10,"Violences physiques hors cadre familial",44,Loire-Atlantique,3667,2.566,38
2019,10,"Violences physiques hors cadre familial",67,Bas-Rhin,2900,2.544,39
2019,10,"Violences physiques hors cadre familial",57,Moselle,2634,2.517,40
2019,10,"Violences physiques hors cadre familial",11,Aude,921,2.462,41
2019,10,"Violences physiques hors cadre familial",28,Eure-et-Loir,1062,2.461,42
2019,10,"Violences physiques hors cadre familial",27,Eure,1474,2.459,43
2019,10,"Violences physiques hors cadre familial",73,Savoie,1069,2.449,44
2019,10,"Violences physiques hors cadre familial",77,Seine-et-Marne,3418,2.405,45
2019,10,"Violences physiques hors cadre familial",04,Alpes-de-Haute-Provence,395,2.404,46
2019,10,"Violences physiques hors cadre familial",48,Lozère,182,2.376,47
2019,10,"Violences physiques hors cadre familial",26,Drôme,1225,2.371,48
2019,10,"Violences physiques hors cadre familial",21,Côte-d'Or,1264,2.366,49
2019,10,"Violences physiques hors cadre familial",16,Charente,812,2.307,50
2019,10,"Violences physiques hors cadre familial",2A,Corse-du-Sud,364,2.296,51
2019,10,"Violences physiques hors cadre familial",17,Charente-Maritime,1487,2.283,52
2019,10,"Violences physiques hors cadre familial",18,Cher,683,2.259,53
2019,10,"Violences physiques hors cadre familial",14,Calvados,1568,2.256,54
2019,10,"Violences physiques hors cadre familial",37,Indre-et-Loire,1362,2.232,55
2019,10,"Violences physiques hors cadre familial",78,Yvelines,3214,2.219,56
2019,10,"Violences physiques hors cadre familial",39,Jura,572,2.207,57
2019,10,"Violences physiques hors cadre familial",61,Orne,616,2.200,58
2019,10,"Violences physiques hors cadre familial",41,Loir-et-Cher,722,2.191,59
2019,10,"Violences physiques hors cadre familial",82,Tarn-et-Garonne,571,2.191,59
2019,10,"Violences physiques hors cadre familial",88,Vosges,798,2.189,61
2019,10,"Violences physiques hors cadre familial",81,Tarn,853,2.188,62
2019,10,"Violences physiques hors cadre familial",03,Allier,731,2.176,63
2019,10,"Violences physiques hors cadre familial",74,Haute-Savoie,1784,2.160,64
2019,10,"Violences physiques hors cadre familial",35,Ille-et-Vilaine,2324,2.153,65
2019,10,"Violences physiques hors cadre familial",65,Hautes-Pyrénées,490,2.134,66
2019,10,"Violences physiques hors cadre familial",92,Hauts-de-Seine,3466,2.134,66
2019,10,"Violences physiques hors cadre familial",70,Haute-Saône,502,2.133,68
2019,10,"Violences physiques hors cadre familial",2B,Haute-Corse,380,2.089,69
2019,10,"Violences physiques hors cadre familial",86,Vienne,908,2.071,70
2019,10,"Violences physiques hors cadre familial",36,Indre,452,2.061,71
2019,10,"Violences physiques hors cadre familial",29,Finistère,1881,2.056,72
2019,10,"Violences physiques hors cadre familial",56,Morbihan,1562,2.056,72
2019,10,"Violences physiques hors cadre familial",05,Hautes-Alpes,282,1.997,74
2019,10,"Violences physiques hors cadre familial",23,Creuse,225,1.929,75
2019,10,"Violences physiques hors cadre familial",71,Saône-et-Loire,1062,1.926,76
2019,10,"Violences physiques hors cadre familial",58,Nièvre,392,1.917,77
2019,10,"Violences physiques hors cadre familial",87,Haute-Vienne,704,1.891,78
2019,10,"Violences physiques hors cadre familial",63,Puy-de-Dôme,1247,1.883,79
2019,10,"Violences physiques hors cadre familial",12,Aveyron,526,1.881,80
2019,10,"Violences physiques hors cadre familial",64,Pyrénées-Atlantiques,1250,1.831,81
2019,10,"Violences physiques hors cadre familial",50,Manche,891,1.800,82
2019,10,"Violences physiques hors cadre familial",19,Corrèze,431,1.795,83
2019,10,"Violences physiques hors cadre familial",01,Ain,1161,1.779,84
2019,10,"Violences physiques hors cadre familial",79,Deux-Sèvres,664,1.771,85
2019,10,"Violences physiques hors cadre familial",07,Ardèche,578,1.761,86
2019,10,"Violences physiques hors cadre familial",49,Maine-et-Loire,1425,1.741,87
2019,10,"Violences physiques hors cadre familial",24,Dordogne,714,1.728,88
2019,10,"Violences physiques hors cadre familial",53,Mayenne,526,1.713,89
2019,10,"Violences physiques hors cadre familial",22,Côtes-d'Armor,1004,1.672,90
2019,10,"Violences physiques hors cadre familial",46,Lot,291,1.672,90
2019,10,"Violences physiques hors cadre familial",40,Landes,670,1.620,92
2019,10,"Violences physiques hors cadre familial",43,Haute-Loire,361,1.586,93
2019,10,"Violences physiques hors cadre familial",85,Vendée,1051,1.533,94
2019,10,"Violences physiques hors cadre familial",15,Cantal,217,1.500,95
2019,10,"Violences physiques hors cadre familial",32,Gers,241,1.259,96
2019,11,"Violences physiques intrafamiliales",93,Seine-Saint-Denis,5801,3.527,1
2019,11,"Violences physiques intrafamiliales",62,Pas-de-Calais,4693,3.203,2
2019,11,"Violences physiques intrafamiliales",80,Somme,1698,2.976,3
2019,11,"Violences physiques intrafamiliales",89,Yonne,998,2.973,4
2019,11,"Violences physiques intrafamiliales",59,Nord,7712,2.957,5
2019,11,"Violences physiques intrafamiliales",02,Aisne,1523,2.866,6
2019,11,"Violences physiques intrafamiliales",10,Aube,824,2.656,7
2019,11,"Violences physiques intrafamiliales",94,Val-de-Marne,3733,2.653,8
2019,11,"Violences physiques intrafamiliales",13,Bouches-du-Rhône,5358,2.622,9
2019,11,"Violences physiques intrafamiliales",72,Sarthe,1485,2.622,9
2019,11,"Violences physiques intrafamiliales",06,Alpes-Maritimes,2859,2.613,11
2019,11,"Violences physiques intrafamiliales",77,Seine-et-Marne,3696,2.601,12
2019,11,"Violences physiques intrafamiliales",60,Oise,2119,2.555,13
2019,11,"Violences physiques intrafamiliales",95,Val-d'Oise,3149,2.520,14
2019,11,"Violences physiques intrafamiliales",90,"Territoire de Belfort",355,2.512,15
2019,11,"Violences physiques intrafamiliales",45,Loiret,1707,2.509,16
2019,11,"Violences physiques intrafamiliales",91,Essonne,3194,2.454,17
2019,11,"Violences physiques intrafamiliales",51,Marne,1355,2.390,18
2019,11,"Violences physiques intrafamiliales",28,Eure-et-Loir,1026,2.377,19
2019,11,"Violences physiques intrafamiliales",08,Ardennes,633,2.339,20
2019,11,"Violences physiques intrafamiliales",69,Rhône,4381,2.336,21
2019,11,"Violences physiques intrafamiliales",25,Doubs,1268,2.331,22
2019,11,"Violences physiques intrafamiliales",66,Pyrénées-Orientales,1110,2.313,23
2019,11,"Violences physiques intrafamiliales",16,Charente,799,2.270,24
2019,11,"Violences physiques intrafamiliales",83,Var,2423,2.250,25
2019,11,"Violences physiques intrafamiliales",27,Eure,1347,2.247,26
2019,11,"Violences physiques intrafamiliales",68,Haut-Rhin,1718,2.240,27
2019,11,"Violences physiques intrafamiliales",92,Hauts-de-Seine,3635,2.238,28
2019,11,"Violences physiques intrafamiliales",54,Meurthe-et-Moselle,1637,2.231,29
2019,11,"Violences physiques intrafamiliales",09,Ariège,338,2.205,30
2019,11,"Violences physiques intrafamiliales",70,Haute-Saône,511,2.172,31
2019,11,"Violences physiques intrafamiliales",04,Alpes-de-Haute-Provence,356,2.167,32
2019,11,"Violences physiques intrafamiliales",78,Yvelines,3107,2.145,33
2019,11,"Violences physiques intrafamiliales",53,Mayenne,655,2.133,34
2019,11,"Violences physiques intrafamiliales",61,Orne,593,2.118,35
2019,11,"Violences physiques intrafamiliales",52,Haute-Marne,362,2.098,36
2019,11,"Violences physiques intrafamiliales",38,Isère,2665,2.097,37
2019,11,"Violences physiques intrafamiliales",18,Cher,625,2.067,38
2019,11,"Violences physiques intrafamiliales",31,Haute-Garonne,2867,2.048,39
2019,11,"Violences physiques intrafamiliales",67,Bas-Rhin,2335,2.048,39
2019,11,"Violences physiques intrafamiliales",32,Gers,390,2.038,41
2019,11,"Violences physiques intrafamiliales",47,Lot-et-Garonne,675,2.038,41
2019,11,"Violences physiques intrafamiliales",11,Aude,762,2.037,43
2019,11,"Violences physiques intrafamiliales",84,Vaucluse,1143,2.036,44
2019,11,"Violences physiques intrafamiliales",30,Gard,1523,2.035,45
2019,11,"Violences physiques intrafamiliales",76,Seine-Maritime,2530,2.015,46
2019,11,"Violences physiques intrafamiliales",03,Allier,671,1.997,47
2019,11,"Violences physiques intrafamiliales",41,Loir-et-Cher,658,1.997,47
2019,11,"Violences physiques intrafamiliales",05,Hautes-Alpes,281,1.990,49
2019,11,"Violences physiques intrafamiliales",34,Hérault,2304,1.960,50
2019,11,"Violences physiques intrafamiliales",26,Drôme,1003,1.941,51
2019,11,"Violences physiques intrafamiliales",56,Morbihan,1472,1.938,52
2019,11,"Violences physiques intrafamiliales",44,Loire-Atlantique,2736,1.914,53
2019,11,"Violences physiques intrafamiliales",37,Indre-et-Loire,1159,1.900,54
2019,11,"Violences physiques intrafamiliales",17,Charente-Maritime,1233,1.893,55
2019,11,"Violences physiques intrafamiliales",86,Vienne,828,1.889,56
2019,11,"Violences physiques intrafamiliales",36,Indre,413,1.883,57
2019,11,"Violences physiques intrafamiliales",74,Haute-Savoie,1555,1.882,58
2019,11,"Violences physiques intrafamiliales",79,Deux-Sèvres,705,1.881,59
2019,11,"Violences physiques intrafamiliales",2B,Haute-Corse,340,1.869,60
2019,11,"Violences physiques intrafamiliales",88,Vosges,676,1.855,61
2019,11,"Violences physiques intrafamiliales",73,Savoie,808,1.851,62
2019,11,"Violences physiques intrafamiliales",82,Tarn-et-Garonne,480,1.841,63
2019,11,"Violences physiques intrafamiliales",57,Moselle,1910,1.825,64
2019,11,"Violences physiques intrafamiliales",42,Loire,1391,1.817,65
2019,11,"Violences physiques intrafamiliales",75,Paris,3928,1.814,66
2019,11,"Violences physiques intrafamiliales",33,Gironde,2931,1.805,67
2019,11,"Violences physiques intrafamiliales",14,Calvados,1248,1.796,68
2019,11,"Violences physiques intrafamiliales",48,Lozère,136,1.775,69
2019,11,"Violences physiques intrafamiliales",23,Creuse,206,1.766,70
2019,11,"Violences physiques intrafamiliales",49,Maine-et-Loire,1437,1.756,71
2019,11,"Violences physiques intrafamiliales",19,Corrèze,417,1.737,72
2019,11,"Violences physiques intrafamiliales",55,Meuse,318,1.727,73
2019,11,"Violences physiques intrafamiliales",58,Nièvre,351,1.717,74
2019,11,"Violences physiques intrafamiliales",21,Côte-d'Or,904,1.692,75
2019,11,"Violences physiques intrafamiliales",22,Côtes-d'Armor,1000,1.665,76
2019,11,"Violences physiques intrafamiliales",85,Vendée,1134,1.654,77
2019,11,"Violences physiques intrafamiliales",40,Landes,683,1.651,78
2019,11,"Violences physiques intrafamiliales",2A,Corse-du-Sud,260,1.640,79
2019,11,"Violences physiques intrafamiliales",29,Finistère,1500,1.639,80
2019,11,"Violences physiques intrafamiliales",50,Manche,806,1.628,81
2019,11,"Violences physiques intrafamiliales",24,Dordogne,664,1.607,82
2019,11,"Violences physiques intrafamiliales",39,Jura,415,1.601,83
2019,11,"Violences physiques intrafamiliales",01,Ain,1040,1.594,84
2019,11,"Violences physiques intrafamiliales",65,Hautes-Pyrénées,363,1.581,85
2019,11,"Violences physiques intrafamiliales",81,Tarn,616,1.580,86
2019,11,"Violences physiques intrafamiliales",12,Aveyron,439,1.570,87
2019,11,"Violences physiques intrafamiliales",64,Pyrénées-Atlantiques,1056,1.547,88
2019,11,"Violences physiques intrafamiliales",71,Saône-et-Loire,847,1.536,89
2019,11,"Violences physiques intrafamiliales",35,Ille-et-Vilaine,1651,1.529,90
2019,11,"Violences physiques intrafamiliales",15,Cantal,219,1.514,91
2019,11,"Violences physiques intrafamiliales",07,Ardèche,489,1.490,92
2019,11,"Violences physiques intrafamiliales",87,Haute-Vienne,548,1.472,93
2019,11,"Violences physiques intrafamiliales",43,Haute-Loire,320,1.406,94
2019,11,"Violences physiques intrafamiliales",63,Puy-de-Dôme,921,1.391,95
2019,11,"Violences physiques intrafamiliales",46,Lot,235,1.350,96
2019,12,"Violences sexuelles",75,Paris,3711,1.714,1
2019,12,"Violences sexuelles",72,Sarthe,921,1.626,2
2019,12,"Violences sexuelles",80,Somme,825,1.446,3
2019,12,"Violences sexuelles",59,Nord,3737,1.433,4
2019,12,"Violences sexuelles",62,Pas-de-Calais,2090,1.426,5
2019,12,"Violences sexuelles",52,Haute-Marne,234,1.356,6
2019,12,"Violences sexuelles",50,Manche,667,1.347,7
2019,12,"Violences sexuelles",02,Aisne,712,1.340,8
2019,12,"Violences sexuelles",53,Mayenne,397,1.293,9
2019,12,"Violences sexuelles",14,Calvados,891,1.282,10
2019,12,"Violences sexuelles",89,Yonne,428,1.275,11
2019,12,"Violences sexuelles",70,Haute-Saône,296,1.258,12
2019,12,"Violences sexuelles",45,Loiret,852,1.252,13
2019,12,"Violences sexuelles",17,Charente-Maritime,815,1.251,14
2019,12,"Violences sexuelles",41,Loir-et-Cher,408,1.238,15
2019,12,"Violences sexuelles",58,Nièvre,253,1.237,16
2019,12,"Violences sexuelles",93,Seine-Saint-Denis,2032,1.235,17
2019,12,"Violences sexuelles",49,Maine-et-Loire,993,1.214,18
2019,12,"Violences sexuelles",27,Eure,724,1.208,19
2019,12,"Violences sexuelles",08,Ardennes,326,1.205,20
2019,12,"Violences sexuelles",60,Oise,997,1.202,21
2019,12,"Violences sexuelles",10,Aube,372,1.199,22
2019,12,"Violences sexuelles",66,Pyrénées-Orientales,569,1.185,23
2019,12,"Violences sexuelles",54,Meurthe-et-Moselle,869,1.184,24
2019,12,"Violences sexuelles",26,Drôme,609,1.178,25
2019,12,"Violences sexuelles",16,Charente,414,1.176,26
2019,12,"Violences sexuelles",28,Eure-et-Loir,506,1.172,27
2019,12,"Violences sexuelles",56,Morbihan,890,1.172,27
2019,12,"Violences sexuelles",61,Orne,328,1.172,27
2019,12,"Violences sexuelles",76,Seine-Maritime,1470,1.171,30
2019,12,"Violences sexuelles",37,Indre-et-Loire,705,1.156,31
2019,12,"Violences sexuelles",09,Ariège,176,1.148,32
2019,12,"Violences sexuelles",95,Val-d'Oise,1435,1.148,32
2019,12,"Violences sexuelles",39,Jura,297,1.146,34
2019,12,"Violences sexuelles",47,Lot-et-Garonne,377,1.138,35
2019,12,"Violences sexuelles",18,Cher,343,1.135,36
2019,12,"Violences sexuelles",40,Landes,468,1.131,37
2019,12,"Violences sexuelles",03,Allier,377,1.122,38
2019,12,"Violences sexuelles",33,Gironde,1821,1.121,39
2019,12,"Violences sexuelles",69,Rhône,2099,1.119,40
2019,12,"Violences sexuelles",90,"Territoire de Belfort",158,1.118,41
2019,12,"Violences sexuelles",23,Creuse,130,1.115,42
2019,12,"Violences sexuelles",86,Vienne,481,1.097,43
2019,12,"Violences sexuelles",55,Meuse,200,1.086,44
2019,12,"Violences sexuelles",44,Loire-Atlantique,1550,1.084,45
2019,12,"Violences sexuelles",25,Doubs,588,1.081,46
2019,12,"Violences sexuelles",51,Marne,613,1.081,46
2019,12,"Violences sexuelles",46,Lot,185,1.063,48
2019,12,"Violences sexuelles",34,Hérault,1225,1.042,49
2019,12,"Violences sexuelles",21,Côte-d'Or,556,1.041,50
2019,12,"Violences sexuelles",38,Isère,1322,1.040,51
2019,12,"Violences sexuelles",68,Haut-Rhin,798,1.040,51
2019,12,"Violences sexuelles",77,Seine-et-Marne,1478,1.040,51
2019,12,"Violences sexuelles",13,Bouches-du-Rhône,2121,1.038,54
2019,12,"Violences sexuelles",05,Hautes-Alpes,146,1.034,55
2019,12,"Violences sexuelles",19,Corrèze,248,1.033,56
2019,12,"Violences sexuelles",79,Deux-Sèvres,386,1.030,57
2019,12,"Violences sexuelles",48,Lozère,78,1.018,58
2019,12,"Violences sexuelles",67,Bas-Rhin,1159,1.017,59
2019,12,"Violences sexuelles",35,Ille-et-Vilaine,1096,1.015,60
2019,12,"Violences sexuelles",29,Finistère,928,1.014,61
2019,12,"Violences sexuelles",81,Tarn,393,1.008,62
2019,12,"Violences sexuelles",30,Gard,753,1.006,63
2019,12,"Violences sexuelles",24,Dordogne,415,1.004,64
2019,12,"Violences sexuelles",36,Indre,220,1.003,65
2019,12,"Violences sexuelles",11,Aude,374,1.000,66
2019,12,"Violences sexuelles",73,Savoie,435,0.997,67
2019,12,"Violences sexuelles",88,Vosges,362,0.993,68
2019,12,"Violences sexuelles",31,Haute-Garonne,1382,0.987,69
2019,12,"Violences sexuelles",85,Vendée,675,0.985,70
2019,12,"Violences sexuelles",94,Val-de-Marne,1372,0.975,71
2019,12,"Violences sexuelles",04,Alpes-de-Haute-Provence,160,0.974,72
2019,12,"Violences sexuelles",78,Yvelines,1408,0.972,73
2019,12,"Violences sexuelles",87,Haute-Vienne,360,0.967,74
2019,12,"Violences sexuelles",82,Tarn-et-Garonne,251,0.963,75
2019,12,"Violences sexuelles",32,Gers,183,0.956,76
2019,12,"Violences sexuelles",63,Puy-de-Dôme,631,0.953,77
2019,12,"Violences sexuelles",01,Ain,620,0.950,78
2019,12,"Violences sexuelles",91,Essonne,1208,0.928,79
2019,12,"Violences sexuelles",83,Var,985,0.915,80
2019,12,"Violences sexuelles",06,Alpes-Maritimes,1000,0.914,81
2019,12,"Violences sexuelles",22,Côtes-d'Armor,549,0.914,81
2019,12,"Violences sexuelles",15,Cantal,131,0.905,83
2019,12,"Violences sexuelles",84,Vaucluse,503,0.896,84
2019,12,"Violences sexuelles",92,Hauts-de-Seine,1444,0.889,85
2019,12,"Violences sexuelles",12,Aveyron,244,0.873,86
2019,12,"Violences sexuelles",2A,Corse-du-Sud,138,0.871,87
2019,12,"Violences sexuelles",2B,Haute-Corse,157,0.863,88
2019,12,"Violences sexuelles",07,Ardèche,282,0.859,89
2019,12,"Violences sexuelles",74,Haute-Savoie,710,0.859,89
2019,12,"Violences sexuelles",71,Saône-et-Loire,471,0.854,91
2019,12,"Violences sexuelles",57,Moselle,889,0.849,92
2019,12,"Violences sexuelles",43,Haute-Loire,192,0.844,93
2019,12,"Violences sexuelles",64,Pyrénées-Atlantiques,556,0.815,94
2019,12,"Violences sexuelles",65,Hautes-Pyrénées,187,0.815,94
2019,12,"Violences sexuelles",42,Loire,594,0.776,96
2019,13,"Vols avec armes",75,Paris,804,0.371,1
2019,13,"Vols avec armes",13,Bouches-du-Rhône,724,0.354,2
2019,13,"Vols avec armes",93,Seine-Saint-Denis,514,0.312,3
2019,13,"Vols avec armes",95,Val-d'Oise,260,0.208,4
2019,13,"Vols avec armes",94,Val-de-Marne,268,0.190,5
2019,13,"Vols avec armes",69,Rhône,353,0.188,6
2019,13,"Vols avec armes",34,Hérault,186,0.158,7
2019,13,"Vols avec armes",44,Loire-Atlantique,218,0.153,8
2019,13,"Vols avec armes",59,Nord,392,0.150,9
2019,13,"Vols avec armes",38,Isère,187,0.147,10
2019,13,"Vols avec armes",25,Doubs,78,0.143,11
2019,13,"Vols avec armes",60,Oise,119,0.143,11
2019,13,"Vols avec armes",77,Seine-et-Marne,170,0.120,13
2019,13,"Vols avec armes",92,Hauts-de-Seine,193,0.119,14
2019,13,"Vols avec armes",31,Haute-Garonne,164,0.117,15
2019,13,"Vols avec armes",72,Sarthe,66,0.117,15
2019,13,"Vols avec armes",06,Alpes-Maritimes,120,0.110,17
2019,13,"Vols avec armes",51,Marne,58,0.102,18
2019,13,"Vols avec armes",91,Essonne,132,0.101,19
2019,13,"Vols avec armes",90,"Territoire de Belfort",14,0.099,20
2019,13,"Vols avec armes",83,Var,105,0.098,21
2019,13,"Vols avec armes",66,Pyrénées-Orientales,46,0.096,22
2019,13,"Vols avec armes",30,Gard,70,0.094,23
2019,13,"Vols avec armes",26,Drôme,48,0.093,24
2019,13,"Vols avec armes",33,Gironde,151,0.093,24
2019,13,"Vols avec armes",84,Vaucluse,52,0.093,24
2019,13,"Vols avec armes",21,Côte-d'Or,49,0.092,27
2019,13,"Vols avec armes",01,Ain,55,0.084,28
2019,13,"Vols avec armes",37,Indre-et-Loire,51,0.084,28
2019,13,"Vols avec armes",76,Seine-Maritime,106,0.084,28
2019,13,"Vols avec armes",78,Yvelines,120,0.083,31
2019,13,"Vols avec armes",2A,Corse-du-Sud,13,0.082,32
2019,13,"Vols avec armes",80,Somme,45,0.079,33
2019,13,"Vols avec armes",27,Eure,47,0.078,34
2019,13,"Vols avec armes",89,Yonne,25,0.074,35
2019,13,"Vols avec armes",02,Aisne,39,0.073,36
2019,13,"Vols avec armes",58,Nièvre,15,0.073,36
2019,13,"Vols avec armes",45,Loiret,49,0.072,38
2019,13,"Vols avec armes",63,Puy-de-Dôme,48,0.072,38
2019,13,"Vols avec armes",10,Aube,22,0.071,40
2019,13,"Vols avec armes",28,Eure-et-Loir,30,0.070,41
2019,13,"Vols avec armes",03,Allier,23,0.068,42
2019,13,"Vols avec armes",62,Pas-de-Calais,100,0.068,42
2019,13,"Vols avec armes",35,Ille-et-Vilaine,72,0.067,44
2019,13,"Vols avec armes",15,Cantal,9,0.062,45
2019,13,"Vols avec armes",65,Hautes-Pyrénées,14,0.061,46
2019,13,"Vols avec armes",68,Haut-Rhin,47,0.061,46
2019,13,"Vols avec armes",17,Charente-Maritime,39,0.060,48
2019,13,"Vols avec armes",2B,Haute-Corse,11,0.060,48
2019,13,"Vols avec armes",55,Meuse,11,0.060,48
2019,13,"Vols avec armes",67,Bas-Rhin,68,0.060,48
2019,13,"Vols avec armes",42,Loire,45,0.059,52
2019,13,"Vols avec armes",49,Maine-et-Loire,46,0.056,53
2019,13,"Vols avec armes",14,Calvados,38,0.055,54
2019,13,"Vols avec armes",11,Aude,20,0.053,55
2019,13,"Vols avec armes",57,Moselle,55,0.053,55
2019,13,"Vols avec armes",48,Lozère,4,0.052,57
2019,13,"Vols avec armes",86,Vienne,23,0.052,57
2019,13,"Vols avec armes",18,Cher,15,0.050,59
2019,13,"Vols avec armes",04,Alpes-de-Haute-Provence,8,0.049,60
2019,13,"Vols avec armes",41,Loir-et-Cher,16,0.049,60
2019,13,"Vols avec armes",54,Meurthe-et-Moselle,36,0.049,60
2019,13,"Vols avec armes",29,Finistère,44,0.048,63
2019,13,"Vols avec armes",74,Haute-Savoie,39,0.047,64
2019,13,"Vols avec armes",88,Vosges,17,0.047,64
2019,13,"Vols avec armes",81,Tarn,18,0.046,66
2019,13,"Vols avec armes",82,Tarn-et-Garonne,12,0.046,66
2019,13,"Vols avec armes",87,Haute-Vienne,17,0.046,66
2019,13,"Vols avec armes",08,Ardennes,12,0.044,69
2019,13,"Vols avec armes",24,Dordogne,18,0.044,69
2019,13,"Vols avec armes",73,Savoie,19,0.044,69
2019,13,"Vols avec armes",47,Lot-et-Garonne,14,0.042,72
2019,13,"Vols avec armes",71,Saône-et-Loire,22,0.040,73
2019,13,"Vols avec armes",61,Orne,11,0.039,74
2019,13,"Vols avec armes",56,Morbihan,29,0.038,75
2019,13,"Vols avec armes",64,Pyrénées-Atlantiques,24,0.035,76
2019,13,"Vols avec armes",16,Charente,12,0.034,77
2019,13,"Vols avec armes",46,Lot,6,0.034,77
2019,13,"Vols avec armes",70,Haute-Saône,8,0.034,77
2019,13,"Vols avec armes",22,Côtes-d'Armor,20,0.033,80
2019,13,"Vols avec armes",39,Jura,8,0.031,81
2019,13,"Vols avec armes",07,Ardèche,10,0.030,82
2019,13,"Vols avec armes",52,Haute-Marne,5,0.029,83
2019,13,"Vols avec armes",79,Deux-Sèvres,11,0.029,83
2019,13,"Vols avec armes",36,Indre,6,0.027,85
2019,13,"Vols avec armes",23,Creuse,3,0.026,86
2019,13,"Vols avec armes",43,Haute-Loire,6,0.026,86
2019,13,"Vols avec armes",40,Landes,10,0.024,88
2019,13,"Vols avec armes",50,Manche,12,0.024,88
2019,13,"Vols avec armes",85,Vendée,16,0.023,90
2019,13,"Vols avec armes",05,Hautes-Alpes,3,0.021,91
2019,13,"Vols avec armes",32,Gers,4,0.021,91
2019,13,"Vols avec armes",09,Ariège,3,0.020,93
2019,13,"Vols avec armes",19,Corrèze,4,0.017,94
2019,13,"Vols avec armes",53,Mayenne,5,0.016,95
2019,13,"Vols avec armes",12,Aveyron,3,0.011,96
2019,14,"Vols d'accessoires sur véhicules",13,Bouches-du-Rhône,5420,2.653,1
2019,14,"Vols d'accessoires sur véhicules",44,Loire-Atlantique,3503,2.451,2
2019,14,"Vols d'accessoires sur véhicules",95,Val-d'Oise,2894,2.316,3
2019,14,"Vols d'accessoires sur véhicules",93,Seine-Saint-Denis,3592,2.184,4
2019,14,"Vols d'accessoires sur véhicules",60,Oise,1728,2.083,5
2019,14,"Vols d'accessoires sur véhicules",66,Pyrénées-Orientales,977,2.036,6
2019,14,"Vols d'accessoires sur véhicules",69,Rhône,3549,1.892,7
2019,14,"Vols d'accessoires sur véhicules",30,Gard,1387,1.853,8
2019,14,"Vols d'accessoires sur véhicules",37,Indre-et-Loire,1091,1.788,9
2019,14,"Vols d'accessoires sur véhicules",59,Nord,4586,1.758,10
2019,14,"Vols d'accessoires sur véhicules",51,Marne,965,1.702,11
2019,14,"Vols d'accessoires sur véhicules",86,Vienne,740,1.688,12
2019,14,"Vols d'accessoires sur véhicules",77,Seine-et-Marne,2376,1.672,13
2019,14,"Vols d'accessoires sur véhicules",38,Isère,2097,1.650,14
2019,14,"Vols d'accessoires sur véhicules",56,Morbihan,1245,1.639,15
2019,14,"Vols d'accessoires sur véhicules",31,Haute-Garonne,2289,1.635,16
2019,14,"Vols d'accessoires sur véhicules",91,Essonne,2089,1.605,17
2019,14,"Vols d'accessoires sur véhicules",52,Haute-Marne,275,1.594,18
2019,14,"Vols d'accessoires sur véhicules",26,Drôme,811,1.569,19
2019,14,"Vols d'accessoires sur véhicules",17,Charente-Maritime,1019,1.564,20
2019,14,"Vols d'accessoires sur véhicules",33,Gironde,2479,1.527,21
2019,14,"Vols d'accessoires sur véhicules",76,Seine-Maritime,1890,1.505,22
2019,14,"Vols d'accessoires sur véhicules",80,Somme,853,1.495,23
2019,14,"Vols d'accessoires sur véhicules",94,Val-de-Marne,2091,1.486,24
2019,14,"Vols d'accessoires sur véhicules",58,Nièvre,296,1.448,25
2019,14,"Vols d'accessoires sur véhicules",88,Vosges,525,1.440,26
2019,14,"Vols d'accessoires sur véhicules",02,Aisne,759,1.428,27
2019,14,"Vols d'accessoires sur véhicules",10,Aube,443,1.428,27
2019,14,"Vols d'accessoires sur véhicules",42,Loire,1093,1.428,27
2019,14,"Vols d'accessoires sur véhicules",34,Hérault,1662,1.414,30
2019,14,"Vols d'accessoires sur véhicules",01,Ain,920,1.410,31
2019,14,"Vols d'accessoires sur véhicules",27,Eure,844,1.408,32
2019,14,"Vols d'accessoires sur véhicules",49,Maine-et-Loire,1132,1.383,33
2019,14,"Vols d'accessoires sur véhicules",21,Côte-d'Or,722,1.352,34
2019,14,"Vols d'accessoires sur véhicules",84,Vaucluse,753,1.341,35
2019,14,"Vols d'accessoires sur véhicules",89,Yonne,437,1.302,36
2019,14,"Vols d'accessoires sur véhicules",78,Yvelines,1858,1.283,37
2019,14,"Vols d'accessoires sur véhicules",72,Sarthe,725,1.280,38
2019,14,"Vols d'accessoires sur véhicules",11,Aude,467,1.248,39
2019,14,"Vols d'accessoires sur véhicules",45,Loiret,844,1.240,40
2019,14,"Vols d'accessoires sur véhicules",79,Deux-Sèvres,465,1.240,40
2019,14,"Vols d'accessoires sur véhicules",71,Saône-et-Loire,678,1.229,42
2019,14,"Vols d'accessoires sur véhicules",61,Orne,341,1.218,43
2019,14,"Vols d'accessoires sur véhicules",36,Indre,264,1.204,44
2019,14,"Vols d'accessoires sur véhicules",18,Cher,360,1.191,45
2019,14,"Vols d'accessoires sur véhicules",41,Loir-et-Cher,391,1.187,46
2019,14,"Vols d'accessoires sur véhicules",55,Meuse,216,1.173,47
2019,14,"Vols d'accessoires sur véhicules",08,Ardennes,315,1.164,48
2019,14,"Vols d'accessoires sur véhicules",39,Jura,296,1.142,49
2019,14,"Vols d'accessoires sur véhicules",35,Ille-et-Vilaine,1192,1.104,50
2019,14,"Vols d'accessoires sur véhicules",07,Ardèche,359,1.094,51
2019,14,"Vols d'accessoires sur véhicules",16,Charente,385,1.094,51
2019,14,"Vols d'accessoires sur véhicules",2A,Corse-du-Sud,173,1.091,53
2019,14,"Vols d'accessoires sur véhicules",64,Pyrénées-Atlantiques,722,1.058,54
2019,14,"Vols d'accessoires sur véhicules",92,Hauts-de-Seine,1702,1.048,55
2019,14,"Vols d'accessoires sur véhicules",06,Alpes-Maritimes,1145,1.046,56
2019,14,"Vols d'accessoires sur véhicules",62,Pas-de-Calais,1531,1.045,57
2019,14,"Vols d'accessoires sur véhicules",46,Lot,181,1.040,58
2019,14,"Vols d'accessoires sur véhicules",2B,Haute-Corse,186,1.022,59
2019,14,"Vols d'accessoires sur véhicules",83,Var,1099,1.021,60
2019,14,"Vols d'accessoires sur véhicules",54,Meurthe-et-Moselle,732,0.998,61
2019,14,"Vols d'accessoires sur véhicules",28,Eure-et-Loir,430,0.996,62
2019,14,"Vols d'accessoires sur véhicules",75,Paris,2155,0.995,63
2019,14,"Vols d'accessoires sur véhicules",63,Puy-de-Dôme,648,0.979,64
2019,14,"Vols d'accessoires sur véhicules",85,Vendée,671,0.979,64
2019,14,"Vols d'accessoires sur véhicules",14,Calvados,648,0.933,66
2019,14,"Vols d'accessoires sur véhicules",40,Landes,379,0.916,67
2019,14,"Vols d'accessoires sur véhicules",57,Moselle,958,0.915,68
2019,14,"Vols d'accessoires sur véhicules",03,Allier,300,0.893,69
2019,14,"Vols d'accessoires sur véhicules",65,Hautes-Pyrénées,205,0.893,69
2019,14,"Vols d'accessoires sur véhicules",09,Ariège,135,0.881,71
2019,14,"Vols d'accessoires sur véhicules",23,Creuse,102,0.875,72
2019,14,"Vols d'accessoires sur véhicules",22,Côtes-d'Armor,522,0.869,73
2019,14,"Vols d'accessoires sur véhicules",29,Finistère,787,0.860,74
2019,14,"Vols d'accessoires sur véhicules",87,Haute-Vienne,319,0.857,75
2019,14,"Vols d'accessoires sur véhicules",04,Alpes-de-Haute-Provence,137,0.834,76
2019,14,"Vols d'accessoires sur véhicules",73,Savoie,362,0.829,77
2019,14,"Vols d'accessoires sur véhicules",53,Mayenne,253,0.824,78
2019,14,"Vols d'accessoires sur véhicules",47,Lot-et-Garonne,270,0.815,79
2019,14,"Vols d'accessoires sur véhicules",48,Lozère,62,0.809,80
2019,14,"Vols d'accessoires sur véhicules",82,Tarn-et-Garonne,204,0.783,81
2019,14,"Vols d'accessoires sur véhicules",25,Doubs,424,0.779,82
2019,14,"Vols d'accessoires sur véhicules",81,Tarn,298,0.764,83
2019,14,"Vols d'accessoires sur véhicules",70,Haute-Saône,179,0.761,84
2019,14,"Vols d'accessoires sur véhicules",24,Dordogne,313,0.757,85
2019,14,"Vols d'accessoires sur véhicules",32,Gers,135,0.705,86
2019,14,"Vols d'accessoires sur véhicules",19,Corrèze,168,0.700,87
2019,14,"Vols d'accessoires sur véhicules",15,Cantal,100,0.691,88
2019,14,"Vols d'accessoires sur véhicules",74,Haute-Savoie,546,0.661,89
2019,14,"Vols d'accessoires sur véhicules",67,Bas-Rhin,692,0.607,90
2019,14,"Vols d'accessoires sur véhicules",50,Manche,298,0.602,91
2019,14,"Vols d'accessoires sur véhicules",05,Hautes-Alpes,83,0.588,92
2019,14,"Vols d'accessoires sur véhicules",43,Haute-Loire,125,0.549,93
2019,14,"Vols d'accessoires sur véhicules",12,Aveyron,147,0.526,94
2019,14,"Vols d'accessoires sur véhicules",90,"Territoire de Belfort",69,0.488,95
2019,14,"Vols d'accessoires sur véhicules",68,Haut-Rhin,281,0.366,96
2019,15,"Vols dans les véhicules",44,Loire-Atlantique,12708,8.891,1
2019,15,"Vols dans les véhicules",75,Paris,19138,8.838,2
2019,15,"Vols dans les véhicules",31,Haute-Garonne,12234,8.738,3
2019,15,"Vols dans les véhicules",13,Bouches-du-Rhône,15414,7.544,4
2019,15,"Vols dans les véhicules",69,Rhône,13543,7.220,5
2019,15,"Vols dans les véhicules",93,Seine-Saint-Denis,11599,7.051,6
2019,15,"Vols dans les véhicules",38,Isère,8901,7.002,7
2019,15,"Vols dans les véhicules",33,Gironde,11225,6.913,8
2019,15,"Vols dans les véhicules",66,Pyrénées-Orientales,2986,6.221,9
2019,15,"Vols dans les véhicules",59,Nord,15975,6.125,10
2019,15,"Vols dans les véhicules",34,Hérault,7017,5.969,11
2019,15,"Vols dans les véhicules",76,Seine-Maritime,6588,5.247,12
2019,15,"Vols dans les véhicules",95,Val-d'Oise,6338,5.072,13
2019,15,"Vols dans les véhicules",30,Gard,3760,5.024,14
2019,15,"Vols dans les véhicules",26,Drôme,2587,5.006,15
2019,15,"Vols dans les véhicules",11,Aude,1837,4.911,16
2019,15,"Vols dans les véhicules",63,Puy-de-Dôme,2929,4.423,17
2019,15,"Vols dans les véhicules",72,Sarthe,2411,4.257,18
2019,15,"Vols dans les véhicules",04,Alpes-de-Haute-Provence,681,4.145,19
2019,15,"Vols dans les véhicules",94,Val-de-Marne,5687,4.042,20
2019,15,"Vols dans les véhicules",84,Vaucluse,2233,3.977,21
2019,15,"Vols dans les véhicules",06,Alpes-Maritimes,4069,3.718,22
2019,15,"Vols dans les véhicules",37,Indre-et-Loire,2131,3.493,23
2019,15,"Vols dans les véhicules",92,Hauts-de-Seine,5594,3.444,24
2019,15,"Vols dans les véhicules",83,Var,3629,3.370,25
2019,15,"Vols dans les véhicules",51,Marne,1761,3.107,26
2019,15,"Vols dans les véhicules",77,Seine-et-Marne,4397,3.094,27
2019,15,"Vols dans les véhicules",17,Charente-Maritime,2010,3.086,28
2019,15,"Vols dans les véhicules",02,Aisne,1638,3.083,29
2019,15,"Vols dans les véhicules",91,Essonne,4002,3.075,30
2019,15,"Vols dans les véhicules",64,Pyrénées-Atlantiques,2057,3.013,31
2019,15,"Vols dans les véhicules",88,Vosges,1042,2.859,32
2019,15,"Vols dans les véhicules",16,Charente,998,2.835,33
2019,15,"Vols dans les véhicules",57,Moselle,2956,2.825,34
2019,15,"Vols dans les véhicules",42,Loire,2159,2.820,35
2019,15,"Vols dans les véhicules",21,Côte-d'Or,1500,2.808,36
2019,15,"Vols dans les véhicules",62,Pas-de-Calais,4007,2.735,37
2019,15,"Vols dans les véhicules",73,Savoie,1175,2.692,38
2019,15,"Vols dans les véhicules",60,Oise,2203,2.656,39
2019,15,"Vols dans les véhicules",86,Vienne,1144,2.609,40
2019,15,"Vols dans les véhicules",80,Somme,1477,2.589,41
2019,15,"Vols dans les véhicules",35,Ille-et-Vilaine,2784,2.579,42
2019,15,"Vols dans les véhicules",74,Haute-Savoie,2119,2.565,43
2019,15,"Vols dans les véhicules",49,Maine-et-Loire,2029,2.480,44
2019,15,"Vols dans les véhicules",78,Yvelines,3526,2.435,45
2019,15,"Vols dans les véhicules",29,Finistère,2217,2.423,46
2019,15,"Vols dans les véhicules",87,Haute-Vienne,885,2.377,47
2019,15,"Vols dans les véhicules",40,Landes,982,2.374,48
2019,15,"Vols dans les véhicules",07,Ardèche,777,2.367,49
2019,15,"Vols dans les véhicules",45,Loiret,1604,2.357,50
2019,15,"Vols dans les véhicules",14,Calvados,1601,2.304,51
2019,15,"Vols dans les véhicules",48,Lozère,175,2.284,52
2019,15,"Vols dans les véhicules",47,Lot-et-Garonne,744,2.246,53
2019,15,"Vols dans les véhicules",10,Aube,696,2.243,54
2019,15,"Vols dans les véhicules",81,Tarn,871,2.234,55
2019,15,"Vols dans les véhicules",01,Ain,1446,2.216,56
2019,15,"Vols dans les véhicules",65,Hautes-Pyrénées,507,2.209,57
2019,15,"Vols dans les véhicules",85,Vendée,1458,2.127,58
2019,15,"Vols dans les véhicules",09,Ariège,319,2.081,59
2019,15,"Vols dans les véhicules",68,Haut-Rhin,1561,2.035,60
2019,15,"Vols dans les véhicules",79,Deux-Sèvres,740,1.974,61
2019,15,"Vols dans les véhicules",52,Haute-Marne,336,1.948,62
2019,15,"Vols dans les véhicules",19,Corrèze,455,1.895,63
2019,15,"Vols dans les véhicules",56,Morbihan,1438,1.893,64
2019,15,"Vols dans les véhicules",25,Doubs,1024,1.882,65
2019,15,"Vols dans les véhicules",67,Bas-Rhin,2139,1.876,66
2019,15,"Vols dans les véhicules",54,Meurthe-et-Moselle,1358,1.851,67
2019,15,"Vols dans les véhicules",41,Loir-et-Cher,604,1.833,68
2019,15,"Vols dans les véhicules",24,Dordogne,749,1.813,69
2019,15,"Vols dans les véhicules",22,Côtes-d'Armor,1087,1.810,70
2019,15,"Vols dans les véhicules",82,Tarn-et-Garonne,466,1.788,71
2019,15,"Vols dans les véhicules",58,Nièvre,360,1.761,72
2019,15,"Vols dans les véhicules",05,Hautes-Alpes,248,1.756,73
2019,15,"Vols dans les véhicules",27,Eure,1042,1.738,74
2019,15,"Vols dans les véhicules",89,Yonne,580,1.728,75
2019,15,"Vols dans les véhicules",28,Eure-et-Loir,736,1.705,76
2019,15,"Vols dans les véhicules",39,Jura,432,1.667,77
2019,15,"Vols dans les véhicules",71,Saône-et-Loire,915,1.659,78
2019,15,"Vols dans les véhicules",18,Cher,481,1.591,79
2019,15,"Vols dans les véhicules",36,Indre,348,1.587,80
2019,15,"Vols dans les véhicules",03,Allier,520,1.548,81
2019,15,"Vols dans les véhicules",46,Lot,268,1.539,82
2019,15,"Vols dans les véhicules",90,"Territoire de Belfort",210,1.486,83
2019,15,"Vols dans les véhicules",55,Meuse,270,1.467,84
2019,15,"Vols dans les véhicules",32,Gers,274,1.432,85
2019,15,"Vols dans les véhicules",08,Ardennes,387,1.430,86
2019,15,"Vols dans les véhicules",53,Mayenne,425,1.384,87
2019,15,"Vols dans les véhicules",15,Cantal,192,1.327,88
2019,15,"Vols dans les véhicules",61,Orne,329,1.175,89
2019,15,"Vols dans les véhicules",23,Creuse,135,1.158,90
2019,15,"Vols dans les véhicules",43,Haute-Loire,263,1.156,91
2019,15,"Vols dans les véhicules",2B,Haute-Corse,205,1.127,92
2019,15,"Vols dans les véhicules",70,Haute-Saône,263,1.118,93
2019,15,"Vols dans les véhicules",50,Manche,486,0.982,94
2019,15,"Vols dans les véhicules",12,Aveyron,272,0.973,95
2019,15,"Vols dans les véhicules",2A,Corse-du-Sud,150,0.946,96
2019,16,"Vols de véhicule",13,Bouches-du-Rhône,10092,4.940,1
2019,16,"Vols de véhicule",75,Paris,9178,4.238,2
2019,16,"Vols de véhicule",95,Val-d'Oise,5015,4.013,3
2019,16,"Vols de véhicule",93,Seine-Saint-Denis,6231,3.788,4
2019,16,"Vols de véhicule",94,Val-de-Marne,4456,3.167,5
2019,16,"Vols de véhicule",44,Loire-Atlantique,4294,3.004,6
2019,16,"Vols de véhicule",66,Pyrénées-Orientales,1415,2.948,7
2019,16,"Vols de véhicule",69,Rhône,5387,2.872,8
2019,16,"Vols de véhicule",60,Oise,2350,2.833,9
2019,16,"Vols de véhicule",30,Gard,2051,2.740,10
2019,16,"Vols de véhicule",59,Nord,7124,2.731,11
2019,16,"Vols de véhicule",92,Hauts-de-Seine,4411,2.716,12
2019,16,"Vols de véhicule",34,Hérault,3153,2.682,13
2019,16,"Vols de véhicule",26,Drôme,1370,2.651,14
2019,16,"Vols de véhicule",91,Essonne,3445,2.647,15
2019,16,"Vols de véhicule",06,Alpes-Maritimes,2863,2.616,16
2019,16,"Vols de véhicule",77,Seine-et-Marne,3662,2.577,17
2019,16,"Vols de véhicule",84,Vaucluse,1442,2.568,18
2019,16,"Vols de véhicule",33,Gironde,3858,2.376,19
2019,16,"Vols de véhicule",83,Var,2524,2.344,20
2019,16,"Vols de véhicule",2A,Corse-du-Sud,366,2.309,21
2019,16,"Vols de véhicule",38,Isère,2926,2.302,22
2019,16,"Vols de véhicule",31,Haute-Garonne,2967,2.119,23
2019,16,"Vols de véhicule",42,Loire,1622,2.119,23
2019,16,"Vols de véhicule",51,Marne,1186,2.092,25
2019,16,"Vols de véhicule",78,Yvelines,2876,1.986,26
2019,16,"Vols de véhicule",11,Aude,728,1.946,27
2019,16,"Vols de véhicule",02,Aisne,1030,1.938,28
2019,16,"Vols de véhicule",17,Charente-Maritime,1258,1.931,29
2019,16,"Vols de véhicule",01,Ain,1227,1.881,30
2019,16,"Vols de véhicule",07,Ardèche,603,1.837,31
2019,16,"Vols de véhicule",89,Yonne,616,1.835,32
2019,16,"Vols de véhicule",2B,Haute-Corse,331,1.819,33
2019,16,"Vols de véhicule",76,Seine-Maritime,2063,1.643,34
2019,16,"Vols de véhicule",80,Somme,927,1.625,35
2019,16,"Vols de véhicule",64,Pyrénées-Atlantiques,1105,1.619,36
2019,16,"Vols de véhicule",27,Eure,955,1.593,37
2019,16,"Vols de véhicule",63,Puy-de-Dôme,1049,1.584,38
2019,16,"Vols de véhicule",72,Sarthe,860,1.518,39
2019,16,"Vols de véhicule",55,Meuse,277,1.505,40
2019,16,"Vols de véhicule",37,Indre-et-Loire,903,1.480,41
2019,16,"Vols de véhicule",74,Haute-Savoie,1203,1.456,42
2019,16,"Vols de véhicule",04,Alpes-de-Haute-Provence,238,1.448,43
2019,16,"Vols de véhicule",62,Pas-de-Calais,2094,1.429,44
2019,16,"Vols de véhicule",10,Aube,439,1.415,45
2019,16,"Vols de véhicule",41,Loir-et-Cher,463,1.405,46
2019,16,"Vols de véhicule",58,Nièvre,287,1.404,47
2019,16,"Vols de véhicule",49,Maine-et-Loire,1134,1.386,48
2019,16,"Vols de véhicule",47,Lot-et-Garonne,433,1.307,49
2019,16,"Vols de véhicule",08,Ardennes,347,1.282,50
2019,16,"Vols de véhicule",52,Haute-Marne,215,1.246,51
2019,16,"Vols de véhicule",71,Saône-et-Loire,685,1.242,52
2019,16,"Vols de véhicule",18,Cher,368,1.217,53
2019,16,"Vols de véhicule",79,Deux-Sèvres,449,1.198,54
2019,16,"Vols de véhicule",73,Savoie,517,1.185,55
2019,16,"Vols de véhicule",21,Côte-d'Or,628,1.176,56
2019,16,"Vols de véhicule",45,Loiret,794,1.167,57
2019,16,"Vols de véhicule",16,Charente,410,1.165,58
2019,16,"Vols de véhicule",03,Allier,385,1.146,59
2019,16,"Vols de véhicule",39,Jura,295,1.138,60
2019,16,"Vols de véhicule",35,Ille-et-Vilaine,1225,1.135,61
2019,16,"Vols de véhicule",09,Ariège,173,1.129,62
2019,16,"Vols de véhicule",05,Hautes-Alpes,156,1.105,63
2019,16,"Vols de véhicule",82,Tarn-et-Garonne,283,1.086,64
2019,16,"Vols de véhicule",86,Vienne,476,1.086,64
2019,16,"Vols de véhicule",14,Calvados,753,1.084,66
2019,16,"Vols de véhicule",28,Eure-et-Loir,465,1.077,67
2019,16,"Vols de véhicule",88,Vosges,392,1.075,68
2019,16,"Vols de véhicule",54,Meurthe-et-Moselle,788,1.074,69
2019,16,"Vols de véhicule",70,Haute-Saône,251,1.067,70
2019,16,"Vols de véhicule",81,Tarn,413,1.059,71
2019,16,"Vols de véhicule",57,Moselle,1102,1.053,72
2019,16,"Vols de véhicule",85,Vendée,711,1.037,73
2019,16,"Vols de véhicule",25,Doubs,563,1.035,74
2019,16,"Vols de véhicule",65,Hautes-Pyrénées,234,1.019,75
2019,16,"Vols de véhicule",36,Indre,222,1.012,76
2019,16,"Vols de véhicule",56,Morbihan,767,1.010,77
2019,16,"Vols de véhicule",40,Landes,407,0.984,78
2019,16,"Vols de véhicule",24,Dordogne,404,0.978,79
2019,16,"Vols de véhicule",29,Finistère,860,0.940,80
2019,16,"Vols de véhicule",46,Lot,163,0.936,81
2019,16,"Vols de véhicule",87,Haute-Vienne,340,0.913,82
2019,16,"Vols de véhicule",61,Orne,246,0.879,83
2019,16,"Vols de véhicule",22,Côtes-d'Armor,519,0.864,84
2019,16,"Vols de véhicule",90,"Territoire de Belfort",122,0.863,85
2019,16,"Vols de véhicule",43,Haute-Loire,196,0.861,86
2019,16,"Vols de véhicule",68,Haut-Rhin,653,0.851,87
2019,16,"Vols de véhicule",32,Gers,155,0.810,88
2019,16,"Vols de véhicule",50,Manche,361,0.729,89
2019,16,"Vols de véhicule",12,Aveyron,202,0.722,90
2019,16,"Vols de véhicule",67,Bas-Rhin,778,0.682,91
2019,16,"Vols de véhicule",19,Corrèze,147,0.612,92
2019,16,"Vols de véhicule",53,Mayenne,183,0.596,93
2019,16,"Vols de véhicule",23,Creuse,65,0.557,94
2019,16,"Vols de véhicule",15,Cantal,71,0.491,95
2019,16,"Vols de véhicule",48,Lozère,33,0.431,96
2019,17,"Vols sans violence contre des personnes",75,Paris,162378,74.987,1
2019,17,"Vols sans violence contre des personnes",69,Rhône,33522,17.871,2
2019,17,"Vols sans violence contre des personnes",93,Seine-Saint-Denis,27059,16.450,3
2019,17,"Vols sans violence contre des personnes",34,Hérault,18340,15.600,4
2019,17,"Vols sans violence contre des personnes",06,Alpes-Maritimes,16807,15.359,5
2019,17,"Vols sans violence contre des personnes",31,Haute-Garonne,19877,14.197,6
2019,17,"Vols sans violence contre des personnes",13,Bouches-du-Rhône,27074,13.251,7
2019,17,"Vols sans violence contre des personnes",33,Gironde,21291,13.112,8
2019,17,"Vols sans violence contre des personnes",92,Hauts-de-Seine,20804,12.808,9
2019,17,"Vols sans violence contre des personnes",94,Val-de-Marne,17270,12.273,10
2019,17,"Vols sans violence contre des personnes",44,Loire-Atlantique,17169,12.012,11
2019,17,"Vols sans violence contre des personnes",66,Pyrénées-Orientales,5333,11.111,12
2019,17,"Vols sans violence contre des personnes",38,Isère,13647,10.736,13
2019,17,"Vols sans violence contre des personnes",95,Val-d'Oise,12973,10.381,14
2019,17,"Vols sans violence contre des personnes",73,Savoie,4434,10.160,15
2019,17,"Vols sans violence contre des personnes",83,Var,10616,9.860,16
2019,17,"Vols sans violence contre des personnes",59,Nord,24654,9.452,17
2019,17,"Vols sans violence contre des personnes",84,Vaucluse,5101,9.085,18
2019,17,"Vols sans violence contre des personnes",37,Indre-et-Loire,5477,8.978,19
2019,17,"Vols sans violence contre des personnes",30,Gard,6650,8.885,20
2019,17,"Vols sans violence contre des personnes",65,Hautes-Pyrénées,2018,8.790,21
2019,17,"Vols sans violence contre des personnes",05,Hautes-Alpes,1176,8.327,22
2019,17,"Vols sans violence contre des personnes",17,Charente-Maritime,5365,8.237,23
2019,17,"Vols sans violence contre des personnes",67,Bas-Rhin,9347,8.199,24
2019,17,"Vols sans violence contre des personnes",11,Aude,3032,8.105,25
2019,17,"Vols sans violence contre des personnes",76,Seine-Maritime,10013,7.974,26
2019,17,"Vols sans violence contre des personnes",74,Haute-Savoie,6585,7.971,27
2019,17,"Vols sans violence contre des personnes",35,Ille-et-Vilaine,8445,7.823,28
2019,17,"Vols sans violence contre des personnes",26,Drôme,4030,7.799,29
2019,17,"Vols sans violence contre des personnes",40,Landes,3160,7.639,30
2019,17,"Vols sans violence contre des personnes",64,Pyrénées-Atlantiques,4908,7.190,31
2019,17,"Vols sans violence contre des personnes",80,Somme,4073,7.139,32
2019,17,"Vols sans violence contre des personnes",72,Sarthe,4028,7.111,33
2019,17,"Vols sans violence contre des personnes",47,Lot-et-Garonne,2351,7.097,34
2019,17,"Vols sans violence contre des personnes",10,Aube,2172,7.001,35
2019,17,"Vols sans violence contre des personnes",51,Marne,3960,6.986,36
2019,17,"Vols sans violence contre des personnes",77,Seine-et-Marne,9921,6.981,37
2019,17,"Vols sans violence contre des personnes",21,Côte-d'Or,3718,6.961,38
2019,17,"Vols sans violence contre des personnes",78,Yvelines,10076,6.958,39
2019,17,"Vols sans violence contre des personnes",90,"Territoire de Belfort",983,6.956,40
2019,17,"Vols sans violence contre des personnes",14,Calvados,4821,6.938,41
2019,17,"Vols sans violence contre des personnes",91,Essonne,8943,6.870,42
2019,17,"Vols sans violence contre des personnes",54,Meurthe-et-Moselle,5028,6.852,43
2019,17,"Vols sans violence contre des personnes",68,Haut-Rhin,5231,6.819,44
2019,17,"Vols sans violence contre des personnes",04,Alpes-de-Haute-Provence,1112,6.768,45
2019,17,"Vols sans violence contre des personnes",42,Loire,5096,6.656,46
2019,17,"Vols sans violence contre des personnes",29,Finistère,6055,6.617,47
2019,17,"Vols sans violence contre des personnes",63,Puy-de-Dôme,4171,6.299,48
2019,17,"Vols sans violence contre des personnes",86,Vienne,2741,6.252,49
2019,17,"Vols sans violence contre des personnes",45,Loiret,4141,6.086,50
2019,17,"Vols sans violence contre des personnes",25,Doubs,3234,5.945,51
2019,17,"Vols sans violence contre des personnes",2A,Corse-du-Sud,930,5.867,52
2019,17,"Vols sans violence contre des personnes",09,Ariège,884,5.767,53
2019,17,"Vols sans violence contre des personnes",16,Charente,2010,5.710,54
2019,17,"Vols sans violence contre des personnes",49,Maine-et-Loire,4661,5.696,55
2019,17,"Vols sans violence contre des personnes",56,Morbihan,4291,5.648,56
2019,17,"Vols sans violence contre des personnes",03,Allier,1891,5.628,57
2019,17,"Vols sans violence contre des personnes",57,Moselle,5885,5.623,58
2019,17,"Vols sans violence contre des personnes",60,Oise,4621,5.571,59
2019,17,"Vols sans violence contre des personnes",81,Tarn,2151,5.518,60
2019,17,"Vols sans violence contre des personnes",02,Aisne,2928,5.511,61
2019,17,"Vols sans violence contre des personnes",08,Ardennes,1474,5.448,62
2019,17,"Vols sans violence contre des personnes",79,Deux-Sèvres,2038,5.436,63
2019,17,"Vols sans violence contre des personnes",88,Vosges,1958,5.372,64
2019,17,"Vols sans violence contre des personnes",85,Vendée,3675,5.362,65
2019,17,"Vols sans violence contre des personnes",87,Haute-Vienne,1993,5.352,66
2019,17,"Vols sans violence contre des personnes",62,Pas-de-Calais,7742,5.284,67
2019,17,"Vols sans violence contre des personnes",89,Yonne,1767,5.264,68
2019,17,"Vols sans violence contre des personnes",22,Côtes-d'Armor,3159,5.260,69
2019,17,"Vols sans violence contre des personnes",82,Tarn-et-Garonne,1352,5.187,70
2019,17,"Vols sans violence contre des personnes",18,Cher,1561,5.164,71
2019,17,"Vols sans violence contre des personnes",58,Nièvre,1047,5.121,72
2019,17,"Vols sans violence contre des personnes",41,Loir-et-Cher,1636,4.966,73
2019,17,"Vols sans violence contre des personnes",52,Haute-Marne,850,4.927,74
2019,17,"Vols sans violence contre des personnes",24,Dordogne,2027,4.905,75
2019,17,"Vols sans violence contre des personnes",70,Haute-Saône,1149,4.883,76
2019,17,"Vols sans violence contre des personnes",2B,Haute-Corse,886,4.870,77
2019,17,"Vols sans violence contre des personnes",46,Lot,841,4.831,78
2019,17,"Vols sans violence contre des personnes",19,Corrèze,1156,4.815,79
2019,17,"Vols sans violence contre des personnes",39,Jura,1239,4.780,80
2019,17,"Vols sans violence contre des personnes",55,Meuse,871,4.732,81
2019,17,"Vols sans violence contre des personnes",07,Ardèche,1534,4.673,82
2019,17,"Vols sans violence contre des personnes",71,Saône-et-Loire,2554,4.631,83
2019,17,"Vols sans violence contre des personnes",36,Indre,1013,4.619,84
2019,17,"Vols sans violence contre des personnes",01,Ain,2974,4.558,85
2019,17,"Vols sans violence contre des personnes",27,Eure,2682,4.474,86
2019,17,"Vols sans violence contre des personnes",32,Gers,854,4.462,87
2019,17,"Vols sans violence contre des personnes",28,Eure-et-Loir,1911,4.428,88
2019,17,"Vols sans violence contre des personnes",53,Mayenne,1350,4.397,89
2019,17,"Vols sans violence contre des personnes",61,Orne,1215,4.340,90
2019,17,"Vols sans violence contre des personnes",50,Manche,1994,4.028,91
2019,17,"Vols sans violence contre des personnes",43,Haute-Loire,868,3.814,92
2019,17,"Vols sans violence contre des personnes",12,Aveyron,1059,3.788,93
2019,17,"Vols sans violence contre des personnes",15,Cantal,539,3.725,94
2019,17,"Vols sans violence contre des personnes",48,Lozère,284,3.707,95
2019,17,"Vols sans violence contre des personnes",23,Creuse,407,3.490,96
2019,18,"Vols violents sans arme",75,Paris,19141,8.839,1
2019,18,"Vols violents sans arme",93,Seine-Saint-Denis,8275,5.031,2
2019,18,"Vols violents sans arme",13,Bouches-du-Rhône,4511,2.208,3
2019,18,"Vols violents sans arme",94,Val-de-Marne,2767,1.966,4
2019,18,"Vols violents sans arme",95,Val-d'Oise,2392,1.914,5
2019,18,"Vols violents sans arme",69,Rhône,3036,1.619,6
2019,18,"Vols violents sans arme",92,Hauts-de-Seine,2613,1.609,7
2019,18,"Vols violents sans arme",34,Hérault,1728,1.470,8
2019,18,"Vols violents sans arme",59,Nord,3721,1.427,9
2019,18,"Vols violents sans arme",06,Alpes-Maritimes,1444,1.320,10
2019,18,"Vols violents sans arme",31,Haute-Garonne,1818,1.299,11
2019,18,"Vols violents sans arme",33,Gironde,2103,1.295,12
2019,18,"Vols violents sans arme",44,Loire-Atlantique,1850,1.294,13
2019,18,"Vols violents sans arme",66,Pyrénées-Orientales,614,1.279,14
2019,18,"Vols violents sans arme",76,Seine-Maritime,1394,1.110,15
2019,18,"Vols violents sans arme",91,Essonne,1376,1.057,16
2019,18,"Vols violents sans arme",72,Sarthe,568,1.003,17
2019,18,"Vols violents sans arme",38,Isère,1241,0.976,18
2019,18,"Vols violents sans arme",51,Marne,514,0.907,19
2019,18,"Vols violents sans arme",77,Seine-et-Marne,1243,0.875,20
2019,18,"Vols violents sans arme",78,Yvelines,1217,0.840,21
2019,18,"Vols violents sans arme",42,Loire,622,0.812,22
2019,18,"Vols violents sans arme",37,Indre-et-Loire,485,0.795,23
2019,18,"Vols violents sans arme",30,Gard,550,0.735,24
2019,18,"Vols violents sans arme",83,Var,733,0.681,25
2019,18,"Vols violents sans arme",80,Somme,387,0.678,26
2019,18,"Vols violents sans arme",35,Ille-et-Vilaine,712,0.660,27
2019,18,"Vols violents sans arme",45,Loiret,447,0.657,28
2019,18,"Vols violents sans arme",60,Oise,456,0.550,29
2019,18,"Vols violents sans arme",90,"Territoire de Belfort",76,0.538,30
2019,18,"Vols violents sans arme",84,Vaucluse,297,0.529,31
2019,18,"Vols violents sans arme",63,Puy-de-Dôme,348,0.526,32
2019,18,"Vols violents sans arme",25,Doubs,271,0.498,33
2019,18,"Vols violents sans arme",10,Aube,154,0.496,34
2019,18,"Vols violents sans arme",62,Pas-de-Calais,726,0.495,35
2019,18,"Vols violents sans arme",26,Drôme,250,0.484,36
2019,18,"Vols violents sans arme",49,Maine-et-Loire,380,0.464,37
2019,18,"Vols violents sans arme",16,Charente,160,0.455,38
2019,18,"Vols violents sans arme",14,Calvados,310,0.446,39
2019,18,"Vols violents sans arme",29,Finistère,408,0.446,39
2019,18,"Vols violents sans arme",67,Bas-Rhin,501,0.439,41
2019,18,"Vols violents sans arme",68,Haut-Rhin,335,0.437,42
2019,18,"Vols violents sans arme",11,Aude,162,0.433,43
2019,18,"Vols violents sans arme",27,Eure,258,0.430,44
2019,18,"Vols violents sans arme",47,Lot-et-Garonne,139,0.420,45
2019,18,"Vols violents sans arme",17,Charente-Maritime,270,0.415,46
2019,18,"Vols violents sans arme",04,Alpes-de-Haute-Provence,66,0.402,47
2019,18,"Vols violents sans arme",57,Moselle,418,0.399,48
2019,18,"Vols violents sans arme",65,Hautes-Pyrénées,91,0.396,49
2019,18,"Vols violents sans arme",86,Vienne,166,0.379,50
2019,18,"Vols violents sans arme",64,Pyrénées-Atlantiques,257,0.376,51
2019,18,"Vols violents sans arme",81,Tarn,145,0.372,52
2019,18,"Vols violents sans arme",08,Ardennes,100,0.370,53
2019,18,"Vols violents sans arme",02,Aisne,194,0.365,54
2019,18,"Vols violents sans arme",54,Meurthe-et-Moselle,266,0.363,55
2019,18,"Vols violents sans arme",21,Côte-d'Or,186,0.348,56
2019,18,"Vols violents sans arme",73,Savoie,150,0.344,57
2019,18,"Vols violents sans arme",18,Cher,100,0.331,58
2019,18,"Vols violents sans arme",41,Loir-et-Cher,109,0.331,58
2019,18,"Vols violents sans arme",87,Haute-Vienne,119,0.320,60
2019,18,"Vols violents sans arme",40,Landes,132,0.319,61
2019,18,"Vols violents sans arme",74,Haute-Savoie,262,0.317,62
2019,18,"Vols violents sans arme",53,Mayenne,93,0.303,63
2019,18,"Vols violents sans arme",28,Eure-et-Loir,122,0.283,64
2019,18,"Vols violents sans arme",03,Allier,92,0.274,65
2019,18,"Vols violents sans arme",05,Hautes-Alpes,38,0.269,66
2019,18,"Vols violents sans arme",2B,Haute-Corse,48,0.264,67
2019,18,"Vols violents sans arme",56,Morbihan,199,0.262,68
2019,18,"Vols violents sans arme",82,Tarn-et-Garonne,68,0.261,69
2019,18,"Vols violents sans arme",22,Côtes-d'Armor,156,0.260,70
2019,18,"Vols violents sans arme",58,Nièvre,52,0.254,71
2019,18,"Vols violents sans arme",2A,Corse-du-Sud,40,0.252,72
2019,18,"Vols violents sans arme",89,Yonne,84,0.250,73
2019,18,"Vols violents sans arme",61,Orne,61,0.218,74
2019,18,"Vols violents sans arme",88,Vosges,79,0.217,75
2019,18,"Vols violents sans arme",79,Deux-Sèvres,81,0.216,76
2019,18,"Vols violents sans arme",01,Ain,140,0.215,77
2019,18,"Vols violents sans arme",24,Dordogne,89,0.215,77
2019,18,"Vols violents sans arme",71,Saône-et-Loire,116,0.210,79
2019,18,"Vols violents sans arme",46,Lot,36,0.207,80
2019,18,"Vols violents sans arme",36,Indre,42,0.192,81
2019,18,"Vols violents sans arme",07,Ardèche,62,0.189,82
2019,18,"Vols violents sans arme",55,Meuse,34,0.185,83
2019,18,"Vols violents sans arme",09,Ariège,28,0.183,84
2019,18,"Vols violents sans arme",43,Haute-Loire,41,0.180,85
2019,18,"Vols violents sans arme",39,Jura,45,0.174,86
2019,18,"Vols violents sans arme",85,Vendée,118,0.172,87
2019,18,"Vols violents sans arme",32,Gers,30,0.157,88
2019,18,"Vols violents sans arme",50,Manche,73,0.147,89
2019,18,"Vols violents sans arme",12,Aveyron,40,0.143,90
2019,18,"Vols violents sans arme",70,Haute-Saône,33,0.140,91
2019,18,"Vols violents sans arme",52,Haute-Marne,24,0.139,92
2019,18,"Vols violents sans arme",19,Corrèze,33,0.137,93
2019,18,"Vols violents sans arme",15,Cantal,19,0.131,94
2019,18,"Vols violents sans arme",23,Creuse,10,0.086,95
2019,18,"Vols violents sans arme",48,Lozère,5,0.065,96
2020,1,"Cambriolages de logement",13,Bouches-du-Rhône,10165,9.632,1
2020,1,"Cambriolages de logement",33,Gironde,8623,9.579,2
2020,1,"Cambriolages de logement",93,Seine-Saint-Denis,6096,8.757,3
2020,1,"Cambriolages de logement",31,Haute-Garonne,6144,8.144,4
2020,1,"Cambriolages de logement",69,Rhône,7652,8.059,5
2020,1,"Cambriolages de logement",44,Loire-Atlantique,6238,8.037,6
2020,1,"Cambriolages de logement",38,Isère,5075,7.627,7
2020,1,"Cambriolages de logement",59,Nord,9038,7.281,8
2020,1,"Cambriolages de logement",91,Essonne,4131,7.151,9
2020,1,"Cambriolages de logement",95,Val-d'Oise,3642,6.962,10
2020,1,"Cambriolages de logement",77,Seine-et-Marne,4393,6.927,11
2020,1,"Cambriolages de logement",75,Paris,9625,6.906,12
2020,1,"Cambriolages de logement",94,Val-de-Marne,4507,6.888,13
2020,1,"Cambriolages de logement",01,Ain,2095,6.438,14
2020,1,"Cambriolages de logement",84,Vaucluse,1990,6.397,15
2020,1,"Cambriolages de logement",30,Gard,2631,6.037,16
2020,1,"Cambriolages de logement",02,Aisne,1608,6.010,17
2020,1,"Cambriolages de logement",34,Hérault,4469,5.959,18
2020,1,"Cambriolages de logement",78,Yvelines,3900,5.957,19
2020,1,"Cambriolages de logement",58,Nièvre,826,5.849,20
2020,1,"Cambriolages de logement",26,Drôme,1632,5.830,21
2020,1,"Cambriolages de logement",10,Aube,959,5.745,22
2020,1,"Cambriolages de logement",92,Hauts-de-Seine,4427,5.427,23
2020,1,"Cambriolages de logement",60,Oise,1973,5.192,24
2020,1,"Cambriolages de logement",51,Marne,1515,5.060,25
2020,1,"Cambriolages de logement",27,Eure,1511,5.046,26
2020,1,"Cambriolages de logement",83,Var,3555,4.833,27
2020,1,"Cambriolages de logement",18,Cher,849,4.733,28
2020,1,"Cambriolages de logement",47,Lot-et-Garonne,878,4.667,29
2020,1,"Cambriolages de logement",62,Pas-de-Calais,3371,4.655,30
2020,1,"Cambriolages de logement",63,Puy-de-Dôme,1816,4.600,31
2020,1,"Cambriolages de logement",45,Loiret,1614,4.598,32
2020,1,"Cambriolages de logement",42,Loire,1853,4.595,33
2020,1,"Cambriolages de logement",66,Pyrénées-Orientales,1647,4.586,34
2020,1,"Cambriolages de logement",74,Haute-Savoie,2426,4.549,35
2020,1,"Cambriolages de logement",82,Tarn-et-Garonne,610,4.529,36
2020,1,"Cambriolages de logement",89,Yonne,896,4.528,37
2020,1,"Cambriolages de logement",37,Indre-et-Loire,1445,4.373,38
2020,1,"Cambriolages de logement",55,Meuse,436,4.360,39
2020,1,"Cambriolages de logement",57,Moselle,2182,4.134,40
2020,1,"Cambriolages de logement",76,Seine-Maritime,2702,4.134,40
2020,1,"Cambriolages de logement",06,Alpes-Maritimes,3238,4.133,42
2020,1,"Cambriolages de logement",80,Somme,1259,4.123,43
2020,1,"Cambriolages de logement",17,Charente-Maritime,1823,4.091,44
2020,1,"Cambriolages de logement",81,Tarn,870,4.028,45
2020,1,"Cambriolages de logement",16,Charente,800,4.005,46
2020,1,"Cambriolages de logement",08,Ardennes,573,3.996,47
2020,1,"Cambriolages de logement",52,Haute-Marne,397,3.949,48
2020,1,"Cambriolages de logement",24,Dordogne,1032,3.934,49
2020,1,"Cambriolages de logement",71,Saône-et-Loire,1228,3.925,50
2020,1,"Cambriolages de logement",72,Sarthe,1151,3.905,51
2020,1,"Cambriolages de logement",11,Aude,1035,3.878,52
2020,1,"Cambriolages de logement",90,"Territoire de Belfort",283,3.856,53
2020,1,"Cambriolages de logement",36,Indre,519,3.735,54
2020,1,"Cambriolages de logement",49,Maine-et-Loire,1503,3.728,55
2020,1,"Cambriolages de logement",28,Eure-et-Loir,812,3.717,56
2020,1,"Cambriolages de logement",32,Gers,407,3.630,57
2020,1,"Cambriolages de logement",88,Vosges,754,3.510,58
2020,1,"Cambriolages de logement",04,Alpes-de-Haute-Provence,441,3.379,59
2020,1,"Cambriolages de logement",54,Meurthe-et-Moselle,1279,3.349,60
2020,1,"Cambriolages de logement",40,Landes,877,3.298,61
2020,1,"Cambriolages de logement",03,Allier,687,3.283,62
2020,1,"Cambriolages de logement",64,Pyrénées-Atlantiques,1348,3.230,63
2020,1,"Cambriolages de logement",79,Deux-Sèvres,630,3.207,64
2020,1,"Cambriolages de logement",22,Côtes-d'Armor,1190,3.183,65
2020,1,"Cambriolages de logement",39,Jura,476,3.152,66
2020,1,"Cambriolages de logement",21,Côte-d'Or,925,3.138,67
2020,1,"Cambriolages de logement",41,Loir-et-Cher,580,3.125,68
2020,1,"Cambriolages de logement",65,Hautes-Pyrénées,505,3.069,69
2020,1,"Cambriolages de logement",07,Ardèche,631,3.035,70
2020,1,"Cambriolages de logement",56,Morbihan,1430,2.998,71
2020,1,"Cambriolages de logement",86,Vienne,729,2.990,72
2020,1,"Cambriolages de logement",70,Haute-Saône,382,2.965,73
2020,1,"Cambriolages de logement",35,Ille-et-Vilaine,1677,2.951,74
2020,1,"Cambriolages de logement",61,Orne,482,2.921,75
2020,1,"Cambriolages de logement",25,Doubs,819,2.866,76
2020,1,"Cambriolages de logement",67,Bas-Rhin,1644,2.859,77
2020,1,"Cambriolages de logement",73,Savoie,988,2.779,78
2020,1,"Cambriolages de logement",85,Vendée,1193,2.737,79
2020,1,"Cambriolages de logement",46,Lot,325,2.706,80
2020,1,"Cambriolages de logement",29,Finistère,1483,2.684,81
2020,1,"Cambriolages de logement",87,Haute-Vienne,593,2.674,82
2020,1,"Cambriolages de logement",43,Haute-Loire,360,2.492,83
2020,1,"Cambriolages de logement",68,Haut-Rhin,957,2.479,84
2020,1,"Cambriolages de logement",14,Calvados,1015,2.382,85
2020,1,"Cambriolages de logement",23,Creuse,198,2.231,86
2020,1,"Cambriolages de logement",09,Ariège,242,2.183,87
2020,1,"Cambriolages de logement",19,Corrèze,328,2.108,88
2020,1,"Cambriolages de logement",12,Aveyron,346,1.883,89
2020,1,"Cambriolages de logement",53,Mayenne,298,1.876,90
2020,1,"Cambriolages de logement",48,Lozère,100,1.620,91
2020,1,"Cambriolages de logement",2A,Corse-du-Sud,198,1.601,92
2020,1,"Cambriolages de logement",50,Manche,482,1.601,92
2020,1,"Cambriolages de logement",05,Hautes-Alpes,177,1.276,94
2020,1,"Cambriolages de logement",2B,Haute-Corse,170,1.258,95
2020,1,"Cambriolages de logement",15,Cantal,105,1.027,96
2020,2,"Destructions et dégradations volontaires",13,Bouches-du-Rhône,21759,10.624,1
2020,2,"Destructions et dégradations volontaires",75,Paris,22426,10.451,2
2020,2,"Destructions et dégradations volontaires",66,Pyrénées-Orientales,4922,10.195,3
2020,2,"Destructions et dégradations volontaires",93,Seine-Saint-Denis,16587,10.020,4
2020,2,"Destructions et dégradations volontaires",06,Alpes-Maritimes,10442,9.515,5
2020,2,"Destructions et dégradations volontaires",33,Gironde,15424,9.426,6
2020,2,"Destructions et dégradations volontaires",59,Nord,24342,9.334,7
2020,2,"Destructions et dégradations volontaires",34,Hérault,10919,9.184,8
2020,2,"Destructions et dégradations volontaires",62,Pas-de-Calais,13189,9.020,9
2020,2,"Destructions et dégradations volontaires",42,Loire,6928,9.015,10
2020,2,"Destructions et dégradations volontaires",11,Aude,3348,8.923,11
2020,2,"Destructions et dégradations volontaires",80,Somme,5047,8.874,12
2020,2,"Destructions et dégradations volontaires",63,Puy-de-Dôme,5830,8.809,13
2020,2,"Destructions et dégradations volontaires",83,Var,9481,8.737,14
2020,2,"Destructions et dégradations volontaires",69,Rhône,16320,8.665,15
2020,2,"Destructions et dégradations volontaires",2A,Corse-du-Sud,1387,8.625,16
2020,2,"Destructions et dégradations volontaires",02,Aisne,4484,8.470,17
2020,2,"Destructions et dégradations volontaires",38,Isère,10793,8.448,18
2020,2,"Destructions et dégradations volontaires",95,Val-d'Oise,10575,8.448,18
2020,2,"Destructions et dégradations volontaires",51,Marne,4588,8.097,20
2020,2,"Destructions et dégradations volontaires",17,Charente-Maritime,5254,8.013,21
2020,2,"Destructions et dégradations volontaires",26,Drôme,4144,8.004,22
2020,2,"Destructions et dégradations volontaires",2B,Haute-Corse,1463,7.999,23
2020,2,"Destructions et dégradations volontaires",03,Allier,2682,7.991,24
2020,2,"Destructions et dégradations volontaires",08,Ardennes,2132,7.905,25
2020,2,"Destructions et dégradations volontaires",94,Val-de-Marne,11099,7.883,26
2020,2,"Destructions et dégradations volontaires",05,Hautes-Alpes,1098,7.809,27
2020,2,"Destructions et dégradations volontaires",89,Yonne,2591,7.754,28
2020,2,"Destructions et dégradations volontaires",54,Meurthe-et-Moselle,5660,7.726,29
2020,2,"Destructions et dégradations volontaires",84,Vaucluse,4303,7.657,30
2020,2,"Destructions et dégradations volontaires",91,Essonne,9901,7.580,31
2020,2,"Destructions et dégradations volontaires",30,Gard,5690,7.572,32
2020,2,"Destructions et dégradations volontaires",21,Côte-d'Or,4042,7.554,33
2020,2,"Destructions et dégradations volontaires",10,Aube,2347,7.536,34
2020,2,"Destructions et dégradations volontaires",92,Hauts-de-Seine,12160,7.477,35
2020,2,"Destructions et dégradations volontaires",04,Alpes-de-Haute-Provence,1234,7.458,36
2020,2,"Destructions et dégradations volontaires",44,Loire-Atlantique,10736,7.429,37
2020,2,"Destructions et dégradations volontaires",31,Haute-Garonne,10471,7.396,38
2020,2,"Destructions et dégradations volontaires",09,Ariège,1131,7.346,39
2020,2,"Destructions et dégradations volontaires",55,Meuse,1344,7.344,40
2020,2,"Destructions et dégradations volontaires",76,Seine-Maritime,9212,7.342,41
2020,2,"Destructions et dégradations volontaires",72,Sarthe,4132,7.288,42
2020,2,"Destructions et dégradations volontaires",29,Finistère,6683,7.286,43
2020,2,"Destructions et dégradations volontaires",88,Vosges,2605,7.188,44
2020,2,"Destructions et dégradations volontaires",86,Vienne,3138,7.143,45
2020,2,"Destructions et dégradations volontaires",73,Savoie,3129,7.115,46
2020,2,"Destructions et dégradations volontaires",60,Oise,5896,7.106,47
2020,2,"Destructions et dégradations volontaires",52,Haute-Marne,1208,7.032,48
2020,2,"Destructions et dégradations volontaires",58,Nièvre,1425,7.031,49
2020,2,"Destructions et dégradations volontaires",78,Yvelines,10155,7.005,50
2020,2,"Destructions et dégradations volontaires",77,Seine-et-Marne,9933,6.953,51
2020,2,"Destructions et dégradations volontaires",14,Calvados,4795,6.874,52
2020,2,"Destructions et dégradations volontaires",16,Charente,2410,6.852,53
2020,2,"Destructions et dégradations volontaires",67,Bas-Rhin,7839,6.828,54
2020,2,"Destructions et dégradations volontaires",18,Cher,2048,6.806,55
2020,2,"Destructions et dégradations volontaires",37,Indre-et-Loire,4137,6.758,56
2020,2,"Destructions et dégradations volontaires",39,Jura,1741,6.727,57
2020,2,"Destructions et dégradations volontaires",70,Haute-Saône,1578,6.726,58
2020,2,"Destructions et dégradations volontaires",25,Doubs,3658,6.709,59
2020,2,"Destructions et dégradations volontaires",35,Ille-et-Vilaine,7299,6.703,60
2020,2,"Destructions et dégradations volontaires",27,Eure,4004,6.677,61
2020,2,"Destructions et dégradations volontaires",47,Lot-et-Garonne,2200,6.650,62
2020,2,"Destructions et dégradations volontaires",57,Moselle,6952,6.626,63
2020,2,"Destructions et dégradations volontaires",87,Haute-Vienne,2461,6.613,64
2020,2,"Destructions et dégradations volontaires",28,Eure-et-Loir,2813,6.520,65
2020,2,"Destructions et dégradations volontaires",81,Tarn,2549,6.518,66
2020,2,"Destructions et dégradations volontaires",90,"Territoire de Belfort",912,6.509,67
2020,2,"Destructions et dégradations volontaires",49,Maine-et-Loire,5338,6.504,68
2020,2,"Destructions et dégradations volontaires",68,Haut-Rhin,4989,6.497,69
2020,2,"Destructions et dégradations volontaires",85,Vendée,4461,6.440,70
2020,2,"Destructions et dégradations volontaires",07,Ardèche,2108,6.401,71
2020,2,"Destructions et dégradations volontaires",79,Deux-Sèvres,2309,6.166,72
2020,2,"Destructions et dégradations volontaires",74,Haute-Savoie,5138,6.152,73
2020,2,"Destructions et dégradations volontaires",61,Orne,1711,6.144,74
2020,2,"Destructions et dégradations volontaires",82,Tarn-et-Garonne,1610,6.138,75
2020,2,"Destructions et dégradations volontaires",45,Loiret,4185,6.134,76
2020,2,"Destructions et dégradations volontaires",22,Côtes-d'Armor,3698,6.126,77
2020,2,"Destructions et dégradations volontaires",01,Ain,4021,6.112,78
2020,2,"Destructions et dégradations volontaires",65,Hautes-Pyrénées,1390,6.049,79
2020,2,"Destructions et dégradations volontaires",64,Pyrénées-Atlantiques,4132,6.012,80
2020,2,"Destructions et dégradations volontaires",40,Landes,2499,5.977,81
2020,2,"Destructions et dégradations volontaires",36,Indre,1303,5.958,82
2020,2,"Destructions et dégradations volontaires",48,Lozère,456,5.950,83
2020,2,"Destructions et dégradations volontaires",71,Saône-et-Loire,3278,5.949,84
2020,2,"Destructions et dégradations volontaires",24,Dordogne,2453,5.942,85
2020,2,"Destructions et dégradations volontaires",41,Loir-et-Cher,1905,5.784,86
2020,2,"Destructions et dégradations volontaires",43,Haute-Loire,1306,5.741,87
2020,2,"Destructions et dégradations volontaires",56,Morbihan,4372,5.721,88
2020,2,"Destructions et dégradations volontaires",23,Creuse,638,5.500,89
2020,2,"Destructions et dégradations volontaires",50,Manche,2680,5.413,90
2020,2,"Destructions et dégradations volontaires",53,Mayenne,1648,5.376,91
2020,2,"Destructions et dégradations volontaires",46,Lot,910,5.210,92
2020,2,"Destructions et dégradations volontaires",19,Corrèze,1240,5.184,93
2020,2,"Destructions et dégradations volontaires",15,Cantal,698,4.834,94
2020,2,"Destructions et dégradations volontaires",32,Gers,921,4.801,95
2020,2,"Destructions et dégradations volontaires",12,Aveyron,1314,4.700,96
2020,3,"Escroqueries et fraudes aux moyens de paiement",75,Paris,21058,9.813,1
2020,3,"Escroqueries et fraudes aux moyens de paiement",92,Hauts-de-Seine,11191,6.882,2
2020,3,"Escroqueries et fraudes aux moyens de paiement",69,Rhône,11486,6.098,3
2020,3,"Escroqueries et fraudes aux moyens de paiement",06,Alpes-Maritimes,6151,5.605,4
2020,3,"Escroqueries et fraudes aux moyens de paiement",13,Bouches-du-Rhône,11296,5.515,5
2020,3,"Escroqueries et fraudes aux moyens de paiement",31,Haute-Garonne,7763,5.483,6
2020,3,"Escroqueries et fraudes aux moyens de paiement",94,Val-de-Marne,7614,5.408,7
2020,3,"Escroqueries et fraudes aux moyens de paiement",37,Indre-et-Loire,3190,5.211,8
2020,3,"Escroqueries et fraudes aux moyens de paiement",83,Var,5566,5.129,9
2020,3,"Escroqueries et fraudes aux moyens de paiement",78,Yvelines,7428,5.124,10
2020,3,"Escroqueries et fraudes aux moyens de paiement",16,Charente,1738,4.941,11
2020,3,"Escroqueries et fraudes aux moyens de paiement",66,Pyrénées-Orientales,2385,4.940,12
2020,3,"Escroqueries et fraudes aux moyens de paiement",93,Seine-Saint-Denis,8132,4.912,13
2020,3,"Escroqueries et fraudes aux moyens de paiement",45,Loiret,3335,4.888,14
2020,3,"Escroqueries et fraudes aux moyens de paiement",34,Hérault,5808,4.885,15
2020,3,"Escroqueries et fraudes aux moyens de paiement",72,Sarthe,2730,4.815,16
2020,3,"Escroqueries et fraudes aux moyens de paiement",89,Yonne,1576,4.716,17
2020,3,"Escroqueries et fraudes aux moyens de paiement",38,Isère,6010,4.704,18
2020,3,"Escroqueries et fraudes aux moyens de paiement",58,Nièvre,951,4.692,19
2020,3,"Escroqueries et fraudes aux moyens de paiement",82,Tarn-et-Garonne,1226,4.674,20
2020,3,"Escroqueries et fraudes aux moyens de paiement",86,Vienne,2042,4.648,21
2020,3,"Escroqueries et fraudes aux moyens de paiement",95,Val-d'Oise,5803,4.636,22
2020,3,"Escroqueries et fraudes aux moyens de paiement",33,Gironde,7479,4.570,23
2020,3,"Escroqueries et fraudes aux moyens de paiement",77,Seine-et-Marne,6443,4.510,24
2020,3,"Escroqueries et fraudes aux moyens de paiement",47,Lot-et-Garonne,1476,4.461,25
2020,3,"Escroqueries et fraudes aux moyens de paiement",51,Marne,2519,4.445,26
2020,3,"Escroqueries et fraudes aux moyens de paiement",76,Seine-Maritime,5567,4.437,27
2020,3,"Escroqueries et fraudes aux moyens de paiement",73,Savoie,1948,4.430,28
2020,3,"Escroqueries et fraudes aux moyens de paiement",91,Essonne,5782,4.427,29
2020,3,"Escroqueries et fraudes aux moyens de paiement",04,Alpes-de-Haute-Provence,731,4.418,30
2020,3,"Escroqueries et fraudes aux moyens de paiement",42,Loire,3394,4.416,31
2020,3,"Escroqueries et fraudes aux moyens de paiement",63,Puy-de-Dôme,2919,4.410,32
2020,3,"Escroqueries et fraudes aux moyens de paiement",84,Vaucluse,2469,4.394,33
2020,3,"Escroqueries et fraudes aux moyens de paiement",30,Gard,3300,4.391,34
2020,3,"Escroqueries et fraudes aux moyens de paiement",44,Loire-Atlantique,6322,4.375,35
2020,3,"Escroqueries et fraudes aux moyens de paiement",10,Aube,1361,4.370,36
2020,3,"Escroqueries et fraudes aux moyens de paiement",55,Meuse,797,4.355,37
2020,3,"Escroqueries et fraudes aux moyens de paiement",74,Haute-Savoie,3613,4.326,38
2020,3,"Escroqueries et fraudes aux moyens de paiement",25,Doubs,2354,4.318,39
2020,3,"Escroqueries et fraudes aux moyens de paiement",81,Tarn,1678,4.291,40
2020,3,"Escroqueries et fraudes aux moyens de paiement",21,Côte-d'Or,2295,4.289,41
2020,3,"Escroqueries et fraudes aux moyens de paiement",26,Drôme,2199,4.248,42
2020,3,"Escroqueries et fraudes aux moyens de paiement",46,Lot,742,4.248,42
2020,3,"Escroqueries et fraudes aux moyens de paiement",70,Haute-Saône,992,4.228,44
2020,3,"Escroqueries et fraudes aux moyens de paiement",53,Mayenne,1289,4.205,45
2020,3,"Escroqueries et fraudes aux moyens de paiement",03,Allier,1409,4.198,46
2020,3,"Escroqueries et fraudes aux moyens de paiement",09,Ariège,645,4.190,47
2020,3,"Escroqueries et fraudes aux moyens de paiement",54,Meurthe-et-Moselle,3047,4.159,48
2020,3,"Escroqueries et fraudes aux moyens de paiement",87,Haute-Vienne,1547,4.157,49
2020,3,"Escroqueries et fraudes aux moyens de paiement",32,Gers,795,4.145,50
2020,3,"Escroqueries et fraudes aux moyens de paiement",27,Eure,2483,4.141,51
2020,3,"Escroqueries et fraudes aux moyens de paiement",08,Ardennes,1111,4.119,52
2020,3,"Escroqueries et fraudes aux moyens de paiement",01,Ain,2695,4.097,53
2020,3,"Escroqueries et fraudes aux moyens de paiement",19,Corrèze,977,4.085,54
2020,3,"Escroqueries et fraudes aux moyens de paiement",40,Landes,1706,4.080,55
2020,3,"Escroqueries et fraudes aux moyens de paiement",39,Jura,1051,4.061,56
2020,3,"Escroqueries et fraudes aux moyens de paiement",35,Ille-et-Vilaine,4419,4.058,57
2020,3,"Escroqueries et fraudes aux moyens de paiement",67,Bas-Rhin,4657,4.056,58
2020,3,"Escroqueries et fraudes aux moyens de paiement",59,Nord,10569,4.053,59
2020,3,"Escroqueries et fraudes aux moyens de paiement",43,Haute-Loire,917,4.031,60
2020,3,"Escroqueries et fraudes aux moyens de paiement",05,Hautes-Alpes,561,3.990,61
2020,3,"Escroqueries et fraudes aux moyens de paiement",29,Finistère,3622,3.949,62
2020,3,"Escroqueries et fraudes aux moyens de paiement",24,Dordogne,1628,3.944,63
2020,3,"Escroqueries et fraudes aux moyens de paiement",28,Eure-et-Loir,1683,3.901,64
2020,3,"Escroqueries et fraudes aux moyens de paiement",02,Aisne,2063,3.897,65
2020,3,"Escroqueries et fraudes aux moyens de paiement",79,Deux-Sèvres,1456,3.888,66
2020,3,"Escroqueries et fraudes aux moyens de paiement",60,Oise,3223,3.885,67
2020,3,"Escroqueries et fraudes aux moyens de paiement",2A,Corse-du-Sud,624,3.880,68
2020,3,"Escroqueries et fraudes aux moyens de paiement",17,Charente-Maritime,2530,3.858,69
2020,3,"Escroqueries et fraudes aux moyens de paiement",65,Hautes-Pyrénées,877,3.817,70
2020,3,"Escroqueries et fraudes aux moyens de paiement",14,Calvados,2637,3.780,71
2020,3,"Escroqueries et fraudes aux moyens de paiement",11,Aude,1414,3.768,72
2020,3,"Escroqueries et fraudes aux moyens de paiement",18,Cher,1131,3.758,73
2020,3,"Escroqueries et fraudes aux moyens de paiement",36,Indre,822,3.758,73
2020,3,"Escroqueries et fraudes aux moyens de paiement",61,Orne,1044,3.749,75
2020,3,"Escroqueries et fraudes aux moyens de paiement",22,Côtes-d'Armor,2262,3.747,76
2020,3,"Escroqueries et fraudes aux moyens de paiement",49,Maine-et-Loire,3057,3.725,77
2020,3,"Escroqueries et fraudes aux moyens de paiement",71,Saône-et-Loire,2048,3.716,78
2020,3,"Escroqueries et fraudes aux moyens de paiement",88,Vosges,1330,3.670,79
2020,3,"Escroqueries et fraudes aux moyens de paiement",85,Vendée,2538,3.664,80
2020,3,"Escroqueries et fraudes aux moyens de paiement",12,Aveyron,1019,3.645,81
2020,3,"Escroqueries et fraudes aux moyens de paiement",41,Loir-et-Cher,1196,3.631,82
2020,3,"Escroqueries et fraudes aux moyens de paiement",64,Pyrénées-Atlantiques,2494,3.629,83
2020,3,"Escroqueries et fraudes aux moyens de paiement",07,Ardèche,1181,3.586,84
2020,3,"Escroqueries et fraudes aux moyens de paiement",52,Haute-Marne,602,3.504,85
2020,3,"Escroqueries et fraudes aux moyens de paiement",15,Cantal,501,3.470,86
2020,3,"Escroqueries et fraudes aux moyens de paiement",23,Creuse,399,3.440,87
2020,3,"Escroqueries et fraudes aux moyens de paiement",68,Haut-Rhin,2596,3.381,88
2020,3,"Escroqueries et fraudes aux moyens de paiement",2B,Haute-Corse,615,3.363,89
2020,3,"Escroqueries et fraudes aux moyens de paiement",56,Morbihan,2558,3.347,90
2020,3,"Escroqueries et fraudes aux moyens de paiement",62,Pas-de-Calais,4779,3.268,91
2020,3,"Escroqueries et fraudes aux moyens de paiement",57,Moselle,3323,3.167,92
2020,3,"Escroqueries et fraudes aux moyens de paiement",48,Lozère,236,3.080,93
2020,3,"Escroqueries et fraudes aux moyens de paiement",80,Somme,1740,3.059,94
2020,3,"Escroqueries et fraudes aux moyens de paiement",50,Manche,1483,2.995,95
2020,3,"Escroqueries et fraudes aux moyens de paiement",90,"Territoire de Belfort",406,2.898,96
2020,4,Homicides,04,Alpes-de-Haute-Provence,8,0.048,1
2020,4,Homicides,66,Pyrénées-Orientales,14,0.029,2
2020,4,Homicides,2B,Haute-Corse,5,0.027,3
2020,4,Homicides,09,Ariège,4,0.026,4
2020,4,Homicides,08,Ardennes,6,0.022,5
2020,4,Homicides,13,Bouches-du-Rhône,42,0.021,6
2020,4,Homicides,47,Lot-et-Garonne,7,0.021,6
2020,4,Homicides,79,Deux-Sèvres,8,0.021,6
2020,4,Homicides,90,"Territoire de Belfort",3,0.021,6
2020,4,Homicides,58,Nièvre,4,0.020,10
2020,4,Homicides,2A,Corse-du-Sud,3,0.019,11
2020,4,Homicides,93,Seine-Saint-Denis,32,0.019,11
2020,4,Homicides,06,Alpes-Maritimes,20,0.018,13
2020,4,Homicides,36,Indre,4,0.018,13
2020,4,Homicides,27,Eure,10,0.017,15
2020,4,Homicides,40,Landes,7,0.017,15
2020,4,Homicides,42,Loire,13,0.017,15
2020,4,Homicides,52,Haute-Marne,3,0.017,15
2020,4,Homicides,55,Meuse,3,0.016,19
2020,4,Homicides,83,Var,17,0.016,19
2020,4,Homicides,26,Drôme,8,0.015,21
2020,4,Homicides,76,Seine-Maritime,19,0.015,21
2020,4,Homicides,94,Val-de-Marne,21,0.015,21
2020,4,Homicides,16,Charente,5,0.014,24
2020,4,Homicides,02,Aisne,7,0.013,25
2020,4,Homicides,19,Corrèze,3,0.013,25
2020,4,Homicides,34,Hérault,15,0.013,25
2020,4,Homicides,64,Pyrénées-Atlantiques,9,0.013,25
2020,4,Homicides,07,Ardèche,4,0.012,29
2020,4,Homicides,17,Charente-Maritime,8,0.012,29
2020,4,Homicides,28,Eure-et-Loir,5,0.012,29
2020,4,Homicides,59,Nord,31,0.012,29
2020,4,Homicides,60,Oise,10,0.012,29
2020,4,Homicides,12,Aveyron,3,0.011,34
2020,4,Homicides,21,Côte-d'Or,6,0.011,34
2020,4,Homicides,51,Marne,6,0.011,34
2020,4,Homicides,69,Rhône,21,0.011,34
2020,4,Homicides,73,Savoie,5,0.011,34
2020,4,Homicides,80,Somme,6,0.011,34
2020,4,Homicides,86,Vienne,5,0.011,34
2020,4,Homicides,95,Val-d'Oise,14,0.011,34
2020,4,Homicides,18,Cher,3,0.010,42
2020,4,Homicides,24,Dordogne,4,0.010,42
2020,4,Homicides,37,Indre-et-Loire,6,0.010,42
2020,4,Homicides,38,Isère,13,0.010,42
2020,4,Homicides,45,Loiret,7,0.010,42
2020,4,Homicides,50,Manche,5,0.010,42
2020,4,Homicides,53,Mayenne,3,0.010,42
2020,4,Homicides,57,Moselle,11,0.010,42
2020,4,Homicides,03,Allier,3,0.009,50
2020,4,Homicides,14,Calvados,6,0.009,50
2020,4,Homicides,31,Haute-Garonne,13,0.009,50
2020,4,Homicides,65,Hautes-Pyrénées,2,0.009,50
2020,4,Homicides,70,Haute-Saône,2,0.009,50
2020,4,Homicides,72,Sarthe,5,0.009,50
2020,4,Homicides,75,Paris,19,0.009,50
2020,4,Homicides,22,Côtes-d'Armor,5,0.008,57
2020,4,Homicides,30,Gard,6,0.008,57
2020,4,Homicides,33,Gironde,13,0.008,57
2020,4,Homicides,62,Pas-de-Calais,12,0.008,57
2020,4,Homicides,63,Puy-de-Dôme,5,0.008,57
2020,4,Homicides,82,Tarn-et-Garonne,2,0.008,57
2020,4,Homicides,87,Haute-Vienne,3,0.008,57
2020,4,Homicides,88,Vosges,3,0.008,57
2020,4,Homicides,91,Essonne,10,0.008,57
2020,4,Homicides,05,Hautes-Alpes,1,0.007,66
2020,4,Homicides,25,Doubs,4,0.007,66
2020,4,Homicides,29,Finistère,6,0.007,66
2020,4,Homicides,44,Loire-Atlantique,10,0.007,66
2020,4,Homicides,49,Maine-et-Loire,6,0.007,66
2020,4,Homicides,54,Meurthe-et-Moselle,5,0.007,66
2020,4,Homicides,61,Orne,2,0.007,66
2020,4,Homicides,67,Bas-Rhin,8,0.007,66
2020,4,Homicides,71,Saône-et-Loire,4,0.007,66
2020,4,Homicides,92,Hauts-de-Seine,12,0.007,66
2020,4,Homicides,10,Aube,2,0.006,76
2020,4,Homicides,78,Yvelines,9,0.006,76
2020,4,Homicides,01,Ain,3,0.005,78
2020,4,Homicides,32,Gers,1,0.005,78
2020,4,Homicides,35,Ille-et-Vilaine,5,0.005,78
2020,4,Homicides,68,Haut-Rhin,4,0.005,78
2020,4,Homicides,84,Vaucluse,3,0.005,78
2020,4,Homicides,43,Haute-Loire,1,0.004,83
2020,4,Homicides,56,Morbihan,3,0.004,83
2020,4,Homicides,74,Haute-Savoie,3,0.004,83
2020,4,Homicides,11,Aude,1,0.003,86
2020,4,Homicides,85,Vendée,2,0.003,86
2020,4,Homicides,89,Yonne,1,0.003,86
2020,4,Homicides,77,Seine-et-Marne,1,0.001,89
2020,4,Homicides,15,Cantal,0,0.000,90
2020,4,Homicides,23,Creuse,0,0.000,90
2020,4,Homicides,39,Jura,0,0.000,90
2020,4,Homicides,41,Loir-et-Cher,0,0.000,90
2020,4,Homicides,46,Lot,0,0.000,90
2020,4,Homicides,48,Lozère,0,0.000,90
2020,4,Homicides,81,Tarn,0,0.000,90
2020,5,"Tentatives d'homicide",95,Val-d'Oise,151,0.121,1
2020,5,"Tentatives d'homicide",88,Vosges,39,0.108,2
2020,5,"Tentatives d'homicide",93,Seine-Saint-Denis,145,0.088,3
2020,5,"Tentatives d'homicide",52,Haute-Marne,15,0.087,4
2020,5,"Tentatives d'homicide",66,Pyrénées-Orientales,41,0.085,5
2020,5,"Tentatives d'homicide",13,Bouches-du-Rhône,171,0.083,6
2020,5,"Tentatives d'homicide",03,Allier,25,0.074,7
2020,5,"Tentatives d'homicide",83,Var,79,0.073,8
2020,5,"Tentatives d'homicide",25,Doubs,37,0.068,9
2020,5,"Tentatives d'homicide",75,Paris,143,0.067,10
2020,5,"Tentatives d'homicide",91,Essonne,85,0.065,11
2020,5,"Tentatives d'homicide",33,Gironde,101,0.062,12
2020,5,"Tentatives d'homicide",10,Aube,19,0.061,13
2020,5,"Tentatives d'homicide",94,Val-de-Marne,86,0.061,13
2020,5,"Tentatives d'homicide",55,Meuse,11,0.060,15
2020,5,"Tentatives d'homicide",68,Haut-Rhin,46,0.060,15
2020,5,"Tentatives d'homicide",11,Aude,22,0.059,17
2020,5,"Tentatives d'homicide",34,Hérault,69,0.058,18
2020,5,"Tentatives d'homicide",06,Alpes-Maritimes,62,0.056,19
2020,5,"Tentatives d'homicide",2A,Corse-du-Sud,9,0.056,19
2020,5,"Tentatives d'homicide",31,Haute-Garonne,79,0.056,19
2020,5,"Tentatives d'homicide",71,Saône-et-Loire,31,0.056,19
2020,5,"Tentatives d'homicide",30,Gard,41,0.055,23
2020,5,"Tentatives d'homicide",47,Lot-et-Garonne,18,0.054,24
2020,5,"Tentatives d'homicide",17,Charente-Maritime,33,0.050,25
2020,5,"Tentatives d'homicide",90,"Territoire de Belfort",7,0.050,25
2020,5,"Tentatives d'homicide",28,Eure-et-Loir,21,0.049,27
2020,5,"Tentatives d'homicide",49,Maine-et-Loire,40,0.049,27
2020,5,"Tentatives d'homicide",80,Somme,27,0.047,29
2020,5,"Tentatives d'homicide",92,Hauts-de-Seine,74,0.046,30
2020,5,"Tentatives d'homicide",69,Rhône,82,0.044,31
2020,5,"Tentatives d'homicide",79,Deux-Sèvres,16,0.043,32
2020,5,"Tentatives d'homicide",21,Côte-d'Or,22,0.041,33
2020,5,"Tentatives d'homicide",26,Drôme,21,0.041,33
2020,5,"Tentatives d'homicide",02,Aisne,21,0.040,35
2020,5,"Tentatives d'homicide",78,Yvelines,58,0.040,35
2020,5,"Tentatives d'homicide",67,Bas-Rhin,45,0.039,37
2020,5,"Tentatives d'homicide",59,Nord,95,0.036,38
2020,5,"Tentatives d'homicide",84,Vaucluse,20,0.036,38
2020,5,"Tentatives d'homicide",38,Isère,44,0.034,40
2020,5,"Tentatives d'homicide",51,Marne,19,0.034,40
2020,5,"Tentatives d'homicide",73,Savoie,15,0.034,40
2020,5,"Tentatives d'homicide",44,Loire-Atlantique,46,0.032,43
2020,5,"Tentatives d'homicide",61,Orne,9,0.032,43
2020,5,"Tentatives d'homicide",77,Seine-et-Marne,46,0.032,43
2020,5,"Tentatives d'homicide",60,Oise,26,0.031,46
2020,5,"Tentatives d'homicide",54,Meurthe-et-Moselle,22,0.030,47
2020,5,"Tentatives d'homicide",63,Puy-de-Dôme,20,0.030,47
2020,5,"Tentatives d'homicide",42,Loire,22,0.029,49
2020,5,"Tentatives d'homicide",35,Ille-et-Vilaine,30,0.028,50
2020,5,"Tentatives d'homicide",56,Morbihan,21,0.027,51
2020,5,"Tentatives d'homicide",82,Tarn-et-Garonne,7,0.027,51
2020,5,"Tentatives d'homicide",86,Vienne,12,0.027,51
2020,5,"Tentatives d'homicide",14,Calvados,18,0.026,54
2020,5,"Tentatives d'homicide",23,Creuse,3,0.026,54
2020,5,"Tentatives d'homicide",85,Vendée,18,0.026,54
2020,5,"Tentatives d'homicide",19,Corrèze,6,0.025,57
2020,5,"Tentatives d'homicide",27,Eure,15,0.025,57
2020,5,"Tentatives d'homicide",62,Pas-de-Calais,37,0.025,57
2020,5,"Tentatives d'homicide",41,Loir-et-Cher,8,0.024,60
2020,5,"Tentatives d'homicide",16,Charente,8,0.023,61
2020,5,"Tentatives d'homicide",57,Moselle,24,0.023,61
2020,5,"Tentatives d'homicide",2B,Haute-Corse,4,0.022,63
2020,5,"Tentatives d'homicide",40,Landes,9,0.022,63
2020,5,"Tentatives d'homicide",76,Seine-Maritime,27,0.022,63
2020,5,"Tentatives d'homicide",89,Yonne,7,0.021,66
2020,5,"Tentatives d'homicide",58,Nièvre,4,0.020,67
2020,5,"Tentatives d'homicide",64,Pyrénées-Atlantiques,14,0.020,67
2020,5,"Tentatives d'homicide",74,Haute-Savoie,17,0.020,67
2020,5,"Tentatives d'homicide",08,Ardennes,5,0.019,70
2020,5,"Tentatives d'homicide",09,Ariège,3,0.019,70
2020,5,"Tentatives d'homicide",45,Loiret,13,0.019,70
2020,5,"Tentatives d'homicide",01,Ain,12,0.018,73
2020,5,"Tentatives d'homicide",22,Côtes-d'Armor,11,0.018,73
2020,5,"Tentatives d'homicide",81,Tarn,7,0.018,73
2020,5,"Tentatives d'homicide",65,Hautes-Pyrénées,4,0.017,76
2020,5,"Tentatives d'homicide",70,Haute-Saône,4,0.017,76
2020,5,"Tentatives d'homicide",05,Hautes-Alpes,2,0.014,78
2020,5,"Tentatives d'homicide",36,Indre,3,0.014,78
2020,5,"Tentatives d'homicide",50,Manche,7,0.014,78
2020,5,"Tentatives d'homicide",29,Finistère,12,0.013,81
2020,5,"Tentatives d'homicide",48,Lozère,1,0.013,81
2020,5,"Tentatives d'homicide",87,Haute-Vienne,5,0.013,81
2020,5,"Tentatives d'homicide",04,Alpes-de-Haute-Provence,2,0.012,84
2020,5,"Tentatives d'homicide",72,Sarthe,7,0.012,84
2020,5,"Tentatives d'homicide",12,Aveyron,3,0.011,86
2020,5,"Tentatives d'homicide",18,Cher,3,0.010,87
2020,5,"Tentatives d'homicide",53,Mayenne,3,0.010,87
2020,5,"Tentatives d'homicide",43,Haute-Loire,2,0.009,89
2020,5,"Tentatives d'homicide",24,Dordogne,3,0.007,90
2020,5,"Tentatives d'homicide",37,Indre-et-Loire,4,0.007,90
2020,5,"Tentatives d'homicide",32,Gers,1,0.005,92
2020,5,"Tentatives d'homicide",39,Jura,1,0.004,93
2020,5,"Tentatives d'homicide",07,Ardèche,1,0.003,94
2020,5,"Tentatives d'homicide",15,Cantal,0,0.000,95
2020,5,"Tentatives d'homicide",46,Lot,0,0.000,95
2020,6,"Trafic de stupéfiants",93,Seine-Saint-Denis,3397,2.052,1
2020,6,"Trafic de stupéfiants",75,Paris,3267,1.522,2
2020,6,"Trafic de stupéfiants",94,Val-de-Marne,1838,1.305,3
2020,6,"Trafic de stupéfiants",74,Haute-Savoie,1018,1.219,4
2020,6,"Trafic de stupéfiants",13,Bouches-du-Rhône,2227,1.087,5
2020,6,"Trafic de stupéfiants",66,Pyrénées-Orientales,457,0.947,6
2020,6,"Trafic de stupéfiants",84,Vaucluse,527,0.938,7
2020,6,"Trafic de stupéfiants",91,Essonne,1079,0.826,8
2020,6,"Trafic de stupéfiants",31,Haute-Garonne,1106,0.781,9
2020,6,"Trafic de stupéfiants",83,Var,817,0.753,10
2020,6,"Trafic de stupéfiants",06,Alpes-Maritimes,811,0.739,11
2020,6,"Trafic de stupéfiants",26,Drôme,381,0.736,12
2020,6,"Trafic de stupéfiants",95,Val-d'Oise,901,0.720,13
2020,6,"Trafic de stupéfiants",92,Hauts-de-Seine,1162,0.715,14
2020,6,"Trafic de stupéfiants",39,Jura,177,0.684,15
2020,6,"Trafic de stupéfiants",25,Doubs,369,0.677,16
2020,6,"Trafic de stupéfiants",40,Landes,279,0.667,17
2020,6,"Trafic de stupéfiants",88,Vosges,237,0.654,18
2020,6,"Trafic de stupéfiants",69,Rhône,1150,0.611,19
2020,6,"Trafic de stupéfiants",16,Charente,212,0.603,20
2020,6,"Trafic de stupéfiants",11,Aude,226,0.602,21
2020,6,"Trafic de stupéfiants",59,Nord,1534,0.588,22
2020,6,"Trafic de stupéfiants",28,Eure-et-Loir,253,0.586,23
2020,6,"Trafic de stupéfiants",77,Seine-et-Marne,837,0.586,23
2020,6,"Trafic de stupéfiants",05,Hautes-Alpes,82,0.583,25
2020,6,"Trafic de stupéfiants",56,Morbihan,444,0.581,26
2020,6,"Trafic de stupéfiants",21,Côte-d'Or,303,0.566,27
2020,6,"Trafic de stupéfiants",15,Cantal,81,0.561,28
2020,6,"Trafic de stupéfiants",34,Hérault,656,0.552,29
2020,6,"Trafic de stupéfiants",23,Creuse,63,0.543,30
2020,6,"Trafic de stupéfiants",55,Meuse,99,0.541,31
2020,6,"Trafic de stupéfiants",73,Savoie,238,0.541,31
2020,6,"Trafic de stupéfiants",63,Puy-de-Dôme,354,0.535,33
2020,6,"Trafic de stupéfiants",09,Ariège,82,0.533,34
2020,6,"Trafic de stupéfiants",90,"Territoire de Belfort",74,0.528,35
2020,6,"Trafic de stupéfiants",2B,Haute-Corse,96,0.525,36
2020,6,"Trafic de stupéfiants",35,Ille-et-Vilaine,556,0.511,37
2020,6,"Trafic de stupéfiants",68,Haut-Rhin,391,0.509,38
2020,6,"Trafic de stupéfiants",24,Dordogne,208,0.504,39
2020,6,"Trafic de stupéfiants",45,Loiret,344,0.504,39
2020,6,"Trafic de stupéfiants",43,Haute-Loire,112,0.492,41
2020,6,"Trafic de stupéfiants",12,Aveyron,136,0.486,42
2020,6,"Trafic de stupéfiants",08,Ardennes,130,0.482,43
2020,6,"Trafic de stupéfiants",78,Yvelines,696,0.480,44
2020,6,"Trafic de stupéfiants",03,Allier,155,0.462,45
2020,6,"Trafic de stupéfiants",17,Charente-Maritime,302,0.461,46
2020,6,"Trafic de stupéfiants",44,Loire-Atlantique,666,0.461,46
2020,6,"Trafic de stupéfiants",54,Meurthe-et-Moselle,334,0.456,48
2020,6,"Trafic de stupéfiants",57,Moselle,476,0.454,49
2020,6,"Trafic de stupéfiants",10,Aube,138,0.443,50
2020,6,"Trafic de stupéfiants",87,Haute-Vienne,165,0.443,50
2020,6,"Trafic de stupéfiants",14,Calvados,303,0.434,52
2020,6,"Trafic de stupéfiants",60,Oise,359,0.433,53
2020,6,"Trafic de stupéfiants",52,Haute-Marne,74,0.431,54
2020,6,"Trafic de stupéfiants",67,Bas-Rhin,492,0.429,55
2020,6,"Trafic de stupéfiants",86,Vienne,185,0.421,56
2020,6,"Trafic de stupéfiants",27,Eure,252,0.420,57
2020,6,"Trafic de stupéfiants",65,Hautes-Pyrénées,96,0.418,58
2020,6,"Trafic de stupéfiants",30,Gard,312,0.415,59
2020,6,"Trafic de stupéfiants",79,Deux-Sèvres,150,0.401,60
2020,6,"Trafic de stupéfiants",64,Pyrénées-Atlantiques,274,0.399,61
2020,6,"Trafic de stupéfiants",22,Côtes-d'Armor,237,0.393,62
2020,6,"Trafic de stupéfiants",19,Corrèze,93,0.389,63
2020,6,"Trafic de stupéfiants",62,Pas-de-Calais,561,0.384,64
2020,6,"Trafic de stupéfiants",76,Seine-Maritime,481,0.383,65
2020,6,"Trafic de stupéfiants",29,Finistère,350,0.382,66
2020,6,"Trafic de stupéfiants",38,Isère,487,0.381,67
2020,6,"Trafic de stupéfiants",02,Aisne,201,0.380,68
2020,6,"Trafic de stupéfiants",50,Manche,185,0.374,69
2020,6,"Trafic de stupéfiants",61,Orne,101,0.363,70
2020,6,"Trafic de stupéfiants",80,Somme,206,0.362,71
2020,6,"Trafic de stupéfiants",2A,Corse-du-Sud,58,0.361,72
2020,6,"Trafic de stupéfiants",37,Indre-et-Loire,216,0.353,73
2020,6,"Trafic de stupéfiants",42,Loire,268,0.349,74
2020,6,"Trafic de stupéfiants",46,Lot,61,0.349,74
2020,6,"Trafic de stupéfiants",71,Saône-et-Loire,192,0.348,76
2020,6,"Trafic de stupéfiants",89,Yonne,113,0.338,77
2020,6,"Trafic de stupéfiants",18,Cher,99,0.329,78
2020,6,"Trafic de stupéfiants",33,Gironde,534,0.326,79
2020,6,"Trafic de stupéfiants",48,Lozère,25,0.326,79
2020,6,"Trafic de stupéfiants",01,Ain,212,0.322,81
2020,6,"Trafic de stupéfiants",51,Marne,179,0.316,82
2020,6,"Trafic de stupéfiants",82,Tarn-et-Garonne,79,0.301,83
2020,6,"Trafic de stupéfiants",81,Tarn,112,0.286,84
2020,6,"Trafic de stupéfiants",70,Haute-Saône,66,0.281,85
2020,6,"Trafic de stupéfiants",58,Nièvre,56,0.276,86
2020,6,"Trafic de stupéfiants",36,Indre,58,0.265,87
2020,6,"Trafic de stupéfiants",72,Sarthe,150,0.265,87
2020,6,"Trafic de stupéfiants",47,Lot-et-Garonne,86,0.260,89
2020,6,"Trafic de stupéfiants",53,Mayenne,79,0.258,90
2020,6,"Trafic de stupéfiants",85,Vendée,175,0.253,91
2020,6,"Trafic de stupéfiants",41,Loir-et-Cher,78,0.237,92
2020,6,"Trafic de stupéfiants",04,Alpes-de-Haute-Provence,39,0.236,93
2020,6,"Trafic de stupéfiants",32,Gers,42,0.219,94
2020,6,"Trafic de stupéfiants",49,Maine-et-Loire,175,0.213,95
2020,6,"Trafic de stupéfiants",07,Ardèche,68,0.206,96
2020,7,"Usage de stupéfiants",93,Seine-Saint-Denis,8452,5.106,1
2020,7,"Usage de stupéfiants",05,Hautes-Alpes,679,4.829,2
2020,7,"Usage de stupéfiants",43,Haute-Loire,953,4.189,3
2020,7,"Usage de stupéfiants",04,Alpes-de-Haute-Provence,683,4.128,4
2020,7,"Usage de stupéfiants",74,Haute-Savoie,3278,3.925,5
2020,7,"Usage de stupéfiants",75,Paris,7872,3.668,6
2020,7,"Usage de stupéfiants",13,Bouches-du-Rhône,6984,3.410,7
2020,7,"Usage de stupéfiants",06,Alpes-Maritimes,3572,3.255,8
2020,7,"Usage de stupéfiants",77,Seine-et-Marne,4627,3.239,9
2020,7,"Usage de stupéfiants",94,Val-de-Marne,4559,3.238,10
2020,7,"Usage de stupéfiants",89,Yonne,1078,3.226,11
2020,7,"Usage de stupéfiants",95,Val-d'Oise,3922,3.133,12
2020,7,"Usage de stupéfiants",83,Var,3382,3.117,13
2020,7,"Usage de stupéfiants",84,Vaucluse,1717,3.055,14
2020,7,"Usage de stupéfiants",46,Lot,522,2.988,15
2020,7,"Usage de stupéfiants",52,Haute-Marne,510,2.969,16
2020,7,"Usage de stupéfiants",19,Corrèze,704,2.943,17
2020,7,"Usage de stupéfiants",34,Hérault,3483,2.929,18
2020,7,"Usage de stupéfiants",59,Nord,7473,2.866,19
2020,7,"Usage de stupéfiants",90,"Territoire de Belfort",397,2.833,20
2020,7,"Usage de stupéfiants",78,Yvelines,4036,2.784,21
2020,7,"Usage de stupéfiants",17,Charente-Maritime,1794,2.736,22
2020,7,"Usage de stupéfiants",69,Rhône,5027,2.669,23
2020,7,"Usage de stupéfiants",88,Vosges,934,2.577,24
2020,7,"Usage de stupéfiants",60,Oise,2119,2.554,25
2020,7,"Usage de stupéfiants",65,Hautes-Pyrénées,585,2.546,26
2020,7,"Usage de stupéfiants",14,Calvados,1769,2.536,27
2020,7,"Usage de stupéfiants",80,Somme,1425,2.506,28
2020,7,"Usage de stupéfiants",55,Meuse,453,2.475,29
2020,7,"Usage de stupéfiants",62,Pas-de-Calais,3614,2.472,30
2020,7,"Usage de stupéfiants",38,Isère,3096,2.423,31
2020,7,"Usage de stupéfiants",08,Ardennes,652,2.417,32
2020,7,"Usage de stupéfiants",07,Ardèche,787,2.390,33
2020,7,"Usage de stupéfiants",91,Essonne,3109,2.380,34
2020,7,"Usage de stupéfiants",45,Loiret,1619,2.373,35
2020,7,"Usage de stupéfiants",26,Drôme,1228,2.372,36
2020,7,"Usage de stupéfiants",03,Allier,779,2.321,37
2020,7,"Usage de stupéfiants",73,Savoie,1016,2.310,38
2020,7,"Usage de stupéfiants",29,Finistère,2107,2.297,39
2020,7,"Usage de stupéfiants",53,Mayenne,698,2.277,40
2020,7,"Usage de stupéfiants",25,Doubs,1226,2.249,41
2020,7,"Usage de stupéfiants",51,Marne,1270,2.241,42
2020,7,"Usage de stupéfiants",48,Lozère,168,2.192,43
2020,7,"Usage de stupéfiants",28,Eure-et-Loir,939,2.176,44
2020,7,"Usage de stupéfiants",58,Nièvre,436,2.151,45
2020,7,"Usage de stupéfiants",42,Loire,1647,2.143,46
2020,7,"Usage de stupéfiants",21,Côte-d'Or,1139,2.129,47
2020,7,"Usage de stupéfiants",86,Vienne,925,2.105,48
2020,7,"Usage de stupéfiants",71,Saône-et-Loire,1152,2.091,49
2020,7,"Usage de stupéfiants",54,Meurthe-et-Moselle,1520,2.075,50
2020,7,"Usage de stupéfiants",09,Ariège,318,2.066,51
2020,7,"Usage de stupéfiants",10,Aube,643,2.065,52
2020,7,"Usage de stupéfiants",27,Eure,1232,2.054,53
2020,7,"Usage de stupéfiants",02,Aisne,1086,2.051,54
2020,7,"Usage de stupéfiants",35,Ille-et-Vilaine,2229,2.047,55
2020,7,"Usage de stupéfiants",39,Jura,528,2.040,56
2020,7,"Usage de stupéfiants",66,Pyrénées-Orientales,982,2.034,57
2020,7,"Usage de stupéfiants",92,Hauts-de-Seine,3308,2.034,57
2020,7,"Usage de stupéfiants",2A,Corse-du-Sud,326,2.027,59
2020,7,"Usage de stupéfiants",11,Aude,751,2.002,60
2020,7,"Usage de stupéfiants",12,Aveyron,544,1.946,61
2020,7,"Usage de stupéfiants",82,Tarn-et-Garonne,500,1.906,62
2020,7,"Usage de stupéfiants",30,Gard,1413,1.880,63
2020,7,"Usage de stupéfiants",36,Indre,411,1.879,64
2020,7,"Usage de stupéfiants",2B,Haute-Corse,329,1.799,65
2020,7,"Usage de stupéfiants",01,Ain,1174,1.785,66
2020,7,"Usage de stupéfiants",57,Moselle,1851,1.764,67
2020,7,"Usage de stupéfiants",76,Seine-Maritime,2207,1.759,68
2020,7,"Usage de stupéfiants",44,Loire-Atlantique,2515,1.740,69
2020,7,"Usage de stupéfiants",40,Landes,722,1.727,70
2020,7,"Usage de stupéfiants",32,Gers,327,1.705,71
2020,7,"Usage de stupéfiants",56,Morbihan,1300,1.701,72
2020,7,"Usage de stupéfiants",18,Cher,506,1.681,73
2020,7,"Usage de stupéfiants",41,Loir-et-Cher,546,1.658,74
2020,7,"Usage de stupéfiants",68,Haut-Rhin,1269,1.653,75
2020,7,"Usage de stupéfiants",87,Haute-Vienne,602,1.618,76
2020,7,"Usage de stupéfiants",81,Tarn,629,1.608,77
2020,7,"Usage de stupéfiants",15,Cantal,230,1.593,78
2020,7,"Usage de stupéfiants",61,Orne,440,1.580,79
2020,7,"Usage de stupéfiants",70,Haute-Saône,369,1.573,80
2020,7,"Usage de stupéfiants",22,Côtes-d'Armor,947,1.569,81
2020,7,"Usage de stupéfiants",31,Haute-Garonne,2213,1.563,82
2020,7,"Usage de stupéfiants",64,Pyrénées-Atlantiques,1069,1.555,83
2020,7,"Usage de stupéfiants",24,Dordogne,634,1.536,84
2020,7,"Usage de stupéfiants",23,Creuse,177,1.526,85
2020,7,"Usage de stupéfiants",16,Charente,535,1.521,86
2020,7,"Usage de stupéfiants",33,Gironde,2449,1.497,87
2020,7,"Usage de stupéfiants",63,Puy-de-Dôme,979,1.479,88
2020,7,"Usage de stupéfiants",50,Manche,707,1.428,89
2020,7,"Usage de stupéfiants",72,Sarthe,802,1.414,90
2020,7,"Usage de stupéfiants",47,Lot-et-Garonne,460,1.390,91
2020,7,"Usage de stupéfiants",49,Maine-et-Loire,1032,1.257,92
2020,7,"Usage de stupéfiants",85,Vendée,868,1.253,93
2020,7,"Usage de stupéfiants",67,Bas-Rhin,1437,1.252,94
2020,7,"Usage de stupéfiants",37,Indre-et-Loire,735,1.201,95
2020,7,"Usage de stupéfiants",79,Deux-Sèvres,448,1.196,96
2020,8,"Usage de stupéfiants (AFD)",93,Seine-Saint-Denis,2510,1.516,1
2020,8,"Usage de stupéfiants (AFD)",13,Bouches-du-Rhône,3054,1.491,2
2020,8,"Usage de stupéfiants (AFD)",95,Val-d'Oise,1003,0.801,3
2020,8,"Usage de stupéfiants (AFD)",06,Alpes-Maritimes,864,0.787,4
2020,8,"Usage de stupéfiants (AFD)",94,Val-de-Marne,993,0.705,5
2020,8,"Usage de stupéfiants (AFD)",83,Var,693,0.639,6
2020,8,"Usage de stupéfiants (AFD)",84,Vaucluse,355,0.632,7
2020,8,"Usage de stupéfiants (AFD)",69,Rhône,1178,0.625,8
2020,8,"Usage de stupéfiants (AFD)",34,Hérault,693,0.583,9
2020,8,"Usage de stupéfiants (AFD)",60,Oise,483,0.582,10
2020,8,"Usage de stupéfiants (AFD)",04,Alpes-de-Haute-Provence,96,0.580,11
2020,8,"Usage de stupéfiants (AFD)",75,Paris,1229,0.573,12
2020,8,"Usage de stupéfiants (AFD)",59,Nord,1414,0.542,13
2020,8,"Usage de stupéfiants (AFD)",35,Ille-et-Vilaine,559,0.513,14
2020,8,"Usage de stupéfiants (AFD)",05,Hautes-Alpes,71,0.505,15
2020,8,"Usage de stupéfiants (AFD)",66,Pyrénées-Orientales,241,0.499,16
2020,8,"Usage de stupéfiants (AFD)",91,Essonne,649,0.497,17
2020,8,"Usage de stupéfiants (AFD)",65,Hautes-Pyrénées,112,0.487,18
2020,8,"Usage de stupéfiants (AFD)",77,Seine-et-Marne,695,0.486,19
2020,8,"Usage de stupéfiants (AFD)",38,Isère,615,0.481,20
2020,8,"Usage de stupéfiants (AFD)",87,Haute-Vienne,161,0.433,21
2020,8,"Usage de stupéfiants (AFD)",08,Ardennes,116,0.430,22
2020,8,"Usage de stupéfiants (AFD)",46,Lot,75,0.429,23
2020,8,"Usage de stupéfiants (AFD)",82,Tarn-et-Garonne,112,0.427,24
2020,8,"Usage de stupéfiants (AFD)",89,Yonne,142,0.425,25
2020,8,"Usage de stupéfiants (AFD)",45,Loiret,288,0.422,26
2020,8,"Usage de stupéfiants (AFD)",36,Indre,89,0.407,27
2020,8,"Usage de stupéfiants (AFD)",92,Hauts-de-Seine,656,0.403,28
2020,8,"Usage de stupéfiants (AFD)",78,Yvelines,556,0.384,29
2020,8,"Usage de stupéfiants (AFD)",74,Haute-Savoie,302,0.362,30
2020,8,"Usage de stupéfiants (AFD)",12,Aveyron,101,0.361,31
2020,8,"Usage de stupéfiants (AFD)",25,Doubs,194,0.356,32
2020,8,"Usage de stupéfiants (AFD)",03,Allier,119,0.355,33
2020,8,"Usage de stupéfiants (AFD)",51,Marne,199,0.351,34
2020,8,"Usage de stupéfiants (AFD)",90,"Territoire de Belfort",49,0.350,35
2020,8,"Usage de stupéfiants (AFD)",30,Gard,261,0.347,36
2020,8,"Usage de stupéfiants (AFD)",14,Calvados,238,0.341,37
2020,8,"Usage de stupéfiants (AFD)",31,Haute-Garonne,481,0.340,38
2020,8,"Usage de stupéfiants (AFD)",76,Seine-Maritime,422,0.336,39
2020,8,"Usage de stupéfiants (AFD)",62,Pas-de-Calais,489,0.334,40
2020,8,"Usage de stupéfiants (AFD)",54,Meurthe-et-Moselle,242,0.330,41
2020,8,"Usage de stupéfiants (AFD)",28,Eure-et-Loir,140,0.324,42
2020,8,"Usage de stupéfiants (AFD)",43,Haute-Loire,72,0.316,43
2020,8,"Usage de stupéfiants (AFD)",71,Saône-et-Loire,173,0.314,44
2020,8,"Usage de stupéfiants (AFD)",41,Loir-et-Cher,102,0.310,45
2020,8,"Usage de stupéfiants (AFD)",27,Eure,185,0.309,46
2020,8,"Usage de stupéfiants (AFD)",47,Lot-et-Garonne,102,0.308,47
2020,8,"Usage de stupéfiants (AFD)",07,Ardèche,101,0.307,48
2020,8,"Usage de stupéfiants (AFD)",23,Creuse,35,0.302,49
2020,8,"Usage de stupéfiants (AFD)",80,Somme,169,0.297,50
2020,8,"Usage de stupéfiants (AFD)",81,Tarn,111,0.284,51
2020,8,"Usage de stupéfiants (AFD)",21,Côte-d'Or,151,0.282,52
2020,8,"Usage de stupéfiants (AFD)",88,Vosges,101,0.279,53
2020,8,"Usage de stupéfiants (AFD)",09,Ariège,42,0.273,54
2020,8,"Usage de stupéfiants (AFD)",42,Loire,205,0.267,55
2020,8,"Usage de stupéfiants (AFD)",01,Ain,175,0.266,56
2020,8,"Usage de stupéfiants (AFD)",52,Haute-Marne,45,0.262,57
2020,8,"Usage de stupéfiants (AFD)",86,Vienne,115,0.262,57
2020,8,"Usage de stupéfiants (AFD)",17,Charente-Maritime,170,0.259,59
2020,8,"Usage de stupéfiants (AFD)",2B,Haute-Corse,47,0.257,60
2020,8,"Usage de stupéfiants (AFD)",73,Savoie,112,0.255,61
2020,8,"Usage de stupéfiants (AFD)",57,Moselle,265,0.253,62
2020,8,"Usage de stupéfiants (AFD)",11,Aude,94,0.251,63
2020,8,"Usage de stupéfiants (AFD)",33,Gironde,410,0.251,63
2020,8,"Usage de stupéfiants (AFD)",29,Finistère,227,0.247,65
2020,8,"Usage de stupéfiants (AFD)",64,Pyrénées-Atlantiques,168,0.244,66
2020,8,"Usage de stupéfiants (AFD)",02,Aisne,127,0.240,67
2020,8,"Usage de stupéfiants (AFD)",15,Cantal,34,0.235,68
2020,8,"Usage de stupéfiants (AFD)",44,Loire-Atlantique,338,0.234,69
2020,8,"Usage de stupéfiants (AFD)",2A,Corse-du-Sud,37,0.230,70
2020,8,"Usage de stupéfiants (AFD)",58,Nièvre,46,0.227,71
2020,8,"Usage de stupéfiants (AFD)",32,Gers,43,0.224,72
2020,8,"Usage de stupéfiants (AFD)",24,Dordogne,92,0.223,73
2020,8,"Usage de stupéfiants (AFD)",26,Drôme,115,0.222,74
2020,8,"Usage de stupéfiants (AFD)",18,Cher,66,0.219,75
2020,8,"Usage de stupéfiants (AFD)",56,Morbihan,165,0.216,76
2020,8,"Usage de stupéfiants (AFD)",37,Indre-et-Loire,130,0.212,77
2020,8,"Usage de stupéfiants (AFD)",40,Landes,88,0.210,78
2020,8,"Usage de stupéfiants (AFD)",48,Lozère,16,0.209,79
2020,8,"Usage de stupéfiants (AFD)",19,Corrèze,46,0.192,80
2020,8,"Usage de stupéfiants (AFD)",50,Manche,95,0.192,80
2020,8,"Usage de stupéfiants (AFD)",53,Mayenne,57,0.186,82
2020,8,"Usage de stupéfiants (AFD)",39,Jura,48,0.185,83
2020,8,"Usage de stupéfiants (AFD)",22,Côtes-d'Armor,106,0.176,84
2020,8,"Usage de stupéfiants (AFD)",79,Deux-Sèvres,66,0.176,84
2020,8,"Usage de stupéfiants (AFD)",10,Aube,53,0.170,86
2020,8,"Usage de stupéfiants (AFD)",72,Sarthe,82,0.145,87
2020,8,"Usage de stupéfiants (AFD)",63,Puy-de-Dôme,93,0.141,88
2020,8,"Usage de stupéfiants (AFD)",49,Maine-et-Loire,115,0.140,89
2020,8,"Usage de stupéfiants (AFD)",16,Charente,49,0.139,90
2020,8,"Usage de stupéfiants (AFD)",67,Bas-Rhin,157,0.137,91
2020,8,"Usage de stupéfiants (AFD)",68,Haut-Rhin,102,0.133,92
2020,8,"Usage de stupéfiants (AFD)",55,Meuse,24,0.131,93
2020,8,"Usage de stupéfiants (AFD)",70,Haute-Saône,30,0.128,94
2020,8,"Usage de stupéfiants (AFD)",61,Orne,25,0.090,95
2020,8,"Usage de stupéfiants (AFD)",85,Vendée,38,0.055,96
2020,9,"Usage de stupéfiants (hors AFD)",05,Hautes-Alpes,608,4.324,1
2020,9,"Usage de stupéfiants (hors AFD)",43,Haute-Loire,881,3.873,2
2020,9,"Usage de stupéfiants (hors AFD)",93,Seine-Saint-Denis,5942,3.589,3
2020,9,"Usage de stupéfiants (hors AFD)",74,Haute-Savoie,2976,3.563,4
2020,9,"Usage de stupéfiants (hors AFD)",04,Alpes-de-Haute-Provence,587,3.548,5
2020,9,"Usage de stupéfiants (hors AFD)",75,Paris,6643,3.096,6
2020,9,"Usage de stupéfiants (hors AFD)",89,Yonne,936,2.801,7
2020,9,"Usage de stupéfiants (hors AFD)",77,Seine-et-Marne,3932,2.752,8
2020,9,"Usage de stupéfiants (hors AFD)",19,Corrèze,658,2.751,9
2020,9,"Usage de stupéfiants (hors AFD)",52,Haute-Marne,465,2.707,10
2020,9,"Usage de stupéfiants (hors AFD)",46,Lot,447,2.559,11
2020,9,"Usage de stupéfiants (hors AFD)",94,Val-de-Marne,3566,2.533,12
2020,9,"Usage de stupéfiants (hors AFD)",90,"Territoire de Belfort",348,2.484,13
2020,9,"Usage de stupéfiants (hors AFD)",83,Var,2689,2.478,14
2020,9,"Usage de stupéfiants (hors AFD)",17,Charente-Maritime,1624,2.477,15
2020,9,"Usage de stupéfiants (hors AFD)",06,Alpes-Maritimes,2708,2.468,16
2020,9,"Usage de stupéfiants (hors AFD)",84,Vaucluse,1362,2.424,17
2020,9,"Usage de stupéfiants (hors AFD)",78,Yvelines,3480,2.400,18
2020,9,"Usage de stupéfiants (hors AFD)",34,Hérault,2790,2.347,19
2020,9,"Usage de stupéfiants (hors AFD)",55,Meuse,429,2.344,20
2020,9,"Usage de stupéfiants (hors AFD)",95,Val-d'Oise,2919,2.332,21
2020,9,"Usage de stupéfiants (hors AFD)",59,Nord,6059,2.323,22
2020,9,"Usage de stupéfiants (hors AFD)",88,Vosges,833,2.299,23
2020,9,"Usage de stupéfiants (hors AFD)",80,Somme,1256,2.208,24
2020,9,"Usage de stupéfiants (hors AFD)",14,Calvados,1531,2.195,25
2020,9,"Usage de stupéfiants (hors AFD)",26,Drôme,1113,2.150,26
2020,9,"Usage de stupéfiants (hors AFD)",62,Pas-de-Calais,3125,2.137,27
2020,9,"Usage de stupéfiants (hors AFD)",53,Mayenne,641,2.091,28
2020,9,"Usage de stupéfiants (hors AFD)",07,Ardèche,686,2.083,29
2020,9,"Usage de stupéfiants (hors AFD)",65,Hautes-Pyrénées,473,2.058,30
2020,9,"Usage de stupéfiants (hors AFD)",73,Savoie,904,2.056,31
2020,9,"Usage de stupéfiants (hors AFD)",29,Finistère,1880,2.050,32
2020,9,"Usage de stupéfiants (hors AFD)",69,Rhône,3849,2.044,33
2020,9,"Usage de stupéfiants (hors AFD)",08,Ardennes,536,1.987,34
2020,9,"Usage de stupéfiants (hors AFD)",48,Lozère,152,1.983,35
2020,9,"Usage de stupéfiants (hors AFD)",60,Oise,1636,1.972,36
2020,9,"Usage de stupéfiants (hors AFD)",03,Allier,660,1.966,37
2020,9,"Usage de stupéfiants (hors AFD)",45,Loiret,1331,1.951,38
2020,9,"Usage de stupéfiants (hors AFD)",38,Isère,2481,1.942,39
2020,9,"Usage de stupéfiants (hors AFD)",58,Nièvre,390,1.924,40
2020,9,"Usage de stupéfiants (hors AFD)",13,Bouches-du-Rhône,3930,1.919,41
2020,9,"Usage de stupéfiants (hors AFD)",10,Aube,590,1.894,42
2020,9,"Usage de stupéfiants (hors AFD)",25,Doubs,1032,1.893,43
2020,9,"Usage de stupéfiants (hors AFD)",51,Marne,1071,1.890,44
2020,9,"Usage de stupéfiants (hors AFD)",91,Essonne,2460,1.883,45
2020,9,"Usage de stupéfiants (hors AFD)",42,Loire,1442,1.876,46
2020,9,"Usage de stupéfiants (hors AFD)",39,Jura,480,1.855,47
2020,9,"Usage de stupéfiants (hors AFD)",28,Eure-et-Loir,799,1.852,48
2020,9,"Usage de stupéfiants (hors AFD)",21,Côte-d'Or,988,1.846,49
2020,9,"Usage de stupéfiants (hors AFD)",86,Vienne,810,1.844,50
2020,9,"Usage de stupéfiants (hors AFD)",02,Aisne,959,1.812,51
2020,9,"Usage de stupéfiants (hors AFD)",2A,Corse-du-Sud,289,1.797,52
2020,9,"Usage de stupéfiants (hors AFD)",09,Ariège,276,1.793,53
2020,9,"Usage de stupéfiants (hors AFD)",71,Saône-et-Loire,979,1.777,54
2020,9,"Usage de stupéfiants (hors AFD)",11,Aude,657,1.751,55
2020,9,"Usage de stupéfiants (hors AFD)",27,Eure,1047,1.746,56
2020,9,"Usage de stupéfiants (hors AFD)",54,Meurthe-et-Moselle,1278,1.744,57
2020,9,"Usage de stupéfiants (hors AFD)",92,Hauts-de-Seine,2652,1.631,58
2020,9,"Usage de stupéfiants (hors AFD)",12,Aveyron,443,1.585,59
2020,9,"Usage de stupéfiants (hors AFD)",2B,Haute-Corse,282,1.542,60
2020,9,"Usage de stupéfiants (hors AFD)",66,Pyrénées-Orientales,741,1.535,61
2020,9,"Usage de stupéfiants (hors AFD)",35,Ille-et-Vilaine,1670,1.534,62
2020,9,"Usage de stupéfiants (hors AFD)",30,Gard,1152,1.533,63
2020,9,"Usage de stupéfiants (hors AFD)",68,Haut-Rhin,1167,1.520,64
2020,9,"Usage de stupéfiants (hors AFD)",01,Ain,999,1.519,65
2020,9,"Usage de stupéfiants (hors AFD)",40,Landes,634,1.516,66
2020,9,"Usage de stupéfiants (hors AFD)",57,Moselle,1586,1.512,67
2020,9,"Usage de stupéfiants (hors AFD)",44,Loire-Atlantique,2177,1.506,68
2020,9,"Usage de stupéfiants (hors AFD)",61,Orne,415,1.490,69
2020,9,"Usage de stupéfiants (hors AFD)",56,Morbihan,1135,1.485,70
2020,9,"Usage de stupéfiants (hors AFD)",32,Gers,284,1.481,71
2020,9,"Usage de stupéfiants (hors AFD)",82,Tarn-et-Garonne,388,1.479,72
2020,9,"Usage de stupéfiants (hors AFD)",36,Indre,322,1.472,73
2020,9,"Usage de stupéfiants (hors AFD)",18,Cher,440,1.462,74
2020,9,"Usage de stupéfiants (hors AFD)",70,Haute-Saône,339,1.445,75
2020,9,"Usage de stupéfiants (hors AFD)",76,Seine-Maritime,1785,1.423,76
2020,9,"Usage de stupéfiants (hors AFD)",22,Côtes-d'Armor,841,1.393,77
2020,9,"Usage de stupéfiants (hors AFD)",16,Charente,486,1.382,78
2020,9,"Usage de stupéfiants (hors AFD)",15,Cantal,196,1.358,79
2020,9,"Usage de stupéfiants (hors AFD)",41,Loir-et-Cher,444,1.348,80
2020,9,"Usage de stupéfiants (hors AFD)",63,Puy-de-Dôme,886,1.339,81
2020,9,"Usage de stupéfiants (hors AFD)",81,Tarn,518,1.325,82
2020,9,"Usage de stupéfiants (hors AFD)",24,Dordogne,542,1.313,83
2020,9,"Usage de stupéfiants (hors AFD)",64,Pyrénées-Atlantiques,901,1.311,84
2020,9,"Usage de stupéfiants (hors AFD)",72,Sarthe,720,1.270,85
2020,9,"Usage de stupéfiants (hors AFD)",33,Gironde,2039,1.246,86
2020,9,"Usage de stupéfiants (hors AFD)",50,Manche,612,1.236,87
2020,9,"Usage de stupéfiants (hors AFD)",23,Creuse,142,1.224,88
2020,9,"Usage de stupéfiants (hors AFD)",31,Haute-Garonne,1732,1.223,89
2020,9,"Usage de stupéfiants (hors AFD)",85,Vendée,830,1.198,90
2020,9,"Usage de stupéfiants (hors AFD)",87,Haute-Vienne,441,1.185,91
2020,9,"Usage de stupéfiants (hors AFD)",49,Maine-et-Loire,917,1.117,92
2020,9,"Usage de stupéfiants (hors AFD)",67,Bas-Rhin,1280,1.115,93
2020,9,"Usage de stupéfiants (hors AFD)",47,Lot-et-Garonne,358,1.082,94
2020,9,"Usage de stupéfiants (hors AFD)",79,Deux-Sèvres,382,1.020,95
2020,9,"Usage de stupéfiants (hors AFD)",37,Indre-et-Loire,605,0.988,96
2020,10,"Violences physiques hors cadre familial",93,Seine-Saint-Denis,6587,3.979,1
2020,10,"Violences physiques hors cadre familial",75,Paris,8511,3.966,2
2020,10,"Violences physiques hors cadre familial",13,Bouches-du-Rhône,6611,3.228,3
2020,10,"Violences physiques hors cadre familial",66,Pyrénées-Orientales,1515,3.138,4
2020,10,"Violences physiques hors cadre familial",69,Rhône,5888,3.126,5
2020,10,"Violences physiques hors cadre familial",59,Nord,7921,3.037,6
2020,10,"Violences physiques hors cadre familial",34,Hérault,3608,3.035,7
2020,10,"Violences physiques hors cadre familial",62,Pas-de-Calais,4336,2.965,8
2020,10,"Violences physiques hors cadre familial",06,Alpes-Maritimes,3214,2.929,9
2020,10,"Violences physiques hors cadre familial",10,Aube,905,2.906,10
2020,10,"Violences physiques hors cadre familial",83,Var,3132,2.886,11
2020,10,"Violences physiques hors cadre familial",55,Meuse,495,2.705,12
2020,10,"Violences physiques hors cadre familial",54,Meurthe-et-Moselle,1953,2.666,13
2020,10,"Violences physiques hors cadre familial",09,Ariège,402,2.611,14
2020,10,"Violences physiques hors cadre familial",25,Doubs,1422,2.608,15
2020,10,"Violences physiques hors cadre familial",95,Val-d'Oise,3250,2.596,16
2020,10,"Violences physiques hors cadre familial",30,Gard,1937,2.578,17
2020,10,"Violences physiques hors cadre familial",68,Haut-Rhin,1970,2.566,18
2020,10,"Violences physiques hors cadre familial",45,Loiret,1743,2.555,19
2020,10,"Violences physiques hors cadre familial",02,Aisne,1346,2.543,20
2020,10,"Violences physiques hors cadre familial",38,Isère,3247,2.542,21
2020,10,"Violences physiques hors cadre familial",94,Val-de-Marne,3577,2.541,22
2020,10,"Violences physiques hors cadre familial",89,Yonne,838,2.508,23
2020,10,"Violences physiques hors cadre familial",31,Haute-Garonne,3538,2.499,24
2020,10,"Violences physiques hors cadre familial",33,Gironde,4065,2.484,25
2020,10,"Violences physiques hors cadre familial",08,Ardennes,669,2.481,26
2020,10,"Violences physiques hors cadre familial",04,Alpes-de-Haute-Provence,410,2.478,27
2020,10,"Violences physiques hors cadre familial",80,Somme,1409,2.477,28
2020,10,"Violences physiques hors cadre familial",84,Vaucluse,1392,2.477,28
2020,10,"Violences physiques hors cadre familial",51,Marne,1403,2.476,30
2020,10,"Violences physiques hors cadre familial",2A,Corse-du-Sud,397,2.469,31
2020,10,"Violences physiques hors cadre familial",47,Lot-et-Garonne,815,2.463,32
2020,10,"Violences physiques hors cadre familial",76,Seine-Maritime,3082,2.456,33
2020,10,"Violences physiques hors cadre familial",60,Oise,2034,2.451,34
2020,10,"Violences physiques hors cadre familial",11,Aude,907,2.417,35
2020,10,"Violences physiques hors cadre familial",52,Haute-Marne,414,2.410,36
2020,10,"Violences physiques hors cadre familial",42,Loire,1814,2.360,37
2020,10,"Violences physiques hors cadre familial",91,Essonne,3023,2.314,38
2020,10,"Violences physiques hors cadre familial",36,Indre,504,2.304,39
2020,10,"Violences physiques hors cadre familial",81,Tarn,900,2.301,40
2020,10,"Violences physiques hors cadre familial",90,"Territoire de Belfort",319,2.277,41
2020,10,"Violences physiques hors cadre familial",73,Savoie,987,2.244,42
2020,10,"Violences physiques hors cadre familial",67,Bas-Rhin,2569,2.238,43
2020,10,"Violences physiques hors cadre familial",72,Sarthe,1266,2.233,44
2020,10,"Violences physiques hors cadre familial",44,Loire-Atlantique,3226,2.232,45
2020,10,"Violences physiques hors cadre familial",21,Côte-d'Or,1190,2.224,46
2020,10,"Violences physiques hors cadre familial",26,Drôme,1138,2.198,47
2020,10,"Violences physiques hors cadre familial",27,Eure,1297,2.163,48
2020,10,"Violences physiques hors cadre familial",88,Vosges,779,2.150,49
2020,10,"Violences physiques hors cadre familial",17,Charente-Maritime,1403,2.140,50
2020,10,"Violences physiques hors cadre familial",05,Hautes-Alpes,299,2.127,51
2020,10,"Violences physiques hors cadre familial",74,Haute-Savoie,1770,2.119,52
2020,10,"Violences physiques hors cadre familial",70,Haute-Saône,495,2.110,53
2020,10,"Violences physiques hors cadre familial",82,Tarn-et-Garonne,550,2.097,54
2020,10,"Violences physiques hors cadre familial",57,Moselle,2191,2.088,55
2020,10,"Violences physiques hors cadre familial",28,Eure-et-Loir,900,2.086,56
2020,10,"Violences physiques hors cadre familial",18,Cher,625,2.077,57
2020,10,"Violences physiques hors cadre familial",77,Seine-et-Marne,2957,2.070,58
2020,10,"Violences physiques hors cadre familial",14,Calvados,1436,2.059,59
2020,10,"Violences physiques hors cadre familial",35,Ille-et-Vilaine,2204,2.024,60
2020,10,"Violences physiques hors cadre familial",48,Lozère,154,2.010,61
2020,10,"Violences physiques hors cadre familial",78,Yvelines,2865,1.976,62
2020,10,"Violences physiques hors cadre familial",61,Orne,549,1.971,63
2020,10,"Violences physiques hors cadre familial",16,Charente,692,1.967,64
2020,10,"Violences physiques hors cadre familial",92,Hauts-de-Seine,3174,1.952,65
2020,10,"Violences physiques hors cadre familial",19,Corrèze,461,1.927,66
2020,10,"Violences physiques hors cadre familial",39,Jura,496,1.917,67
2020,10,"Violences physiques hors cadre familial",71,Saône-et-Loire,1052,1.909,68
2020,10,"Violences physiques hors cadre familial",03,Allier,630,1.877,69
2020,10,"Violences physiques hors cadre familial",37,Indre-et-Loire,1146,1.872,70
2020,10,"Violences physiques hors cadre familial",29,Finistère,1716,1.871,71
2020,10,"Violences physiques hors cadre familial",58,Nièvre,379,1.870,72
2020,10,"Violences physiques hors cadre familial",56,Morbihan,1425,1.865,73
2020,10,"Violences physiques hors cadre familial",2B,Haute-Corse,339,1.854,74
2020,10,"Violences physiques hors cadre familial",65,Hautes-Pyrénées,425,1.850,75
2020,10,"Violences physiques hors cadre familial",86,Vienne,809,1.841,76
2020,10,"Violences physiques hors cadre familial",41,Loir-et-Cher,594,1.804,77
2020,10,"Violences physiques hors cadre familial",49,Maine-et-Loire,1430,1.742,78
2020,10,"Violences physiques hors cadre familial",23,Creuse,202,1.741,79
2020,10,"Violences physiques hors cadre familial",63,Puy-de-Dôme,1152,1.741,79
2020,10,"Violences physiques hors cadre familial",24,Dordogne,713,1.727,81
2020,10,"Violences physiques hors cadre familial",40,Landes,717,1.715,82
2020,10,"Violences physiques hors cadre familial",64,Pyrénées-Atlantiques,1172,1.705,83
2020,10,"Violences physiques hors cadre familial",12,Aveyron,467,1.671,84
2020,10,"Violences physiques hors cadre familial",22,Côtes-d'Armor,1004,1.663,85
2020,10,"Violences physiques hors cadre familial",07,Ardèche,545,1.655,86
2020,10,"Violences physiques hors cadre familial",79,Deux-Sèvres,612,1.634,87
2020,10,"Violences physiques hors cadre familial",87,Haute-Vienne,600,1.612,88
2020,10,"Violences physiques hors cadre familial",01,Ain,1056,1.605,89
2020,10,"Violences physiques hors cadre familial",46,Lot,278,1.592,90
2020,10,"Violences physiques hors cadre familial",43,Haute-Loire,348,1.530,91
2020,10,"Violences physiques hors cadre familial",85,Vendée,1043,1.506,92
2020,10,"Violences physiques hors cadre familial",15,Cantal,205,1.420,93
2020,10,"Violences physiques hors cadre familial",53,Mayenne,425,1.386,94
2020,10,"Violences physiques hors cadre familial",50,Manche,683,1.380,95
2020,10,"Violences physiques hors cadre familial",32,Gers,243,1.267,96
2020,11,"Violences physiques intrafamiliales",93,Seine-Saint-Denis,6044,3.651,1
2020,11,"Violences physiques intrafamiliales",89,Yonne,1143,3.421,2
2020,11,"Violences physiques intrafamiliales",62,Pas-de-Calais,4870,3.331,3
2020,11,"Violences physiques intrafamiliales",59,Nord,8120,3.114,4
2020,11,"Violences physiques intrafamiliales",02,Aisne,1584,2.992,5
2020,11,"Violences physiques intrafamiliales",80,Somme,1686,2.964,6
2020,11,"Violences physiques intrafamiliales",72,Sarthe,1642,2.896,7
2020,11,"Violences physiques intrafamiliales",91,Essonne,3735,2.860,8
2020,11,"Violences physiques intrafamiliales",06,Alpes-Maritimes,3126,2.849,9
2020,11,"Violences physiques intrafamiliales",45,Loiret,1939,2.842,10
2020,11,"Violences physiques intrafamiliales",09,Ariège,433,2.813,11
2020,11,"Violences physiques intrafamiliales",78,Yvelines,4065,2.804,12
2020,11,"Violences physiques intrafamiliales",08,Ardennes,742,2.751,13
2020,11,"Violences physiques intrafamiliales",53,Mayenne,843,2.750,14
2020,11,"Violences physiques intrafamiliales",94,Val-de-Marne,3857,2.739,15
2020,11,"Violences physiques intrafamiliales",90,"Territoire de Belfort",380,2.712,16
2020,11,"Violences physiques intrafamiliales",77,Seine-et-Marne,3858,2.700,17
2020,11,"Violences physiques intrafamiliales",13,Bouches-du-Rhône,5477,2.674,18
2020,11,"Violences physiques intrafamiliales",28,Eure-et-Loir,1142,2.647,19
2020,11,"Violences physiques intrafamiliales",60,Oise,2178,2.625,20
2020,11,"Violences physiques intrafamiliales",95,Val-d'Oise,3286,2.625,20
2020,11,"Violences physiques intrafamiliales",83,Var,2815,2.594,22
2020,11,"Violences physiques intrafamiliales",52,Haute-Marne,445,2.590,23
2020,11,"Violences physiques intrafamiliales",25,Doubs,1386,2.542,24
2020,11,"Violences physiques intrafamiliales",68,Haut-Rhin,1917,2.497,25
2020,11,"Violences physiques intrafamiliales",27,Eure,1494,2.491,26
2020,11,"Violences physiques intrafamiliales",66,Pyrénées-Orientales,1201,2.488,27
2020,11,"Violences physiques intrafamiliales",51,Marne,1402,2.474,28
2020,11,"Violences physiques intrafamiliales",92,Hauts-de-Seine,4022,2.473,29
2020,11,"Violences physiques intrafamiliales",10,Aube,766,2.460,30
2020,11,"Violences physiques intrafamiliales",04,Alpes-de-Haute-Provence,403,2.436,31
2020,11,"Violences physiques intrafamiliales",54,Meurthe-et-Moselle,1767,2.412,32
2020,11,"Violences physiques intrafamiliales",38,Isère,3063,2.398,33
2020,11,"Violences physiques intrafamiliales",05,Hautes-Alpes,337,2.397,34
2020,11,"Violences physiques intrafamiliales",69,Rhône,4501,2.390,35
2020,11,"Violences physiques intrafamiliales",56,Morbihan,1812,2.371,36
2020,11,"Violences physiques intrafamiliales",88,Vosges,846,2.334,37
2020,11,"Violences physiques intrafamiliales",61,Orne,648,2.327,38
2020,11,"Violences physiques intrafamiliales",32,Gers,445,2.320,39
2020,11,"Violences physiques intrafamiliales",16,Charente,814,2.314,40
2020,11,"Violences physiques intrafamiliales",26,Drôme,1196,2.310,41
2020,11,"Violences physiques intrafamiliales",17,Charente-Maritime,1510,2.303,42
2020,11,"Violences physiques intrafamiliales",31,Haute-Garonne,3260,2.303,42
2020,11,"Violences physiques intrafamiliales",55,Meuse,420,2.295,44
2020,11,"Violences physiques intrafamiliales",79,Deux-Sèvres,858,2.291,45
2020,11,"Violences physiques intrafamiliales",47,Lot-et-Garonne,756,2.285,46
2020,11,"Violences physiques intrafamiliales",30,Gard,1679,2.234,47
2020,11,"Violences physiques intrafamiliales",35,Ille-et-Vilaine,2426,2.228,48
2020,11,"Violences physiques intrafamiliales",81,Tarn,856,2.189,49
2020,11,"Violences physiques intrafamiliales",39,Jura,564,2.179,50
2020,11,"Violences physiques intrafamiliales",67,Bas-Rhin,2501,2.178,51
2020,11,"Violences physiques intrafamiliales",11,Aude,817,2.177,52
2020,11,"Violences physiques intrafamiliales",74,Haute-Savoie,1813,2.171,53
2020,11,"Violences physiques intrafamiliales",34,Hérault,2562,2.155,54
2020,11,"Violences physiques intrafamiliales",73,Savoie,947,2.153,55
2020,11,"Violences physiques intrafamiliales",41,Loir-et-Cher,704,2.137,56
2020,11,"Violences physiques intrafamiliales",76,Seine-Maritime,2681,2.137,56
2020,11,"Violences physiques intrafamiliales",82,Tarn-et-Garonne,552,2.104,58
2020,11,"Violences physiques intrafamiliales",70,Haute-Saône,492,2.097,59
2020,11,"Violences physiques intrafamiliales",33,Gironde,3424,2.092,60
2020,11,"Violences physiques intrafamiliales",48,Lozère,160,2.088,61
2020,11,"Violences physiques intrafamiliales",49,Maine-et-Loire,1703,2.075,62
2020,11,"Violences physiques intrafamiliales",37,Indre-et-Loire,1268,2.071,63
2020,11,"Violences physiques intrafamiliales",84,Vaucluse,1160,2.064,64
2020,11,"Violences physiques intrafamiliales",36,Indre,451,2.062,65
2020,11,"Violences physiques intrafamiliales",44,Loire-Atlantique,2980,2.062,65
2020,11,"Violences physiques intrafamiliales",19,Corrèze,491,2.053,67
2020,11,"Violences physiques intrafamiliales",57,Moselle,2154,2.053,67
2020,11,"Violences physiques intrafamiliales",22,Côtes-d'Armor,1218,2.018,69
2020,11,"Violences physiques intrafamiliales",24,Dordogne,823,1.994,70
2020,11,"Violences physiques intrafamiliales",2A,Corse-du-Sud,320,1.990,71
2020,11,"Violences physiques intrafamiliales",03,Allier,663,1.975,72
2020,11,"Violences physiques intrafamiliales",29,Finistère,1796,1.958,73
2020,11,"Violences physiques intrafamiliales",85,Vendée,1346,1.943,74
2020,11,"Violences physiques intrafamiliales",2B,Haute-Corse,352,1.925,75
2020,11,"Violences physiques intrafamiliales",15,Cantal,277,1.919,76
2020,11,"Violences physiques intrafamiliales",12,Aveyron,533,1.907,77
2020,11,"Violences physiques intrafamiliales",40,Landes,796,1.904,78
2020,11,"Violences physiques intrafamiliales",21,Côte-d'Or,1007,1.882,79
2020,11,"Violences physiques intrafamiliales",86,Vienne,826,1.880,80
2020,11,"Violences physiques intrafamiliales",42,Loire,1439,1.872,81
2020,11,"Violences physiques intrafamiliales",18,Cher,563,1.871,82
2020,11,"Violences physiques intrafamiliales",14,Calvados,1293,1.854,83
2020,11,"Violences physiques intrafamiliales",43,Haute-Loire,416,1.829,84
2020,11,"Violences physiques intrafamiliales",75,Paris,3921,1.827,85
2020,11,"Violences physiques intrafamiliales",50,Manche,903,1.824,86
2020,11,"Violences physiques intrafamiliales",23,Creuse,208,1.793,87
2020,11,"Violences physiques intrafamiliales",71,Saône-et-Loire,982,1.782,88
2020,11,"Violences physiques intrafamiliales",07,Ardèche,581,1.764,89
2020,11,"Violences physiques intrafamiliales",01,Ain,1160,1.763,90
2020,11,"Violences physiques intrafamiliales",64,Pyrénées-Atlantiques,1175,1.710,91
2020,11,"Violences physiques intrafamiliales",46,Lot,293,1.677,92
2020,11,"Violences physiques intrafamiliales",65,Hautes-Pyrénées,385,1.675,93
2020,11,"Violences physiques intrafamiliales",58,Nièvre,337,1.663,94
2020,11,"Violences physiques intrafamiliales",63,Puy-de-Dôme,1089,1.645,95
2020,11,"Violences physiques intrafamiliales",87,Haute-Vienne,597,1.604,96
2020,12,"Violences sexuelles",10,Aube,568,1.824,1
2020,12,"Violences sexuelles",09,Ariège,258,1.676,2
2020,12,"Violences sexuelles",75,Paris,3427,1.597,3
2020,12,"Violences sexuelles",16,Charente,537,1.527,4
2020,12,"Violences sexuelles",89,Yonne,503,1.505,5
2020,12,"Violences sexuelles",02,Aisne,790,1.492,6
2020,12,"Violences sexuelles",52,Haute-Marne,251,1.461,7
2020,12,"Violences sexuelles",61,Orne,405,1.454,8
2020,12,"Violences sexuelles",14,Calvados,966,1.385,9
2020,12,"Violences sexuelles",72,Sarthe,776,1.369,10
2020,12,"Violences sexuelles",23,Creuse,158,1.362,11
2020,12,"Violences sexuelles",80,Somme,770,1.354,12
2020,12,"Violences sexuelles",59,Nord,3527,1.353,13
2020,12,"Violences sexuelles",86,Vienne,592,1.348,14
2020,12,"Violences sexuelles",62,Pas-de-Calais,1963,1.343,15
2020,12,"Violences sexuelles",17,Charente-Maritime,874,1.333,16
2020,12,"Violences sexuelles",55,Meuse,242,1.322,17
2020,12,"Violences sexuelles",53,Mayenne,404,1.318,18
2020,12,"Violences sexuelles",27,Eure,783,1.306,19
2020,12,"Violences sexuelles",79,Deux-Sèvres,489,1.306,19
2020,12,"Violences sexuelles",48,Lozère,100,1.305,21
2020,12,"Violences sexuelles",56,Morbihan,995,1.302,22
2020,12,"Violences sexuelles",58,Nièvre,262,1.293,23
2020,12,"Violences sexuelles",28,Eure-et-Loir,552,1.279,24
2020,12,"Violences sexuelles",82,Tarn-et-Garonne,327,1.247,25
2020,12,"Violences sexuelles",45,Loiret,840,1.231,26
2020,12,"Violences sexuelles",40,Landes,512,1.225,27
2020,12,"Violences sexuelles",49,Maine-et-Loire,1003,1.222,28
2020,12,"Violences sexuelles",33,Gironde,1998,1.221,29
2020,12,"Violences sexuelles",68,Haut-Rhin,921,1.199,30
2020,12,"Violences sexuelles",19,Corrèze,285,1.192,31
2020,12,"Violences sexuelles",50,Manche,588,1.188,32
2020,12,"Violences sexuelles",88,Vosges,429,1.184,33
2020,12,"Violences sexuelles",03,Allier,397,1.183,34
2020,12,"Violences sexuelles",08,Ardennes,319,1.183,34
2020,12,"Violences sexuelles",66,Pyrénées-Orientales,571,1.183,34
2020,12,"Violences sexuelles",39,Jura,306,1.182,37
2020,12,"Violences sexuelles",47,Lot-et-Garonne,391,1.182,37
2020,12,"Violences sexuelles",54,Meurthe-et-Moselle,859,1.173,39
2020,12,"Violences sexuelles",44,Loire-Atlantique,1693,1.171,40
2020,12,"Violences sexuelles",76,Seine-Maritime,1469,1.171,40
2020,12,"Violences sexuelles",46,Lot,204,1.168,42
2020,12,"Violences sexuelles",41,Loir-et-Cher,381,1.157,43
2020,12,"Violences sexuelles",60,Oise,957,1.153,44
2020,12,"Violences sexuelles",81,Tarn,451,1.153,44
2020,12,"Violences sexuelles",70,Haute-Saône,269,1.147,46
2020,12,"Violences sexuelles",29,Finistère,1050,1.145,47
2020,12,"Violences sexuelles",35,Ille-et-Vilaine,1247,1.145,47
2020,12,"Violences sexuelles",93,Seine-Saint-Denis,1885,1.139,49
2020,12,"Violences sexuelles",37,Indre-et-Loire,695,1.135,50
2020,12,"Violences sexuelles",85,Vendée,786,1.135,50
2020,12,"Violences sexuelles",90,"Territoire de Belfort",158,1.128,52
2020,12,"Violences sexuelles",73,Savoie,492,1.119,53
2020,12,"Violences sexuelles",95,Val-d'Oise,1386,1.107,54
2020,12,"Violences sexuelles",21,Côte-d'Or,590,1.103,55
2020,12,"Violences sexuelles",12,Aveyron,306,1.095,56
2020,12,"Violences sexuelles",38,Isère,1388,1.086,57
2020,12,"Violences sexuelles",69,Rhône,2046,1.086,57
2020,12,"Violences sexuelles",24,Dordogne,446,1.080,59
2020,12,"Violences sexuelles",25,Doubs,587,1.077,60
2020,12,"Violences sexuelles",36,Indre,235,1.074,61
2020,12,"Violences sexuelles",51,Marne,606,1.069,62
2020,12,"Violences sexuelles",34,Hérault,1257,1.057,63
2020,12,"Violences sexuelles",05,Hautes-Alpes,148,1.053,64
2020,12,"Violences sexuelles",30,Gard,785,1.045,65
2020,12,"Violences sexuelles",18,Cher,313,1.040,66
2020,12,"Violences sexuelles",11,Aude,384,1.023,67
2020,12,"Violences sexuelles",01,Ain,671,1.020,68
2020,12,"Violences sexuelles",74,Haute-Savoie,849,1.017,69
2020,12,"Violences sexuelles",07,Ardèche,333,1.011,70
2020,12,"Violences sexuelles",77,Seine-et-Marne,1444,1.011,70
2020,12,"Violences sexuelles",32,Gers,193,1.006,72
2020,12,"Violences sexuelles",04,Alpes-de-Haute-Provence,165,0.997,73
2020,12,"Violences sexuelles",31,Haute-Garonne,1397,0.987,74
2020,12,"Violences sexuelles",71,Saône-et-Loire,544,0.987,74
2020,12,"Violences sexuelles",43,Haute-Loire,224,0.985,76
2020,12,"Violences sexuelles",67,Bas-Rhin,1123,0.978,77
2020,12,"Violences sexuelles",2B,Haute-Corse,178,0.973,78
2020,12,"Violences sexuelles",13,Bouches-du-Rhône,1985,0.969,79
2020,12,"Violences sexuelles",83,Var,1045,0.963,80
2020,12,"Violences sexuelles",06,Alpes-Maritimes,1055,0.961,81
2020,12,"Violences sexuelles",15,Cantal,138,0.956,82
2020,12,"Violences sexuelles",94,Val-de-Marne,1332,0.946,83
2020,12,"Violences sexuelles",84,Vaucluse,529,0.941,84
2020,12,"Violences sexuelles",78,Yvelines,1363,0.940,85
2020,12,"Violences sexuelles",91,Essonne,1216,0.931,86
2020,12,"Violences sexuelles",92,Hauts-de-Seine,1502,0.924,87
2020,12,"Violences sexuelles",22,Côtes-d'Armor,553,0.916,88
2020,12,"Violences sexuelles",26,Drôme,473,0.914,89
2020,12,"Violences sexuelles",87,Haute-Vienne,338,0.908,90
2020,12,"Violences sexuelles",63,Puy-de-Dôme,592,0.894,91
2020,12,"Violences sexuelles",57,Moselle,931,0.887,92
2020,12,"Violences sexuelles",42,Loire,669,0.871,93
2020,12,"Violences sexuelles",65,Hautes-Pyrénées,196,0.853,94
2020,12,"Violences sexuelles",64,Pyrénées-Atlantiques,572,0.832,95
2020,12,"Violences sexuelles",2A,Corse-du-Sud,126,0.784,96
2020,13,"Vols avec armes",93,Seine-Saint-Denis,546,0.330,1
2020,13,"Vols avec armes",13,Bouches-du-Rhône,657,0.321,2
2020,13,"Vols avec armes",75,Paris,580,0.270,3
2020,13,"Vols avec armes",94,Val-de-Marne,266,0.189,4
2020,13,"Vols avec armes",34,Hérault,221,0.186,5
2020,13,"Vols avec armes",95,Val-d'Oise,233,0.186,5
2020,13,"Vols avec armes",69,Rhône,342,0.182,7
2020,13,"Vols avec armes",33,Gironde,230,0.141,8
2020,13,"Vols avec armes",25,Doubs,75,0.138,9
2020,13,"Vols avec armes",44,Loire-Atlantique,198,0.137,10
2020,13,"Vols avec armes",38,Isère,164,0.128,11
2020,13,"Vols avec armes",66,Pyrénées-Orientales,62,0.128,11
2020,13,"Vols avec armes",31,Haute-Garonne,167,0.118,13
2020,13,"Vols avec armes",91,Essonne,150,0.115,14
2020,13,"Vols avec armes",59,Nord,287,0.110,15
2020,13,"Vols avec armes",77,Seine-et-Marne,154,0.108,16
2020,13,"Vols avec armes",60,Oise,89,0.107,17
2020,13,"Vols avec armes",92,Hauts-de-Seine,173,0.106,18
2020,13,"Vols avec armes",37,Indre-et-Loire,58,0.095,19
2020,13,"Vols avec armes",83,Var,100,0.092,20
2020,13,"Vols avec armes",76,Seine-Maritime,110,0.088,21
2020,13,"Vols avec armes",03,Allier,29,0.086,22
2020,13,"Vols avec armes",78,Yvelines,124,0.086,22
2020,13,"Vols avec armes",30,Gard,62,0.083,24
2020,13,"Vols avec armes",06,Alpes-Maritimes,88,0.080,25
2020,13,"Vols avec armes",11,Aude,30,0.080,25
2020,13,"Vols avec armes",42,Loire,61,0.079,27
2020,13,"Vols avec armes",35,Ille-et-Vilaine,85,0.078,28
2020,13,"Vols avec armes",72,Sarthe,44,0.078,28
2020,13,"Vols avec armes",84,Vaucluse,44,0.078,28
2020,13,"Vols avec armes",26,Drôme,40,0.077,31
2020,13,"Vols avec armes",27,Eure,46,0.077,31
2020,13,"Vols avec armes",17,Charente-Maritime,47,0.072,33
2020,13,"Vols avec armes",10,Aube,22,0.071,34
2020,13,"Vols avec armes",01,Ain,46,0.070,35
2020,13,"Vols avec armes",45,Loiret,47,0.069,36
2020,13,"Vols avec armes",80,Somme,39,0.069,36
2020,13,"Vols avec armes",02,Aisne,36,0.068,38
2020,13,"Vols avec armes",67,Bas-Rhin,77,0.067,39
2020,13,"Vols avec armes",90,"Territoire de Belfort",9,0.064,40
2020,13,"Vols avec armes",62,Pas-de-Calais,90,0.062,41
2020,13,"Vols avec armes",54,Meurthe-et-Moselle,43,0.059,42
2020,13,"Vols avec armes",29,Finistère,53,0.058,43
2020,13,"Vols avec armes",41,Loir-et-Cher,19,0.058,43
2020,13,"Vols avec armes",74,Haute-Savoie,48,0.057,45
2020,13,"Vols avec armes",82,Tarn-et-Garonne,15,0.057,45
2020,13,"Vols avec armes",28,Eure-et-Loir,24,0.056,47
2020,13,"Vols avec armes",51,Marne,32,0.056,47
2020,13,"Vols avec armes",79,Deux-Sèvres,21,0.056,47
2020,13,"Vols avec armes",57,Moselle,57,0.054,50
2020,13,"Vols avec armes",32,Gers,10,0.052,51
2020,13,"Vols avec armes",21,Côte-d'Or,27,0.050,52
2020,13,"Vols avec armes",55,Meuse,9,0.049,53
2020,13,"Vols avec armes",22,Côtes-d'Armor,29,0.048,54
2020,13,"Vols avec armes",49,Maine-et-Loire,39,0.048,54
2020,13,"Vols avec armes",86,Vienne,21,0.048,54
2020,13,"Vols avec armes",53,Mayenne,14,0.046,57
2020,13,"Vols avec armes",87,Haute-Vienne,17,0.046,57
2020,13,"Vols avec armes",73,Savoie,20,0.045,59
2020,13,"Vols avec armes",05,Hautes-Alpes,6,0.043,60
2020,13,"Vols avec armes",68,Haut-Rhin,33,0.043,60
2020,13,"Vols avec armes",70,Haute-Saône,10,0.043,60
2020,13,"Vols avec armes",81,Tarn,17,0.043,60
2020,13,"Vols avec armes",63,Puy-de-Dôme,27,0.041,64
2020,13,"Vols avec armes",16,Charente,14,0.040,65
2020,13,"Vols avec armes",88,Vosges,14,0.039,66
2020,13,"Vols avec armes",89,Yonne,13,0.039,66
2020,13,"Vols avec armes",19,Corrèze,9,0.038,68
2020,13,"Vols avec armes",04,Alpes-de-Haute-Provence,6,0.036,69
2020,13,"Vols avec armes",43,Haute-Loire,8,0.035,70
2020,13,"Vols avec armes",64,Pyrénées-Atlantiques,24,0.035,70
2020,13,"Vols avec armes",14,Calvados,24,0.034,72
2020,13,"Vols avec armes",2B,Haute-Corse,6,0.033,73
2020,13,"Vols avec armes",71,Saône-et-Loire,18,0.033,73
2020,13,"Vols avec armes",07,Ardèche,10,0.030,75
2020,13,"Vols avec armes",58,Nièvre,6,0.030,75
2020,13,"Vols avec armes",08,Ardennes,7,0.026,77
2020,13,"Vols avec armes",48,Lozère,2,0.026,77
2020,13,"Vols avec armes",2A,Corse-du-Sud,4,0.025,79
2020,13,"Vols avec armes",18,Cher,7,0.023,80
2020,13,"Vols avec armes",36,Indre,5,0.023,80
2020,13,"Vols avec armes",46,Lot,4,0.023,80
2020,13,"Vols avec armes",65,Hautes-Pyrénées,5,0.022,83
2020,13,"Vols avec armes",85,Vendée,15,0.022,83
2020,13,"Vols avec armes",15,Cantal,3,0.021,85
2020,13,"Vols avec armes",56,Morbihan,15,0.020,86
2020,13,"Vols avec armes",09,Ariège,3,0.019,87
2020,13,"Vols avec armes",24,Dordogne,8,0.019,87
2020,13,"Vols avec armes",39,Jura,5,0.019,87
2020,13,"Vols avec armes",61,Orne,5,0.018,90
2020,13,"Vols avec armes",47,Lot-et-Garonne,5,0.015,91
2020,13,"Vols avec armes",12,Aveyron,4,0.014,92
2020,13,"Vols avec armes",40,Landes,6,0.014,92
2020,13,"Vols avec armes",50,Manche,6,0.012,94
2020,13,"Vols avec armes",52,Haute-Marne,2,0.012,94
2020,13,"Vols avec armes",23,Creuse,0,0.000,96
2020,14,"Vols d'accessoires sur véhicules",13,Bouches-du-Rhône,4975,2.429,1
2020,14,"Vols d'accessoires sur véhicules",44,Loire-Atlantique,2788,1.929,2
2020,14,"Vols d'accessoires sur véhicules",93,Seine-Saint-Denis,3140,1.897,3
2020,14,"Vols d'accessoires sur véhicules",95,Val-d'Oise,2195,1.753,4
2020,14,"Vols d'accessoires sur véhicules",37,Indre-et-Loire,1038,1.696,5
2020,14,"Vols d'accessoires sur véhicules",66,Pyrénées-Orientales,800,1.657,6
2020,14,"Vols d'accessoires sur véhicules",60,Oise,1317,1.587,7
2020,14,"Vols d'accessoires sur véhicules",69,Rhône,2984,1.584,8
2020,14,"Vols d'accessoires sur véhicules",94,Val-de-Marne,2226,1.581,9
2020,14,"Vols d'accessoires sur véhicules",52,Haute-Marne,258,1.502,10
2020,14,"Vols d'accessoires sur véhicules",59,Nord,3853,1.478,11
2020,14,"Vols d'accessoires sur véhicules",91,Essonne,1929,1.477,12
2020,14,"Vols d'accessoires sur véhicules",31,Haute-Garonne,1955,1.381,13
2020,14,"Vols d'accessoires sur véhicules",77,Seine-et-Marne,1954,1.368,14
2020,14,"Vols d'accessoires sur véhicules",33,Gironde,2203,1.346,15
2020,14,"Vols d'accessoires sur véhicules",56,Morbihan,1028,1.345,16
2020,14,"Vols d'accessoires sur véhicules",30,Gard,1010,1.344,17
2020,14,"Vols d'accessoires sur véhicules",26,Drôme,693,1.339,18
2020,14,"Vols d'accessoires sur véhicules",42,Loire,989,1.287,19
2020,14,"Vols d'accessoires sur véhicules",58,Nièvre,255,1.258,20
2020,14,"Vols d'accessoires sur véhicules",11,Aude,467,1.245,21
2020,14,"Vols d'accessoires sur véhicules",51,Marne,705,1.244,22
2020,14,"Vols d'accessoires sur véhicules",49,Maine-et-Loire,1005,1.225,23
2020,14,"Vols d'accessoires sur véhicules",34,Hérault,1436,1.208,24
2020,14,"Vols d'accessoires sur véhicules",02,Aisne,629,1.188,25
2020,14,"Vols d'accessoires sur véhicules",36,Indre,257,1.175,26
2020,14,"Vols d'accessoires sur véhicules",89,Yonne,388,1.161,27
2020,14,"Vols d'accessoires sur véhicules",10,Aube,355,1.140,28
2020,14,"Vols d'accessoires sur véhicules",76,Seine-Maritime,1426,1.136,29
2020,14,"Vols d'accessoires sur véhicules",78,Yvelines,1638,1.130,30
2020,14,"Vols d'accessoires sur véhicules",80,Somme,640,1.125,31
2020,14,"Vols d'accessoires sur véhicules",38,Isère,1434,1.122,32
2020,14,"Vols d'accessoires sur véhicules",27,Eure,668,1.114,33
2020,14,"Vols d'accessoires sur véhicules",21,Côte-d'Or,585,1.093,34
2020,14,"Vols d'accessoires sur véhicules",84,Vaucluse,613,1.091,35
2020,14,"Vols d'accessoires sur véhicules",71,Saône-et-Loire,595,1.080,36
2020,14,"Vols d'accessoires sur véhicules",17,Charente-Maritime,691,1.054,37
2020,14,"Vols d'accessoires sur véhicules",01,Ain,693,1.053,38
2020,14,"Vols d'accessoires sur véhicules",72,Sarthe,590,1.041,39
2020,14,"Vols d'accessoires sur véhicules",45,Loiret,705,1.033,40
2020,14,"Vols d'accessoires sur véhicules",88,Vosges,366,1.010,41
2020,14,"Vols d'accessoires sur véhicules",62,Pas-de-Calais,1473,1.007,42
2020,14,"Vols d'accessoires sur véhicules",75,Paris,2112,0.984,43
2020,14,"Vols d'accessoires sur véhicules",54,Meurthe-et-Moselle,707,0.965,44
2020,14,"Vols d'accessoires sur véhicules",86,Vienne,411,0.936,45
2020,14,"Vols d'accessoires sur véhicules",28,Eure-et-Loir,402,0.932,46
2020,14,"Vols d'accessoires sur véhicules",55,Meuse,170,0.929,47
2020,14,"Vols d'accessoires sur véhicules",61,Orne,250,0.898,48
2020,14,"Vols d'accessoires sur véhicules",18,Cher,253,0.841,49
2020,14,"Vols d'accessoires sur véhicules",87,Haute-Vienne,307,0.825,50
2020,14,"Vols d'accessoires sur véhicules",57,Moselle,851,0.811,51
2020,14,"Vols d'accessoires sur véhicules",2A,Corse-du-Sud,130,0.808,52
2020,14,"Vols d'accessoires sur véhicules",39,Jura,209,0.808,52
2020,14,"Vols d'accessoires sur véhicules",83,Var,865,0.797,54
2020,14,"Vols d'accessoires sur véhicules",35,Ille-et-Vilaine,867,0.796,55
2020,14,"Vols d'accessoires sur véhicules",92,Hauts-de-Seine,1293,0.795,56
2020,14,"Vols d'accessoires sur véhicules",48,Lozère,60,0.783,57
2020,14,"Vols d'accessoires sur véhicules",41,Loir-et-Cher,249,0.756,58
2020,14,"Vols d'accessoires sur véhicules",79,Deux-Sèvres,282,0.753,59
2020,14,"Vols d'accessoires sur véhicules",85,Vendée,521,0.752,60
2020,14,"Vols d'accessoires sur véhicules",65,Hautes-Pyrénées,172,0.749,61
2020,14,"Vols d'accessoires sur véhicules",06,Alpes-Maritimes,809,0.737,62
2020,14,"Vols d'accessoires sur véhicules",08,Ardennes,198,0.734,63
2020,14,"Vols d'accessoires sur véhicules",2B,Haute-Corse,132,0.722,64
2020,14,"Vols d'accessoires sur véhicules",53,Mayenne,221,0.721,65
2020,14,"Vols d'accessoires sur véhicules",07,Ardèche,237,0.720,66
2020,14,"Vols d'accessoires sur véhicules",46,Lot,125,0.716,67
2020,14,"Vols d'accessoires sur véhicules",22,Côtes-d'Armor,415,0.687,68
2020,14,"Vols d'accessoires sur véhicules",82,Tarn-et-Garonne,178,0.679,69
2020,14,"Vols d'accessoires sur véhicules",64,Pyrénées-Atlantiques,465,0.677,70
2020,14,"Vols d'accessoires sur véhicules",29,Finistère,617,0.673,71
2020,14,"Vols d'accessoires sur véhicules",25,Doubs,364,0.668,72
2020,14,"Vols d'accessoires sur véhicules",04,Alpes-de-Haute-Provence,110,0.665,73
2020,14,"Vols d'accessoires sur véhicules",63,Puy-de-Dôme,440,0.665,73
2020,14,"Vols d'accessoires sur véhicules",16,Charente,233,0.662,75
2020,14,"Vols d'accessoires sur véhicules",24,Dordogne,272,0.659,76
2020,14,"Vols d'accessoires sur véhicules",40,Landes,263,0.629,77
2020,14,"Vols d'accessoires sur véhicules",47,Lot-et-Garonne,201,0.608,78
2020,14,"Vols d'accessoires sur véhicules",03,Allier,203,0.605,79
2020,14,"Vols d'accessoires sur véhicules",09,Ariège,89,0.578,80
2020,14,"Vols d'accessoires sur véhicules",73,Savoie,253,0.575,81
2020,14,"Vols d'accessoires sur véhicules",67,Bas-Rhin,659,0.574,82
2020,14,"Vols d'accessoires sur véhicules",74,Haute-Savoie,467,0.559,83
2020,14,"Vols d'accessoires sur véhicules",19,Corrèze,128,0.535,84
2020,14,"Vols d'accessoires sur véhicules",14,Calvados,364,0.522,85
2020,14,"Vols d'accessoires sur véhicules",23,Creuse,58,0.500,86
2020,14,"Vols d'accessoires sur véhicules",15,Cantal,65,0.450,87
2020,14,"Vols d'accessoires sur véhicules",70,Haute-Saône,105,0.448,88
2020,14,"Vols d'accessoires sur véhicules",81,Tarn,168,0.430,89
2020,14,"Vols d'accessoires sur véhicules",32,Gers,82,0.427,90
2020,14,"Vols d'accessoires sur véhicules",90,"Territoire de Belfort",57,0.407,91
2020,14,"Vols d'accessoires sur véhicules",50,Manche,195,0.394,92
2020,14,"Vols d'accessoires sur véhicules",12,Aveyron,110,0.393,93
2020,14,"Vols d'accessoires sur véhicules",68,Haut-Rhin,280,0.365,94
2020,14,"Vols d'accessoires sur véhicules",43,Haute-Loire,75,0.330,95
2020,14,"Vols d'accessoires sur véhicules",05,Hautes-Alpes,42,0.299,96
2020,15,"Vols dans les véhicules",75,Paris,17407,8.112,1
2020,15,"Vols dans les véhicules",31,Haute-Garonne,10839,7.656,2
2020,15,"Vols dans les véhicules",44,Loire-Atlantique,10285,7.117,3
2020,15,"Vols dans les véhicules",13,Bouches-du-Rhône,13210,6.450,4
2020,15,"Vols dans les véhicules",33,Gironde,10280,6.282,5
2020,15,"Vols dans les véhicules",69,Rhône,11791,6.260,6
2020,15,"Vols dans les véhicules",59,Nord,15418,5.912,7
2020,15,"Vols dans les véhicules",93,Seine-Saint-Denis,9758,5.895,8
2020,15,"Vols dans les véhicules",66,Pyrénées-Orientales,2575,5.334,9
2020,15,"Vols dans les véhicules",38,Isère,6446,5.046,10
2020,15,"Vols dans les véhicules",34,Hérault,5357,4.506,11
2020,15,"Vols dans les véhicules",76,Seine-Maritime,4917,3.919,12
2020,15,"Vols dans les véhicules",37,Indre-et-Loire,2322,3.793,13
2020,15,"Vols dans les véhicules",95,Val-d'Oise,4740,3.787,14
2020,15,"Vols dans les véhicules",30,Gard,2776,3.694,15
2020,15,"Vols dans les véhicules",26,Drôme,1785,3.448,16
2020,15,"Vols dans les véhicules",94,Val-de-Marne,4735,3.363,17
2020,15,"Vols dans les véhicules",11,Aude,1120,2.985,18
2020,15,"Vols dans les véhicules",84,Vaucluse,1649,2.934,19
2020,15,"Vols dans les véhicules",83,Var,3170,2.921,20
2020,15,"Vols dans les véhicules",92,Hauts-de-Seine,4736,2.912,21
2020,15,"Vols dans les véhicules",06,Alpes-Maritimes,3193,2.910,22
2020,15,"Vols dans les véhicules",04,Alpes-de-Haute-Provence,481,2.907,23
2020,15,"Vols dans les véhicules",77,Seine-et-Marne,3787,2.651,24
2020,15,"Vols dans les véhicules",02,Aisne,1401,2.647,25
2020,15,"Vols dans les véhicules",51,Marne,1493,2.635,26
2020,15,"Vols dans les véhicules",91,Essonne,3327,2.547,27
2020,15,"Vols dans les véhicules",57,Moselle,2668,2.543,28
2020,15,"Vols dans les véhicules",64,Pyrénées-Atlantiques,1659,2.414,29
2020,15,"Vols dans les véhicules",63,Puy-de-Dôme,1583,2.392,30
2020,15,"Vols dans les véhicules",62,Pas-de-Calais,3486,2.384,31
2020,15,"Vols dans les véhicules",25,Doubs,1296,2.377,32
2020,15,"Vols dans les véhicules",60,Oise,1938,2.336,33
2020,15,"Vols dans les véhicules",21,Côte-d'Or,1226,2.291,34
2020,15,"Vols dans les véhicules",67,Bas-Rhin,2628,2.289,35
2020,15,"Vols dans les véhicules",17,Charente-Maritime,1494,2.278,36
2020,15,"Vols dans les véhicules",42,Loire,1723,2.242,37
2020,15,"Vols dans les véhicules",35,Ille-et-Vilaine,2349,2.157,38
2020,15,"Vols dans les véhicules",80,Somme,1227,2.157,38
2020,15,"Vols dans les véhicules",72,Sarthe,1195,2.108,40
2020,15,"Vols dans les véhicules",16,Charente,737,2.095,41
2020,15,"Vols dans les véhicules",87,Haute-Vienne,756,2.032,42
2020,15,"Vols dans les véhicules",45,Loiret,1386,2.031,43
2020,15,"Vols dans les véhicules",09,Ariège,307,1.994,44
2020,15,"Vols dans les véhicules",78,Yvelines,2872,1.981,45
2020,15,"Vols dans les véhicules",74,Haute-Savoie,1605,1.922,46
2020,15,"Vols dans les véhicules",73,Savoie,821,1.867,47
2020,15,"Vols dans les véhicules",49,Maine-et-Loire,1518,1.850,48
2020,15,"Vols dans les véhicules",10,Aube,575,1.846,49
2020,15,"Vols dans les véhicules",86,Vienne,810,1.844,50
2020,15,"Vols dans les véhicules",01,Ain,1169,1.777,51
2020,15,"Vols dans les véhicules",29,Finistère,1578,1.720,52
2020,15,"Vols dans les véhicules",40,Landes,714,1.708,53
2020,15,"Vols dans les véhicules",55,Meuse,312,1.705,54
2020,15,"Vols dans les véhicules",88,Vosges,618,1.705,54
2020,15,"Vols dans les véhicules",68,Haut-Rhin,1288,1.677,56
2020,15,"Vols dans les véhicules",54,Meurthe-et-Moselle,1217,1.661,57
2020,15,"Vols dans les véhicules",48,Lozère,126,1.644,58
2020,15,"Vols dans les véhicules",56,Morbihan,1246,1.631,59
2020,15,"Vols dans les véhicules",53,Mayenne,492,1.605,60
2020,15,"Vols dans les véhicules",65,Hautes-Pyrénées,360,1.567,61
2020,15,"Vols dans les véhicules",85,Vendée,1085,1.566,62
2020,15,"Vols dans les véhicules",27,Eure,935,1.559,63
2020,15,"Vols dans les véhicules",89,Yonne,519,1.553,64
2020,15,"Vols dans les véhicules",82,Tarn-et-Garonne,407,1.552,65
2020,15,"Vols dans les véhicules",05,Hautes-Alpes,218,1.550,66
2020,15,"Vols dans les véhicules",52,Haute-Marne,262,1.525,67
2020,15,"Vols dans les véhicules",14,Calvados,1058,1.517,68
2020,15,"Vols dans les véhicules",07,Ardèche,498,1.512,69
2020,15,"Vols dans les véhicules",79,Deux-Sèvres,563,1.503,70
2020,15,"Vols dans les véhicules",32,Gers,284,1.481,71
2020,15,"Vols dans les véhicules",47,Lot-et-Garonne,490,1.481,71
2020,15,"Vols dans les véhicules",39,Jura,364,1.407,73
2020,15,"Vols dans les véhicules",81,Tarn,543,1.389,74
2020,15,"Vols dans les véhicules",58,Nièvre,278,1.372,75
2020,15,"Vols dans les véhicules",03,Allier,450,1.341,76
2020,15,"Vols dans les véhicules",43,Haute-Loire,297,1.306,77
2020,15,"Vols dans les véhicules",28,Eure-et-Loir,561,1.300,78
2020,15,"Vols dans les véhicules",19,Corrèze,310,1.296,79
2020,15,"Vols dans les véhicules",24,Dordogne,526,1.274,80
2020,15,"Vols dans les véhicules",36,Indre,277,1.267,81
2020,15,"Vols dans les véhicules",71,Saône-et-Loire,688,1.248,82
2020,15,"Vols dans les véhicules",41,Loir-et-Cher,410,1.245,83
2020,15,"Vols dans les véhicules",18,Cher,363,1.206,84
2020,15,"Vols dans les véhicules",22,Côtes-d'Armor,700,1.160,85
2020,15,"Vols dans les véhicules",90,"Territoire de Belfort",160,1.142,86
2020,15,"Vols dans les véhicules",08,Ardennes,304,1.127,87
2020,15,"Vols dans les véhicules",12,Aveyron,293,1.048,88
2020,15,"Vols dans les véhicules",15,Cantal,150,1.039,89
2020,15,"Vols dans les véhicules",61,Orne,282,1.013,90
2020,15,"Vols dans les véhicules",2A,Corse-du-Sud,161,1.001,91
2020,15,"Vols dans les véhicules",46,Lot,162,0.927,92
2020,15,"Vols dans les véhicules",70,Haute-Saône,216,0.921,93
2020,15,"Vols dans les véhicules",2B,Haute-Corse,161,0.880,94
2020,15,"Vols dans les véhicules",50,Manche,407,0.822,95
2020,15,"Vols dans les véhicules",23,Creuse,54,0.466,96
2020,16,"Vols de véhicule",13,Bouches-du-Rhône,9273,4.528,1
2020,16,"Vols de véhicule",95,Val-d'Oise,4242,3.389,2
2020,16,"Vols de véhicule",75,Paris,7166,3.339,3
2020,16,"Vols de véhicule",93,Seine-Saint-Denis,5502,3.324,4
2020,16,"Vols de véhicule",94,Val-de-Marne,4326,3.073,5
2020,16,"Vols de véhicule",60,Oise,2184,2.632,6
2020,16,"Vols de véhicule",69,Rhône,4922,2.613,7
2020,16,"Vols de véhicule",44,Loire-Atlantique,3720,2.574,8
2020,16,"Vols de véhicule",92,Hauts-de-Seine,4099,2.521,9
2020,16,"Vols de véhicule",59,Nord,6486,2.487,10
2020,16,"Vols de véhicule",26,Drôme,1228,2.372,11
2020,16,"Vols de véhicule",91,Essonne,3042,2.329,12
2020,16,"Vols de véhicule",34,Hérault,2762,2.323,13
2020,16,"Vols de véhicule",33,Gironde,3671,2.243,14
2020,16,"Vols de véhicule",77,Seine-et-Marne,3108,2.176,15
2020,16,"Vols de véhicule",06,Alpes-Maritimes,2357,2.148,16
2020,16,"Vols de véhicule",30,Gard,1600,2.129,17
2020,16,"Vols de véhicule",58,Nièvre,425,2.097,18
2020,16,"Vols de véhicule",66,Pyrénées-Orientales,1007,2.086,19
2020,16,"Vols de véhicule",83,Var,2194,2.022,20
2020,16,"Vols de véhicule",78,Yvelines,2813,1.940,21
2020,16,"Vols de véhicule",38,Isère,2454,1.921,22
2020,16,"Vols de véhicule",84,Vaucluse,1022,1.819,23
2020,16,"Vols de véhicule",89,Yonne,599,1.793,24
2020,16,"Vols de véhicule",2A,Corse-du-Sud,287,1.785,25
2020,16,"Vols de véhicule",51,Marne,968,1.708,26
2020,16,"Vols de véhicule",17,Charente-Maritime,1115,1.700,27
2020,16,"Vols de véhicule",31,Haute-Garonne,2373,1.676,28
2020,16,"Vols de véhicule",02,Aisne,859,1.623,29
2020,16,"Vols de véhicule",11,Aude,609,1.623,29
2020,16,"Vols de véhicule",42,Loire,1246,1.621,31
2020,16,"Vols de véhicule",27,Eure,958,1.598,32
2020,16,"Vols de véhicule",80,Somme,893,1.570,33
2020,16,"Vols de véhicule",76,Seine-Maritime,1939,1.545,34
2020,16,"Vols de véhicule",07,Ardèche,508,1.543,35
2020,16,"Vols de véhicule",63,Puy-de-Dôme,900,1.360,36
2020,16,"Vols de véhicule",2B,Haute-Corse,243,1.329,37
2020,16,"Vols de véhicule",37,Indre-et-Loire,802,1.310,38
2020,16,"Vols de véhicule",10,Aube,405,1.300,39
2020,16,"Vols de véhicule",04,Alpes-de-Haute-Provence,210,1.269,40
2020,16,"Vols de véhicule",49,Maine-et-Loire,1039,1.266,41
2020,16,"Vols de véhicule",62,Pas-de-Calais,1828,1.250,42
2020,16,"Vols de véhicule",01,Ain,802,1.219,43
2020,16,"Vols de véhicule",64,Pyrénées-Atlantiques,837,1.218,44
2020,16,"Vols de véhicule",52,Haute-Marne,206,1.199,45
2020,16,"Vols de véhicule",72,Sarthe,674,1.189,46
2020,16,"Vols de véhicule",71,Saône-et-Loire,654,1.187,47
2020,16,"Vols de véhicule",36,Indre,258,1.180,48
2020,16,"Vols de véhicule",55,Meuse,216,1.180,48
2020,16,"Vols de véhicule",21,Côte-d'Or,601,1.123,50
2020,16,"Vols de véhicule",41,Loir-et-Cher,368,1.117,51
2020,16,"Vols de véhicule",16,Charente,383,1.089,52
2020,16,"Vols de véhicule",09,Ariège,164,1.065,53
2020,16,"Vols de véhicule",08,Ardennes,286,1.060,54
2020,16,"Vols de véhicule",79,Deux-Sèvres,393,1.049,55
2020,16,"Vols de véhicule",18,Cher,314,1.043,56
2020,16,"Vols de véhicule",45,Loiret,709,1.039,57
2020,16,"Vols de véhicule",74,Haute-Savoie,848,1.015,58
2020,16,"Vols de véhicule",88,Vosges,358,0.988,59
2020,16,"Vols de véhicule",73,Savoie,434,0.987,60
2020,16,"Vols de véhicule",35,Ille-et-Vilaine,1066,0.979,61
2020,16,"Vols de véhicule",86,Vienne,426,0.970,62
2020,16,"Vols de véhicule",47,Lot-et-Garonne,320,0.967,63
2020,16,"Vols de véhicule",57,Moselle,991,0.945,64
2020,16,"Vols de véhicule",39,Jura,238,0.920,65
2020,16,"Vols de véhicule",61,Orne,254,0.912,66
2020,16,"Vols de véhicule",82,Tarn-et-Garonne,239,0.911,67
2020,16,"Vols de véhicule",54,Meurthe-et-Moselle,661,0.902,68
2020,16,"Vols de véhicule",40,Landes,376,0.899,69
2020,16,"Vols de véhicule",85,Vendée,619,0.894,70
2020,16,"Vols de véhicule",81,Tarn,346,0.885,71
2020,16,"Vols de véhicule",28,Eure-et-Loir,380,0.881,72
2020,16,"Vols de véhicule",14,Calvados,612,0.877,73
2020,16,"Vols de véhicule",03,Allier,294,0.876,74
2020,16,"Vols de véhicule",87,Haute-Vienne,322,0.865,75
2020,16,"Vols de véhicule",56,Morbihan,630,0.824,76
2020,16,"Vols de véhicule",24,Dordogne,330,0.799,77
2020,16,"Vols de véhicule",05,Hautes-Alpes,112,0.797,78
2020,16,"Vols de véhicule",25,Doubs,433,0.794,79
2020,16,"Vols de véhicule",29,Finistère,722,0.787,80
2020,16,"Vols de véhicule",70,Haute-Saône,169,0.720,81
2020,16,"Vols de véhicule",53,Mayenne,219,0.714,82
2020,16,"Vols de véhicule",67,Bas-Rhin,817,0.712,83
2020,16,"Vols de véhicule",32,Gers,135,0.704,84
2020,16,"Vols de véhicule",22,Côtes-d'Armor,420,0.696,85
2020,16,"Vols de véhicule",46,Lot,121,0.693,86
2020,16,"Vols de véhicule",65,Hautes-Pyrénées,154,0.670,87
2020,16,"Vols de véhicule",90,"Territoire de Belfort",92,0.657,88
2020,16,"Vols de véhicule",48,Lozère,50,0.652,89
2020,16,"Vols de véhicule",68,Haut-Rhin,481,0.626,90
2020,16,"Vols de véhicule",43,Haute-Loire,142,0.624,91
2020,16,"Vols de véhicule",12,Aveyron,172,0.615,92
2020,16,"Vols de véhicule",19,Corrèze,142,0.594,93
2020,16,"Vols de véhicule",50,Manche,247,0.499,94
2020,16,"Vols de véhicule",23,Creuse,57,0.491,95
2020,16,"Vols de véhicule",15,Cantal,51,0.353,96
2020,17,"Vols sans violence contre des personnes",75,Paris,110863,51.663,1
2020,17,"Vols sans violence contre des personnes",69,Rhône,26236,13.930,2
2020,17,"Vols sans violence contre des personnes",93,Seine-Saint-Denis,23044,13.920,3
2020,17,"Vols sans violence contre des personnes",06,Alpes-Maritimes,12970,11.819,4
2020,17,"Vols sans violence contre des personnes",34,Hérault,14020,11.792,5
2020,17,"Vols sans violence contre des personnes",31,Haute-Garonne,16145,11.404,6
2020,17,"Vols sans violence contre des personnes",92,Hauts-de-Seine,18156,11.165,7
2020,17,"Vols sans violence contre des personnes",13,Bouches-du-Rhône,22225,10.852,8
2020,17,"Vols sans violence contre des personnes",94,Val-de-Marne,15147,10.758,9
2020,17,"Vols sans violence contre des personnes",33,Gironde,16373,10.006,10
2020,17,"Vols sans violence contre des personnes",38,Isère,10679,8.359,11
2020,17,"Vols sans violence contre des personnes",44,Loire-Atlantique,12031,8.325,12
2020,17,"Vols sans violence contre des personnes",66,Pyrénées-Orientales,3986,8.257,13
2020,17,"Vols sans violence contre des personnes",83,Var,8903,8.204,14
2020,17,"Vols sans violence contre des personnes",95,Val-d'Oise,9616,7.682,15
2020,17,"Vols sans violence contre des personnes",73,Savoie,3213,7.306,16
2020,17,"Vols sans violence contre des personnes",30,Gard,5304,7.058,17
2020,17,"Vols sans violence contre des personnes",59,Nord,17711,6.792,18
2020,17,"Vols sans violence contre des personnes",37,Indre-et-Loire,4046,6.610,19
2020,17,"Vols sans violence contre des personnes",74,Haute-Savoie,5419,6.488,20
2020,17,"Vols sans violence contre des personnes",67,Bas-Rhin,7427,6.469,21
2020,17,"Vols sans violence contre des personnes",84,Vaucluse,3632,6.463,22
2020,17,"Vols sans violence contre des personnes",26,Drôme,3276,6.328,23
2020,17,"Vols sans violence contre des personnes",76,Seine-Maritime,7893,6.291,24
2020,17,"Vols sans violence contre des personnes",35,Ille-et-Vilaine,6792,6.238,25
2020,17,"Vols sans violence contre des personnes",91,Essonne,8096,6.199,26
2020,17,"Vols sans violence contre des personnes",17,Charente-Maritime,4053,6.181,27
2020,17,"Vols sans violence contre des personnes",05,Hautes-Alpes,857,6.095,28
2020,17,"Vols sans violence contre des personnes",78,Yvelines,8617,5.944,29
2020,17,"Vols sans violence contre des personnes",11,Aude,2198,5.858,30
2020,17,"Vols sans violence contre des personnes",21,Côte-d'Or,3112,5.816,31
2020,17,"Vols sans violence contre des personnes",40,Landes,2366,5.659,32
2020,17,"Vols sans violence contre des personnes",77,Seine-et-Marne,8053,5.637,33
2020,17,"Vols sans violence contre des personnes",10,Aube,1734,5.568,34
2020,17,"Vols sans violence contre des personnes",42,Loire,4244,5.522,35
2020,17,"Vols sans violence contre des personnes",04,Alpes-de-Haute-Provence,896,5.416,36
2020,17,"Vols sans violence contre des personnes",51,Marne,3063,5.405,37
2020,17,"Vols sans violence contre des personnes",54,Meurthe-et-Moselle,3943,5.382,38
2020,17,"Vols sans violence contre des personnes",80,Somme,3006,5.285,39
2020,17,"Vols sans violence contre des personnes",65,Hautes-Pyrénées,1187,5.166,40
2020,17,"Vols sans violence contre des personnes",86,Vienne,2199,5.005,41
2020,17,"Vols sans violence contre des personnes",47,Lot-et-Garonne,1649,4.984,42
2020,17,"Vols sans violence contre des personnes",14,Calvados,3432,4.920,43
2020,17,"Vols sans violence contre des personnes",25,Doubs,2667,4.892,44
2020,17,"Vols sans violence contre des personnes",63,Puy-de-Dôme,3222,4.868,45
2020,17,"Vols sans violence contre des personnes",68,Haut-Rhin,3697,4.815,46
2020,17,"Vols sans violence contre des personnes",72,Sarthe,2727,4.810,47
2020,17,"Vols sans violence contre des personnes",64,Pyrénées-Atlantiques,3280,4.773,48
2020,17,"Vols sans violence contre des personnes",09,Ariège,728,4.729,49
2020,17,"Vols sans violence contre des personnes",45,Loiret,3208,4.702,50
2020,17,"Vols sans violence contre des personnes",03,Allier,1544,4.600,51
2020,17,"Vols sans violence contre des personnes",2A,Corse-du-Sud,735,4.570,52
2020,17,"Vols sans violence contre des personnes",29,Finistère,4163,4.539,53
2020,17,"Vols sans violence contre des personnes",89,Yonne,1496,4.477,54
2020,17,"Vols sans violence contre des personnes",49,Maine-et-Loire,3670,4.472,55
2020,17,"Vols sans violence contre des personnes",16,Charente,1572,4.469,56
2020,17,"Vols sans violence contre des personnes",02,Aisne,2298,4.341,57
2020,17,"Vols sans violence contre des personnes",60,Oise,3578,4.312,58
2020,17,"Vols sans violence contre des personnes",58,Nièvre,871,4.298,59
2020,17,"Vols sans violence contre des personnes",57,Moselle,4482,4.272,60
2020,17,"Vols sans violence contre des personnes",08,Ardennes,1143,4.238,61
2020,17,"Vols sans violence contre des personnes",56,Morbihan,3231,4.228,62
2020,17,"Vols sans violence contre des personnes",87,Haute-Vienne,1568,4.214,63
2020,17,"Vols sans violence contre des personnes",81,Tarn,1639,4.191,64
2020,17,"Vols sans violence contre des personnes",79,Deux-Sèvres,1549,4.136,65
2020,17,"Vols sans violence contre des personnes",55,Meuse,755,4.126,66
2020,17,"Vols sans violence contre des personnes",85,Vendée,2856,4.123,67
2020,17,"Vols sans violence contre des personnes",27,Eure,2399,4.001,68
2020,17,"Vols sans violence contre des personnes",82,Tarn-et-Garonne,1047,3.991,69
2020,17,"Vols sans violence contre des personnes",90,"Territoire de Belfort",559,3.989,70
2020,17,"Vols sans violence contre des personnes",70,Haute-Saône,935,3.985,71
2020,17,"Vols sans violence contre des personnes",22,Côtes-d'Armor,2390,3.959,72
2020,17,"Vols sans violence contre des personnes",62,Pas-de-Calais,5760,3.939,73
2020,17,"Vols sans violence contre des personnes",07,Ardèche,1296,3.935,74
2020,17,"Vols sans violence contre des personnes",39,Jura,994,3.841,75
2020,17,"Vols sans violence contre des personnes",88,Vosges,1381,3.811,76
2020,17,"Vols sans violence contre des personnes",18,Cher,1145,3.805,77
2020,17,"Vols sans violence contre des personnes",01,Ain,2488,3.782,78
2020,17,"Vols sans violence contre des personnes",36,Indre,812,3.713,79
2020,17,"Vols sans violence contre des personnes",2B,Haute-Corse,670,3.663,80
2020,17,"Vols sans violence contre des personnes",41,Loir-et-Cher,1205,3.659,81
2020,17,"Vols sans violence contre des personnes",71,Saône-et-Loire,2000,3.629,82
2020,17,"Vols sans violence contre des personnes",32,Gers,687,3.582,83
2020,17,"Vols sans violence contre des personnes",24,Dordogne,1473,3.568,84
2020,17,"Vols sans violence contre des personnes",53,Mayenne,1087,3.546,85
2020,17,"Vols sans violence contre des personnes",28,Eure-et-Loir,1525,3.535,86
2020,17,"Vols sans violence contre des personnes",61,Orne,967,3.472,87
2020,17,"Vols sans violence contre des personnes",46,Lot,606,3.469,88
2020,17,"Vols sans violence contre des personnes",52,Haute-Marne,557,3.242,89
2020,17,"Vols sans violence contre des personnes",50,Manche,1582,3.195,90
2020,17,"Vols sans violence contre des personnes",43,Haute-Loire,713,3.134,91
2020,17,"Vols sans violence contre des personnes",19,Corrèze,729,3.048,92
2020,17,"Vols sans violence contre des personnes",48,Lozère,228,2.975,93
2020,17,"Vols sans violence contre des personnes",23,Creuse,330,2.845,94
2020,17,"Vols sans violence contre des personnes",12,Aveyron,792,2.833,95
2020,17,"Vols sans violence contre des personnes",15,Cantal,379,2.625,96
2020,18,"Vols violents sans arme",75,Paris,15334,7.146,1
2020,18,"Vols violents sans arme",93,Seine-Saint-Denis,6993,4.224,2
2020,18,"Vols violents sans arme",13,Bouches-du-Rhône,3688,1.801,3
2020,18,"Vols violents sans arme",94,Val-de-Marne,2390,1.697,4
2020,18,"Vols violents sans arme",69,Rhône,2957,1.570,5
2020,18,"Vols violents sans arme",95,Val-d'Oise,1924,1.537,6
2020,18,"Vols violents sans arme",92,Hauts-de-Seine,2316,1.424,7
2020,18,"Vols violents sans arme",33,Gironde,1844,1.127,8
2020,18,"Vols violents sans arme",59,Nord,2796,1.072,9
2020,18,"Vols violents sans arme",34,Hérault,1244,1.046,10
2020,18,"Vols violents sans arme",06,Alpes-Maritimes,1122,1.022,11
2020,18,"Vols violents sans arme",44,Loire-Atlantique,1450,1.003,12
2020,18,"Vols violents sans arme",91,Essonne,1286,0.985,13
2020,18,"Vols violents sans arme",31,Haute-Garonne,1367,0.966,14
2020,18,"Vols violents sans arme",66,Pyrénées-Orientales,462,0.957,15
2020,18,"Vols violents sans arme",38,Isère,1066,0.834,16
2020,18,"Vols violents sans arme",76,Seine-Maritime,1021,0.814,17
2020,18,"Vols violents sans arme",77,Seine-et-Marne,1122,0.785,18
2020,18,"Vols violents sans arme",78,Yvelines,976,0.673,19
2020,18,"Vols violents sans arme",30,Gard,487,0.648,20
2020,18,"Vols violents sans arme",37,Indre-et-Loire,389,0.635,21
2020,18,"Vols violents sans arme",51,Marne,347,0.612,22
2020,18,"Vols violents sans arme",42,Loire,463,0.602,23
2020,18,"Vols violents sans arme",72,Sarthe,335,0.591,24
2020,18,"Vols violents sans arme",35,Ille-et-Vilaine,606,0.557,25
2020,18,"Vols violents sans arme",83,Var,587,0.541,26
2020,18,"Vols violents sans arme",80,Somme,247,0.434,27
2020,18,"Vols violents sans arme",84,Vaucluse,244,0.434,27
2020,18,"Vols violents sans arme",60,Oise,355,0.428,29
2020,18,"Vols violents sans arme",45,Loiret,291,0.426,30
2020,18,"Vols violents sans arme",21,Côte-d'Or,214,0.400,31
2020,18,"Vols violents sans arme",10,Aube,124,0.398,32
2020,18,"Vols violents sans arme",62,Pas-de-Calais,574,0.393,33
2020,18,"Vols violents sans arme",67,Bas-Rhin,446,0.388,34
2020,18,"Vols violents sans arme",25,Doubs,210,0.385,35
2020,18,"Vols violents sans arme",63,Puy-de-Dôme,243,0.367,36
2020,18,"Vols violents sans arme",90,"Territoire de Belfort",50,0.357,37
2020,18,"Vols violents sans arme",26,Drôme,182,0.352,38
2020,18,"Vols violents sans arme",29,Finistère,313,0.341,39
2020,18,"Vols violents sans arme",27,Eure,204,0.340,40
2020,18,"Vols violents sans arme",68,Haut-Rhin,258,0.336,41
2020,18,"Vols violents sans arme",49,Maine-et-Loire,274,0.334,42
2020,18,"Vols violents sans arme",54,Meurthe-et-Moselle,244,0.333,43
2020,18,"Vols violents sans arme",81,Tarn,128,0.327,44
2020,18,"Vols violents sans arme",14,Calvados,221,0.317,45
2020,18,"Vols violents sans arme",02,Aisne,167,0.315,46
2020,18,"Vols violents sans arme",74,Haute-Savoie,262,0.314,47
2020,18,"Vols violents sans arme",57,Moselle,325,0.310,48
2020,18,"Vols violents sans arme",17,Charente-Maritime,201,0.307,49
2020,18,"Vols violents sans arme",16,Charente,105,0.299,50
2020,18,"Vols violents sans arme",11,Aude,111,0.296,51
2020,18,"Vols violents sans arme",89,Yonne,91,0.272,52
2020,18,"Vols violents sans arme",18,Cher,80,0.266,53
2020,18,"Vols violents sans arme",87,Haute-Vienne,98,0.263,54
2020,18,"Vols violents sans arme",41,Loir-et-Cher,85,0.258,55
2020,18,"Vols violents sans arme",47,Lot-et-Garonne,85,0.257,56
2020,18,"Vols violents sans arme",08,Ardennes,69,0.256,57
2020,18,"Vols violents sans arme",86,Vienne,111,0.253,58
2020,18,"Vols violents sans arme",82,Tarn-et-Garonne,66,0.252,59
2020,18,"Vols violents sans arme",64,Pyrénées-Atlantiques,169,0.246,60
2020,18,"Vols violents sans arme",73,Savoie,106,0.241,61
2020,18,"Vols violents sans arme",53,Mayenne,73,0.238,62
2020,18,"Vols violents sans arme",58,Nièvre,46,0.227,63
2020,18,"Vols violents sans arme",79,Deux-Sèvres,81,0.216,64
2020,18,"Vols violents sans arme",88,Vosges,78,0.215,65
2020,18,"Vols violents sans arme",28,Eure-et-Loir,92,0.213,66
2020,18,"Vols violents sans arme",65,Hautes-Pyrénées,49,0.213,66
2020,18,"Vols violents sans arme",55,Meuse,35,0.191,68
2020,18,"Vols violents sans arme",04,Alpes-de-Haute-Provence,31,0.187,69
2020,18,"Vols violents sans arme",24,Dordogne,75,0.182,70
2020,18,"Vols violents sans arme",56,Morbihan,134,0.175,71
2020,18,"Vols violents sans arme",22,Côtes-d'Armor,105,0.174,72
2020,18,"Vols violents sans arme",61,Orne,48,0.172,73
2020,18,"Vols violents sans arme",01,Ain,108,0.164,74
2020,18,"Vols violents sans arme",19,Corrèze,39,0.163,75
2020,18,"Vols violents sans arme",36,Indre,35,0.160,76
2020,18,"Vols violents sans arme",71,Saône-et-Loire,88,0.160,76
2020,18,"Vols violents sans arme",2B,Haute-Corse,29,0.159,78
2020,18,"Vols violents sans arme",07,Ardèche,52,0.158,79
2020,18,"Vols violents sans arme",05,Hautes-Alpes,22,0.156,80
2020,18,"Vols violents sans arme",40,Landes,65,0.155,81
2020,18,"Vols violents sans arme",03,Allier,51,0.152,82
2020,18,"Vols violents sans arme",39,Jura,38,0.147,83
2020,18,"Vols violents sans arme",2A,Corse-du-Sud,22,0.137,84
2020,18,"Vols violents sans arme",85,Vendée,93,0.134,85
2020,18,"Vols violents sans arme",46,Lot,23,0.132,86
2020,18,"Vols violents sans arme",52,Haute-Marne,22,0.128,87
2020,18,"Vols violents sans arme",70,Haute-Saône,29,0.124,88
2020,18,"Vols violents sans arme",43,Haute-Loire,28,0.123,89
2020,18,"Vols violents sans arme",09,Ariège,17,0.110,90
2020,18,"Vols violents sans arme",32,Gers,19,0.099,91
2020,18,"Vols violents sans arme",50,Manche,49,0.099,91
2020,18,"Vols violents sans arme",48,Lozère,7,0.091,93
2020,18,"Vols violents sans arme",12,Aveyron,24,0.086,94
2020,18,"Vols violents sans arme",23,Creuse,9,0.078,95
2020,18,"Vols violents sans arme",15,Cantal,11,0.076,96
2021,1,"Cambriolages de logement",13,Bouches-du-Rhône,11685,10.955,1
2021,1,"Cambriolages de logement",93,Seine-Saint-Denis,6035,8.557,2
2021,1,"Cambriolages de logement",69,Rhône,8143,8.447,3
2021,1,"Cambriolages de logement",84,Vaucluse,2630,8.364,4
2021,1,"Cambriolages de logement",33,Gironde,7619,8.341,5
2021,1,"Cambriolages de logement",38,Isère,5431,8.070,6
2021,1,"Cambriolages de logement",94,Val-de-Marne,4873,7.359,7
2021,1,"Cambriolages de logement",31,Haute-Garonne,5657,7.351,8
2021,1,"Cambriolages de logement",44,Loire-Atlantique,5766,7.325,9
2021,1,"Cambriolages de logement",59,Nord,8683,6.937,10
2021,1,"Cambriolages de logement",75,Paris,9645,6.905,11
2021,1,"Cambriolages de logement",91,Essonne,3893,6.624,12
2021,1,"Cambriolages de logement",26,Drôme,1868,6.614,13
2021,1,"Cambriolages de logement",77,Seine-et-Marne,4144,6.461,14
2021,1,"Cambriolages de logement",95,Val-d'Oise,3412,6.439,15
2021,1,"Cambriolages de logement",01,Ain,2076,6.295,16
2021,1,"Cambriolages de logement",30,Gard,2687,6.092,17
2021,1,"Cambriolages de logement",78,Yvelines,4018,6.076,18
2021,1,"Cambriolages de logement",34,Hérault,4391,5.771,19
2021,1,"Cambriolages de logement",83,Var,4195,5.641,20
2021,1,"Cambriolages de logement",42,Loire,2166,5.342,21
2021,1,"Cambriolages de logement",92,Hauts-de-Seine,4354,5.282,22
2021,1,"Cambriolages de logement",37,Indre-et-Loire,1690,5.073,23
2021,1,"Cambriolages de logement",63,Puy-de-Dôme,2018,5.071,24
2021,1,"Cambriolages de logement",10,Aube,843,5.028,25
2021,1,"Cambriolages de logement",02,Aisne,1338,4.985,26
2021,1,"Cambriolages de logement",11,Aude,1304,4.848,27
2021,1,"Cambriolages de logement",47,Lot-et-Garonne,905,4.784,28
2021,1,"Cambriolages de logement",82,Tarn-et-Garonne,634,4.666,29
2021,1,"Cambriolages de logement",18,Cher,821,4.580,30
2021,1,"Cambriolages de logement",06,Alpes-Maritimes,3569,4.524,31
2021,1,"Cambriolages de logement",16,Charente,905,4.508,32
2021,1,"Cambriolages de logement",74,Haute-Savoie,2421,4.477,33
2021,1,"Cambriolages de logement",08,Ardennes,642,4.459,34
2021,1,"Cambriolages de logement",03,Allier,906,4.321,35
2021,1,"Cambriolages de logement",71,Saône-et-Loire,1357,4.321,35
2021,1,"Cambriolages de logement",60,Oise,1645,4.305,37
2021,1,"Cambriolages de logement",45,Loiret,1507,4.263,38
2021,1,"Cambriolages de logement",72,Sarthe,1263,4.261,39
2021,1,"Cambriolages de logement",24,Dordogne,1121,4.244,40
2021,1,"Cambriolages de logement",58,Nièvre,596,4.216,41
2021,1,"Cambriolages de logement",62,Pas-de-Calais,3055,4.197,42
2021,1,"Cambriolages de logement",27,Eure,1252,4.161,43
2021,1,"Cambriolages de logement",86,Vienne,1002,4.086,44
2021,1,"Cambriolages de logement",87,Haute-Vienne,905,4.061,45
2021,1,"Cambriolages de logement",41,Loir-et-Cher,751,4.029,46
2021,1,"Cambriolages de logement",51,Marne,1209,4.018,47
2021,1,"Cambriolages de logement",76,Seine-Maritime,2631,3.999,48
2021,1,"Cambriolages de logement",55,Meuse,400,3.992,49
2021,1,"Cambriolages de logement",52,Haute-Marne,390,3.872,50
2021,1,"Cambriolages de logement",66,Pyrénées-Orientales,1383,3.817,51
2021,1,"Cambriolages de logement",40,Landes,1025,3.794,52
2021,1,"Cambriolages de logement",49,Maine-et-Loire,1539,3.786,53
2021,1,"Cambriolages de logement",79,Deux-Sèvres,740,3.748,54
2021,1,"Cambriolages de logement",17,Charente-Maritime,1676,3.715,55
2021,1,"Cambriolages de logement",89,Yonne,735,3.701,56
2021,1,"Cambriolages de logement",04,Alpes-de-Haute-Provence,475,3.611,57
2021,1,"Cambriolages de logement",36,Indre,498,3.581,58
2021,1,"Cambriolages de logement",80,Somme,1088,3.542,59
2021,1,"Cambriolages de logement",57,Moselle,1867,3.512,60
2021,1,"Cambriolages de logement",81,Tarn,747,3.426,61
2021,1,"Cambriolages de logement",90,"Territoire de Belfort",244,3.314,62
2021,1,"Cambriolages de logement",28,Eure-et-Loir,725,3.300,63
2021,1,"Cambriolages de logement",61,Orne,538,3.258,64
2021,1,"Cambriolages de logement",07,Ardèche,679,3.234,65
2021,1,"Cambriolages de logement",32,Gers,362,3.209,66
2021,1,"Cambriolages de logement",88,Vosges,689,3.198,67
2021,1,"Cambriolages de logement",64,Pyrénées-Atlantiques,1335,3.165,68
2021,1,"Cambriolages de logement",56,Morbihan,1512,3.139,69
2021,1,"Cambriolages de logement",43,Haute-Loire,455,3.133,70
2021,1,"Cambriolages de logement",19,Corrèze,484,3.096,71
2021,1,"Cambriolages de logement",21,Côte-d'Or,916,3.081,72
2021,1,"Cambriolages de logement",35,Ille-et-Vilaine,1757,3.054,73
2021,1,"Cambriolages de logement",68,Haut-Rhin,1187,3.048,74
2021,1,"Cambriolages de logement",70,Haute-Saône,378,2.920,75
2021,1,"Cambriolages de logement",25,Doubs,828,2.873,76
2021,1,"Cambriolages de logement",67,Bas-Rhin,1647,2.832,77
2021,1,"Cambriolages de logement",46,Lot,342,2.831,78
2021,1,"Cambriolages de logement",54,Meurthe-et-Moselle,1084,2.818,79
2021,1,"Cambriolages de logement",29,Finistère,1528,2.747,80
2021,1,"Cambriolages de logement",09,Ariège,304,2.730,81
2021,1,"Cambriolages de logement",39,Jura,407,2.680,82
2021,1,"Cambriolages de logement",65,Hautes-Pyrénées,426,2.572,83
2021,1,"Cambriolages de logement",22,Côtes-d'Armor,968,2.571,84
2021,1,"Cambriolages de logement",73,Savoie,920,2.563,85
2021,1,"Cambriolages de logement",85,Vendée,1041,2.360,86
2021,1,"Cambriolages de logement",23,Creuse,189,2.123,87
2021,1,"Cambriolages de logement",53,Mayenne,322,2.016,88
2021,1,"Cambriolages de logement",14,Calvados,813,1.891,89
2021,1,"Cambriolages de logement",50,Manche,568,1.878,90
2021,1,"Cambriolages de logement",12,Aveyron,315,1.703,91
2021,1,"Cambriolages de logement",48,Lozère,101,1.629,92
2021,1,"Cambriolages de logement",2A,Corse-du-Sud,188,1.505,93
2021,1,"Cambriolages de logement",05,Hautes-Alpes,191,1.365,94
2021,1,"Cambriolages de logement",15,Cantal,139,1.354,95
2021,1,"Cambriolages de logement",2B,Haute-Corse,152,1.112,96
2021,2,"Destructions et dégradations volontaires",13,Bouches-du-Rhône,23264,11.310,1
2021,2,"Destructions et dégradations volontaires",66,Pyrénées-Orientales,5046,10.355,2
2021,2,"Destructions et dégradations volontaires",75,Paris,22017,10.322,3
2021,2,"Destructions et dégradations volontaires",93,Seine-Saint-Denis,16447,9.856,4
2021,2,"Destructions et dégradations volontaires",33,Gironde,16128,9.745,5
2021,2,"Destructions et dégradations volontaires",59,Nord,25048,9.592,6
2021,2,"Destructions et dégradations volontaires",06,Alpes-Maritimes,10519,9.529,7
2021,2,"Destructions et dégradations volontaires",83,Var,10419,9.512,8
2021,2,"Destructions et dégradations volontaires",34,Hérault,11137,9.266,9
2021,2,"Destructions et dégradations volontaires",2B,Haute-Corse,1707,9.244,10
2021,2,"Destructions et dégradations volontaires",2A,Corse-du-Sud,1499,9.200,11
2021,2,"Destructions et dégradations volontaires",11,Aude,3437,9.140,12
2021,2,"Destructions et dégradations volontaires",69,Rhône,17172,9.068,13
2021,2,"Destructions et dégradations volontaires",04,Alpes-de-Haute-Provence,1500,9.032,14
2021,2,"Destructions et dégradations volontaires",42,Loire,6818,8.866,15
2021,2,"Destructions et dégradations volontaires",38,Isère,11326,8.814,16
2021,2,"Destructions et dégradations volontaires",80,Somme,4900,8.653,17
2021,2,"Destructions et dégradations volontaires",84,Vaucluse,4807,8.515,18
2021,2,"Destructions et dégradations volontaires",05,Hautes-Alpes,1198,8.498,19
2021,2,"Destructions et dégradations volontaires",63,Puy-de-Dôme,5602,8.459,20
2021,2,"Destructions et dégradations volontaires",51,Marne,4743,8.390,21
2021,2,"Destructions et dégradations volontaires",62,Pas-de-Calais,12254,8.385,22
2021,2,"Destructions et dégradations volontaires",08,Ardennes,2232,8.302,23
2021,2,"Destructions et dégradations volontaires",26,Drôme,4306,8.289,24
2021,2,"Destructions et dégradations volontaires",02,Aisne,4333,8.215,25
2021,2,"Destructions et dégradations volontaires",17,Charente-Maritime,5395,8.157,26
2021,2,"Destructions et dégradations volontaires",95,Val-d'Oise,10228,8.139,27
2021,2,"Destructions et dégradations volontaires",03,Allier,2679,8.000,28
2021,2,"Destructions et dégradations volontaires",55,Meuse,1450,7.971,29
2021,2,"Destructions et dégradations volontaires",54,Meurthe-et-Moselle,5782,7.894,30
2021,2,"Destructions et dégradations volontaires",16,Charente,2769,7.892,31
2021,2,"Destructions et dégradations volontaires",09,Ariège,1212,7.840,32
2021,2,"Destructions et dégradations volontaires",29,Finistère,7200,7.812,33
2021,2,"Destructions et dégradations volontaires",94,Val-de-Marne,11019,7.785,34
2021,2,"Destructions et dégradations volontaires",44,Loire-Atlantique,11243,7.712,35
2021,2,"Destructions et dégradations volontaires",91,Essonne,10101,7.689,36
2021,2,"Destructions et dégradations volontaires",92,Hauts-de-Seine,12386,7.574,37
2021,2,"Destructions et dégradations volontaires",30,Gard,5722,7.563,38
2021,2,"Destructions et dégradations volontaires",18,Cher,2253,7.521,39
2021,2,"Destructions et dégradations volontaires",89,Yonne,2502,7.505,40
2021,2,"Destructions et dégradations volontaires",52,Haute-Marne,1277,7.466,41
2021,2,"Destructions et dégradations volontaires",76,Seine-Maritime,9376,7.465,42
2021,2,"Destructions et dégradations volontaires",21,Côte-d'Or,3984,7.440,43
2021,2,"Destructions et dégradations volontaires",86,Vienne,3239,7.372,44
2021,2,"Destructions et dégradations volontaires",31,Haute-Garonne,10491,7.314,45
2021,2,"Destructions et dégradations volontaires",72,Sarthe,4126,7.289,46
2021,2,"Destructions et dégradations volontaires",90,"Territoire de Belfort",1015,7.268,47
2021,2,"Destructions et dégradations volontaires",07,Ardèche,2406,7.260,48
2021,2,"Destructions et dégradations volontaires",77,Seine-et-Marne,10312,7.171,49
2021,2,"Destructions et dégradations volontaires",58,Nièvre,1449,7.158,50
2021,2,"Destructions et dégradations volontaires",73,Savoie,3148,7.115,51
2021,2,"Destructions et dégradations volontaires",47,Lot-et-Garonne,2355,7.110,52
2021,2,"Destructions et dégradations volontaires",87,Haute-Vienne,2642,7.108,53
2021,2,"Destructions et dégradations volontaires",10,Aube,2196,7.054,54
2021,2,"Destructions et dégradations volontaires",28,Eure-et-Loir,3022,7.007,55
2021,2,"Destructions et dégradations volontaires",88,Vosges,2527,7.006,56
2021,2,"Destructions et dégradations volontaires",37,Indre-et-Loire,4277,6.987,57
2021,2,"Destructions et dégradations volontaires",57,Moselle,7326,6.978,58
2021,2,"Destructions et dégradations volontaires",25,Doubs,3814,6.971,59
2021,2,"Destructions et dégradations volontaires",60,Oise,5774,6.966,60
2021,2,"Destructions et dégradations volontaires",14,Calvados,4867,6.947,61
2021,2,"Destructions et dégradations volontaires",27,Eure,4082,6.815,62
2021,2,"Destructions et dégradations volontaires",36,Indre,1477,6.799,63
2021,2,"Destructions et dégradations volontaires",49,Maine-et-Loire,5607,6.798,64
2021,2,"Destructions et dégradations volontaires",70,Haute-Saône,1590,6.786,65
2021,2,"Destructions et dégradations volontaires",68,Haut-Rhin,5201,6.780,66
2021,2,"Destructions et dégradations volontaires",85,Vendée,4693,6.709,67
2021,2,"Destructions et dégradations volontaires",79,Deux-Sèvres,2509,6.698,68
2021,2,"Destructions et dégradations volontaires",81,Tarn,2602,6.611,69
2021,2,"Destructions et dégradations volontaires",35,Ille-et-Vilaine,7212,6.566,70
2021,2,"Destructions et dégradations volontaires",22,Côtes-d'Armor,3974,6.559,71
2021,2,"Destructions et dégradations volontaires",61,Orne,1815,6.553,72
2021,2,"Destructions et dégradations volontaires",67,Bas-Rhin,7482,6.491,73
2021,2,"Destructions et dégradations volontaires",40,Landes,2739,6.476,74
2021,2,"Destructions et dégradations volontaires",64,Pyrénées-Atlantiques,4487,6.474,75
2021,2,"Destructions et dégradations volontaires",74,Haute-Savoie,5411,6.430,76
2021,2,"Destructions et dégradations volontaires",78,Yvelines,9360,6.427,77
2021,2,"Destructions et dégradations volontaires",39,Jura,1658,6.413,78
2021,2,"Destructions et dégradations volontaires",01,Ain,4153,6.262,79
2021,2,"Destructions et dégradations volontaires",43,Haute-Loire,1423,6.261,80
2021,2,"Destructions et dégradations volontaires",71,Saône-et-Loire,3438,6.259,81
2021,2,"Destructions et dégradations volontaires",41,Loir-et-Cher,2007,6.110,82
2021,2,"Destructions et dégradations volontaires",48,Lozère,461,6.025,83
2021,2,"Destructions et dégradations volontaires",56,Morbihan,4618,6.008,84
2021,2,"Destructions et dégradations volontaires",23,Creuse,689,5.955,85
2021,2,"Destructions et dégradations volontaires",45,Loiret,4063,5.935,86
2021,2,"Destructions et dégradations volontaires",82,Tarn-et-Garonne,1553,5.896,87
2021,2,"Destructions et dégradations volontaires",65,Hautes-Pyrénées,1344,5.819,88
2021,2,"Destructions et dégradations volontaires",53,Mayenne,1771,5.789,89
2021,2,"Destructions et dégradations volontaires",24,Dordogne,2392,5.782,90
2021,2,"Destructions et dégradations volontaires",46,Lot,1006,5.750,91
2021,2,"Destructions et dégradations volontaires",50,Manche,2819,5.689,92
2021,2,"Destructions et dégradations volontaires",15,Cantal,819,5.679,93
2021,2,"Destructions et dégradations volontaires",32,Gers,1011,5.254,94
2021,2,"Destructions et dégradations volontaires",19,Corrèze,1244,5.188,95
2021,2,"Destructions et dégradations volontaires",12,Aveyron,1274,4.556,96
2021,3,"Escroqueries et fraudes aux moyens de paiement",75,Paris,25935,12.158,1
2021,3,"Escroqueries et fraudes aux moyens de paiement",92,Hauts-de-Seine,13703,8.380,2
2021,3,"Escroqueries et fraudes aux moyens de paiement",69,Rhône,13407,7.080,3
2021,3,"Escroqueries et fraudes aux moyens de paiement",13,Bouches-du-Rhône,13474,6.550,4
2021,3,"Escroqueries et fraudes aux moyens de paiement",31,Haute-Garonne,9383,6.542,5
2021,3,"Escroqueries et fraudes aux moyens de paiement",37,Indre-et-Loire,3852,6.292,6
2021,3,"Escroqueries et fraudes aux moyens de paiement",94,Val-de-Marne,8808,6.223,7
2021,3,"Escroqueries et fraudes aux moyens de paiement",06,Alpes-Maritimes,6809,6.168,8
2021,3,"Escroqueries et fraudes aux moyens de paiement",83,Var,6622,6.046,9
2021,3,"Escroqueries et fraudes aux moyens de paiement",34,Hérault,6974,5.803,10
2021,3,"Escroqueries et fraudes aux moyens de paiement",78,Yvelines,8402,5.769,11
2021,3,"Escroqueries et fraudes aux moyens de paiement",66,Pyrénées-Orientales,2735,5.612,12
2021,3,"Escroqueries et fraudes aux moyens de paiement",38,Isère,7171,5.581,13
2021,3,"Escroqueries et fraudes aux moyens de paiement",33,Gironde,9164,5.537,14
2021,3,"Escroqueries et fraudes aux moyens de paiement",93,Seine-Saint-Denis,9210,5.519,15
2021,3,"Escroqueries et fraudes aux moyens de paiement",72,Sarthe,3108,5.491,16
2021,3,"Escroqueries et fraudes aux moyens de paiement",89,Yonne,1816,5.447,17
2021,3,"Escroqueries et fraudes aux moyens de paiement",45,Loiret,3700,5.405,18
2021,3,"Escroqueries et fraudes aux moyens de paiement",16,Charente,1893,5.395,19
2021,3,"Escroqueries et fraudes aux moyens de paiement",77,Seine-et-Marne,7731,5.376,20
2021,3,"Escroqueries et fraudes aux moyens de paiement",95,Val-d'Oise,6730,5.356,21
2021,3,"Escroqueries et fraudes aux moyens de paiement",74,Haute-Savoie,4484,5.329,22
2021,3,"Escroqueries et fraudes aux moyens de paiement",40,Landes,2243,5.303,23
2021,3,"Escroqueries et fraudes aux moyens de paiement",10,Aube,1642,5.274,24
2021,3,"Escroqueries et fraudes aux moyens de paiement",03,Allier,1758,5.250,25
2021,3,"Escroqueries et fraudes aux moyens de paiement",05,Hautes-Alpes,736,5.221,26
2021,3,"Escroqueries et fraudes aux moyens de paiement",44,Loire-Atlantique,7605,5.217,27
2021,3,"Escroqueries et fraudes aux moyens de paiement",58,Nièvre,1052,5.197,28
2021,3,"Escroqueries et fraudes aux moyens de paiement",51,Marne,2930,5.183,29
2021,3,"Escroqueries et fraudes aux moyens de paiement",46,Lot,904,5.167,30
2021,3,"Escroqueries et fraudes aux moyens de paiement",63,Puy-de-Dôme,3370,5.088,31
2021,3,"Escroqueries et fraudes aux moyens de paiement",42,Loire,3912,5.087,32
2021,3,"Escroqueries et fraudes aux moyens de paiement",04,Alpes-de-Haute-Provence,843,5.076,33
2021,3,"Escroqueries et fraudes aux moyens de paiement",19,Corrèze,1210,5.046,34
2021,3,"Escroqueries et fraudes aux moyens de paiement",84,Vaucluse,2840,5.030,35
2021,3,"Escroqueries et fraudes aux moyens de paiement",86,Vienne,2198,5.002,36
2021,3,"Escroqueries et fraudes aux moyens de paiement",21,Côte-d'Or,2668,4.982,37
2021,3,"Escroqueries et fraudes aux moyens de paiement",43,Haute-Loire,1131,4.976,38
2021,3,"Escroqueries et fraudes aux moyens de paiement",54,Meurthe-et-Moselle,3639,4.968,39
2021,3,"Escroqueries et fraudes aux moyens de paiement",30,Gard,3748,4.954,40
2021,3,"Escroqueries et fraudes aux moyens de paiement",01,Ain,3274,4.937,41
2021,3,"Escroqueries et fraudes aux moyens de paiement",91,Essonne,6437,4.900,42
2021,3,"Escroqueries et fraudes aux moyens de paiement",26,Drôme,2543,4.895,43
2021,3,"Escroqueries et fraudes aux moyens de paiement",87,Haute-Vienne,1814,4.880,44
2021,3,"Escroqueries et fraudes aux moyens de paiement",32,Gers,936,4.864,45
2021,3,"Escroqueries et fraudes aux moyens de paiement",47,Lot-et-Garonne,1604,4.843,46
2021,3,"Escroqueries et fraudes aux moyens de paiement",09,Ariège,747,4.832,47
2021,3,"Escroqueries et fraudes aux moyens de paiement",65,Hautes-Pyrénées,1109,4.802,48
2021,3,"Escroqueries et fraudes aux moyens de paiement",23,Creuse,552,4.771,49
2021,3,"Escroqueries et fraudes aux moyens de paiement",11,Aude,1777,4.726,50
2021,3,"Escroqueries et fraudes aux moyens de paiement",73,Savoie,2091,4.726,50
2021,3,"Escroqueries et fraudes aux moyens de paiement",67,Bas-Rhin,5422,4.704,52
2021,3,"Escroqueries et fraudes aux moyens de paiement",25,Doubs,2567,4.692,53
2021,3,"Escroqueries et fraudes aux moyens de paiement",70,Haute-Saône,1083,4.622,54
2021,3,"Escroqueries et fraudes aux moyens de paiement",81,Tarn,1802,4.579,55
2021,3,"Escroqueries et fraudes aux moyens de paiement",59,Nord,11908,4.560,56
2021,3,"Escroqueries et fraudes aux moyens de paiement",36,Indre,989,4.553,57
2021,3,"Escroqueries et fraudes aux moyens de paiement",71,Saône-et-Loire,2495,4.542,58
2021,3,"Escroqueries et fraudes aux moyens de paiement",24,Dordogne,1863,4.503,59
2021,3,"Escroqueries et fraudes aux moyens de paiement",85,Vendée,3150,4.503,59
2021,3,"Escroqueries et fraudes aux moyens de paiement",60,Oise,3729,4.499,61
2021,3,"Escroqueries et fraudes aux moyens de paiement",27,Eure,2688,4.488,62
2021,3,"Escroqueries et fraudes aux moyens de paiement",55,Meuse,815,4.480,63
2021,3,"Escroqueries et fraudes aux moyens de paiement",82,Tarn-et-Garonne,1179,4.476,64
2021,3,"Escroqueries et fraudes aux moyens de paiement",29,Finistère,4107,4.456,65
2021,3,"Escroqueries et fraudes aux moyens de paiement",61,Orne,1232,4.448,66
2021,3,"Escroqueries et fraudes aux moyens de paiement",28,Eure-et-Loir,1916,4.443,67
2021,3,"Escroqueries et fraudes aux moyens de paiement",49,Maine-et-Loire,3655,4.432,68
2021,3,"Escroqueries et fraudes aux moyens de paiement",56,Morbihan,3406,4.431,69
2021,3,"Escroqueries et fraudes aux moyens de paiement",08,Ardennes,1186,4.411,70
2021,3,"Escroqueries et fraudes aux moyens de paiement",2A,Corse-du-Sud,716,4.394,71
2021,3,"Escroqueries et fraudes aux moyens de paiement",35,Ille-et-Vilaine,4826,4.394,71
2021,3,"Escroqueries et fraudes aux moyens de paiement",41,Loir-et-Cher,1438,4.377,73
2021,3,"Escroqueries et fraudes aux moyens de paiement",76,Seine-Maritime,5484,4.367,74
2021,3,"Escroqueries et fraudes aux moyens de paiement",39,Jura,1114,4.309,75
2021,3,"Escroqueries et fraudes aux moyens de paiement",14,Calvados,3002,4.285,76
2021,3,"Escroqueries et fraudes aux moyens de paiement",18,Cher,1275,4.256,77
2021,3,"Escroqueries et fraudes aux moyens de paiement",07,Ardèche,1406,4.242,78
2021,3,"Escroqueries et fraudes aux moyens de paiement",15,Cantal,609,4.223,79
2021,3,"Escroqueries et fraudes aux moyens de paiement",53,Mayenne,1277,4.174,80
2021,3,"Escroqueries et fraudes aux moyens de paiement",64,Pyrénées-Atlantiques,2885,4.163,81
2021,3,"Escroqueries et fraudes aux moyens de paiement",68,Haut-Rhin,3185,4.152,82
2021,3,"Escroqueries et fraudes aux moyens de paiement",02,Aisne,2185,4.142,83
2021,3,"Escroqueries et fraudes aux moyens de paiement",17,Charente-Maritime,2732,4.131,84
2021,3,"Escroqueries et fraudes aux moyens de paiement",22,Côtes-d'Armor,2484,4.100,85
2021,3,"Escroqueries et fraudes aux moyens de paiement",12,Aveyron,1126,4.026,86
2021,3,"Escroqueries et fraudes aux moyens de paiement",2B,Haute-Corse,739,4.002,87
2021,3,"Escroqueries et fraudes aux moyens de paiement",88,Vosges,1422,3.943,88
2021,3,"Escroqueries et fraudes aux moyens de paiement",52,Haute-Marne,667,3.900,89
2021,3,"Escroqueries et fraudes aux moyens de paiement",79,Deux-Sèvres,1457,3.890,90
2021,3,"Escroqueries et fraudes aux moyens de paiement",57,Moselle,4056,3.863,91
2021,3,"Escroqueries et fraudes aux moyens de paiement",50,Manche,1889,3.812,92
2021,3,"Escroqueries et fraudes aux moyens de paiement",80,Somme,2157,3.809,93
2021,3,"Escroqueries et fraudes aux moyens de paiement",48,Lozère,286,3.738,94
2021,3,"Escroqueries et fraudes aux moyens de paiement",62,Pas-de-Calais,5355,3.664,95
2021,3,"Escroqueries et fraudes aux moyens de paiement",90,"Territoire de Belfort",449,3.215,96
2021,4,Homicides,2A,Corse-du-Sud,8,0.049,1
2021,4,Homicides,2B,Haute-Corse,6,0.032,2
2021,4,Homicides,13,Bouches-du-Rhône,60,0.029,3
2021,4,Homicides,23,Creuse,3,0.026,4
2021,4,Homicides,11,Aude,8,0.021,5
2021,4,Homicides,66,Pyrénées-Orientales,10,0.021,5
2021,4,Homicides,51,Marne,11,0.019,7
2021,4,Homicides,80,Somme,11,0.019,7
2021,4,Homicides,84,Vaucluse,11,0.019,7
2021,4,Homicides,95,Val-d'Oise,23,0.018,10
2021,4,Homicides,16,Charente,6,0.017,11
2021,4,Homicides,30,Gard,13,0.017,11
2021,4,Homicides,32,Gers,3,0.016,13
2021,4,Homicides,86,Vienne,7,0.016,13
2021,4,Homicides,87,Haute-Vienne,6,0.016,13
2021,4,Homicides,93,Seine-Saint-Denis,27,0.016,13
2021,4,Homicides,07,Ardèche,5,0.015,17
2021,4,Homicides,25,Doubs,8,0.015,17
2021,4,Homicides,26,Drôme,8,0.015,17
2021,4,Homicides,47,Lot-et-Garonne,5,0.015,17
2021,4,Homicides,89,Yonne,5,0.015,17
2021,4,Homicides,34,Hérault,17,0.014,22
2021,4,Homicides,57,Moselle,15,0.014,22
2021,4,Homicides,61,Orne,4,0.014,22
2021,4,Homicides,77,Seine-et-Marne,20,0.014,22
2021,4,Homicides,90,"Territoire de Belfort",2,0.014,22
2021,4,Homicides,91,Essonne,18,0.014,22
2021,4,Homicides,94,Val-de-Marne,20,0.014,22
2021,4,Homicides,22,Côtes-d'Armor,8,0.013,29
2021,4,Homicides,27,Eure,8,0.013,29
2021,4,Homicides,43,Haute-Loire,3,0.013,29
2021,4,Homicides,65,Hautes-Pyrénées,3,0.013,29
2021,4,Homicides,70,Haute-Saône,3,0.013,29
2021,4,Homicides,79,Deux-Sèvres,5,0.013,29
2021,4,Homicides,83,Var,14,0.013,29
2021,4,Homicides,04,Alpes-de-Haute-Provence,2,0.012,36
2021,4,Homicides,29,Finistère,11,0.012,36
2021,4,Homicides,42,Loire,9,0.012,36
2021,4,Homicides,52,Haute-Marne,2,0.012,36
2021,4,Homicides,64,Pyrénées-Atlantiques,8,0.012,36
2021,4,Homicides,72,Sarthe,7,0.012,36
2021,4,Homicides,92,Hauts-de-Seine,19,0.012,36
2021,4,Homicides,02,Aisne,6,0.011,43
2021,4,Homicides,12,Aveyron,3,0.011,43
2021,4,Homicides,59,Nord,29,0.011,43
2021,4,Homicides,73,Savoie,5,0.011,43
2021,4,Homicides,76,Seine-Maritime,14,0.011,43
2021,4,Homicides,85,Vendée,8,0.011,43
2021,4,Homicides,06,Alpes-Maritimes,11,0.010,49
2021,4,Homicides,18,Cher,3,0.010,49
2021,4,Homicides,33,Gironde,17,0.010,49
2021,4,Homicides,45,Loiret,7,0.010,49
2021,4,Homicides,53,Mayenne,3,0.010,49
2021,4,Homicides,56,Morbihan,8,0.010,49
2021,4,Homicides,75,Paris,22,0.010,49
2021,4,Homicides,78,Yvelines,15,0.010,49
2021,4,Homicides,31,Haute-Garonne,13,0.009,57
2021,4,Homicides,35,Ille-et-Vilaine,10,0.009,57
2021,4,Homicides,36,Indre,2,0.009,57
2021,4,Homicides,38,Isère,10,0.008,60
2021,4,Homicides,49,Maine-et-Loire,7,0.008,60
2021,4,Homicides,50,Manche,4,0.008,60
2021,4,Homicides,54,Meurthe-et-Moselle,6,0.008,60
2021,4,Homicides,62,Pas-de-Calais,12,0.008,60
2021,4,Homicides,63,Puy-de-Dôme,5,0.008,60
2021,4,Homicides,82,Tarn-et-Garonne,2,0.008,60
2021,4,Homicides,05,Hautes-Alpes,1,0.007,67
2021,4,Homicides,08,Ardennes,2,0.007,67
2021,4,Homicides,14,Calvados,5,0.007,67
2021,4,Homicides,15,Cantal,1,0.007,67
2021,4,Homicides,28,Eure-et-Loir,3,0.007,67
2021,4,Homicides,37,Indre-et-Loire,4,0.007,67
2021,4,Homicides,40,Landes,3,0.007,67
2021,4,Homicides,10,Aube,2,0.006,74
2021,4,Homicides,41,Loir-et-Cher,2,0.006,74
2021,4,Homicides,44,Loire-Atlantique,9,0.006,74
2021,4,Homicides,46,Lot,1,0.006,74
2021,4,Homicides,60,Oise,5,0.006,74
2021,4,Homicides,69,Rhône,11,0.006,74
2021,4,Homicides,88,Vosges,2,0.006,74
2021,4,Homicides,01,Ain,3,0.005,81
2021,4,Homicides,17,Charente-Maritime,3,0.005,81
2021,4,Homicides,55,Meuse,1,0.005,81
2021,4,Homicides,58,Nièvre,1,0.005,81
2021,4,Homicides,68,Haut-Rhin,4,0.005,81
2021,4,Homicides,74,Haute-Savoie,4,0.005,81
2021,4,Homicides,81,Tarn,2,0.005,81
2021,4,Homicides,19,Corrèze,1,0.004,88
2021,4,Homicides,21,Côte-d'Or,2,0.004,88
2021,4,Homicides,67,Bas-Rhin,5,0.004,88
2021,4,Homicides,71,Saône-et-Loire,2,0.004,88
2021,4,Homicides,24,Dordogne,1,0.002,92
2021,4,Homicides,03,Allier,0,0.000,93
2021,4,Homicides,09,Ariège,0,0.000,93
2021,4,Homicides,39,Jura,0,0.000,93
2021,4,Homicides,48,Lozère,0,0.000,93
2021,5,"Tentatives d'homicide",24,Dordogne,48,0.116,1
2021,5,"Tentatives d'homicide",93,Seine-Saint-Denis,157,0.094,2
2021,5,"Tentatives d'homicide",41,Loir-et-Cher,27,0.082,3
2021,5,"Tentatives d'homicide",52,Haute-Marne,13,0.076,4
2021,5,"Tentatives d'homicide",2A,Corse-du-Sud,11,0.068,5
2021,5,"Tentatives d'homicide",13,Bouches-du-Rhône,137,0.067,6
2021,5,"Tentatives d'homicide",65,Hautes-Pyrénées,15,0.065,7
2021,5,"Tentatives d'homicide",94,Val-de-Marne,92,0.065,7
2021,5,"Tentatives d'homicide",95,Val-d'Oise,82,0.065,7
2021,5,"Tentatives d'homicide",75,Paris,133,0.062,10
2021,5,"Tentatives d'homicide",86,Vienne,27,0.061,11
2021,5,"Tentatives d'homicide",21,Côte-d'Or,30,0.056,12
2021,5,"Tentatives d'homicide",66,Pyrénées-Orientales,27,0.055,13
2021,5,"Tentatives d'homicide",2B,Haute-Corse,10,0.054,14
2021,5,"Tentatives d'homicide",44,Loire-Atlantique,79,0.054,14
2021,5,"Tentatives d'homicide",45,Loiret,37,0.054,14
2021,5,"Tentatives d'homicide",06,Alpes-Maritimes,58,0.053,17
2021,5,"Tentatives d'homicide",25,Doubs,29,0.053,17
2021,5,"Tentatives d'homicide",28,Eure-et-Loir,22,0.051,19
2021,5,"Tentatives d'homicide",60,Oise,42,0.051,19
2021,5,"Tentatives d'homicide",83,Var,55,0.050,21
2021,5,"Tentatives d'homicide",80,Somme,28,0.049,22
2021,5,"Tentatives d'homicide",92,Hauts-de-Seine,79,0.048,23
2021,5,"Tentatives d'homicide",38,Isère,60,0.047,24
2021,5,"Tentatives d'homicide",42,Loire,35,0.046,25
2021,5,"Tentatives d'homicide",31,Haute-Garonne,64,0.045,26
2021,5,"Tentatives d'homicide",33,Gironde,74,0.045,26
2021,5,"Tentatives d'homicide",69,Rhône,85,0.045,26
2021,5,"Tentatives d'homicide",74,Haute-Savoie,37,0.044,29
2021,5,"Tentatives d'homicide",47,Lot-et-Garonne,14,0.042,30
2021,5,"Tentatives d'homicide",53,Mayenne,13,0.042,30
2021,5,"Tentatives d'homicide",36,Indre,9,0.041,32
2021,5,"Tentatives d'homicide",16,Charente,14,0.040,33
2021,5,"Tentatives d'homicide",27,Eure,24,0.040,33
2021,5,"Tentatives d'homicide",59,Nord,105,0.040,33
2021,5,"Tentatives d'homicide",37,Indre-et-Loire,24,0.039,36
2021,5,"Tentatives d'homicide",26,Drôme,19,0.037,37
2021,5,"Tentatives d'homicide",34,Hérault,44,0.037,37
2021,5,"Tentatives d'homicide",78,Yvelines,54,0.037,37
2021,5,"Tentatives d'homicide",02,Aisne,19,0.036,40
2021,5,"Tentatives d'homicide",05,Hautes-Alpes,5,0.035,41
2021,5,"Tentatives d'homicide",54,Meurthe-et-Moselle,25,0.034,42
2021,5,"Tentatives d'homicide",57,Moselle,36,0.034,42
2021,5,"Tentatives d'homicide",85,Vendée,24,0.034,42
2021,5,"Tentatives d'homicide",40,Landes,14,0.033,45
2021,5,"Tentatives d'homicide",67,Bas-Rhin,38,0.033,45
2021,5,"Tentatives d'homicide",68,Haut-Rhin,25,0.033,45
2021,5,"Tentatives d'homicide",88,Vosges,12,0.033,45
2021,5,"Tentatives d'homicide",91,Essonne,44,0.033,45
2021,5,"Tentatives d'homicide",76,Seine-Maritime,40,0.032,50
2021,5,"Tentatives d'homicide",62,Pas-de-Calais,45,0.031,51
2021,5,"Tentatives d'homicide",30,Gard,23,0.030,52
2021,5,"Tentatives d'homicide",56,Morbihan,23,0.030,52
2021,5,"Tentatives d'homicide",64,Pyrénées-Atlantiques,21,0.030,52
2021,5,"Tentatives d'homicide",72,Sarthe,17,0.030,52
2021,5,"Tentatives d'homicide",84,Vaucluse,17,0.030,52
2021,5,"Tentatives d'homicide",17,Charente-Maritime,18,0.027,57
2021,5,"Tentatives d'homicide",77,Seine-et-Marne,39,0.027,57
2021,5,"Tentatives d'homicide",50,Manche,13,0.026,59
2021,5,"Tentatives d'homicide",70,Haute-Saône,6,0.026,59
2021,5,"Tentatives d'homicide",19,Corrèze,6,0.025,61
2021,5,"Tentatives d'homicide",49,Maine-et-Loire,21,0.025,61
2021,5,"Tentatives d'homicide",71,Saône-et-Loire,14,0.025,61
2021,5,"Tentatives d'homicide",73,Savoie,11,0.025,61
2021,5,"Tentatives d'homicide",81,Tarn,10,0.025,61
2021,5,"Tentatives d'homicide",11,Aude,9,0.024,66
2021,5,"Tentatives d'homicide",51,Marne,13,0.023,67
2021,5,"Tentatives d'homicide",35,Ille-et-Vilaine,24,0.022,68
2021,5,"Tentatives d'homicide",55,Meuse,4,0.022,68
2021,5,"Tentatives d'homicide",87,Haute-Vienne,8,0.022,68
2021,5,"Tentatives d'homicide",03,Allier,7,0.021,71
2021,5,"Tentatives d'homicide",12,Aveyron,6,0.021,71
2021,5,"Tentatives d'homicide",22,Côtes-d'Armor,13,0.021,71
2021,5,"Tentatives d'homicide",79,Deux-Sèvres,8,0.021,71
2021,5,"Tentatives d'homicide",07,Ardèche,6,0.018,75
2021,5,"Tentatives d'homicide",61,Orne,5,0.018,75
2021,5,"Tentatives d'homicide",89,Yonne,6,0.018,75
2021,5,"Tentatives d'homicide",63,Puy-de-Dôme,11,0.017,78
2021,5,"Tentatives d'homicide",29,Finistère,14,0.015,79
2021,5,"Tentatives d'homicide",01,Ain,9,0.014,80
2021,5,"Tentatives d'homicide",14,Calvados,10,0.014,80
2021,5,"Tentatives d'homicide",15,Cantal,2,0.014,80
2021,5,"Tentatives d'homicide",90,"Territoire de Belfort",2,0.014,80
2021,5,"Tentatives d'homicide",18,Cher,4,0.013,84
2021,5,"Tentatives d'homicide",82,Tarn-et-Garonne,3,0.011,85
2021,5,"Tentatives d'homicide",23,Creuse,1,0.009,86
2021,5,"Tentatives d'homicide",43,Haute-Loire,2,0.009,86
2021,5,"Tentatives d'homicide",04,Alpes-de-Haute-Provence,1,0.006,88
2021,5,"Tentatives d'homicide",10,Aube,2,0.006,88
2021,5,"Tentatives d'homicide",46,Lot,1,0.006,88
2021,5,"Tentatives d'homicide",32,Gers,1,0.005,91
2021,5,"Tentatives d'homicide",58,Nièvre,1,0.005,91
2021,5,"Tentatives d'homicide",08,Ardennes,1,0.004,93
2021,5,"Tentatives d'homicide",39,Jura,1,0.004,93
2021,5,"Tentatives d'homicide",09,Ariège,0,0.000,95
2021,5,"Tentatives d'homicide",48,Lozère,0,0.000,95
2021,6,"Trafic de stupéfiants",93,Seine-Saint-Denis,4353,2.609,1
2021,6,"Trafic de stupéfiants",75,Paris,3608,1.691,2
2021,6,"Trafic de stupéfiants",13,Bouches-du-Rhône,2927,1.423,3
2021,6,"Trafic de stupéfiants",94,Val-de-Marne,1930,1.364,4
2021,6,"Trafic de stupéfiants",84,Vaucluse,721,1.277,5
2021,6,"Trafic de stupéfiants",74,Haute-Savoie,913,1.085,6
2021,6,"Trafic de stupéfiants",31,Haute-Garonne,1523,1.062,7
2021,6,"Trafic de stupéfiants",66,Pyrénées-Orientales,482,0.989,8
2021,6,"Trafic de stupéfiants",06,Alpes-Maritimes,962,0.871,9
2021,6,"Trafic de stupéfiants",26,Drôme,440,0.847,10
2021,6,"Trafic de stupéfiants",83,Var,926,0.845,11
2021,6,"Trafic de stupéfiants",92,Hauts-de-Seine,1322,0.808,12
2021,6,"Trafic de stupéfiants",25,Doubs,439,0.802,13
2021,6,"Trafic de stupéfiants",2B,Haute-Corse,137,0.742,14
2021,6,"Trafic de stupéfiants",59,Nord,1875,0.718,15
2021,6,"Trafic de stupéfiants",05,Hautes-Alpes,101,0.716,16
2021,6,"Trafic de stupéfiants",91,Essonne,932,0.709,17
2021,6,"Trafic de stupéfiants",95,Val-d'Oise,884,0.703,18
2021,6,"Trafic de stupéfiants",35,Ille-et-Vilaine,765,0.697,19
2021,6,"Trafic de stupéfiants",21,Côte-d'Or,356,0.665,20
2021,6,"Trafic de stupéfiants",40,Landes,276,0.653,21
2021,6,"Trafic de stupéfiants",56,Morbihan,496,0.645,22
2021,6,"Trafic de stupéfiants",69,Rhône,1199,0.633,23
2021,6,"Trafic de stupéfiants",09,Ariège,97,0.627,24
2021,6,"Trafic de stupéfiants",77,Seine-et-Marne,869,0.604,25
2021,6,"Trafic de stupéfiants",30,Gard,450,0.595,26
2021,6,"Trafic de stupéfiants",54,Meurthe-et-Moselle,436,0.595,26
2021,6,"Trafic de stupéfiants",55,Meuse,108,0.594,28
2021,6,"Trafic de stupéfiants",34,Hérault,709,0.590,29
2021,6,"Trafic de stupéfiants",2A,Corse-du-Sud,95,0.583,30
2021,6,"Trafic de stupéfiants",16,Charente,194,0.553,31
2021,6,"Trafic de stupéfiants",63,Puy-de-Dôme,364,0.550,32
2021,6,"Trafic de stupéfiants",28,Eure-et-Loir,236,0.547,33
2021,6,"Trafic de stupéfiants",73,Savoie,241,0.545,34
2021,6,"Trafic de stupéfiants",33,Gironde,884,0.534,35
2021,6,"Trafic de stupéfiants",44,Loire-Atlantique,774,0.531,36
2021,6,"Trafic de stupéfiants",19,Corrèze,127,0.530,37
2021,6,"Trafic de stupéfiants",61,Orne,144,0.520,38
2021,6,"Trafic de stupéfiants",65,Hautes-Pyrénées,118,0.511,39
2021,6,"Trafic de stupéfiants",60,Oise,423,0.510,40
2021,6,"Trafic de stupéfiants",88,Vosges,181,0.502,41
2021,6,"Trafic de stupéfiants",45,Loiret,343,0.501,42
2021,6,"Trafic de stupéfiants",78,Yvelines,729,0.501,42
2021,6,"Trafic de stupéfiants",42,Loire,380,0.494,44
2021,6,"Trafic de stupéfiants",12,Aveyron,136,0.486,45
2021,6,"Trafic de stupéfiants",51,Marne,274,0.485,46
2021,6,"Trafic de stupéfiants",67,Bas-Rhin,559,0.485,46
2021,6,"Trafic de stupéfiants",89,Yonne,159,0.477,48
2021,6,"Trafic de stupéfiants",47,Lot-et-Garonne,156,0.471,49
2021,6,"Trafic de stupéfiants",11,Aude,175,0.465,50
2021,6,"Trafic de stupéfiants",64,Pyrénées-Atlantiques,321,0.463,51
2021,6,"Trafic de stupéfiants",37,Indre-et-Loire,283,0.462,52
2021,6,"Trafic de stupéfiants",57,Moselle,482,0.459,53
2021,6,"Trafic de stupéfiants",68,Haut-Rhin,351,0.458,54
2021,6,"Trafic de stupéfiants",71,Saône-et-Loire,244,0.444,55
2021,6,"Trafic de stupéfiants",90,"Territoire de Belfort",62,0.444,55
2021,6,"Trafic de stupéfiants",02,Aisne,228,0.432,57
2021,6,"Trafic de stupéfiants",24,Dordogne,178,0.430,58
2021,6,"Trafic de stupéfiants",86,Vienne,188,0.428,59
2021,6,"Trafic de stupéfiants",76,Seine-Maritime,527,0.420,60
2021,6,"Trafic de stupéfiants",62,Pas-de-Calais,608,0.416,61
2021,6,"Trafic de stupéfiants",14,Calvados,288,0.411,62
2021,6,"Trafic de stupéfiants",22,Côtes-d'Armor,249,0.411,62
2021,6,"Trafic de stupéfiants",03,Allier,137,0.409,64
2021,6,"Trafic de stupéfiants",52,Haute-Marne,70,0.409,64
2021,6,"Trafic de stupéfiants",29,Finistère,375,0.407,66
2021,6,"Trafic de stupéfiants",39,Jura,105,0.406,67
2021,6,"Trafic de stupéfiants",01,Ain,264,0.398,68
2021,6,"Trafic de stupéfiants",18,Cher,116,0.387,69
2021,6,"Trafic de stupéfiants",72,Sarthe,219,0.387,69
2021,6,"Trafic de stupéfiants",81,Tarn,152,0.386,71
2021,6,"Trafic de stupéfiants",79,Deux-Sèvres,144,0.384,72
2021,6,"Trafic de stupéfiants",43,Haute-Loire,87,0.383,73
2021,6,"Trafic de stupéfiants",17,Charente-Maritime,246,0.372,74
2021,6,"Trafic de stupéfiants",38,Isère,478,0.372,74
2021,6,"Trafic de stupéfiants",23,Creuse,42,0.363,76
2021,6,"Trafic de stupéfiants",46,Lot,63,0.360,77
2021,6,"Trafic de stupéfiants",27,Eure,209,0.349,78
2021,6,"Trafic de stupéfiants",49,Maine-et-Loire,287,0.348,79
2021,6,"Trafic de stupéfiants",32,Gers,65,0.338,80
2021,6,"Trafic de stupéfiants",53,Mayenne,102,0.333,81
2021,6,"Trafic de stupéfiants",58,Nièvre,66,0.326,82
2021,6,"Trafic de stupéfiants",70,Haute-Saône,74,0.316,83
2021,6,"Trafic de stupéfiants",80,Somme,178,0.314,84
2021,6,"Trafic de stupéfiants",87,Haute-Vienne,115,0.309,85
2021,6,"Trafic de stupéfiants",36,Indre,67,0.308,86
2021,6,"Trafic de stupéfiants",82,Tarn-et-Garonne,81,0.308,86
2021,6,"Trafic de stupéfiants",15,Cantal,44,0.305,88
2021,6,"Trafic de stupéfiants",08,Ardennes,76,0.283,89
2021,6,"Trafic de stupéfiants",10,Aube,88,0.283,89
2021,6,"Trafic de stupéfiants",48,Lozère,21,0.274,91
2021,6,"Trafic de stupéfiants",85,Vendée,188,0.269,92
2021,6,"Trafic de stupéfiants",50,Manche,130,0.262,93
2021,6,"Trafic de stupéfiants",07,Ardèche,84,0.253,94
2021,6,"Trafic de stupéfiants",41,Loir-et-Cher,83,0.253,94
2021,6,"Trafic de stupéfiants",04,Alpes-de-Haute-Provence,36,0.217,96
2021,7,"Usage de stupéfiants",13,Bouches-du-Rhône,16655,8.097,1
2021,7,"Usage de stupéfiants",93,Seine-Saint-Denis,11743,7.037,2
2021,7,"Usage de stupéfiants",75,Paris,11578,5.428,3
2021,7,"Usage de stupéfiants",89,Yonne,1644,4.931,4
2021,7,"Usage de stupéfiants",95,Val-d'Oise,5941,4.728,5
2021,7,"Usage de stupéfiants",77,Seine-et-Marne,6790,4.722,6
2021,7,"Usage de stupéfiants",60,Oise,3912,4.720,7
2021,7,"Usage de stupéfiants",05,Hautes-Alpes,640,4.540,8
2021,7,"Usage de stupéfiants",06,Alpes-Maritimes,4913,4.450,9
2021,7,"Usage de stupéfiants",43,Haute-Loire,964,4.241,10
2021,7,"Usage de stupéfiants",94,Val-de-Marne,5957,4.209,11
2021,7,"Usage de stupéfiants",74,Haute-Savoie,3517,4.180,12
2021,7,"Usage de stupéfiants",04,Alpes-de-Haute-Provence,681,4.101,13
2021,7,"Usage de stupéfiants",34,Hérault,4842,4.029,14
2021,7,"Usage de stupéfiants",83,Var,4411,4.027,15
2021,7,"Usage de stupéfiants",84,Vaucluse,2271,4.023,16
2021,7,"Usage de stupéfiants",59,Nord,9844,3.770,17
2021,7,"Usage de stupéfiants",92,Hauts-de-Seine,6072,3.713,18
2021,7,"Usage de stupéfiants",69,Rhône,6962,3.676,19
2021,7,"Usage de stupéfiants",78,Yvelines,5333,3.662,20
2021,7,"Usage de stupéfiants",71,Saône-et-Loire,1976,3.597,21
2021,7,"Usage de stupéfiants",76,Seine-Maritime,4502,3.585,22
2021,7,"Usage de stupéfiants",52,Haute-Marne,591,3.455,23
2021,7,"Usage de stupéfiants",14,Calvados,2418,3.451,24
2021,7,"Usage de stupéfiants",42,Loire,2623,3.411,25
2021,7,"Usage de stupéfiants",66,Pyrénées-Orientales,1655,3.396,26
2021,7,"Usage de stupéfiants",38,Isère,4269,3.322,27
2021,7,"Usage de stupéfiants",19,Corrèze,794,3.311,28
2021,7,"Usage de stupéfiants",62,Pas-de-Calais,4814,3.294,29
2021,7,"Usage de stupéfiants",36,Indre,715,3.291,30
2021,7,"Usage de stupéfiants",18,Cher,962,3.211,31
2021,7,"Usage de stupéfiants",07,Ardèche,1062,3.204,32
2021,7,"Usage de stupéfiants",90,"Territoire de Belfort",437,3.129,33
2021,7,"Usage de stupéfiants",45,Loiret,2133,3.116,34
2021,7,"Usage de stupéfiants",51,Marne,1758,3.110,35
2021,7,"Usage de stupéfiants",91,Essonne,4047,3.080,36
2021,7,"Usage de stupéfiants",03,Allier,987,2.947,37
2021,7,"Usage de stupéfiants",80,Somme,1658,2.928,38
2021,7,"Usage de stupéfiants",26,Drôme,1514,2.915,39
2021,7,"Usage de stupéfiants",54,Meurthe-et-Moselle,2116,2.889,40
2021,7,"Usage de stupéfiants",88,Vosges,1040,2.883,41
2021,7,"Usage de stupéfiants",25,Doubs,1551,2.835,42
2021,7,"Usage de stupéfiants",55,Meuse,513,2.820,43
2021,7,"Usage de stupéfiants",17,Charente-Maritime,1862,2.815,44
2021,7,"Usage de stupéfiants",53,Mayenne,853,2.788,45
2021,7,"Usage de stupéfiants",12,Aveyron,777,2.778,46
2021,7,"Usage de stupéfiants",65,Hautes-Pyrénées,640,2.771,47
2021,7,"Usage de stupéfiants",08,Ardennes,742,2.760,48
2021,7,"Usage de stupéfiants",46,Lot,476,2.721,49
2021,7,"Usage de stupéfiants",29,Finistère,2461,2.670,50
2021,7,"Usage de stupéfiants",35,Ille-et-Vilaine,2927,2.665,51
2021,7,"Usage de stupéfiants",27,Eure,1562,2.608,52
2021,7,"Usage de stupéfiants",02,Aisne,1354,2.567,53
2021,7,"Usage de stupéfiants",81,Tarn,986,2.505,54
2021,7,"Usage de stupéfiants",28,Eure-et-Loir,1063,2.465,55
2021,7,"Usage de stupéfiants",39,Jura,635,2.456,56
2021,7,"Usage de stupéfiants",30,Gard,1828,2.416,57
2021,7,"Usage de stupéfiants",61,Orne,667,2.408,58
2021,7,"Usage de stupéfiants",11,Aude,900,2.393,59
2021,7,"Usage de stupéfiants",21,Côte-d'Or,1274,2.379,60
2021,7,"Usage de stupéfiants",31,Haute-Garonne,3406,2.375,61
2021,7,"Usage de stupéfiants",2A,Corse-du-Sud,385,2.363,62
2021,7,"Usage de stupéfiants",87,Haute-Vienne,857,2.306,63
2021,7,"Usage de stupéfiants",16,Charente,802,2.286,64
2021,7,"Usage de stupéfiants",64,Pyrénées-Atlantiques,1529,2.206,65
2021,7,"Usage de stupéfiants",68,Haut-Rhin,1631,2.126,66
2021,7,"Usage de stupéfiants",33,Gironde,3479,2.102,67
2021,7,"Usage de stupéfiants",56,Morbihan,1588,2.066,68
2021,7,"Usage de stupéfiants",86,Vienne,903,2.055,69
2021,7,"Usage de stupéfiants",73,Savoie,899,2.032,70
2021,7,"Usage de stupéfiants",58,Nièvre,410,2.026,71
2021,7,"Usage de stupéfiants",15,Cantal,292,2.025,72
2021,7,"Usage de stupéfiants",32,Gers,386,2.006,73
2021,7,"Usage de stupéfiants",41,Loir-et-Cher,644,1.960,74
2021,7,"Usage de stupéfiants",09,Ariège,298,1.928,75
2021,7,"Usage de stupéfiants",57,Moselle,2020,1.924,76
2021,7,"Usage de stupéfiants",01,Ain,1244,1.876,77
2021,7,"Usage de stupéfiants",63,Puy-de-Dôme,1231,1.859,78
2021,7,"Usage de stupéfiants",40,Landes,784,1.854,79
2021,7,"Usage de stupéfiants",50,Manche,915,1.847,80
2021,7,"Usage de stupéfiants",22,Côtes-d'Armor,1110,1.832,81
2021,7,"Usage de stupéfiants",82,Tarn-et-Garonne,473,1.796,82
2021,7,"Usage de stupéfiants",2B,Haute-Corse,325,1.760,83
2021,7,"Usage de stupéfiants",44,Loire-Atlantique,2534,1.738,84
2021,7,"Usage de stupéfiants",48,Lozère,132,1.725,85
2021,7,"Usage de stupéfiants",37,Indre-et-Loire,1054,1.722,86
2021,7,"Usage de stupéfiants",49,Maine-et-Loire,1356,1.644,87
2021,7,"Usage de stupéfiants",47,Lot-et-Garonne,538,1.624,88
2021,7,"Usage de stupéfiants",10,Aube,503,1.616,89
2021,7,"Usage de stupéfiants",70,Haute-Saône,366,1.562,90
2021,7,"Usage de stupéfiants",67,Bas-Rhin,1779,1.543,91
2021,7,"Usage de stupéfiants",85,Vendée,1028,1.470,92
2021,7,"Usage de stupéfiants",79,Deux-Sèvres,544,1.452,93
2021,7,"Usage de stupéfiants",72,Sarthe,814,1.438,94
2021,7,"Usage de stupéfiants",24,Dordogne,591,1.428,95
2021,7,"Usage de stupéfiants",23,Creuse,154,1.331,96
2021,8,"Usage de stupéfiants (AFD)",13,Bouches-du-Rhône,13121,6.379,1
2021,8,"Usage de stupéfiants (AFD)",93,Seine-Saint-Denis,7184,4.305,2
2021,8,"Usage de stupéfiants (AFD)",60,Oise,2336,2.818,3
2021,8,"Usage de stupéfiants (AFD)",95,Val-d'Oise,3538,2.816,4
2021,8,"Usage de stupéfiants (AFD)",75,Paris,5375,2.520,5
2021,8,"Usage de stupéfiants (AFD)",06,Alpes-Maritimes,2737,2.479,6
2021,8,"Usage de stupéfiants (AFD)",77,Seine-et-Marne,3561,2.476,7
2021,8,"Usage de stupéfiants (AFD)",69,Rhône,4260,2.250,8
2021,8,"Usage de stupéfiants (AFD)",92,Hauts-de-Seine,3620,2.214,9
2021,8,"Usage de stupéfiants (AFD)",83,Var,2339,2.135,10
2021,8,"Usage de stupéfiants (AFD)",89,Yonne,682,2.046,11
2021,8,"Usage de stupéfiants (AFD)",34,Hérault,2446,2.035,12
2021,8,"Usage de stupéfiants (AFD)",94,Val-de-Marne,2823,1.995,13
2021,8,"Usage de stupéfiants (AFD)",78,Yvelines,2868,1.969,14
2021,8,"Usage de stupéfiants (AFD)",84,Vaucluse,1047,1.855,15
2021,8,"Usage de stupéfiants (AFD)",76,Seine-Maritime,2326,1.852,16
2021,8,"Usage de stupéfiants (AFD)",38,Isère,2263,1.761,17
2021,8,"Usage de stupéfiants (AFD)",04,Alpes-de-Haute-Provence,292,1.758,18
2021,8,"Usage de stupéfiants (AFD)",42,Loire,1340,1.742,19
2021,8,"Usage de stupéfiants (AFD)",59,Nord,4510,1.727,20
2021,8,"Usage de stupéfiants (AFD)",91,Essonne,2220,1.690,21
2021,8,"Usage de stupéfiants (AFD)",05,Hautes-Alpes,236,1.674,22
2021,8,"Usage de stupéfiants (AFD)",18,Cher,488,1.629,23
2021,8,"Usage de stupéfiants (AFD)",36,Indre,348,1.602,24
2021,8,"Usage de stupéfiants (AFD)",07,Ardèche,511,1.542,25
2021,8,"Usage de stupéfiants (AFD)",66,Pyrénées-Orientales,744,1.527,26
2021,8,"Usage de stupéfiants (AFD)",45,Loiret,1021,1.491,27
2021,8,"Usage de stupéfiants (AFD)",14,Calvados,1033,1.474,28
2021,8,"Usage de stupéfiants (AFD)",74,Haute-Savoie,1216,1.445,29
2021,8,"Usage de stupéfiants (AFD)",90,"Territoire de Belfort",195,1.396,30
2021,8,"Usage de stupéfiants (AFD)",87,Haute-Vienne,494,1.329,31
2021,8,"Usage de stupéfiants (AFD)",27,Eure,788,1.316,32
2021,8,"Usage de stupéfiants (AFD)",12,Aveyron,366,1.309,33
2021,8,"Usage de stupéfiants (AFD)",31,Haute-Garonne,1834,1.279,34
2021,8,"Usage de stupéfiants (AFD)",62,Pas-de-Calais,1869,1.279,34
2021,8,"Usage de stupéfiants (AFD)",81,Tarn,501,1.273,36
2021,8,"Usage de stupéfiants (AFD)",71,Saône-et-Loire,690,1.256,37
2021,8,"Usage de stupéfiants (AFD)",03,Allier,394,1.177,38
2021,8,"Usage de stupéfiants (AFD)",35,Ille-et-Vilaine,1235,1.124,39
2021,8,"Usage de stupéfiants (AFD)",65,Hautes-Pyrénées,250,1.082,40
2021,8,"Usage de stupéfiants (AFD)",25,Doubs,589,1.077,41
2021,8,"Usage de stupéfiants (AFD)",51,Marne,608,1.076,42
2021,8,"Usage de stupéfiants (AFD)",08,Ardennes,284,1.056,43
2021,8,"Usage de stupéfiants (AFD)",88,Vosges,372,1.031,44
2021,8,"Usage de stupéfiants (AFD)",43,Haute-Loire,234,1.030,45
2021,8,"Usage de stupéfiants (AFD)",46,Lot,176,1.006,46
2021,8,"Usage de stupéfiants (AFD)",33,Gironde,1639,0.990,47
2021,8,"Usage de stupéfiants (AFD)",30,Gard,745,0.985,48
2021,8,"Usage de stupéfiants (AFD)",54,Meurthe-et-Moselle,704,0.961,49
2021,8,"Usage de stupéfiants (AFD)",17,Charente-Maritime,611,0.924,50
2021,8,"Usage de stupéfiants (AFD)",52,Haute-Marne,155,0.906,51
2021,8,"Usage de stupéfiants (AFD)",11,Aude,339,0.902,52
2021,8,"Usage de stupéfiants (AFD)",01,Ain,592,0.893,53
2021,8,"Usage de stupéfiants (AFD)",02,Aisne,439,0.832,54
2021,8,"Usage de stupéfiants (AFD)",82,Tarn-et-Garonne,217,0.824,55
2021,8,"Usage de stupéfiants (AFD)",41,Loir-et-Cher,267,0.813,56
2021,8,"Usage de stupéfiants (AFD)",26,Drôme,409,0.787,57
2021,8,"Usage de stupéfiants (AFD)",80,Somme,445,0.786,58
2021,8,"Usage de stupéfiants (AFD)",28,Eure-et-Loir,337,0.781,59
2021,8,"Usage de stupéfiants (AFD)",86,Vienne,340,0.774,60
2021,8,"Usage de stupéfiants (AFD)",19,Corrèze,175,0.730,61
2021,8,"Usage de stupéfiants (AFD)",21,Côte-d'Or,387,0.723,62
2021,8,"Usage de stupéfiants (AFD)",57,Moselle,755,0.719,63
2021,8,"Usage de stupéfiants (AFD)",64,Pyrénées-Atlantiques,496,0.716,64
2021,8,"Usage de stupéfiants (AFD)",15,Cantal,97,0.673,65
2021,8,"Usage de stupéfiants (AFD)",47,Lot-et-Garonne,222,0.670,66
2021,8,"Usage de stupéfiants (AFD)",48,Lozère,50,0.653,67
2021,8,"Usage de stupéfiants (AFD)",63,Puy-de-Dôme,431,0.651,68
2021,8,"Usage de stupéfiants (AFD)",50,Manche,310,0.626,69
2021,8,"Usage de stupéfiants (AFD)",73,Savoie,275,0.622,70
2021,8,"Usage de stupéfiants (AFD)",22,Côtes-d'Armor,371,0.612,71
2021,8,"Usage de stupéfiants (AFD)",68,Haut-Rhin,468,0.610,72
2021,8,"Usage de stupéfiants (AFD)",79,Deux-Sèvres,228,0.609,73
2021,8,"Usage de stupéfiants (AFD)",39,Jura,156,0.603,74
2021,8,"Usage de stupéfiants (AFD)",2A,Corse-du-Sud,95,0.583,75
2021,8,"Usage de stupéfiants (AFD)",40,Landes,239,0.565,76
2021,8,"Usage de stupéfiants (AFD)",37,Indre-et-Loire,344,0.562,77
2021,8,"Usage de stupéfiants (AFD)",44,Loire-Atlantique,805,0.552,78
2021,8,"Usage de stupéfiants (AFD)",53,Mayenne,169,0.552,78
2021,8,"Usage de stupéfiants (AFD)",32,Gers,105,0.546,80
2021,8,"Usage de stupéfiants (AFD)",56,Morbihan,411,0.535,81
2021,8,"Usage de stupéfiants (AFD)",58,Nièvre,107,0.529,82
2021,8,"Usage de stupéfiants (AFD)",16,Charente,184,0.524,83
2021,8,"Usage de stupéfiants (AFD)",24,Dordogne,208,0.503,84
2021,8,"Usage de stupéfiants (AFD)",2B,Haute-Corse,88,0.477,85
2021,8,"Usage de stupéfiants (AFD)",67,Bas-Rhin,548,0.475,86
2021,8,"Usage de stupéfiants (AFD)",61,Orne,129,0.466,87
2021,8,"Usage de stupéfiants (AFD)",70,Haute-Saône,107,0.457,88
2021,8,"Usage de stupéfiants (AFD)",29,Finistère,400,0.434,89
2021,8,"Usage de stupéfiants (AFD)",09,Ariège,67,0.433,90
2021,8,"Usage de stupéfiants (AFD)",49,Maine-et-Loire,337,0.409,91
2021,8,"Usage de stupéfiants (AFD)",23,Creuse,40,0.346,92
2021,8,"Usage de stupéfiants (AFD)",55,Meuse,56,0.308,93
2021,8,"Usage de stupéfiants (AFD)",10,Aube,88,0.283,94
2021,8,"Usage de stupéfiants (AFD)",72,Sarthe,148,0.261,95
2021,8,"Usage de stupéfiants (AFD)",85,Vendée,122,0.174,96
2021,9,"Usage de stupéfiants (hors AFD)",43,Haute-Loire,730,3.212,1
2021,9,"Usage de stupéfiants (hors AFD)",75,Paris,6203,2.908,2
2021,9,"Usage de stupéfiants (hors AFD)",89,Yonne,962,2.886,3
2021,9,"Usage de stupéfiants (hors AFD)",05,Hautes-Alpes,404,2.866,4
2021,9,"Usage de stupéfiants (hors AFD)",74,Haute-Savoie,2301,2.734,5
2021,9,"Usage de stupéfiants (hors AFD)",93,Seine-Saint-Denis,4559,2.732,6
2021,9,"Usage de stupéfiants (hors AFD)",19,Corrèze,619,2.581,7
2021,9,"Usage de stupéfiants (hors AFD)",52,Haute-Marne,436,2.549,8
2021,9,"Usage de stupéfiants (hors AFD)",55,Meuse,457,2.512,9
2021,9,"Usage de stupéfiants (hors AFD)",04,Alpes-de-Haute-Provence,389,2.342,10
2021,9,"Usage de stupéfiants (hors AFD)",71,Saône-et-Loire,1286,2.341,11
2021,9,"Usage de stupéfiants (hors AFD)",77,Seine-et-Marne,3229,2.245,12
2021,9,"Usage de stupéfiants (hors AFD)",29,Finistère,2061,2.236,13
2021,9,"Usage de stupéfiants (hors AFD)",53,Mayenne,684,2.236,13
2021,9,"Usage de stupéfiants (hors AFD)",94,Val-de-Marne,3134,2.214,15
2021,9,"Usage de stupéfiants (hors AFD)",84,Vaucluse,1224,2.168,16
2021,9,"Usage de stupéfiants (hors AFD)",80,Somme,1213,2.142,17
2021,9,"Usage de stupéfiants (hors AFD)",26,Drôme,1105,2.127,18
2021,9,"Usage de stupéfiants (hors AFD)",59,Nord,5334,2.043,19
2021,9,"Usage de stupéfiants (hors AFD)",51,Marne,1150,2.034,20
2021,9,"Usage de stupéfiants (hors AFD)",62,Pas-de-Calais,2945,2.015,21
2021,9,"Usage de stupéfiants (hors AFD)",34,Hérault,2396,1.994,22
2021,9,"Usage de stupéfiants (hors AFD)",14,Calvados,1385,1.977,23
2021,9,"Usage de stupéfiants (hors AFD)",06,Alpes-Maritimes,2176,1.971,24
2021,9,"Usage de stupéfiants (hors AFD)",61,Orne,538,1.942,25
2021,9,"Usage de stupéfiants (hors AFD)",54,Meurthe-et-Moselle,1412,1.928,26
2021,9,"Usage de stupéfiants (hors AFD)",95,Val-d'Oise,2403,1.912,27
2021,9,"Usage de stupéfiants (hors AFD)",60,Oise,1576,1.901,28
2021,9,"Usage de stupéfiants (hors AFD)",83,Var,2072,1.892,29
2021,9,"Usage de stupéfiants (hors AFD)",17,Charente-Maritime,1251,1.891,30
2021,9,"Usage de stupéfiants (hors AFD)",66,Pyrénées-Orientales,911,1.869,31
2021,9,"Usage de stupéfiants (hors AFD)",39,Jura,479,1.853,32
2021,9,"Usage de stupéfiants (hors AFD)",88,Vosges,668,1.852,33
2021,9,"Usage de stupéfiants (hors AFD)",2A,Corse-du-Sud,290,1.780,34
2021,9,"Usage de stupéfiants (hors AFD)",03,Allier,593,1.771,35
2021,9,"Usage de stupéfiants (hors AFD)",16,Charente,618,1.761,36
2021,9,"Usage de stupéfiants (hors AFD)",25,Doubs,962,1.758,37
2021,9,"Usage de stupéfiants (hors AFD)",02,Aisne,915,1.735,38
2021,9,"Usage de stupéfiants (hors AFD)",76,Seine-Maritime,2176,1.733,39
2021,9,"Usage de stupéfiants (hors AFD)",90,"Territoire de Belfort",242,1.733,39
2021,9,"Usage de stupéfiants (hors AFD)",13,Bouches-du-Rhône,3534,1.718,41
2021,9,"Usage de stupéfiants (hors AFD)",46,Lot,300,1.715,42
2021,9,"Usage de stupéfiants (hors AFD)",08,Ardennes,458,1.703,43
2021,9,"Usage de stupéfiants (hors AFD)",78,Yvelines,2465,1.693,44
2021,9,"Usage de stupéfiants (hors AFD)",36,Indre,367,1.689,45
2021,9,"Usage de stupéfiants (hors AFD)",65,Hautes-Pyrénées,390,1.689,45
2021,9,"Usage de stupéfiants (hors AFD)",28,Eure-et-Loir,726,1.683,47
2021,9,"Usage de stupéfiants (hors AFD)",42,Loire,1283,1.668,48
2021,9,"Usage de stupéfiants (hors AFD)",07,Ardèche,551,1.663,49
2021,9,"Usage de stupéfiants (hors AFD)",21,Côte-d'Or,887,1.656,50
2021,9,"Usage de stupéfiants (hors AFD)",45,Loiret,1112,1.624,51
2021,9,"Usage de stupéfiants (hors AFD)",18,Cher,474,1.582,52
2021,9,"Usage de stupéfiants (hors AFD)",38,Isère,2006,1.561,53
2021,9,"Usage de stupéfiants (hors AFD)",35,Ille-et-Vilaine,1692,1.541,54
2021,9,"Usage de stupéfiants (hors AFD)",56,Morbihan,1177,1.531,55
2021,9,"Usage de stupéfiants (hors AFD)",68,Haut-Rhin,1163,1.516,56
2021,9,"Usage de stupéfiants (hors AFD)",92,Hauts-de-Seine,2452,1.499,57
2021,9,"Usage de stupéfiants (hors AFD)",58,Nièvre,303,1.497,58
2021,9,"Usage de stupéfiants (hors AFD)",09,Ariège,231,1.494,59
2021,9,"Usage de stupéfiants (hors AFD)",11,Aude,561,1.492,60
2021,9,"Usage de stupéfiants (hors AFD)",64,Pyrénées-Atlantiques,1033,1.491,61
2021,9,"Usage de stupéfiants (hors AFD)",12,Aveyron,411,1.470,62
2021,9,"Usage de stupéfiants (hors AFD)",32,Gers,281,1.460,63
2021,9,"Usage de stupéfiants (hors AFD)",30,Gard,1083,1.432,64
2021,9,"Usage de stupéfiants (hors AFD)",69,Rhône,2702,1.427,65
2021,9,"Usage de stupéfiants (hors AFD)",73,Savoie,624,1.410,66
2021,9,"Usage de stupéfiants (hors AFD)",91,Essonne,1827,1.391,67
2021,9,"Usage de stupéfiants (hors AFD)",15,Cantal,195,1.352,68
2021,9,"Usage de stupéfiants (hors AFD)",10,Aube,415,1.333,69
2021,9,"Usage de stupéfiants (hors AFD)",85,Vendée,906,1.295,70
2021,9,"Usage de stupéfiants (hors AFD)",27,Eure,774,1.292,71
2021,9,"Usage de stupéfiants (hors AFD)",40,Landes,545,1.288,72
2021,9,"Usage de stupéfiants (hors AFD)",2B,Haute-Corse,237,1.283,73
2021,9,"Usage de stupéfiants (hors AFD)",86,Vienne,563,1.281,74
2021,9,"Usage de stupéfiants (hors AFD)",49,Maine-et-Loire,1019,1.236,75
2021,9,"Usage de stupéfiants (hors AFD)",81,Tarn,485,1.232,76
2021,9,"Usage de stupéfiants (hors AFD)",50,Manche,605,1.221,77
2021,9,"Usage de stupéfiants (hors AFD)",22,Côtes-d'Armor,739,1.220,78
2021,9,"Usage de stupéfiants (hors AFD)",63,Puy-de-Dôme,800,1.208,79
2021,9,"Usage de stupéfiants (hors AFD)",57,Moselle,1265,1.205,80
2021,9,"Usage de stupéfiants (hors AFD)",44,Loire-Atlantique,1729,1.186,81
2021,9,"Usage de stupéfiants (hors AFD)",72,Sarthe,666,1.177,82
2021,9,"Usage de stupéfiants (hors AFD)",37,Indre-et-Loire,710,1.160,83
2021,9,"Usage de stupéfiants (hors AFD)",41,Loir-et-Cher,377,1.148,84
2021,9,"Usage de stupéfiants (hors AFD)",33,Gironde,1840,1.112,85
2021,9,"Usage de stupéfiants (hors AFD)",70,Haute-Saône,259,1.105,86
2021,9,"Usage de stupéfiants (hors AFD)",31,Haute-Garonne,1572,1.096,87
2021,9,"Usage de stupéfiants (hors AFD)",48,Lozère,82,1.072,88
2021,9,"Usage de stupéfiants (hors AFD)",67,Bas-Rhin,1231,1.068,89
2021,9,"Usage de stupéfiants (hors AFD)",23,Creuse,114,0.985,90
2021,9,"Usage de stupéfiants (hors AFD)",01,Ain,652,0.983,91
2021,9,"Usage de stupéfiants (hors AFD)",87,Haute-Vienne,363,0.977,92
2021,9,"Usage de stupéfiants (hors AFD)",82,Tarn-et-Garonne,256,0.972,93
2021,9,"Usage de stupéfiants (hors AFD)",47,Lot-et-Garonne,316,0.954,94
2021,9,"Usage de stupéfiants (hors AFD)",24,Dordogne,383,0.926,95
2021,9,"Usage de stupéfiants (hors AFD)",79,Deux-Sèvres,316,0.844,96
2021,10,"Violences physiques hors cadre familial",93,Seine-Saint-Denis,7428,4.451,1
2021,10,"Violences physiques hors cadre familial",75,Paris,8869,4.158,2
2021,10,"Violences physiques hors cadre familial",69,Rhône,6725,3.551,3
2021,10,"Violences physiques hors cadre familial",13,Bouches-du-Rhône,7299,3.548,4
2021,10,"Violences physiques hors cadre familial",59,Nord,9251,3.543,5
2021,10,"Violences physiques hors cadre familial",66,Pyrénées-Orientales,1710,3.509,6
2021,10,"Violences physiques hors cadre familial",52,Haute-Marne,548,3.204,7
2021,10,"Violences physiques hors cadre familial",54,Meurthe-et-Moselle,2315,3.160,8
2021,10,"Violences physiques hors cadre familial",62,Pas-de-Calais,4535,3.103,9
2021,10,"Violences physiques hors cadre familial",34,Hérault,3698,3.077,10
2021,10,"Violences physiques hors cadre familial",06,Alpes-Maritimes,3389,3.070,11
2021,10,"Violences physiques hors cadre familial",89,Yonne,1010,3.030,12
2021,10,"Violences physiques hors cadre familial",51,Marne,1700,3.007,13
2021,10,"Violences physiques hors cadre familial",83,Var,3282,2.996,14
2021,10,"Violences physiques hors cadre familial",25,Doubs,1627,2.974,15
2021,10,"Violences physiques hors cadre familial",80,Somme,1604,2.833,16
2021,10,"Violences physiques hors cadre familial",84,Vaucluse,1594,2.823,17
2021,10,"Violences physiques hors cadre familial",55,Meuse,504,2.770,18
2021,10,"Violences physiques hors cadre familial",10,Aube,861,2.766,19
2021,10,"Violences physiques hors cadre familial",68,Haut-Rhin,2107,2.747,20
2021,10,"Violences physiques hors cadre familial",38,Isère,3508,2.730,21
2021,10,"Violences physiques hors cadre familial",26,Drôme,1412,2.718,22
2021,10,"Violences physiques hors cadre familial",76,Seine-Maritime,3414,2.718,22
2021,10,"Violences physiques hors cadre familial",30,Gard,2054,2.715,24
2021,10,"Violences physiques hors cadre familial",90,"Territoire de Belfort",376,2.692,25
2021,10,"Violences physiques hors cadre familial",95,Val-d'Oise,3359,2.673,26
2021,10,"Violences physiques hors cadre familial",60,Oise,2210,2.666,27
2021,10,"Violences physiques hors cadre familial",94,Val-de-Marne,3764,2.659,28
2021,10,"Violences physiques hors cadre familial",09,Ariège,409,2.646,29
2021,10,"Violences physiques hors cadre familial",42,Loire,2032,2.642,30
2021,10,"Violences physiques hors cadre familial",08,Ardennes,707,2.630,31
2021,10,"Violences physiques hors cadre familial",02,Aisne,1386,2.628,32
2021,10,"Violences physiques hors cadre familial",31,Haute-Garonne,3744,2.610,33
2021,10,"Violences physiques hors cadre familial",2A,Corse-du-Sud,421,2.584,34
2021,10,"Violences physiques hors cadre familial",91,Essonne,3347,2.548,35
2021,10,"Violences physiques hors cadre familial",04,Alpes-de-Haute-Provence,422,2.541,36
2021,10,"Violences physiques hors cadre familial",33,Gironde,4205,2.541,36
2021,10,"Violences physiques hors cadre familial",88,Vosges,913,2.531,38
2021,10,"Violences physiques hors cadre familial",27,Eure,1515,2.529,39
2021,10,"Violences physiques hors cadre familial",11,Aude,941,2.502,40
2021,10,"Violences physiques hors cadre familial",72,Sarthe,1411,2.493,41
2021,10,"Violences physiques hors cadre familial",45,Loiret,1688,2.466,42
2021,10,"Violences physiques hors cadre familial",67,Bas-Rhin,2815,2.442,43
2021,10,"Violences physiques hors cadre familial",14,Calvados,1687,2.408,44
2021,10,"Violences physiques hors cadre familial",48,Lozère,184,2.405,45
2021,10,"Violences physiques hors cadre familial",74,Haute-Savoie,2006,2.384,46
2021,10,"Violences physiques hors cadre familial",57,Moselle,2501,2.382,47
2021,10,"Violences physiques hors cadre familial",21,Côte-d'Or,1275,2.381,48
2021,10,"Violences physiques hors cadre familial",61,Orne,656,2.368,49
2021,10,"Violences physiques hors cadre familial",44,Loire-Atlantique,3449,2.366,50
2021,10,"Violences physiques hors cadre familial",05,Hautes-Alpes,333,2.362,51
2021,10,"Violences physiques hors cadre familial",47,Lot-et-Garonne,780,2.355,52
2021,10,"Violences physiques hors cadre familial",77,Seine-et-Marne,3310,2.302,53
2021,10,"Violences physiques hors cadre familial",03,Allier,768,2.293,54
2021,10,"Violences physiques hors cadre familial",28,Eure-et-Loir,989,2.293,54
2021,10,"Violences physiques hors cadre familial",73,Savoie,1014,2.292,56
2021,10,"Violences physiques hors cadre familial",16,Charente,787,2.243,57
2021,10,"Violences physiques hors cadre familial",65,Hautes-Pyrénées,515,2.230,58
2021,10,"Violences physiques hors cadre familial",70,Haute-Saône,507,2.164,59
2021,10,"Violences physiques hors cadre familial",81,Tarn,846,2.150,60
2021,10,"Violences physiques hors cadre familial",35,Ille-et-Vilaine,2360,2.149,61
2021,10,"Violences physiques hors cadre familial",17,Charente-Maritime,1414,2.138,62
2021,10,"Violences physiques hors cadre familial",39,Jura,552,2.135,63
2021,10,"Violences physiques hors cadre familial",01,Ain,1412,2.129,64
2021,10,"Violences physiques hors cadre familial",63,Puy-de-Dôme,1403,2.118,65
2021,10,"Violences physiques hors cadre familial",37,Indre-et-Loire,1296,2.117,66
2021,10,"Violences physiques hors cadre familial",71,Saône-et-Loire,1159,2.110,67
2021,10,"Violences physiques hors cadre familial",41,Loir-et-Cher,691,2.103,68
2021,10,"Violences physiques hors cadre familial",82,Tarn-et-Garonne,552,2.096,69
2021,10,"Violences physiques hors cadre familial",19,Corrèze,497,2.073,70
2021,10,"Violences physiques hors cadre familial",78,Yvelines,3010,2.067,71
2021,10,"Violences physiques hors cadre familial",18,Cher,618,2.063,72
2021,10,"Violences physiques hors cadre familial",92,Hauts-de-Seine,3362,2.056,73
2021,10,"Violences physiques hors cadre familial",86,Vienne,893,2.032,74
2021,10,"Violences physiques hors cadre familial",23,Creuse,235,2.031,75
2021,10,"Violences physiques hors cadre familial",36,Indre,433,1.993,76
2021,10,"Violences physiques hors cadre familial",87,Haute-Vienne,738,1.986,77
2021,10,"Violences physiques hors cadre familial",07,Ardèche,656,1.979,78
2021,10,"Violences physiques hors cadre familial",2B,Haute-Corse,355,1.923,79
2021,10,"Violences physiques hors cadre familial",40,Landes,795,1.880,80
2021,10,"Violences physiques hors cadre familial",56,Morbihan,1442,1.876,81
2021,10,"Violences physiques hors cadre familial",43,Haute-Loire,420,1.848,82
2021,10,"Violences physiques hors cadre familial",46,Lot,320,1.829,83
2021,10,"Violences physiques hors cadre familial",58,Nièvre,367,1.813,84
2021,10,"Violences physiques hors cadre familial",64,Pyrénées-Atlantiques,1228,1.772,85
2021,10,"Violences physiques hors cadre familial",49,Maine-et-Loire,1460,1.770,86
2021,10,"Violences physiques hors cadre familial",29,Finistère,1624,1.762,87
2021,10,"Violences physiques hors cadre familial",79,Deux-Sèvres,651,1.738,88
2021,10,"Violences physiques hors cadre familial",53,Mayenne,501,1.638,89
2021,10,"Violences physiques hors cadre familial",85,Vendée,1142,1.633,90
2021,10,"Violences physiques hors cadre familial",32,Gers,311,1.616,91
2021,10,"Violences physiques hors cadre familial",12,Aveyron,448,1.602,92
2021,10,"Violences physiques hors cadre familial",22,Côtes-d'Armor,970,1.601,93
2021,10,"Violences physiques hors cadre familial",50,Manche,760,1.534,94
2021,10,"Violences physiques hors cadre familial",24,Dordogne,632,1.528,95
2021,10,"Violences physiques hors cadre familial",15,Cantal,219,1.518,96
2021,11,"Violences physiques intrafamiliales",62,Pas-de-Calais,6172,4.223,1
2021,11,"Violences physiques intrafamiliales",93,Seine-Saint-Denis,6521,3.908,2
2021,11,"Violences physiques intrafamiliales",59,Nord,9607,3.679,3
2021,11,"Violences physiques intrafamiliales",89,Yonne,1169,3.506,4
2021,11,"Violences physiques intrafamiliales",80,Somme,1953,3.449,5
2021,11,"Violences physiques intrafamiliales",72,Sarthe,1922,3.395,6
2021,11,"Violences physiques intrafamiliales",45,Loiret,2258,3.298,7
2021,11,"Violences physiques intrafamiliales",60,Oise,2690,3.246,8
2021,11,"Violences physiques intrafamiliales",51,Marne,1834,3.244,9
2021,11,"Violences physiques intrafamiliales",08,Ardennes,870,3.236,10
2021,11,"Violences physiques intrafamiliales",95,Val-d'Oise,4022,3.201,11
2021,11,"Violences physiques intrafamiliales",13,Bouches-du-Rhône,6569,3.194,12
2021,11,"Violences physiques intrafamiliales",02,Aisne,1682,3.189,13
2021,11,"Violences physiques intrafamiliales",53,Mayenne,973,3.180,14
2021,11,"Violences physiques intrafamiliales",91,Essonne,4152,3.160,15
2021,11,"Violences physiques intrafamiliales",77,Seine-et-Marne,4474,3.111,16
2021,11,"Violences physiques intrafamiliales",47,Lot-et-Garonne,1030,3.110,17
2021,11,"Violences physiques intrafamiliales",94,Val-de-Marne,4398,3.107,18
2021,11,"Violences physiques intrafamiliales",52,Haute-Marne,529,3.093,19
2021,11,"Violences physiques intrafamiliales",54,Meurthe-et-Moselle,2250,3.072,20
2021,11,"Violences physiques intrafamiliales",06,Alpes-Maritimes,3271,2.963,21
2021,11,"Violences physiques intrafamiliales",28,Eure-et-Loir,1276,2.959,22
2021,11,"Violences physiques intrafamiliales",68,Haut-Rhin,2243,2.924,23
2021,11,"Violences physiques intrafamiliales",05,Hautes-Alpes,411,2.915,24
2021,11,"Violences physiques intrafamiliales",27,Eure,1727,2.883,25
2021,11,"Violences physiques intrafamiliales",78,Yvelines,4191,2.878,26
2021,11,"Violences physiques intrafamiliales",10,Aube,892,2.865,27
2021,11,"Violences physiques intrafamiliales",66,Pyrénées-Orientales,1395,2.863,28
2021,11,"Violences physiques intrafamiliales",61,Orne,791,2.856,29
2021,11,"Violences physiques intrafamiliales",19,Corrèze,679,2.832,30
2021,11,"Violences physiques intrafamiliales",36,Indre,610,2.808,31
2021,11,"Violences physiques intrafamiliales",55,Meuse,505,2.776,32
2021,11,"Violences physiques intrafamiliales",83,Var,3038,2.774,33
2021,11,"Violences physiques intrafamiliales",90,"Territoire de Belfort",382,2.735,34
2021,11,"Violences physiques intrafamiliales",81,Tarn,1071,2.721,35
2021,11,"Violences physiques intrafamiliales",17,Charente-Maritime,1786,2.700,36
2021,11,"Violences physiques intrafamiliales",76,Seine-Maritime,3374,2.686,37
2021,11,"Violences physiques intrafamiliales",25,Doubs,1465,2.678,38
2021,11,"Violences physiques intrafamiliales",69,Rhône,5070,2.677,39
2021,11,"Violences physiques intrafamiliales",92,Hauts-de-Seine,4313,2.637,40
2021,11,"Violences physiques intrafamiliales",88,Vosges,950,2.634,41
2021,11,"Violences physiques intrafamiliales",41,Loir-et-Cher,864,2.630,42
2021,11,"Violences physiques intrafamiliales",23,Creuse,304,2.627,43
2021,11,"Violences physiques intrafamiliales",26,Drôme,1358,2.614,44
2021,11,"Violences physiques intrafamiliales",33,Gironde,4320,2.610,45
2021,11,"Violences physiques intrafamiliales",57,Moselle,2731,2.601,46
2021,11,"Violences physiques intrafamiliales",09,Ariège,401,2.594,47
2021,11,"Violences physiques intrafamiliales",79,Deux-Sèvres,965,2.576,48
2021,11,"Violences physiques intrafamiliales",31,Haute-Garonne,3686,2.570,49
2021,11,"Violences physiques intrafamiliales",30,Gard,1935,2.558,50
2021,11,"Violences physiques intrafamiliales",38,Isère,3264,2.540,51
2021,11,"Violences physiques intrafamiliales",34,Hérault,3052,2.539,52
2021,11,"Violences physiques intrafamiliales",67,Bas-Rhin,2916,2.530,53
2021,11,"Violences physiques intrafamiliales",16,Charente,880,2.508,54
2021,11,"Violences physiques intrafamiliales",40,Landes,1056,2.497,55
2021,11,"Violences physiques intrafamiliales",11,Aude,933,2.481,56
2021,11,"Violences physiques intrafamiliales",56,Morbihan,1875,2.439,57
2021,11,"Violences physiques intrafamiliales",37,Indre-et-Loire,1487,2.429,58
2021,11,"Violences physiques intrafamiliales",04,Alpes-de-Haute-Provence,402,2.421,59
2021,11,"Violences physiques intrafamiliales",74,Haute-Savoie,2035,2.418,60
2021,11,"Violences physiques intrafamiliales",14,Calvados,1690,2.412,61
2021,11,"Violences physiques intrafamiliales",24,Dordogne,995,2.405,62
2021,11,"Violences physiques intrafamiliales",70,Haute-Saône,553,2.360,63
2021,11,"Violences physiques intrafamiliales",71,Saône-et-Loire,1286,2.341,64
2021,11,"Violences physiques intrafamiliales",03,Allier,779,2.326,65
2021,11,"Violences physiques intrafamiliales",73,Savoie,1025,2.317,66
2021,11,"Violences physiques intrafamiliales",42,Loire,1779,2.313,67
2021,11,"Violences physiques intrafamiliales",39,Jura,596,2.305,68
2021,11,"Violences physiques intrafamiliales",86,Vienne,1012,2.303,69
2021,11,"Violences physiques intrafamiliales",65,Hautes-Pyrénées,521,2.256,70
2021,11,"Violences physiques intrafamiliales",35,Ille-et-Vilaine,2445,2.226,71
2021,11,"Violences physiques intrafamiliales",22,Côtes-d'Armor,1343,2.216,72
2021,11,"Violences physiques intrafamiliales",84,Vaucluse,1240,2.196,73
2021,11,"Violences physiques intrafamiliales",44,Loire-Atlantique,3193,2.190,74
2021,11,"Violences physiques intrafamiliales",18,Cher,645,2.153,75
2021,11,"Violences physiques intrafamiliales",49,Maine-et-Loire,1765,2.140,76
2021,11,"Violences physiques intrafamiliales",32,Gers,408,2.120,77
2021,11,"Violences physiques intrafamiliales",50,Manche,1050,2.119,78
2021,11,"Violences physiques intrafamiliales",75,Paris,4485,2.103,79
2021,11,"Violences physiques intrafamiliales",64,Pyrénées-Atlantiques,1429,2.062,80
2021,11,"Violences physiques intrafamiliales",07,Ardèche,682,2.058,81
2021,11,"Violences physiques intrafamiliales",82,Tarn-et-Garonne,542,2.058,81
2021,11,"Violences physiques intrafamiliales",21,Côte-d'Or,1101,2.056,83
2021,11,"Violences physiques intrafamiliales",87,Haute-Vienne,759,2.042,84
2021,11,"Violences physiques intrafamiliales",85,Vendée,1423,2.034,85
2021,11,"Violences physiques intrafamiliales",29,Finistère,1855,2.013,86
2021,11,"Violences physiques intrafamiliales",2B,Haute-Corse,371,2.009,87
2021,11,"Violences physiques intrafamiliales",12,Aveyron,558,1.995,88
2021,11,"Violences physiques intrafamiliales",2A,Corse-du-Sud,323,1.982,89
2021,11,"Violences physiques intrafamiliales",43,Haute-Loire,450,1.980,90
2021,11,"Violences physiques intrafamiliales",58,Nièvre,396,1.956,91
2021,11,"Violences physiques intrafamiliales",15,Cantal,281,1.948,92
2021,11,"Violences physiques intrafamiliales",46,Lot,334,1.909,93
2021,11,"Violences physiques intrafamiliales",01,Ain,1224,1.846,94
2021,11,"Violences physiques intrafamiliales",63,Puy-de-Dôme,1170,1.767,95
2021,11,"Violences physiques intrafamiliales",48,Lozère,119,1.555,96
2021,12,"Violences sexuelles",75,Paris,4401,2.063,1
2021,12,"Violences sexuelles",61,Orne,528,1.906,2
2021,12,"Violences sexuelles",72,Sarthe,1068,1.887,3
2021,12,"Violences sexuelles",52,Haute-Marne,317,1.853,4
2021,12,"Violences sexuelles",89,Yonne,608,1.824,5
2021,12,"Violences sexuelles",05,Hautes-Alpes,246,1.745,6
2021,12,"Violences sexuelles",14,Calvados,1216,1.736,7
2021,12,"Violences sexuelles",62,Pas-de-Calais,2514,1.720,8
2021,12,"Violences sexuelles",59,Nord,4450,1.704,9
2021,12,"Violences sexuelles",02,Aisne,893,1.693,10
2021,12,"Violences sexuelles",80,Somme,958,1.692,11
2021,12,"Violences sexuelles",45,Loiret,1138,1.662,12
2021,12,"Violences sexuelles",27,Eure,994,1.660,13
2021,12,"Violences sexuelles",17,Charente-Maritime,1095,1.656,14
2021,12,"Violences sexuelles",79,Deux-Sèvres,618,1.650,15
2021,12,"Violences sexuelles",36,Indre,358,1.648,16
2021,12,"Violences sexuelles",23,Creuse,190,1.642,17
2021,12,"Violences sexuelles",37,Indre-et-Loire,988,1.614,18
2021,12,"Violences sexuelles",88,Vosges,570,1.580,19
2021,12,"Violences sexuelles",28,Eure-et-Loir,680,1.577,20
2021,12,"Violences sexuelles",16,Charente,553,1.576,21
2021,12,"Violences sexuelles",49,Maine-et-Loire,1294,1.569,22
2021,12,"Violences sexuelles",55,Meuse,285,1.567,23
2021,12,"Violences sexuelles",11,Aude,588,1.564,24
2021,12,"Violences sexuelles",66,Pyrénées-Orientales,761,1.562,25
2021,12,"Violences sexuelles",08,Ardennes,418,1.555,26
2021,12,"Violences sexuelles",60,Oise,1286,1.552,27
2021,12,"Violences sexuelles",47,Lot-et-Garonne,506,1.528,28
2021,12,"Violences sexuelles",54,Meurthe-et-Moselle,1114,1.521,29
2021,12,"Violences sexuelles",33,Gironde,2516,1.520,30
2021,12,"Violences sexuelles",44,Loire-Atlantique,2215,1.519,31
2021,12,"Violences sexuelles",41,Loir-et-Cher,497,1.513,32
2021,12,"Violences sexuelles",93,Seine-Saint-Denis,2525,1.513,32
2021,12,"Violences sexuelles",09,Ariège,233,1.507,34
2021,12,"Violences sexuelles",58,Nièvre,305,1.507,34
2021,12,"Violences sexuelles",10,Aube,469,1.506,36
2021,12,"Violences sexuelles",51,Marne,847,1.498,37
2021,12,"Violences sexuelles",65,Hautes-Pyrénées,346,1.498,37
2021,12,"Violences sexuelles",04,Alpes-de-Haute-Provence,248,1.493,39
2021,12,"Violences sexuelles",56,Morbihan,1147,1.492,40
2021,12,"Violences sexuelles",40,Landes,630,1.489,41
2021,12,"Violences sexuelles",50,Manche,738,1.489,41
2021,12,"Violences sexuelles",48,Lozère,113,1.477,43
2021,12,"Violences sexuelles",86,Vienne,632,1.438,44
2021,12,"Violences sexuelles",21,Côte-d'Or,757,1.414,45
2021,12,"Violences sexuelles",34,Hérault,1694,1.409,46
2021,12,"Violences sexuelles",76,Seine-Maritime,1768,1.408,47
2021,12,"Violences sexuelles",29,Finistère,1297,1.407,48
2021,12,"Violences sexuelles",24,Dordogne,577,1.395,49
2021,12,"Violences sexuelles",68,Haut-Rhin,1066,1.390,50
2021,12,"Violences sexuelles",90,"Territoire de Belfort",193,1.382,51
2021,12,"Violences sexuelles",53,Mayenne,421,1.376,52
2021,12,"Violences sexuelles",81,Tarn,540,1.372,53
2021,12,"Violences sexuelles",73,Savoie,605,1.367,54
2021,12,"Violences sexuelles",82,Tarn-et-Garonne,357,1.355,55
2021,12,"Violences sexuelles",25,Doubs,741,1.354,56
2021,12,"Violences sexuelles",94,Val-de-Marne,1873,1.323,57
2021,12,"Violences sexuelles",87,Haute-Vienne,490,1.318,58
2021,12,"Violences sexuelles",19,Corrèze,315,1.314,59
2021,12,"Violences sexuelles",26,Drôme,679,1.307,60
2021,12,"Violences sexuelles",39,Jura,338,1.307,60
2021,12,"Violences sexuelles",03,Allier,436,1.302,62
2021,12,"Violences sexuelles",35,Ille-et-Vilaine,1424,1.297,63
2021,12,"Violences sexuelles",31,Haute-Garonne,1857,1.295,64
2021,12,"Violences sexuelles",30,Gard,976,1.290,65
2021,12,"Violences sexuelles",07,Ardèche,425,1.282,66
2021,12,"Violences sexuelles",85,Vendée,893,1.277,67
2021,12,"Violences sexuelles",18,Cher,378,1.262,68
2021,12,"Violences sexuelles",67,Bas-Rhin,1453,1.261,69
2021,12,"Violences sexuelles",01,Ain,833,1.256,70
2021,12,"Violences sexuelles",38,Isère,1610,1.253,71
2021,12,"Violences sexuelles",83,Var,1373,1.253,71
2021,12,"Violences sexuelles",69,Rhône,2366,1.249,73
2021,12,"Violences sexuelles",43,Haute-Loire,283,1.245,74
2021,12,"Violences sexuelles",78,Yvelines,1800,1.236,75
2021,12,"Violences sexuelles",15,Cantal,178,1.234,76
2021,12,"Violences sexuelles",13,Bouches-du-Rhône,2523,1.227,77
2021,12,"Violences sexuelles",77,Seine-et-Marne,1765,1.227,77
2021,12,"Violences sexuelles",95,Val-d'Oise,1532,1.219,79
2021,12,"Violences sexuelles",74,Haute-Savoie,1010,1.200,80
2021,12,"Violences sexuelles",46,Lot,209,1.195,81
2021,12,"Violences sexuelles",22,Côtes-d'Armor,721,1.190,82
2021,12,"Violences sexuelles",32,Gers,226,1.174,83
2021,12,"Violences sexuelles",06,Alpes-Maritimes,1283,1.162,84
2021,12,"Violences sexuelles",64,Pyrénées-Atlantiques,805,1.162,84
2021,12,"Violences sexuelles",91,Essonne,1525,1.161,86
2021,12,"Violences sexuelles",2B,Haute-Corse,212,1.148,87
2021,12,"Violences sexuelles",70,Haute-Saône,269,1.148,87
2021,12,"Violences sexuelles",42,Loire,870,1.131,89
2021,12,"Violences sexuelles",84,Vaucluse,631,1.118,90
2021,12,"Violences sexuelles",63,Puy-de-Dôme,734,1.108,91
2021,12,"Violences sexuelles",92,Hauts-de-Seine,1807,1.105,92
2021,12,"Violences sexuelles",71,Saône-et-Loire,590,1.074,93
2021,12,"Violences sexuelles",12,Aveyron,295,1.055,94
2021,12,"Violences sexuelles",57,Moselle,1085,1.033,95
2021,12,"Violences sexuelles",2A,Corse-du-Sud,142,0.871,96
2021,13,"Vols avec armes",93,Seine-Saint-Denis,478,0.286,1
2021,13,"Vols avec armes",13,Bouches-du-Rhône,586,0.285,2
2021,13,"Vols avec armes",75,Paris,535,0.251,3
2021,13,"Vols avec armes",69,Rhône,337,0.178,4
2021,13,"Vols avec armes",95,Val-d'Oise,221,0.176,5
2021,13,"Vols avec armes",94,Val-de-Marne,239,0.169,6
2021,13,"Vols avec armes",44,Loire-Atlantique,199,0.137,7
2021,13,"Vols avec armes",38,Isère,167,0.130,8
2021,13,"Vols avec armes",34,Hérault,154,0.128,9
2021,13,"Vols avec armes",91,Essonne,168,0.128,9
2021,13,"Vols avec armes",77,Seine-et-Marne,181,0.126,11
2021,13,"Vols avec armes",06,Alpes-Maritimes,126,0.114,12
2021,13,"Vols avec armes",37,Indre-et-Loire,69,0.113,13
2021,13,"Vols avec armes",31,Haute-Garonne,160,0.112,14
2021,13,"Vols avec armes",25,Doubs,61,0.111,15
2021,13,"Vols avec armes",59,Nord,281,0.108,16
2021,13,"Vols avec armes",66,Pyrénées-Orientales,52,0.107,17
2021,13,"Vols avec armes",33,Gironde,174,0.105,18
2021,13,"Vols avec armes",84,Vaucluse,56,0.099,19
2021,13,"Vols avec armes",76,Seine-Maritime,119,0.095,20
2021,13,"Vols avec armes",92,Hauts-de-Seine,156,0.095,20
2021,13,"Vols avec armes",42,Loire,70,0.091,22
2021,13,"Vols avec armes",60,Oise,75,0.090,23
2021,13,"Vols avec armes",21,Côte-d'Or,46,0.086,24
2021,13,"Vols avec armes",72,Sarthe,48,0.085,25
2021,13,"Vols avec armes",51,Marne,44,0.078,26
2021,13,"Vols avec armes",10,Aube,24,0.077,27
2021,13,"Vols avec armes",26,Drôme,40,0.077,27
2021,13,"Vols avec armes",83,Var,81,0.074,29
2021,13,"Vols avec armes",45,Loiret,50,0.073,30
2021,13,"Vols avec armes",87,Haute-Vienne,27,0.073,30
2021,13,"Vols avec armes",30,Gard,54,0.071,32
2021,13,"Vols avec armes",35,Ille-et-Vilaine,78,0.071,32
2021,13,"Vols avec armes",89,Yonne,23,0.069,34
2021,13,"Vols avec armes",78,Yvelines,95,0.065,35
2021,13,"Vols avec armes",80,Somme,37,0.065,35
2021,13,"Vols avec armes",11,Aude,23,0.061,37
2021,13,"Vols avec armes",04,Alpes-de-Haute-Provence,10,0.060,38
2021,13,"Vols avec armes",47,Lot-et-Garonne,20,0.060,38
2021,13,"Vols avec armes",54,Meurthe-et-Moselle,44,0.060,38
2021,13,"Vols avec armes",86,Vienne,26,0.059,41
2021,13,"Vols avec armes",27,Eure,34,0.057,42
2021,13,"Vols avec armes",67,Bas-Rhin,64,0.056,43
2021,13,"Vols avec armes",58,Nièvre,11,0.054,44
2021,13,"Vols avec armes",41,Loir-et-Cher,17,0.052,45
2021,13,"Vols avec armes",02,Aisne,27,0.051,46
2021,13,"Vols avec armes",03,Allier,17,0.051,46
2021,13,"Vols avec armes",16,Charente,18,0.051,46
2021,13,"Vols avec armes",17,Charente-Maritime,34,0.051,46
2021,13,"Vols avec armes",63,Puy-de-Dôme,34,0.051,46
2021,13,"Vols avec armes",2A,Corse-du-Sud,8,0.049,51
2021,13,"Vols avec armes",74,Haute-Savoie,41,0.049,51
2021,13,"Vols avec armes",07,Ardèche,16,0.048,53
2021,13,"Vols avec armes",68,Haut-Rhin,37,0.048,53
2021,13,"Vols avec armes",79,Deux-Sèvres,18,0.048,53
2021,13,"Vols avec armes",29,Finistère,43,0.047,56
2021,13,"Vols avec armes",62,Pas-de-Calais,67,0.046,57
2021,13,"Vols avec armes",82,Tarn-et-Garonne,12,0.046,57
2021,13,"Vols avec armes",14,Calvados,30,0.043,59
2021,13,"Vols avec armes",90,"Territoire de Belfort",6,0.043,59
2021,13,"Vols avec armes",49,Maine-et-Loire,33,0.040,61
2021,13,"Vols avec armes",57,Moselle,41,0.039,62
2021,13,"Vols avec armes",01,Ain,25,0.038,63
2021,13,"Vols avec armes",2B,Haute-Corse,7,0.038,63
2021,13,"Vols avec armes",70,Haute-Saône,9,0.038,63
2021,13,"Vols avec armes",73,Savoie,17,0.038,63
2021,13,"Vols avec armes",28,Eure-et-Loir,15,0.035,67
2021,13,"Vols avec armes",24,Dordogne,14,0.034,68
2021,13,"Vols avec armes",55,Meuse,6,0.033,69
2021,13,"Vols avec armes",81,Tarn,13,0.033,69
2021,13,"Vols avec armes",08,Ardennes,8,0.030,71
2021,13,"Vols avec armes",22,Côtes-d'Armor,18,0.030,71
2021,13,"Vols avec armes",56,Morbihan,23,0.030,71
2021,13,"Vols avec armes",85,Vendée,21,0.030,71
2021,13,"Vols avec armes",19,Corrèze,7,0.029,75
2021,13,"Vols avec armes",52,Haute-Marne,5,0.029,75
2021,13,"Vols avec armes",53,Mayenne,9,0.029,75
2021,13,"Vols avec armes",64,Pyrénées-Atlantiques,20,0.029,75
2021,13,"Vols avec armes",71,Saône-et-Loire,16,0.029,75
2021,13,"Vols avec armes",05,Hautes-Alpes,4,0.028,80
2021,13,"Vols avec armes",32,Gers,5,0.026,81
2021,13,"Vols avec armes",43,Haute-Loire,6,0.026,81
2021,13,"Vols avec armes",50,Manche,13,0.026,81
2021,13,"Vols avec armes",88,Vosges,9,0.025,84
2021,13,"Vols avec armes",18,Cher,7,0.023,85
2021,13,"Vols avec armes",61,Orne,6,0.022,86
2021,13,"Vols avec armes",39,Jura,5,0.019,87
2021,13,"Vols avec armes",36,Indre,3,0.014,88
2021,13,"Vols avec armes",65,Hautes-Pyrénées,3,0.013,89
2021,13,"Vols avec armes",40,Landes,5,0.012,90
2021,13,"Vols avec armes",12,Aveyron,3,0.011,91
2021,13,"Vols avec armes",46,Lot,2,0.011,91
2021,13,"Vols avec armes",23,Creuse,1,0.009,93
2021,13,"Vols avec armes",15,Cantal,1,0.007,94
2021,13,"Vols avec armes",09,Ariège,1,0.006,95
2021,13,"Vols avec armes",48,Lozère,0,0.000,96
2021,14,"Vols d'accessoires sur véhicules",44,Loire-Atlantique,3443,2.362,1
2021,14,"Vols d'accessoires sur véhicules",13,Bouches-du-Rhône,4486,2.181,2
2021,14,"Vols d'accessoires sur véhicules",93,Seine-Saint-Denis,3290,1.972,3
2021,14,"Vols d'accessoires sur véhicules",69,Rhône,3442,1.818,4
2021,14,"Vols d'accessoires sur véhicules",91,Essonne,2317,1.764,5
2021,14,"Vols d'accessoires sur véhicules",94,Val-de-Marne,2378,1.680,6
2021,14,"Vols d'accessoires sur véhicules",42,Loire,1277,1.661,7
2021,14,"Vols d'accessoires sur véhicules",38,Isère,2105,1.638,8
2021,14,"Vols d'accessoires sur véhicules",95,Val-d'Oise,2040,1.623,9
2021,14,"Vols d'accessoires sur véhicules",26,Drôme,839,1.615,10
2021,14,"Vols d'accessoires sur véhicules",60,Oise,1324,1.597,11
2021,14,"Vols d'accessoires sur véhicules",77,Seine-et-Marne,2278,1.584,12
2021,14,"Vols d'accessoires sur véhicules",59,Nord,4108,1.573,13
2021,14,"Vols d'accessoires sur véhicules",49,Maine-et-Loire,1240,1.503,14
2021,14,"Vols d'accessoires sur véhicules",37,Indre-et-Loire,909,1.485,15
2021,14,"Vols d'accessoires sur véhicules",31,Haute-Garonne,1888,1.316,16
2021,14,"Vols d'accessoires sur véhicules",78,Yvelines,1906,1.309,17
2021,14,"Vols d'accessoires sur véhicules",34,Hérault,1549,1.289,18
2021,14,"Vols d'accessoires sur véhicules",66,Pyrénées-Orientales,625,1.283,19
2021,14,"Vols d'accessoires sur véhicules",33,Gironde,2070,1.251,20
2021,14,"Vols d'accessoires sur véhicules",10,Aube,388,1.246,21
2021,14,"Vols d'accessoires sur véhicules",45,Loiret,837,1.223,22
2021,14,"Vols d'accessoires sur véhicules",84,Vaucluse,679,1.203,23
2021,14,"Vols d'accessoires sur véhicules",30,Gard,885,1.170,24
2021,14,"Vols d'accessoires sur véhicules",51,Marne,656,1.160,25
2021,14,"Vols d'accessoires sur véhicules",36,Indre,247,1.137,26
2021,14,"Vols d'accessoires sur véhicules",80,Somme,644,1.137,26
2021,14,"Vols d'accessoires sur véhicules",52,Haute-Marne,189,1.105,28
2021,14,"Vols d'accessoires sur véhicules",76,Seine-Maritime,1386,1.104,29
2021,14,"Vols d'accessoires sur véhicules",01,Ain,724,1.092,30
2021,14,"Vols d'accessoires sur véhicules",89,Yonne,362,1.086,31
2021,14,"Vols d'accessoires sur véhicules",21,Côte-d'Or,579,1.081,32
2021,14,"Vols d'accessoires sur véhicules",71,Saône-et-Loire,593,1.080,33
2021,14,"Vols d'accessoires sur véhicules",75,Paris,2282,1.070,34
2021,14,"Vols d'accessoires sur véhicules",86,Vienne,467,1.063,35
2021,14,"Vols d'accessoires sur véhicules",92,Hauts-de-Seine,1702,1.041,36
2021,14,"Vols d'accessoires sur véhicules",18,Cher,309,1.031,37
2021,14,"Vols d'accessoires sur véhicules",41,Loir-et-Cher,336,1.023,38
2021,14,"Vols d'accessoires sur véhicules",62,Pas-de-Calais,1482,1.014,39
2021,14,"Vols d'accessoires sur véhicules",56,Morbihan,776,1.010,40
2021,14,"Vols d'accessoires sur véhicules",27,Eure,588,0.982,41
2021,14,"Vols d'accessoires sur véhicules",72,Sarthe,555,0.980,42
2021,14,"Vols d'accessoires sur véhicules",17,Charente-Maritime,641,0.969,43
2021,14,"Vols d'accessoires sur véhicules",11,Aude,364,0.968,44
2021,14,"Vols d'accessoires sur véhicules",87,Haute-Vienne,358,0.963,45
2021,14,"Vols d'accessoires sur véhicules",02,Aisne,504,0.956,46
2021,14,"Vols d'accessoires sur véhicules",83,Var,1006,0.918,47
2021,14,"Vols d'accessoires sur véhicules",2A,Corse-du-Sud,148,0.908,48
2021,14,"Vols d'accessoires sur véhicules",28,Eure-et-Loir,380,0.881,49
2021,14,"Vols d'accessoires sur véhicules",35,Ille-et-Vilaine,940,0.856,50
2021,14,"Vols d'accessoires sur véhicules",61,Orne,237,0.856,50
2021,14,"Vols d'accessoires sur véhicules",43,Haute-Loire,182,0.801,52
2021,14,"Vols d'accessoires sur véhicules",88,Vosges,288,0.799,53
2021,14,"Vols d'accessoires sur véhicules",06,Alpes-Maritimes,880,0.797,54
2021,14,"Vols d'accessoires sur véhicules",16,Charente,275,0.784,55
2021,14,"Vols d'accessoires sur véhicules",53,Mayenne,239,0.781,56
2021,14,"Vols d'accessoires sur véhicules",73,Savoie,335,0.757,57
2021,14,"Vols d'accessoires sur véhicules",74,Haute-Savoie,637,0.757,57
2021,14,"Vols d'accessoires sur véhicules",54,Meurthe-et-Moselle,547,0.747,59
2021,14,"Vols d'accessoires sur véhicules",29,Finistère,678,0.736,60
2021,14,"Vols d'accessoires sur véhicules",55,Meuse,133,0.731,61
2021,14,"Vols d'accessoires sur véhicules",85,Vendée,509,0.728,62
2021,14,"Vols d'accessoires sur véhicules",22,Côtes-d'Armor,438,0.723,63
2021,14,"Vols d'accessoires sur véhicules",25,Doubs,390,0.713,64
2021,14,"Vols d'accessoires sur véhicules",07,Ardèche,234,0.706,65
2021,14,"Vols d'accessoires sur véhicules",63,Puy-de-Dôme,461,0.696,66
2021,14,"Vols d'accessoires sur véhicules",47,Lot-et-Garonne,228,0.688,67
2021,14,"Vols d'accessoires sur véhicules",24,Dordogne,282,0.682,68
2021,14,"Vols d'accessoires sur véhicules",03,Allier,227,0.678,69
2021,14,"Vols d'accessoires sur véhicules",08,Ardennes,182,0.677,70
2021,14,"Vols d'accessoires sur véhicules",40,Landes,283,0.669,71
2021,14,"Vols d'accessoires sur véhicules",14,Calvados,463,0.661,72
2021,14,"Vols d'accessoires sur véhicules",39,Jura,168,0.650,73
2021,14,"Vols d'accessoires sur véhicules",79,Deux-Sèvres,243,0.649,74
2021,14,"Vols d'accessoires sur véhicules",82,Tarn-et-Garonne,171,0.649,74
2021,14,"Vols d'accessoires sur véhicules",58,Nièvre,131,0.647,76
2021,14,"Vols d'accessoires sur véhicules",57,Moselle,655,0.624,77
2021,14,"Vols d'accessoires sur véhicules",2B,Haute-Corse,113,0.612,78
2021,14,"Vols d'accessoires sur véhicules",70,Haute-Saône,140,0.598,79
2021,14,"Vols d'accessoires sur véhicules",04,Alpes-de-Haute-Provence,99,0.596,80
2021,14,"Vols d'accessoires sur véhicules",81,Tarn,216,0.549,81
2021,14,"Vols d'accessoires sur véhicules",15,Cantal,68,0.471,82
2021,14,"Vols d'accessoires sur véhicules",19,Corrèze,110,0.459,83
2021,14,"Vols d'accessoires sur véhicules",65,Hautes-Pyrénées,106,0.459,83
2021,14,"Vols d'accessoires sur véhicules",64,Pyrénées-Atlantiques,315,0.455,85
2021,14,"Vols d'accessoires sur véhicules",67,Bas-Rhin,512,0.444,86
2021,14,"Vols d'accessoires sur véhicules",32,Gers,80,0.416,87
2021,14,"Vols d'accessoires sur véhicules",09,Ariège,63,0.408,88
2021,14,"Vols d'accessoires sur véhicules",05,Hautes-Alpes,56,0.397,89
2021,14,"Vols d'accessoires sur véhicules",23,Creuse,45,0.389,90
2021,14,"Vols d'accessoires sur véhicules",50,Manche,188,0.379,91
2021,14,"Vols d'accessoires sur véhicules",48,Lozère,28,0.366,92
2021,14,"Vols d'accessoires sur véhicules",46,Lot,63,0.360,93
2021,14,"Vols d'accessoires sur véhicules",12,Aveyron,90,0.322,94
2021,14,"Vols d'accessoires sur véhicules",68,Haut-Rhin,243,0.317,95
2021,14,"Vols d'accessoires sur véhicules",90,"Territoire de Belfort",44,0.315,96
2021,15,"Vols dans les véhicules",69,Rhône,15540,8.206,1
2021,15,"Vols dans les véhicules",44,Loire-Atlantique,11176,7.666,2
2021,15,"Vols dans les véhicules",75,Paris,15351,7.197,3
2021,15,"Vols dans les véhicules",31,Haute-Garonne,10213,7.120,4
2021,15,"Vols dans les véhicules",13,Bouches-du-Rhône,13864,6.740,5
2021,15,"Vols dans les véhicules",33,Gironde,9750,5.891,6
2021,15,"Vols dans les véhicules",37,Indre-et-Loire,3580,5.848,7
2021,15,"Vols dans les véhicules",93,Seine-Saint-Denis,9662,5.790,8
2021,15,"Vols dans les véhicules",59,Nord,14233,5.451,9
2021,15,"Vols dans les véhicules",38,Isère,6622,5.154,10
2021,15,"Vols dans les véhicules",66,Pyrénées-Orientales,2192,4.498,11
2021,15,"Vols dans les véhicules",34,Hérault,4844,4.030,12
2021,15,"Vols dans les véhicules",26,Drôme,1975,3.802,13
2021,15,"Vols dans les véhicules",83,Var,3839,3.505,14
2021,15,"Vols dans les véhicules",11,Aude,1305,3.470,15
2021,15,"Vols dans les véhicules",94,Val-de-Marne,4844,3.422,16
2021,15,"Vols dans les véhicules",95,Val-d'Oise,4141,3.295,17
2021,15,"Vols dans les véhicules",84,Vaucluse,1821,3.225,18
2021,15,"Vols dans les véhicules",51,Marne,1755,3.105,19
2021,15,"Vols dans les véhicules",87,Haute-Vienne,1128,3.035,20
2021,15,"Vols dans les véhicules",92,Hauts-de-Seine,4950,3.027,21
2021,15,"Vols dans les véhicules",91,Essonne,3805,2.896,22
2021,15,"Vols dans les véhicules",77,Seine-et-Marne,4162,2.894,23
2021,15,"Vols dans les véhicules",30,Gard,2186,2.889,24
2021,15,"Vols dans les véhicules",72,Sarthe,1486,2.625,25
2021,15,"Vols dans les véhicules",76,Seine-Maritime,3257,2.593,26
2021,15,"Vols dans les véhicules",68,Haut-Rhin,1977,2.577,27
2021,15,"Vols dans les véhicules",48,Lozère,187,2.444,28
2021,15,"Vols dans les véhicules",21,Côte-d'Or,1279,2.388,29
2021,15,"Vols dans les véhicules",42,Loire,1793,2.332,30
2021,15,"Vols dans les véhicules",04,Alpes-de-Haute-Provence,387,2.330,31
2021,15,"Vols dans les véhicules",06,Alpes-Maritimes,2569,2.327,32
2021,15,"Vols dans les véhicules",60,Oise,1895,2.286,33
2021,15,"Vols dans les véhicules",63,Puy-de-Dôme,1484,2.241,34
2021,15,"Vols dans les véhicules",62,Pas-de-Calais,3263,2.233,35
2021,15,"Vols dans les véhicules",54,Meurthe-et-Moselle,1635,2.232,36
2021,15,"Vols dans les véhicules",17,Charente-Maritime,1468,2.220,37
2021,15,"Vols dans les véhicules",80,Somme,1244,2.197,38
2021,15,"Vols dans les véhicules",49,Maine-et-Loire,1801,2.184,39
2021,15,"Vols dans les véhicules",86,Vienne,946,2.153,40
2021,15,"Vols dans les véhicules",67,Bas-Rhin,2465,2.139,41
2021,15,"Vols dans les véhicules",74,Haute-Savoie,1776,2.111,42
2021,15,"Vols dans les véhicules",73,Savoie,930,2.102,43
2021,15,"Vols dans les véhicules",57,Moselle,2179,2.075,44
2021,15,"Vols dans les véhicules",64,Pyrénées-Atlantiques,1428,2.061,45
2021,15,"Vols dans les véhicules",16,Charente,716,2.041,46
2021,15,"Vols dans les véhicules",56,Morbihan,1555,2.023,47
2021,15,"Vols dans les véhicules",45,Loiret,1374,2.007,48
2021,15,"Vols dans les véhicules",52,Haute-Marne,338,1.976,49
2021,15,"Vols dans les véhicules",55,Meuse,356,1.957,50
2021,15,"Vols dans les véhicules",25,Doubs,1057,1.932,51
2021,15,"Vols dans les véhicules",35,Ille-et-Vilaine,2071,1.886,52
2021,15,"Vols dans les véhicules",01,Ain,1247,1.880,53
2021,15,"Vols dans les véhicules",81,Tarn,721,1.832,54
2021,15,"Vols dans les véhicules",47,Lot-et-Garonne,601,1.814,55
2021,15,"Vols dans les véhicules",10,Aube,561,1.802,56
2021,15,"Vols dans les véhicules",36,Indre,373,1.717,57
2021,15,"Vols dans les véhicules",07,Ardèche,563,1.699,58
2021,15,"Vols dans les véhicules",02,Aisne,885,1.678,59
2021,15,"Vols dans les véhicules",32,Gers,322,1.673,60
2021,15,"Vols dans les véhicules",39,Jura,430,1.663,61
2021,15,"Vols dans les véhicules",82,Tarn-et-Garonne,438,1.663,61
2021,15,"Vols dans les véhicules",78,Yvelines,2415,1.658,63
2021,15,"Vols dans les véhicules",29,Finistère,1518,1.647,64
2021,15,"Vols dans les véhicules",40,Landes,691,1.634,65
2021,15,"Vols dans les véhicules",85,Vendée,1133,1.620,66
2021,15,"Vols dans les véhicules",65,Hautes-Pyrénées,367,1.589,67
2021,15,"Vols dans les véhicules",88,Vosges,568,1.575,68
2021,15,"Vols dans les véhicules",08,Ardennes,404,1.503,69
2021,15,"Vols dans les véhicules",89,Yonne,500,1.500,70
2021,15,"Vols dans les véhicules",14,Calvados,1049,1.497,71
2021,15,"Vols dans les véhicules",09,Ariège,226,1.462,72
2021,15,"Vols dans les véhicules",79,Deux-Sèvres,542,1.447,73
2021,15,"Vols dans les véhicules",27,Eure,848,1.416,74
2021,15,"Vols dans les véhicules",41,Loir-et-Cher,439,1.336,75
2021,15,"Vols dans les véhicules",22,Côtes-d'Armor,767,1.266,76
2021,15,"Vols dans les véhicules",71,Saône-et-Loire,670,1.220,77
2021,15,"Vols dans les véhicules",28,Eure-et-Loir,518,1.201,78
2021,15,"Vols dans les véhicules",24,Dordogne,492,1.189,79
2021,15,"Vols dans les véhicules",70,Haute-Saône,268,1.144,80
2021,15,"Vols dans les véhicules",90,"Territoire de Belfort",159,1.139,81
2021,15,"Vols dans les véhicules",50,Manche,557,1.124,82
2021,15,"Vols dans les véhicules",58,Nièvre,226,1.117,83
2021,15,"Vols dans les véhicules",05,Hautes-Alpes,157,1.114,84
2021,15,"Vols dans les véhicules",03,Allier,369,1.102,85
2021,15,"Vols dans les véhicules",61,Orne,305,1.101,86
2021,15,"Vols dans les véhicules",43,Haute-Loire,247,1.087,87
2021,15,"Vols dans les véhicules",53,Mayenne,331,1.082,88
2021,15,"Vols dans les véhicules",12,Aveyron,293,1.048,89
2021,15,"Vols dans les véhicules",15,Cantal,151,1.047,90
2021,15,"Vols dans les véhicules",18,Cher,282,0.941,91
2021,15,"Vols dans les véhicules",2A,Corse-du-Sud,150,0.921,92
2021,15,"Vols dans les véhicules",46,Lot,155,0.886,93
2021,15,"Vols dans les véhicules",19,Corrèze,186,0.776,94
2021,15,"Vols dans les véhicules",2B,Haute-Corse,141,0.764,95
2021,15,"Vols dans les véhicules",23,Creuse,63,0.545,96
2021,16,"Vols de véhicule",13,Bouches-du-Rhône,9676,4.704,1
2021,16,"Vols de véhicule",93,Seine-Saint-Denis,5740,3.440,2
2021,16,"Vols de véhicule",95,Val-d'Oise,4277,3.404,3
2021,16,"Vols de véhicule",94,Val-de-Marne,4571,3.230,4
2021,16,"Vols de véhicule",75,Paris,6575,3.082,5
2021,16,"Vols de véhicule",69,Rhône,5611,2.963,6
2021,16,"Vols de véhicule",44,Loire-Atlantique,4087,2.804,7
2021,16,"Vols de véhicule",60,Oise,2307,2.783,8
2021,16,"Vols de véhicule",92,Hauts-de-Seine,4102,2.508,9
2021,16,"Vols de véhicule",91,Essonne,3222,2.452,10
2021,16,"Vols de véhicule",59,Nord,6070,2.325,11
2021,16,"Vols de véhicule",26,Drôme,1174,2.260,12
2021,16,"Vols de véhicule",77,Seine-et-Marne,3137,2.181,13
2021,16,"Vols de véhicule",06,Alpes-Maritimes,2307,2.090,14
2021,16,"Vols de véhicule",34,Hérault,2506,2.085,15
2021,16,"Vols de véhicule",38,Isère,2643,2.057,16
2021,16,"Vols de véhicule",78,Yvelines,2960,2.032,17
2021,16,"Vols de véhicule",84,Vaucluse,1146,2.030,18
2021,16,"Vols de véhicule",83,Var,2192,2.001,19
2021,16,"Vols de véhicule",33,Gironde,3303,1.996,20
2021,16,"Vols de véhicule",89,Yonne,662,1.986,21
2021,16,"Vols de véhicule",66,Pyrénées-Orientales,908,1.863,22
2021,16,"Vols de véhicule",30,Gard,1366,1.806,23
2021,16,"Vols de véhicule",2A,Corse-du-Sud,290,1.780,24
2021,16,"Vols de véhicule",17,Charente-Maritime,1125,1.701,25
2021,16,"Vols de véhicule",80,Somme,955,1.687,26
2021,16,"Vols de véhicule",27,Eure,999,1.668,27
2021,16,"Vols de véhicule",51,Marne,915,1.619,28
2021,16,"Vols de véhicule",11,Aude,605,1.609,29
2021,16,"Vols de véhicule",31,Haute-Garonne,2297,1.601,30
2021,16,"Vols de véhicule",41,Loir-et-Cher,519,1.580,31
2021,16,"Vols de véhicule",02,Aisne,829,1.572,32
2021,16,"Vols de véhicule",55,Meuse,272,1.495,33
2021,16,"Vols de véhicule",76,Seine-Maritime,1812,1.443,34
2021,16,"Vols de véhicule",42,Loire,1103,1.434,35
2021,16,"Vols de véhicule",01,Ain,883,1.331,36
2021,16,"Vols de véhicule",49,Maine-et-Loire,1078,1.307,37
2021,16,"Vols de véhicule",07,Ardèche,422,1.273,38
2021,16,"Vols de véhicule",2B,Haute-Corse,232,1.256,39
2021,16,"Vols de véhicule",10,Aube,387,1.243,40
2021,16,"Vols de véhicule",37,Indre-et-Loire,742,1.212,41
2021,16,"Vols de véhicule",08,Ardennes,324,1.205,42
2021,16,"Vols de véhicule",04,Alpes-de-Haute-Provence,200,1.204,43
2021,16,"Vols de véhicule",16,Charente,421,1.200,44
2021,16,"Vols de véhicule",36,Indre,254,1.169,45
2021,16,"Vols de véhicule",72,Sarthe,658,1.162,46
2021,16,"Vols de véhicule",71,Saône-et-Loire,632,1.151,47
2021,16,"Vols de véhicule",58,Nièvre,232,1.146,48
2021,16,"Vols de véhicule",09,Ariège,177,1.145,49
2021,16,"Vols de véhicule",63,Puy-de-Dôme,756,1.142,50
2021,16,"Vols de véhicule",21,Côte-d'Or,600,1.120,51
2021,16,"Vols de véhicule",61,Orne,308,1.112,52
2021,16,"Vols de véhicule",64,Pyrénées-Atlantiques,761,1.098,53
2021,16,"Vols de véhicule",74,Haute-Savoie,922,1.096,54
2021,16,"Vols de véhicule",62,Pas-de-Calais,1589,1.087,55
2021,16,"Vols de véhicule",52,Haute-Marne,184,1.076,56
2021,16,"Vols de véhicule",86,Vienne,472,1.074,57
2021,16,"Vols de véhicule",47,Lot-et-Garonne,346,1.045,58
2021,16,"Vols de véhicule",45,Loiret,710,1.037,59
2021,16,"Vols de véhicule",35,Ille-et-Vilaine,1131,1.030,60
2021,16,"Vols de véhicule",79,Deux-Sèvres,386,1.030,60
2021,16,"Vols de véhicule",28,Eure-et-Loir,442,1.025,62
2021,16,"Vols de véhicule",85,Vendée,714,1.021,63
2021,16,"Vols de véhicule",82,Tarn-et-Garonne,268,1.018,64
2021,16,"Vols de véhicule",18,Cher,293,0.978,65
2021,16,"Vols de véhicule",88,Vosges,347,0.962,66
2021,16,"Vols de véhicule",54,Meurthe-et-Moselle,697,0.952,67
2021,16,"Vols de véhicule",73,Savoie,421,0.951,68
2021,16,"Vols de véhicule",25,Doubs,504,0.921,69
2021,16,"Vols de véhicule",57,Moselle,950,0.905,70
2021,16,"Vols de véhicule",24,Dordogne,365,0.882,71
2021,16,"Vols de véhicule",14,Calvados,615,0.878,72
2021,16,"Vols de véhicule",40,Landes,366,0.865,73
2021,16,"Vols de véhicule",56,Morbihan,662,0.861,74
2021,16,"Vols de véhicule",39,Jura,221,0.855,75
2021,16,"Vols de véhicule",29,Finistère,778,0.844,76
2021,16,"Vols de véhicule",87,Haute-Vienne,305,0.821,77
2021,16,"Vols de véhicule",03,Allier,274,0.818,78
2021,16,"Vols de véhicule",81,Tarn,321,0.816,79
2021,16,"Vols de véhicule",70,Haute-Saône,179,0.764,80
2021,16,"Vols de véhicule",53,Mayenne,230,0.752,81
2021,16,"Vols de véhicule",67,Bas-Rhin,803,0.697,82
2021,16,"Vols de véhicule",32,Gers,127,0.660,83
2021,16,"Vols de véhicule",65,Hautes-Pyrénées,149,0.645,84
2021,16,"Vols de véhicule",22,Côtes-d'Armor,390,0.644,85
2021,16,"Vols de véhicule",48,Lozère,49,0.640,86
2021,16,"Vols de véhicule",90,"Territoire de Belfort",88,0.630,87
2021,16,"Vols de véhicule",43,Haute-Loire,143,0.629,88
2021,16,"Vols de véhicule",46,Lot,109,0.623,89
2021,16,"Vols de véhicule",68,Haut-Rhin,472,0.615,90
2021,16,"Vols de véhicule",05,Hautes-Alpes,82,0.582,91
2021,16,"Vols de véhicule",50,Manche,245,0.494,92
2021,16,"Vols de véhicule",19,Corrèze,117,0.488,93
2021,16,"Vols de véhicule",12,Aveyron,132,0.472,94
2021,16,"Vols de véhicule",23,Creuse,40,0.346,95
2021,16,"Vols de véhicule",15,Cantal,33,0.229,96
2021,17,"Vols sans violence contre des personnes",75,Paris,107992,50.627,1
2021,17,"Vols sans violence contre des personnes",69,Rhône,33323,17.597,2
2021,17,"Vols sans violence contre des personnes",93,Seine-Saint-Denis,25160,15.078,3
2021,17,"Vols sans violence contre des personnes",06,Alpes-Maritimes,13725,12.433,4
2021,17,"Vols sans violence contre des personnes",34,Hérault,14663,12.200,5
2021,17,"Vols sans violence contre des personnes",92,Hauts-de-Seine,19950,12.200,5
2021,17,"Vols sans violence contre des personnes",94,Val-de-Marne,16781,11.856,7
2021,17,"Vols sans violence contre des personnes",31,Haute-Garonne,16833,11.735,8
2021,17,"Vols sans violence contre des personnes",13,Bouches-du-Rhône,23736,11.539,9
2021,17,"Vols sans violence contre des personnes",33,Gironde,17851,10.786,10
2021,17,"Vols sans violence contre des personnes",44,Loire-Atlantique,13902,9.536,11
2021,17,"Vols sans violence contre des personnes",83,Var,9854,8.996,12
2021,17,"Vols sans violence contre des personnes",95,Val-d'Oise,10787,8.584,13
2021,17,"Vols sans violence contre des personnes",38,Isère,10706,8.332,14
2021,17,"Vols sans violence contre des personnes",66,Pyrénées-Orientales,3947,8.100,15
2021,17,"Vols sans violence contre des personnes",84,Vaucluse,4194,7.429,16
2021,17,"Vols sans violence contre des personnes",59,Nord,19171,7.342,17
2021,17,"Vols sans violence contre des personnes",30,Gard,5412,7.154,18
2021,17,"Vols sans violence contre des personnes",37,Indre-et-Loire,4309,7.039,19
2021,17,"Vols sans violence contre des personnes",67,Bas-Rhin,8110,7.036,20
2021,17,"Vols sans violence contre des personnes",74,Haute-Savoie,5915,7.029,21
2021,17,"Vols sans violence contre des personnes",91,Essonne,9211,7.011,22
2021,17,"Vols sans violence contre des personnes",77,Seine-et-Marne,9100,6.328,23
2021,17,"Vols sans violence contre des personnes",78,Yvelines,9202,6.318,24
2021,17,"Vols sans violence contre des personnes",11,Aude,2354,6.260,25
2021,17,"Vols sans violence contre des personnes",10,Aube,1929,6.196,26
2021,17,"Vols sans violence contre des personnes",63,Puy-de-Dôme,4074,6.151,27
2021,17,"Vols sans violence contre des personnes",51,Marne,3454,6.110,28
2021,17,"Vols sans violence contre des personnes",26,Drôme,3164,6.091,29
2021,17,"Vols sans violence contre des personnes",17,Charente-Maritime,4028,6.090,30
2021,17,"Vols sans violence contre des personnes",76,Seine-Maritime,7600,6.051,31
2021,17,"Vols sans violence contre des personnes",35,Ille-et-Vilaine,6636,6.042,32
2021,17,"Vols sans violence contre des personnes",40,Landes,2504,5.920,33
2021,17,"Vols sans violence contre des personnes",54,Meurthe-et-Moselle,4335,5.918,34
2021,17,"Vols sans violence contre des personnes",42,Loire,4515,5.871,35
2021,17,"Vols sans violence contre des personnes",04,Alpes-de-Haute-Provence,972,5.853,36
2021,17,"Vols sans violence contre des personnes",68,Haut-Rhin,4431,5.776,37
2021,17,"Vols sans violence contre des personnes",73,Savoie,2526,5.709,38
2021,17,"Vols sans violence contre des personnes",21,Côte-d'Or,2949,5.507,39
2021,17,"Vols sans violence contre des personnes",47,Lot-et-Garonne,1813,5.474,40
2021,17,"Vols sans violence contre des personnes",80,Somme,3054,5.393,41
2021,17,"Vols sans violence contre des personnes",05,Hautes-Alpes,750,5.320,42
2021,17,"Vols sans violence contre des personnes",65,Hautes-Pyrénées,1213,5.252,43
2021,17,"Vols sans violence contre des personnes",87,Haute-Vienne,1935,5.206,44
2021,17,"Vols sans violence contre des personnes",2A,Corse-du-Sud,844,5.180,45
2021,17,"Vols sans violence contre des personnes",72,Sarthe,2859,5.051,46
2021,17,"Vols sans violence contre des personnes",14,Calvados,3521,5.025,47
2021,17,"Vols sans violence contre des personnes",29,Finistère,4555,4.942,48
2021,17,"Vols sans violence contre des personnes",25,Doubs,2699,4.933,49
2021,17,"Vols sans violence contre des personnes",45,Loiret,3377,4.933,49
2021,17,"Vols sans violence contre des personnes",16,Charente,1706,4.862,51
2021,17,"Vols sans violence contre des personnes",64,Pyrénées-Atlantiques,3363,4.853,52
2021,17,"Vols sans violence contre des personnes",89,Yonne,1601,4.802,53
2021,17,"Vols sans violence contre des personnes",60,Oise,3931,4.743,54
2021,17,"Vols sans violence contre des personnes",49,Maine-et-Loire,3865,4.686,55
2021,17,"Vols sans violence contre des personnes",03,Allier,1522,4.545,56
2021,17,"Vols sans violence contre des personnes",86,Vienne,1997,4.545,56
2021,17,"Vols sans violence contre des personnes",36,Indre,973,4.479,58
2021,17,"Vols sans violence contre des personnes",01,Ain,2967,4.474,59
2021,17,"Vols sans violence contre des personnes",55,Meuse,811,4.458,60
2021,17,"Vols sans violence contre des personnes",18,Cher,1335,4.456,61
2021,17,"Vols sans violence contre des personnes",56,Morbihan,3405,4.430,62
2021,17,"Vols sans violence contre des personnes",58,Nièvre,889,4.392,63
2021,17,"Vols sans violence contre des personnes",08,Ardennes,1174,4.367,64
2021,17,"Vols sans violence contre des personnes",09,Ariège,675,4.366,65
2021,17,"Vols sans violence contre des personnes",02,Aisne,2275,4.313,66
2021,17,"Vols sans violence contre des personnes",57,Moselle,4522,4.307,67
2021,17,"Vols sans violence contre des personnes",90,"Territoire de Belfort",590,4.225,68
2021,17,"Vols sans violence contre des personnes",07,Ardèche,1387,4.185,69
2021,17,"Vols sans violence contre des personnes",85,Vendée,2919,4.173,70
2021,17,"Vols sans violence contre des personnes",22,Côtes-d'Armor,2506,4.136,71
2021,17,"Vols sans violence contre des personnes",24,Dordogne,1690,4.085,72
2021,17,"Vols sans violence contre des personnes",82,Tarn-et-Garonne,1070,4.063,73
2021,17,"Vols sans violence contre des personnes",27,Eure,2433,4.062,74
2021,17,"Vols sans violence contre des personnes",79,Deux-Sèvres,1521,4.060,75
2021,17,"Vols sans violence contre des personnes",71,Saône-et-Loire,2207,4.018,76
2021,17,"Vols sans violence contre des personnes",41,Loir-et-Cher,1319,4.015,77
2021,17,"Vols sans violence contre des personnes",88,Vosges,1447,4.012,78
2021,17,"Vols sans violence contre des personnes",2B,Haute-Corse,736,3.986,79
2021,17,"Vols sans violence contre des personnes",62,Pas-de-Calais,5825,3.986,79
2021,17,"Vols sans violence contre des personnes",81,Tarn,1560,3.964,81
2021,17,"Vols sans violence contre des personnes",46,Lot,674,3.853,82
2021,17,"Vols sans violence contre des personnes",61,Orne,1066,3.849,83
2021,17,"Vols sans violence contre des personnes",39,Jura,976,3.775,84
2021,17,"Vols sans violence contre des personnes",19,Corrèze,899,3.749,85
2021,17,"Vols sans violence contre des personnes",53,Mayenne,1133,3.703,86
2021,17,"Vols sans violence contre des personnes",28,Eure-et-Loir,1580,3.664,87
2021,17,"Vols sans violence contre des personnes",70,Haute-Saône,847,3.615,88
2021,17,"Vols sans violence contre des personnes",32,Gers,660,3.430,89
2021,17,"Vols sans violence contre des personnes",52,Haute-Marne,584,3.414,90
2021,17,"Vols sans violence contre des personnes",48,Lozère,257,3.359,91
2021,17,"Vols sans violence contre des personnes",50,Manche,1659,3.348,92
2021,17,"Vols sans violence contre des personnes",43,Haute-Loire,719,3.163,93
2021,17,"Vols sans violence contre des personnes",12,Aveyron,817,2.922,94
2021,17,"Vols sans violence contre des personnes",23,Creuse,324,2.800,95
2021,17,"Vols sans violence contre des personnes",15,Cantal,379,2.628,96
2021,18,"Vols violents sans arme",75,Paris,13963,6.546,1
2021,18,"Vols violents sans arme",93,Seine-Saint-Denis,6258,3.750,2
2021,18,"Vols violents sans arme",69,Rhône,4063,2.146,3
2021,18,"Vols violents sans arme",94,Val-de-Marne,2364,1.670,4
2021,18,"Vols violents sans arme",13,Bouches-du-Rhône,3392,1.649,5
2021,18,"Vols violents sans arme",95,Val-d'Oise,1731,1.378,6
2021,18,"Vols violents sans arme",92,Hauts-de-Seine,2213,1.353,7
2021,18,"Vols violents sans arme",91,Essonne,1362,1.037,8
2021,18,"Vols violents sans arme",59,Nord,2692,1.031,9
2021,18,"Vols violents sans arme",34,Hérault,1220,1.015,10
2021,18,"Vols violents sans arme",31,Haute-Garonne,1412,0.984,11
2021,18,"Vols violents sans arme",06,Alpes-Maritimes,1044,0.946,12
2021,18,"Vols violents sans arme",33,Gironde,1509,0.912,13
2021,18,"Vols violents sans arme",44,Loire-Atlantique,1184,0.812,14
2021,18,"Vols violents sans arme",66,Pyrénées-Orientales,382,0.784,15
2021,18,"Vols violents sans arme",37,Indre-et-Loire,457,0.747,16
2021,18,"Vols violents sans arme",77,Seine-et-Marne,1027,0.714,17
2021,18,"Vols violents sans arme",76,Seine-Maritime,852,0.678,18
2021,18,"Vols violents sans arme",78,Yvelines,904,0.621,19
2021,18,"Vols violents sans arme",38,Isère,790,0.615,20
2021,18,"Vols violents sans arme",72,Sarthe,304,0.537,21
2021,18,"Vols violents sans arme",42,Loire,410,0.533,22
2021,18,"Vols violents sans arme",83,Var,583,0.532,23
2021,18,"Vols violents sans arme",30,Gard,377,0.498,24
2021,18,"Vols violents sans arme",51,Marne,274,0.485,25
2021,18,"Vols violents sans arme",26,Drôme,244,0.470,26
2021,18,"Vols violents sans arme",80,Somme,248,0.438,27
2021,18,"Vols violents sans arme",84,Vaucluse,247,0.438,27
2021,18,"Vols violents sans arme",21,Côte-d'Or,230,0.430,29
2021,18,"Vols violents sans arme",35,Ille-et-Vilaine,472,0.430,29
2021,18,"Vols violents sans arme",45,Loiret,281,0.410,31
2021,18,"Vols violents sans arme",67,Bas-Rhin,449,0.390,32
2021,18,"Vols violents sans arme",87,Haute-Vienne,145,0.390,32
2021,18,"Vols violents sans arme",60,Oise,313,0.378,34
2021,18,"Vols violents sans arme",62,Pas-de-Calais,547,0.374,35
2021,18,"Vols violents sans arme",25,Doubs,203,0.371,36
2021,18,"Vols violents sans arme",10,Aube,108,0.347,37
2021,18,"Vols violents sans arme",16,Charente,121,0.345,38
2021,18,"Vols violents sans arme",54,Meurthe-et-Moselle,253,0.345,38
2021,18,"Vols violents sans arme",63,Puy-de-Dôme,228,0.344,40
2021,18,"Vols violents sans arme",11,Aude,128,0.340,41
2021,18,"Vols violents sans arme",89,Yonne,110,0.330,42
2021,18,"Vols violents sans arme",29,Finistère,303,0.329,43
2021,18,"Vols violents sans arme",27,Eure,190,0.317,44
2021,18,"Vols violents sans arme",68,Haut-Rhin,231,0.301,45
2021,18,"Vols violents sans arme",17,Charente-Maritime,192,0.290,46
2021,18,"Vols violents sans arme",02,Aisne,152,0.288,47
2021,18,"Vols violents sans arme",86,Vienne,126,0.287,48
2021,18,"Vols violents sans arme",04,Alpes-de-Haute-Provence,47,0.283,49
2021,18,"Vols violents sans arme",74,Haute-Savoie,237,0.282,50
2021,18,"Vols violents sans arme",18,Cher,83,0.277,51
2021,18,"Vols violents sans arme",57,Moselle,274,0.261,52
2021,18,"Vols violents sans arme",49,Maine-et-Loire,211,0.256,53
2021,18,"Vols violents sans arme",14,Calvados,178,0.254,54
2021,18,"Vols violents sans arme",08,Ardennes,65,0.242,55
2021,18,"Vols violents sans arme",81,Tarn,95,0.241,56
2021,18,"Vols violents sans arme",64,Pyrénées-Atlantiques,165,0.238,57
2021,18,"Vols violents sans arme",73,Savoie,101,0.228,58
2021,18,"Vols violents sans arme",28,Eure-et-Loir,98,0.227,59
2021,18,"Vols violents sans arme",36,Indre,48,0.221,60
2021,18,"Vols violents sans arme",90,"Territoire de Belfort",30,0.215,61
2021,18,"Vols violents sans arme",55,Meuse,39,0.214,62
2021,18,"Vols violents sans arme",47,Lot-et-Garonne,70,0.211,63
2021,18,"Vols violents sans arme",82,Tarn-et-Garonne,55,0.209,64
2021,18,"Vols violents sans arme",88,Vosges,74,0.205,65
2021,18,"Vols violents sans arme",53,Mayenne,60,0.196,66
2021,18,"Vols violents sans arme",03,Allier,64,0.191,67
2021,18,"Vols violents sans arme",65,Hautes-Pyrénées,43,0.186,68
2021,18,"Vols violents sans arme",79,Deux-Sèvres,69,0.184,69
2021,18,"Vols violents sans arme",56,Morbihan,141,0.183,70
2021,18,"Vols violents sans arme",41,Loir-et-Cher,59,0.180,71
2021,18,"Vols violents sans arme",71,Saône-et-Loire,99,0.180,71
2021,18,"Vols violents sans arme",2A,Corse-du-Sud,29,0.178,73
2021,18,"Vols violents sans arme",46,Lot,31,0.177,74
2021,18,"Vols violents sans arme",61,Orne,49,0.177,74
2021,18,"Vols violents sans arme",40,Landes,74,0.175,76
2021,18,"Vols violents sans arme",52,Haute-Marne,30,0.175,76
2021,18,"Vols violents sans arme",24,Dordogne,70,0.169,78
2021,18,"Vols violents sans arme",05,Hautes-Alpes,23,0.163,79
2021,18,"Vols violents sans arme",19,Corrèze,39,0.163,79
2021,18,"Vols violents sans arme",07,Ardèche,49,0.148,81
2021,18,"Vols violents sans arme",58,Nièvre,30,0.148,81
2021,18,"Vols violents sans arme",22,Côtes-d'Armor,89,0.147,83
2021,18,"Vols violents sans arme",01,Ain,97,0.146,84
2021,18,"Vols violents sans arme",32,Gers,27,0.140,85
2021,18,"Vols violents sans arme",43,Haute-Loire,31,0.136,86
2021,18,"Vols violents sans arme",2B,Haute-Corse,25,0.135,87
2021,18,"Vols violents sans arme",39,Jura,34,0.132,88
2021,18,"Vols violents sans arme",85,Vendée,87,0.124,89
2021,18,"Vols violents sans arme",50,Manche,59,0.119,90
2021,18,"Vols violents sans arme",12,Aveyron,30,0.107,91
2021,18,"Vols violents sans arme",70,Haute-Saône,25,0.107,91
2021,18,"Vols violents sans arme",23,Creuse,11,0.095,93
2021,18,"Vols violents sans arme",09,Ariège,12,0.078,94
2021,18,"Vols violents sans arme",48,Lozère,6,0.078,94
2021,18,"Vols violents sans arme",15,Cantal,8,0.055,96
2022,1,"Cambriolages de logement",13,Bouches-du-Rhône,11904,11.160,1
2022,1,"Cambriolages de logement",69,Rhône,9582,9.939,2
2022,1,"Cambriolages de logement",84,Vaucluse,2990,9.509,3
2022,1,"Cambriolages de logement",93,Seine-Saint-Denis,6292,8.921,4
2022,1,"Cambriolages de logement",75,Paris,12073,8.644,5
2022,1,"Cambriolages de logement",44,Loire-Atlantique,6771,8.602,6
2022,1,"Cambriolages de logement",33,Gironde,7696,8.425,7
2022,1,"Cambriolages de logement",94,Val-de-Marne,5568,8.409,8
2022,1,"Cambriolages de logement",31,Haute-Garonne,6265,8.141,9
2022,1,"Cambriolages de logement",38,Isère,5474,8.133,10
2022,1,"Cambriolages de logement",01,Ain,2407,7.299,11
2022,1,"Cambriolages de logement",95,Val-d'Oise,3852,7.269,12
2022,1,"Cambriolages de logement",77,Seine-et-Marne,4580,7.141,13
2022,1,"Cambriolages de logement",91,Essonne,4076,6.935,14
2022,1,"Cambriolages de logement",78,Yvelines,4571,6.912,15
2022,1,"Cambriolages de logement",59,Nord,8614,6.882,16
2022,1,"Cambriolages de logement",63,Puy-de-Dôme,2681,6.737,17
2022,1,"Cambriolages de logement",26,Drôme,1843,6.526,18
2022,1,"Cambriolages de logement",92,Hauts-de-Seine,5313,6.445,19
2022,1,"Cambriolages de logement",02,Aisne,1683,6.271,20
2022,1,"Cambriolages de logement",42,Loire,2468,6.087,21
2022,1,"Cambriolages de logement",83,Var,4318,5.806,22
2022,1,"Cambriolages de logement",30,Gard,2558,5.799,23
2022,1,"Cambriolages de logement",11,Aude,1551,5.766,24
2022,1,"Cambriolages de logement",34,Hérault,4233,5.563,25
2022,1,"Cambriolages de logement",72,Sarthe,1645,5.550,26
2022,1,"Cambriolages de logement",10,Aube,919,5.481,27
2022,1,"Cambriolages de logement",47,Lot-et-Garonne,1026,5.423,28
2022,1,"Cambriolages de logement",18,Cher,966,5.388,29
2022,1,"Cambriolages de logement",86,Vienne,1296,5.284,30
2022,1,"Cambriolages de logement",82,Tarn-et-Garonne,688,5.063,31
2022,1,"Cambriolages de logement",74,Haute-Savoie,2737,5.062,32
2022,1,"Cambriolages de logement",37,Indre-et-Loire,1654,4.965,33
2022,1,"Cambriolages de logement",51,Marne,1485,4.935,34
2022,1,"Cambriolages de logement",17,Charente-Maritime,2187,4.848,35
2022,1,"Cambriolages de logement",45,Loiret,1712,4.842,36
2022,1,"Cambriolages de logement",41,Loir-et-Cher,902,4.839,37
2022,1,"Cambriolages de logement",89,Yonne,960,4.834,38
2022,1,"Cambriolages de logement",81,Tarn,1048,4.807,39
2022,1,"Cambriolages de logement",52,Haute-Marne,476,4.726,40
2022,1,"Cambriolages de logement",08,Ardennes,678,4.709,41
2022,1,"Cambriolages de logement",24,Dordogne,1222,4.626,42
2022,1,"Cambriolages de logement",27,Eure,1390,4.619,43
2022,1,"Cambriolages de logement",87,Haute-Vienne,1029,4.618,44
2022,1,"Cambriolages de logement",40,Landes,1245,4.608,45
2022,1,"Cambriolages de logement",35,Ille-et-Vilaine,2644,4.596,46
2022,1,"Cambriolages de logement",56,Morbihan,2213,4.594,47
2022,1,"Cambriolages de logement",55,Meuse,452,4.511,48
2022,1,"Cambriolages de logement",62,Pas-de-Calais,3253,4.469,49
2022,1,"Cambriolages de logement",71,Saône-et-Loire,1402,4.464,50
2022,1,"Cambriolages de logement",60,Oise,1692,4.428,51
2022,1,"Cambriolages de logement",58,Nièvre,621,4.392,52
2022,1,"Cambriolages de logement",06,Alpes-Maritimes,3458,4.383,53
2022,1,"Cambriolages de logement",16,Charente,862,4.294,54
2022,1,"Cambriolages de logement",21,Côte-d'Or,1243,4.181,55
2022,1,"Cambriolages de logement",61,Orne,686,4.155,56
2022,1,"Cambriolages de logement",32,Gers,455,4.033,57
2022,1,"Cambriolages de logement",79,Deux-Sèvres,789,3.996,58
2022,1,"Cambriolages de logement",68,Haut-Rhin,1545,3.967,59
2022,1,"Cambriolages de logement",76,Seine-Maritime,2610,3.967,59
2022,1,"Cambriolages de logement",49,Maine-et-Loire,1604,3.946,61
2022,1,"Cambriolages de logement",36,Indre,547,3.934,62
2022,1,"Cambriolages de logement",66,Pyrénées-Orientales,1405,3.877,63
2022,1,"Cambriolages de logement",03,Allier,801,3.820,64
2022,1,"Cambriolages de logement",04,Alpes-de-Haute-Provence,497,3.778,65
2022,1,"Cambriolages de logement",64,Pyrénées-Atlantiques,1575,3.734,66
2022,1,"Cambriolages de logement",28,Eure-et-Loir,820,3.733,67
2022,1,"Cambriolages de logement",57,Moselle,1961,3.689,68
2022,1,"Cambriolages de logement",29,Finistère,2026,3.642,69
2022,1,"Cambriolages de logement",07,Ardèche,758,3.610,70
2022,1,"Cambriolages de logement",53,Mayenne,560,3.506,71
2022,1,"Cambriolages de logement",67,Bas-Rhin,2033,3.495,72
2022,1,"Cambriolages de logement",43,Haute-Loire,497,3.422,73
2022,1,"Cambriolages de logement",54,Meurthe-et-Moselle,1303,3.388,74
2022,1,"Cambriolages de logement",88,Vosges,727,3.374,75
2022,1,"Cambriolages de logement",80,Somme,1036,3.373,76
2022,1,"Cambriolages de logement",22,Côtes-d'Armor,1263,3.354,77
2022,1,"Cambriolages de logement",73,Savoie,1178,3.282,78
2022,1,"Cambriolages de logement",85,Vendée,1402,3.178,79
2022,1,"Cambriolages de logement",70,Haute-Saône,406,3.136,80
2022,1,"Cambriolages de logement",09,Ariège,346,3.107,81
2022,1,"Cambriolages de logement",25,Doubs,880,3.054,82
2022,1,"Cambriolages de logement",39,Jura,461,3.036,83
2022,1,"Cambriolages de logement",23,Creuse,270,3.033,84
2022,1,"Cambriolages de logement",90,"Territoire de Belfort",221,3.002,85
2022,1,"Cambriolages de logement",65,Hautes-Pyrénées,482,2.910,86
2022,1,"Cambriolages de logement",14,Calvados,1186,2.758,87
2022,1,"Cambriolages de logement",19,Corrèze,408,2.609,88
2022,1,"Cambriolages de logement",46,Lot,310,2.566,89
2022,1,"Cambriolages de logement",05,Hautes-Alpes,298,2.130,90
2022,1,"Cambriolages de logement",50,Manche,632,2.090,91
2022,1,"Cambriolages de logement",12,Aveyron,327,1.768,92
2022,1,"Cambriolages de logement",15,Cantal,171,1.666,93
2022,1,"Cambriolages de logement",2A,Corse-du-Sud,177,1.417,94
2022,1,"Cambriolages de logement",48,Lozère,83,1.339,95
2022,1,"Cambriolages de logement",2B,Haute-Corse,166,1.214,96
2022,2,"Destructions et dégradations volontaires",13,Bouches-du-Rhône,22833,11.031,1
2022,2,"Destructions et dégradations volontaires",66,Pyrénées-Orientales,5404,10.962,2
2022,2,"Destructions et dégradations volontaires",75,Paris,21196,10.028,3
2022,2,"Destructions et dégradations volontaires",93,Seine-Saint-Denis,16775,9.975,4
2022,2,"Destructions et dégradations volontaires",2A,Corse-du-Sud,1654,9.961,5
2022,2,"Destructions et dégradations volontaires",83,Var,10556,9.524,6
2022,2,"Destructions et dégradations volontaires",11,Aude,3595,9.516,7
2022,2,"Destructions et dégradations volontaires",2B,Haute-Corse,1760,9.502,8
2022,2,"Destructions et dégradations volontaires",42,Loire,7278,9.427,9
2022,2,"Destructions et dégradations volontaires",80,Somme,5321,9.409,10
2022,2,"Destructions et dégradations volontaires",34,Hérault,11436,9.394,11
2022,2,"Destructions et dégradations volontaires",06,Alpes-Maritimes,10318,9.257,12
2022,2,"Destructions et dégradations volontaires",59,Nord,24143,9.226,13
2022,2,"Destructions et dégradations volontaires",05,Hautes-Alpes,1285,9.070,14
2022,2,"Destructions et dégradations volontaires",04,Alpes-de-Haute-Provence,1497,8.954,15
2022,2,"Destructions et dégradations volontaires",09,Ariège,1369,8.813,16
2022,2,"Destructions et dégradations volontaires",69,Rhône,16709,8.757,17
2022,2,"Destructions et dégradations volontaires",62,Pas-de-Calais,12733,8.720,18
2022,2,"Destructions et dégradations volontaires",51,Marne,4895,8.677,19
2022,2,"Destructions et dégradations volontaires",08,Ardennes,2316,8.668,20
2022,2,"Destructions et dégradations volontaires",33,Gironde,14504,8.659,21
2022,2,"Destructions et dégradations volontaires",84,Vaucluse,4856,8.539,22
2022,2,"Destructions et dégradations volontaires",52,Haute-Marne,1448,8.524,23
2022,2,"Destructions et dégradations volontaires",02,Aisne,4462,8.490,24
2022,2,"Destructions et dégradations volontaires",95,Val-d'Oise,10774,8.478,25
2022,2,"Destructions et dégradations volontaires",38,Isère,10935,8.468,26
2022,2,"Destructions et dégradations volontaires",89,Yonne,2803,8.395,27
2022,2,"Destructions et dégradations volontaires",16,Charente,2937,8.353,28
2022,2,"Destructions et dégradations volontaires",26,Drôme,4282,8.212,29
2022,2,"Destructions et dégradations volontaires",54,Meurthe-et-Moselle,5987,8.169,30
2022,2,"Destructions et dégradations volontaires",76,Seine-Maritime,10275,8.153,31
2022,2,"Destructions et dégradations volontaires",63,Puy-de-Dôme,5384,8.104,32
2022,2,"Destructions et dégradations volontaires",17,Charente-Maritime,5364,8.028,33
2022,2,"Destructions et dégradations volontaires",90,"Territoire de Belfort",1123,8.017,34
2022,2,"Destructions et dégradations volontaires",30,Gard,6039,7.904,35
2022,2,"Destructions et dégradations volontaires",92,Hauts-de-Seine,12859,7.805,36
2022,2,"Destructions et dégradations volontaires",31,Haute-Garonne,11270,7.739,37
2022,2,"Destructions et dégradations volontaires",94,Val-de-Marne,10936,7.704,38
2022,2,"Destructions et dégradations volontaires",10,Aube,2396,7.702,39
2022,2,"Destructions et dégradations volontaires",03,Allier,2570,7.678,40
2022,2,"Destructions et dégradations volontaires",29,Finistère,7086,7.637,41
2022,2,"Destructions et dégradations volontaires",86,Vienne,3334,7.600,42
2022,2,"Destructions et dégradations volontaires",21,Côte-d'Or,4082,7.593,43
2022,2,"Destructions et dégradations volontaires",91,Essonne,10021,7.566,44
2022,2,"Destructions et dégradations volontaires",61,Orne,2080,7.532,45
2022,2,"Destructions et dégradations volontaires",73,Savoie,3340,7.501,46
2022,2,"Destructions et dégradations volontaires",44,Loire-Atlantique,10881,7.386,47
2022,2,"Destructions et dégradations volontaires",28,Eure-et-Loir,3194,7.377,48
2022,2,"Destructions et dégradations volontaires",87,Haute-Vienne,2747,7.376,49
2022,2,"Destructions et dégradations volontaires",22,Côtes-d'Armor,4486,7.359,50
2022,2,"Destructions et dégradations volontaires",88,Vosges,2631,7.335,51
2022,2,"Destructions et dégradations volontaires",47,Lot-et-Garonne,2436,7.332,52
2022,2,"Destructions et dégradations volontaires",72,Sarthe,4144,7.320,53
2022,2,"Destructions et dégradations volontaires",55,Meuse,1321,7.309,54
2022,2,"Destructions et dégradations volontaires",58,Nièvre,1471,7.271,55
2022,2,"Destructions et dégradations volontaires",77,Seine-et-Marne,10455,7.198,56
2022,2,"Destructions et dégradations volontaires",07,Ardèche,2366,7.100,57
2022,2,"Destructions et dégradations volontaires",37,Indre-et-Loire,4369,7.089,58
2022,2,"Destructions et dégradations volontaires",41,Loir-et-Cher,2300,6.992,59
2022,2,"Destructions et dégradations volontaires",35,Ille-et-Vilaine,7741,6.979,60
2022,2,"Destructions et dégradations volontaires",36,Indre,1512,6.974,61
2022,2,"Destructions et dégradations volontaires",18,Cher,2088,6.972,62
2022,2,"Destructions et dégradations volontaires",14,Calvados,4907,6.964,63
2022,2,"Destructions et dégradations volontaires",60,Oise,5774,6.951,64
2022,2,"Destructions et dégradations volontaires",39,Jura,1783,6.900,65
2022,2,"Destructions et dégradations volontaires",27,Eure,4127,6.863,66
2022,2,"Destructions et dégradations volontaires",57,Moselle,7204,6.856,67
2022,2,"Destructions et dégradations volontaires",68,Haut-Rhin,5245,6.831,68
2022,2,"Destructions et dégradations volontaires",25,Doubs,3739,6.815,69
2022,2,"Destructions et dégradations volontaires",70,Haute-Saône,1594,6.814,70
2022,2,"Destructions et dégradations volontaires",79,Deux-Sèvres,2554,6.803,71
2022,2,"Destructions et dégradations volontaires",74,Haute-Savoie,5769,6.790,72
2022,2,"Destructions et dégradations volontaires",40,Landes,2906,6.783,73
2022,2,"Destructions et dégradations volontaires",64,Pyrénées-Atlantiques,4705,6.726,74
2022,2,"Destructions et dégradations volontaires",65,Hautes-Pyrénées,1556,6.723,75
2022,2,"Destructions et dégradations volontaires",81,Tarn,2663,6.722,76
2022,2,"Destructions et dégradations volontaires",85,Vendée,4681,6.627,77
2022,2,"Destructions et dégradations volontaires",43,Haute-Loire,1470,6.443,78
2022,2,"Destructions et dégradations volontaires",67,Bas-Rhin,7427,6.419,79
2022,2,"Destructions et dégradations volontaires",49,Maine-et-Loire,5308,6.409,80
2022,2,"Destructions et dégradations volontaires",78,Yvelines,9396,6.388,81
2022,2,"Destructions et dégradations volontaires",01,Ain,4248,6.328,82
2022,2,"Destructions et dégradations volontaires",23,Creuse,728,6.301,83
2022,2,"Destructions et dégradations volontaires",56,Morbihan,4865,6.268,84
2022,2,"Destructions et dégradations volontaires",45,Loiret,4238,6.168,85
2022,2,"Destructions et dégradations volontaires",24,Dordogne,2566,6.163,86
2022,2,"Destructions et dégradations volontaires",53,Mayenne,1863,6.099,87
2022,2,"Destructions et dégradations volontaires",50,Manche,3028,6.095,88
2022,2,"Destructions et dégradations volontaires",82,Tarn-et-Garonne,1607,6.066,89
2022,2,"Destructions et dégradations volontaires",15,Cantal,871,6.032,90
2022,2,"Destructions et dégradations volontaires",71,Saône-et-Loire,3295,6.000,91
2022,2,"Destructions et dégradations volontaires",46,Lot,1042,5.933,92
2022,2,"Destructions et dégradations volontaires",19,Corrèze,1338,5.572,93
2022,2,"Destructions et dégradations volontaires",48,Lozère,422,5.516,94
2022,2,"Destructions et dégradations volontaires",32,Gers,969,5.030,95
2022,2,"Destructions et dégradations volontaires",12,Aveyron,1374,4.912,96
2022,3,"Escroqueries et fraudes aux moyens de paiement",75,Paris,26583,12.576,1
2022,3,"Escroqueries et fraudes aux moyens de paiement",92,Hauts-de-Seine,14104,8.561,2
2022,3,"Escroqueries et fraudes aux moyens de paiement",31,Haute-Garonne,10357,7.112,3
2022,3,"Escroqueries et fraudes aux moyens de paiement",04,Alpes-de-Haute-Provence,1175,7.028,4
2022,3,"Escroqueries et fraudes aux moyens de paiement",13,Bouches-du-Rhône,14507,7.009,5
2022,3,"Escroqueries et fraudes aux moyens de paiement",69,Rhône,13089,6.860,6
2022,3,"Escroqueries et fraudes aux moyens de paiement",94,Val-de-Marne,9714,6.843,7
2022,3,"Escroqueries et fraudes aux moyens de paiement",83,Var,7487,6.755,8
2022,3,"Escroqueries et fraudes aux moyens de paiement",78,Yvelines,9854,6.700,9
2022,3,"Escroqueries et fraudes aux moyens de paiement",66,Pyrénées-Orientales,3158,6.406,10
2022,3,"Escroqueries et fraudes aux moyens de paiement",06,Alpes-Maritimes,7043,6.319,11
2022,3,"Escroqueries et fraudes aux moyens de paiement",33,Gironde,10529,6.286,12
2022,3,"Escroqueries et fraudes aux moyens de paiement",37,Indre-et-Loire,3871,6.281,13
2022,3,"Escroqueries et fraudes aux moyens de paiement",45,Loiret,4250,6.186,14
2022,3,"Escroqueries et fraudes aux moyens de paiement",34,Hérault,7466,6.133,15
2022,3,"Escroqueries et fraudes aux moyens de paiement",93,Seine-Saint-Denis,9990,5.940,16
2022,3,"Escroqueries et fraudes aux moyens de paiement",46,Lot,1030,5.865,17
2022,3,"Escroqueries et fraudes aux moyens de paiement",74,Haute-Savoie,4981,5.863,18
2022,3,"Escroqueries et fraudes aux moyens de paiement",38,Isère,7498,5.806,19
2022,3,"Escroqueries et fraudes aux moyens de paiement",16,Charente,2034,5.785,20
2022,3,"Escroqueries et fraudes aux moyens de paiement",91,Essonne,7575,5.719,21
2022,3,"Escroqueries et fraudes aux moyens de paiement",03,Allier,1897,5.668,22
2022,3,"Escroqueries et fraudes aux moyens de paiement",95,Val-d'Oise,7138,5.617,23
2022,3,"Escroqueries et fraudes aux moyens de paiement",40,Landes,2398,5.597,24
2022,3,"Escroqueries et fraudes aux moyens de paiement",72,Sarthe,3167,5.594,25
2022,3,"Escroqueries et fraudes aux moyens de paiement",89,Yonne,1854,5.553,26
2022,3,"Escroqueries et fraudes aux moyens de paiement",43,Haute-Loire,1266,5.549,27
2022,3,"Escroqueries et fraudes aux moyens de paiement",84,Vaucluse,3156,5.549,27
2022,3,"Escroqueries et fraudes aux moyens de paiement",42,Loire,4262,5.520,29
2022,3,"Escroqueries et fraudes aux moyens de paiement",87,Haute-Vienne,2049,5.502,30
2022,3,"Escroqueries et fraudes aux moyens de paiement",44,Loire-Atlantique,8097,5.496,31
2022,3,"Escroqueries et fraudes aux moyens de paiement",54,Meurthe-et-Moselle,4008,5.469,32
2022,3,"Escroqueries et fraudes aux moyens de paiement",51,Marne,3063,5.430,33
2022,3,"Escroqueries et fraudes aux moyens de paiement",05,Hautes-Alpes,768,5.421,34
2022,3,"Escroqueries et fraudes aux moyens de paiement",77,Seine-et-Marne,7839,5.397,35
2022,3,"Escroqueries et fraudes aux moyens de paiement",32,Gers,1036,5.378,36
2022,3,"Escroqueries et fraudes aux moyens de paiement",65,Hautes-Pyrénées,1241,5.362,37
2022,3,"Escroqueries et fraudes aux moyens de paiement",86,Vienne,2352,5.361,38
2022,3,"Escroqueries et fraudes aux moyens de paiement",30,Gard,4089,5.352,39
2022,3,"Escroqueries et fraudes aux moyens de paiement",01,Ain,3583,5.337,40
2022,3,"Escroqueries et fraudes aux moyens de paiement",35,Ille-et-Vilaine,5891,5.311,41
2022,3,"Escroqueries et fraudes aux moyens de paiement",25,Doubs,2895,5.276,42
2022,3,"Escroqueries et fraudes aux moyens de paiement",47,Lot-et-Garonne,1746,5.255,43
2022,3,"Escroqueries et fraudes aux moyens de paiement",82,Tarn-et-Garonne,1392,5.254,44
2022,3,"Escroqueries et fraudes aux moyens de paiement",26,Drôme,2724,5.224,45
2022,3,"Escroqueries et fraudes aux moyens de paiement",58,Nièvre,1055,5.215,46
2022,3,"Escroqueries et fraudes aux moyens de paiement",10,Aube,1618,5.201,47
2022,3,"Escroqueries et fraudes aux moyens de paiement",24,Dordogne,2153,5.171,48
2022,3,"Escroqueries et fraudes aux moyens de paiement",76,Seine-Maritime,6502,5.159,49
2022,3,"Escroqueries et fraudes aux moyens de paiement",64,Pyrénées-Atlantiques,3608,5.158,50
2022,3,"Escroqueries et fraudes aux moyens de paiement",63,Puy-de-Dôme,3408,5.130,51
2022,3,"Escroqueries et fraudes aux moyens de paiement",70,Haute-Saône,1200,5.130,51
2022,3,"Escroqueries et fraudes aux moyens de paiement",19,Corrèze,1221,5.085,53
2022,3,"Escroqueries et fraudes aux moyens de paiement",09,Ariège,788,5.073,54
2022,3,"Escroqueries et fraudes aux moyens de paiement",11,Aude,1914,5.067,55
2022,3,"Escroqueries et fraudes aux moyens de paiement",59,Nord,13155,5.027,56
2022,3,"Escroqueries et fraudes aux moyens de paiement",56,Morbihan,3884,5.004,57
2022,3,"Escroqueries et fraudes aux moyens de paiement",81,Tarn,1971,4.975,58
2022,3,"Escroqueries et fraudes aux moyens de paiement",15,Cantal,718,4.972,59
2022,3,"Escroqueries et fraudes aux moyens de paiement",61,Orne,1363,4.936,60
2022,3,"Escroqueries et fraudes aux moyens de paiement",73,Savoie,2191,4.920,61
2022,3,"Escroqueries et fraudes aux moyens de paiement",60,Oise,4076,4.907,62
2022,3,"Escroqueries et fraudes aux moyens de paiement",14,Calvados,3452,4.899,63
2022,3,"Escroqueries et fraudes aux moyens de paiement",17,Charente-Maritime,3267,4.890,64
2022,3,"Escroqueries et fraudes aux moyens de paiement",39,Jura,1260,4.876,65
2022,3,"Escroqueries et fraudes aux moyens de paiement",49,Maine-et-Loire,4037,4.875,66
2022,3,"Escroqueries et fraudes aux moyens de paiement",67,Bas-Rhin,5619,4.857,67
2022,3,"Escroqueries et fraudes aux moyens de paiement",71,Saône-et-Loire,2659,4.842,68
2022,3,"Escroqueries et fraudes aux moyens de paiement",29,Finistère,4491,4.840,69
2022,3,"Escroqueries et fraudes aux moyens de paiement",27,Eure,2906,4.833,70
2022,3,"Escroqueries et fraudes aux moyens de paiement",21,Côte-d'Or,2595,4.827,71
2022,3,"Escroqueries et fraudes aux moyens de paiement",36,Indre,1044,4.815,72
2022,3,"Escroqueries et fraudes aux moyens de paiement",23,Creuse,550,4.761,73
2022,3,"Escroqueries et fraudes aux moyens de paiement",02,Aisne,2494,4.745,74
2022,3,"Escroqueries et fraudes aux moyens de paiement",85,Vendée,3316,4.695,75
2022,3,"Escroqueries et fraudes aux moyens de paiement",18,Cher,1403,4.685,76
2022,3,"Escroqueries et fraudes aux moyens de paiement",22,Côtes-d'Armor,2848,4.672,77
2022,3,"Escroqueries et fraudes aux moyens de paiement",2B,Haute-Corse,860,4.643,78
2022,3,"Escroqueries et fraudes aux moyens de paiement",53,Mayenne,1411,4.620,79
2022,3,"Escroqueries et fraudes aux moyens de paiement",08,Ardennes,1234,4.618,80
2022,3,"Escroqueries et fraudes aux moyens de paiement",55,Meuse,829,4.587,81
2022,3,"Escroqueries et fraudes aux moyens de paiement",28,Eure-et-Loir,1979,4.571,82
2022,3,"Escroqueries et fraudes aux moyens de paiement",41,Loir-et-Cher,1502,4.566,83
2022,3,"Escroqueries et fraudes aux moyens de paiement",80,Somme,2574,4.551,84
2022,3,"Escroqueries et fraudes aux moyens de paiement",88,Vosges,1614,4.500,85
2022,3,"Escroqueries et fraudes aux moyens de paiement",07,Ardèche,1487,4.462,86
2022,3,"Escroqueries et fraudes aux moyens de paiement",2A,Corse-du-Sud,735,4.427,87
2022,3,"Escroqueries et fraudes aux moyens de paiement",52,Haute-Marne,748,4.403,88
2022,3,"Escroqueries et fraudes aux moyens de paiement",12,Aveyron,1225,4.379,89
2022,3,"Escroqueries et fraudes aux moyens de paiement",50,Manche,2120,4.267,90
2022,3,"Escroqueries et fraudes aux moyens de paiement",62,Pas-de-Calais,6201,4.247,91
2022,3,"Escroqueries et fraudes aux moyens de paiement",57,Moselle,4395,4.183,92
2022,3,"Escroqueries et fraudes aux moyens de paiement",68,Haut-Rhin,3122,4.066,93
2022,3,"Escroqueries et fraudes aux moyens de paiement",79,Deux-Sèvres,1496,3.985,94
2022,3,"Escroqueries et fraudes aux moyens de paiement",90,"Territoire de Belfort",532,3.798,95
2022,3,"Escroqueries et fraudes aux moyens de paiement",48,Lozère,290,3.791,96
2022,4,Homicides,13,Bouches-du-Rhône,82,0.040,1
2022,4,Homicides,2B,Haute-Corse,7,0.038,2
2022,4,Homicides,2A,Corse-du-Sud,5,0.030,3
2022,4,Homicides,05,Hautes-Alpes,4,0.028,4
2022,4,Homicides,09,Ariège,4,0.026,5
2022,4,Homicides,65,Hautes-Pyrénées,6,0.026,5
2022,4,Homicides,66,Pyrénées-Orientales,12,0.024,7
2022,4,Homicides,72,Sarthe,13,0.023,8
2022,4,Homicides,25,Doubs,12,0.022,9
2022,4,Homicides,84,Vaucluse,11,0.019,10
2022,4,Homicides,34,Hérault,22,0.018,11
2022,4,Homicides,35,Ille-et-Vilaine,20,0.018,11
2022,4,Homicides,61,Orne,5,0.018,11
2022,4,Homicides,80,Somme,10,0.018,11
2022,4,Homicides,24,Dordogne,7,0.017,15
2022,4,Homicides,29,Finistère,16,0.017,15
2022,4,Homicides,75,Paris,35,0.017,15
2022,4,Homicides,10,Aube,5,0.016,18
2022,4,Homicides,44,Loire-Atlantique,23,0.016,18
2022,4,Homicides,51,Marne,9,0.016,18
2022,4,Homicides,57,Moselle,17,0.016,18
2022,4,Homicides,86,Vienne,7,0.016,18
2022,4,Homicides,91,Essonne,21,0.016,18
2022,4,Homicides,06,Alpes-Maritimes,17,0.015,24
2022,4,Homicides,07,Ardèche,5,0.015,24
2022,4,Homicides,08,Ardennes,4,0.015,24
2022,4,Homicides,41,Loir-et-Cher,5,0.015,24
2022,4,Homicides,47,Lot-et-Garonne,5,0.015,24
2022,4,Homicides,71,Saône-et-Loire,8,0.015,24
2022,4,Homicides,89,Yonne,5,0.015,24
2022,4,Homicides,16,Charente,5,0.014,31
2022,4,Homicides,28,Eure-et-Loir,6,0.014,31
2022,4,Homicides,90,"Territoire de Belfort",2,0.014,31
2022,4,Homicides,01,Ain,9,0.013,34
2022,4,Homicides,22,Côtes-d'Armor,8,0.013,34
2022,4,Homicides,26,Drôme,7,0.013,34
2022,4,Homicides,27,Eure,8,0.013,34
2022,4,Homicides,45,Loiret,9,0.013,34
2022,4,Homicides,59,Nord,33,0.013,34
2022,4,Homicides,68,Haut-Rhin,10,0.013,34
2022,4,Homicides,95,Val-d'Oise,16,0.013,34
2022,4,Homicides,30,Gard,9,0.012,42
2022,4,Homicides,40,Landes,5,0.012,42
2022,4,Homicides,69,Rhône,22,0.012,42
2022,4,Homicides,02,Aisne,6,0.011,45
2022,4,Homicides,11,Aude,4,0.011,45
2022,4,Homicides,46,Lot,2,0.011,45
2022,4,Homicides,54,Meurthe-et-Moselle,8,0.011,45
2022,4,Homicides,93,Seine-Saint-Denis,19,0.011,45
2022,4,Homicides,94,Val-de-Marne,16,0.011,45
2022,4,Homicides,18,Cher,3,0.010,51
2022,4,Homicides,33,Gironde,17,0.010,51
2022,4,Homicides,37,Indre-et-Loire,6,0.010,51
2022,4,Homicides,38,Isère,13,0.010,51
2022,4,Homicides,49,Maine-et-Loire,8,0.010,51
2022,4,Homicides,56,Morbihan,8,0.010,51
2022,4,Homicides,62,Pas-de-Calais,15,0.010,51
2022,4,Homicides,76,Seine-Maritime,12,0.010,51
2022,4,Homicides,17,Charente-Maritime,6,0.009,59
2022,4,Homicides,36,Indre,2,0.009,59
2022,4,Homicides,42,Loire,7,0.009,59
2022,4,Homicides,73,Savoie,4,0.009,59
2022,4,Homicides,77,Seine-et-Marne,13,0.009,59
2022,4,Homicides,83,Var,10,0.009,59
2022,4,Homicides,19,Corrèze,2,0.008,65
2022,4,Homicides,31,Haute-Garonne,11,0.008,65
2022,4,Homicides,39,Jura,2,0.008,65
2022,4,Homicides,50,Manche,4,0.008,65
2022,4,Homicides,63,Puy-de-Dôme,5,0.008,65
2022,4,Homicides,74,Haute-Savoie,7,0.008,65
2022,4,Homicides,79,Deux-Sèvres,3,0.008,65
2022,4,Homicides,81,Tarn,3,0.008,65
2022,4,Homicides,92,Hauts-de-Seine,13,0.008,65
2022,4,Homicides,12,Aveyron,2,0.007,74
2022,4,Homicides,78,Yvelines,10,0.007,74
2022,4,Homicides,04,Alpes-de-Haute-Provence,1,0.006,76
2022,4,Homicides,14,Calvados,4,0.006,76
2022,4,Homicides,21,Côte-d'Or,3,0.006,76
2022,4,Homicides,52,Haute-Marne,1,0.006,76
2022,4,Homicides,55,Meuse,1,0.006,76
2022,4,Homicides,64,Pyrénées-Atlantiques,4,0.006,76
2022,4,Homicides,88,Vosges,2,0.006,76
2022,4,Homicides,32,Gers,1,0.005,83
2022,4,Homicides,58,Nièvre,1,0.005,83
2022,4,Homicides,87,Haute-Vienne,2,0.005,83
2022,4,Homicides,70,Haute-Saône,1,0.004,86
2022,4,Homicides,82,Tarn-et-Garonne,1,0.004,86
2022,4,Homicides,85,Vendée,3,0.004,86
2022,4,Homicides,53,Mayenne,1,0.003,89
2022,4,Homicides,67,Bas-Rhin,4,0.003,89
2022,4,Homicides,60,Oise,2,0.002,91
2022,4,Homicides,03,Allier,0,0.000,92
2022,4,Homicides,15,Cantal,0,0.000,92
2022,4,Homicides,23,Creuse,0,0.000,92
2022,4,Homicides,43,Haute-Loire,0,0.000,92
2022,4,Homicides,48,Lozère,0,0.000,92
2022,5,"Tentatives d'homicide",95,Val-d'Oise,159,0.125,1
2022,5,"Tentatives d'homicide",13,Bouches-du-Rhône,202,0.098,2
2022,5,"Tentatives d'homicide",93,Seine-Saint-Denis,161,0.096,3
2022,5,"Tentatives d'homicide",88,Vosges,34,0.095,4
2022,5,"Tentatives d'homicide",66,Pyrénées-Orientales,40,0.081,5
2022,5,"Tentatives d'homicide",31,Haute-Garonne,112,0.077,6
2022,5,"Tentatives d'homicide",79,Deux-Sèvres,28,0.075,7
2022,5,"Tentatives d'homicide",70,Haute-Saône,17,0.073,8
2022,5,"Tentatives d'homicide",75,Paris,144,0.068,9
2022,5,"Tentatives d'homicide",94,Val-de-Marne,95,0.067,10
2022,5,"Tentatives d'homicide",03,Allier,22,0.066,11
2022,5,"Tentatives d'homicide",55,Meuse,12,0.066,11
2022,5,"Tentatives d'homicide",60,Oise,54,0.065,13
2022,5,"Tentatives d'homicide",72,Sarthe,35,0.062,14
2022,5,"Tentatives d'homicide",25,Doubs,33,0.060,15
2022,5,"Tentatives d'homicide",2B,Haute-Corse,11,0.059,16
2022,5,"Tentatives d'homicide",49,Maine-et-Loire,47,0.057,17
2022,5,"Tentatives d'homicide",33,Gironde,93,0.056,18
2022,5,"Tentatives d'homicide",42,Loire,43,0.056,18
2022,5,"Tentatives d'homicide",65,Hautes-Pyrénées,13,0.056,18
2022,5,"Tentatives d'homicide",71,Saône-et-Loire,31,0.056,18
2022,5,"Tentatives d'homicide",45,Loiret,37,0.054,22
2022,5,"Tentatives d'homicide",63,Puy-de-Dôme,35,0.053,23
2022,5,"Tentatives d'homicide",23,Creuse,6,0.052,24
2022,5,"Tentatives d'homicide",26,Drôme,27,0.052,24
2022,5,"Tentatives d'homicide",34,Hérault,62,0.051,26
2022,5,"Tentatives d'homicide",84,Vaucluse,29,0.051,26
2022,5,"Tentatives d'homicide",06,Alpes-Maritimes,53,0.048,28
2022,5,"Tentatives d'homicide",44,Loire-Atlantique,69,0.047,29
2022,5,"Tentatives d'homicide",30,Gard,35,0.046,30
2022,5,"Tentatives d'homicide",68,Haut-Rhin,35,0.046,30
2022,5,"Tentatives d'homicide",02,Aisne,23,0.044,32
2022,5,"Tentatives d'homicide",14,Calvados,31,0.044,32
2022,5,"Tentatives d'homicide",69,Rhône,84,0.044,32
2022,5,"Tentatives d'homicide",21,Côte-d'Or,23,0.043,35
2022,5,"Tentatives d'homicide",83,Var,48,0.043,35
2022,5,"Tentatives d'homicide",28,Eure-et-Loir,18,0.042,37
2022,5,"Tentatives d'homicide",91,Essonne,56,0.042,37
2022,5,"Tentatives d'homicide",54,Meurthe-et-Moselle,30,0.041,39
2022,5,"Tentatives d'homicide",18,Cher,12,0.040,40
2022,5,"Tentatives d'homicide",41,Loir-et-Cher,13,0.040,40
2022,5,"Tentatives d'homicide",50,Manche,20,0.040,40
2022,5,"Tentatives d'homicide",86,Vienne,17,0.039,43
2022,5,"Tentatives d'homicide",51,Marne,21,0.037,44
2022,5,"Tentatives d'homicide",04,Alpes-de-Haute-Provence,6,0.036,45
2022,5,"Tentatives d'homicide",12,Aveyron,10,0.036,45
2022,5,"Tentatives d'homicide",2A,Corse-du-Sud,6,0.036,45
2022,5,"Tentatives d'homicide",77,Seine-et-Marne,53,0.036,45
2022,5,"Tentatives d'homicide",92,Hauts-de-Seine,59,0.036,45
2022,5,"Tentatives d'homicide",52,Haute-Marne,6,0.035,50
2022,5,"Tentatives d'homicide",35,Ille-et-Vilaine,38,0.034,51
2022,5,"Tentatives d'homicide",64,Pyrénées-Atlantiques,24,0.034,51
2022,5,"Tentatives d'homicide",73,Savoie,15,0.034,51
2022,5,"Tentatives d'homicide",38,Isère,43,0.033,54
2022,5,"Tentatives d'homicide",59,Nord,85,0.032,55
2022,5,"Tentatives d'homicide",17,Charente-Maritime,20,0.030,56
2022,5,"Tentatives d'homicide",57,Moselle,31,0.030,56
2022,5,"Tentatives d'homicide",76,Seine-Maritime,38,0.030,56
2022,5,"Tentatives d'homicide",89,Yonne,10,0.030,56
2022,5,"Tentatives d'homicide",24,Dordogne,12,0.029,60
2022,5,"Tentatives d'homicide",74,Haute-Savoie,25,0.029,60
2022,5,"Tentatives d'homicide",27,Eure,16,0.027,62
2022,5,"Tentatives d'homicide",11,Aude,10,0.026,63
2022,5,"Tentatives d'homicide",16,Charente,9,0.026,63
2022,5,"Tentatives d'homicide",37,Indre-et-Loire,16,0.026,63
2022,5,"Tentatives d'homicide",62,Pas-de-Calais,37,0.025,66
2022,5,"Tentatives d'homicide",80,Somme,14,0.025,66
2022,5,"Tentatives d'homicide",10,Aube,7,0.023,68
2022,5,"Tentatives d'homicide",36,Indre,5,0.023,68
2022,5,"Tentatives d'homicide",67,Bas-Rhin,27,0.023,68
2022,5,"Tentatives d'homicide",82,Tarn-et-Garonne,6,0.023,68
2022,5,"Tentatives d'homicide",56,Morbihan,17,0.022,72
2022,5,"Tentatives d'homicide",61,Orne,6,0.022,72
2022,5,"Tentatives d'homicide",01,Ain,14,0.021,74
2022,5,"Tentatives d'homicide",15,Cantal,3,0.021,74
2022,5,"Tentatives d'homicide",19,Corrèze,5,0.021,74
2022,5,"Tentatives d'homicide",22,Côtes-d'Armor,13,0.021,74
2022,5,"Tentatives d'homicide",29,Finistère,19,0.020,78
2022,5,"Tentatives d'homicide",78,Yvelines,30,0.020,78
2022,5,"Tentatives d'homicide",09,Ariège,3,0.019,80
2022,5,"Tentatives d'homicide",40,Landes,8,0.019,80
2022,5,"Tentatives d'homicide",87,Haute-Vienne,7,0.019,80
2022,5,"Tentatives d'homicide",43,Haute-Loire,4,0.018,83
2022,5,"Tentatives d'homicide",47,Lot-et-Garonne,6,0.018,83
2022,5,"Tentatives d'homicide",85,Vendée,11,0.016,85
2022,5,"Tentatives d'homicide",58,Nièvre,3,0.015,86
2022,5,"Tentatives d'homicide",81,Tarn,6,0.015,86
2022,5,"Tentatives d'homicide",53,Mayenne,4,0.013,88
2022,5,"Tentatives d'homicide",46,Lot,2,0.011,89
2022,5,"Tentatives d'homicide",07,Ardèche,3,0.009,90
2022,5,"Tentatives d'homicide",39,Jura,2,0.008,91
2022,5,"Tentatives d'homicide",05,Hautes-Alpes,1,0.007,92
2022,5,"Tentatives d'homicide",90,"Territoire de Belfort",1,0.007,92
2022,5,"Tentatives d'homicide",32,Gers,1,0.005,94
2022,5,"Tentatives d'homicide",08,Ardennes,1,0.004,95
2022,5,"Tentatives d'homicide",48,Lozère,0,0.000,96
2022,6,"Trafic de stupéfiants",93,Seine-Saint-Denis,4276,2.543,1
2022,6,"Trafic de stupéfiants",75,Paris,4446,2.103,2
2022,6,"Trafic de stupéfiants",13,Bouches-du-Rhône,3193,1.543,3
2022,6,"Trafic de stupéfiants",94,Val-de-Marne,2164,1.524,4
2022,6,"Trafic de stupéfiants",66,Pyrénées-Orientales,636,1.290,5
2022,6,"Trafic de stupéfiants",84,Vaucluse,723,1.271,6
2022,6,"Trafic de stupéfiants",2A,Corse-du-Sud,178,1.072,7
2022,6,"Trafic de stupéfiants",31,Haute-Garonne,1523,1.046,8
2022,6,"Trafic de stupéfiants",55,Meuse,188,1.040,9
2022,6,"Trafic de stupéfiants",83,Var,1119,1.010,10
2022,6,"Trafic de stupéfiants",91,Essonne,1307,0.987,11
2022,6,"Trafic de stupéfiants",95,Val-d'Oise,1195,0.940,12
2022,6,"Trafic de stupéfiants",74,Haute-Savoie,795,0.936,13
2022,6,"Trafic de stupéfiants",25,Doubs,478,0.871,14
2022,6,"Trafic de stupéfiants",69,Rhône,1582,0.829,15
2022,6,"Trafic de stupéfiants",06,Alpes-Maritimes,894,0.802,16
2022,6,"Trafic de stupéfiants",92,Hauts-de-Seine,1230,0.747,17
2022,6,"Trafic de stupéfiants",21,Côte-d'Or,368,0.685,18
2022,6,"Trafic de stupéfiants",59,Nord,1783,0.681,19
2022,6,"Trafic de stupéfiants",34,Hérault,804,0.660,20
2022,6,"Trafic de stupéfiants",81,Tarn,259,0.654,21
2022,6,"Trafic de stupéfiants",16,Charente,229,0.651,22
2022,6,"Trafic de stupéfiants",73,Savoie,286,0.642,23
2022,6,"Trafic de stupéfiants",35,Ille-et-Vilaine,709,0.639,24
2022,6,"Trafic de stupéfiants",77,Seine-et-Marne,919,0.633,25
2022,6,"Trafic de stupéfiants",54,Meurthe-et-Moselle,457,0.624,26
2022,6,"Trafic de stupéfiants",90,"Territoire de Belfort",86,0.614,27
2022,6,"Trafic de stupéfiants",09,Ariège,95,0.612,28
2022,6,"Trafic de stupéfiants",40,Landes,251,0.586,29
2022,6,"Trafic de stupéfiants",26,Drôme,299,0.573,30
2022,6,"Trafic de stupéfiants",68,Haut-Rhin,436,0.568,31
2022,6,"Trafic de stupéfiants",30,Gard,424,0.555,32
2022,6,"Trafic de stupéfiants",60,Oise,459,0.553,33
2022,6,"Trafic de stupéfiants",78,Yvelines,799,0.543,34
2022,6,"Trafic de stupéfiants",63,Puy-de-Dôme,360,0.542,35
2022,6,"Trafic de stupéfiants",88,Vosges,190,0.530,36
2022,6,"Trafic de stupéfiants",44,Loire-Atlantique,750,0.509,37
2022,6,"Trafic de stupéfiants",70,Haute-Saône,119,0.509,37
2022,6,"Trafic de stupéfiants",56,Morbihan,386,0.497,39
2022,6,"Trafic de stupéfiants",28,Eure-et-Loir,211,0.487,40
2022,6,"Trafic de stupéfiants",76,Seine-Maritime,611,0.485,41
2022,6,"Trafic de stupéfiants",65,Hautes-Pyrénées,112,0.484,42
2022,6,"Trafic de stupéfiants",33,Gironde,806,0.481,43
2022,6,"Trafic de stupéfiants",79,Deux-Sèvres,178,0.474,44
2022,6,"Trafic de stupéfiants",71,Saône-et-Loire,258,0.470,45
2022,6,"Trafic de stupéfiants",11,Aude,177,0.469,46
2022,6,"Trafic de stupéfiants",86,Vienne,203,0.463,47
2022,6,"Trafic de stupéfiants",46,Lot,81,0.461,48
2022,6,"Trafic de stupéfiants",03,Allier,154,0.460,49
2022,6,"Trafic de stupéfiants",67,Bas-Rhin,530,0.458,50
2022,6,"Trafic de stupéfiants",05,Hautes-Alpes,64,0.452,51
2022,6,"Trafic de stupéfiants",64,Pyrénées-Atlantiques,314,0.449,52
2022,6,"Trafic de stupéfiants",37,Indre-et-Loire,270,0.438,53
2022,6,"Trafic de stupéfiants",72,Sarthe,246,0.435,54
2022,6,"Trafic de stupéfiants",61,Orne,119,0.431,55
2022,6,"Trafic de stupéfiants",38,Isère,554,0.429,56
2022,6,"Trafic de stupéfiants",02,Aisne,225,0.428,57
2022,6,"Trafic de stupéfiants",24,Dordogne,177,0.425,58
2022,6,"Trafic de stupéfiants",17,Charente-Maritime,283,0.424,59
2022,6,"Trafic de stupéfiants",80,Somme,236,0.417,60
2022,6,"Trafic de stupéfiants",27,Eure,250,0.416,61
2022,6,"Trafic de stupéfiants",32,Gers,80,0.415,62
2022,6,"Trafic de stupéfiants",57,Moselle,430,0.409,63
2022,6,"Trafic de stupéfiants",2B,Haute-Corse,74,0.400,64
2022,6,"Trafic de stupéfiants",10,Aube,118,0.379,65
2022,6,"Trafic de stupéfiants",39,Jura,98,0.379,65
2022,6,"Trafic de stupéfiants",51,Marne,214,0.379,65
2022,6,"Trafic de stupéfiants",62,Pas-de-Calais,554,0.379,65
2022,6,"Trafic de stupéfiants",04,Alpes-de-Haute-Provence,63,0.377,69
2022,6,"Trafic de stupéfiants",12,Aveyron,105,0.375,70
2022,6,"Trafic de stupéfiants",47,Lot-et-Garonne,119,0.358,71
2022,6,"Trafic de stupéfiants",14,Calvados,251,0.356,72
2022,6,"Trafic de stupéfiants",58,Nièvre,72,0.356,72
2022,6,"Trafic de stupéfiants",19,Corrèze,83,0.346,74
2022,6,"Trafic de stupéfiants",29,Finistère,315,0.339,75
2022,6,"Trafic de stupéfiants",49,Maine-et-Loire,278,0.336,76
2022,6,"Trafic de stupéfiants",42,Loire,259,0.335,77
2022,6,"Trafic de stupéfiants",45,Loiret,229,0.333,78
2022,6,"Trafic de stupéfiants",22,Côtes-d'Armor,200,0.328,79
2022,6,"Trafic de stupéfiants",01,Ain,215,0.320,80
2022,6,"Trafic de stupéfiants",87,Haute-Vienne,119,0.320,80
2022,6,"Trafic de stupéfiants",15,Cantal,46,0.319,82
2022,6,"Trafic de stupéfiants",89,Yonne,106,0.317,83
2022,6,"Trafic de stupéfiants",08,Ardennes,81,0.303,84
2022,6,"Trafic de stupéfiants",43,Haute-Loire,68,0.298,85
2022,6,"Trafic de stupéfiants",23,Creuse,33,0.286,86
2022,6,"Trafic de stupéfiants",85,Vendée,199,0.282,87
2022,6,"Trafic de stupéfiants",53,Mayenne,84,0.275,88
2022,6,"Trafic de stupéfiants",18,Cher,82,0.274,89
2022,6,"Trafic de stupéfiants",52,Haute-Marne,44,0.259,90
2022,6,"Trafic de stupéfiants",41,Loir-et-Cher,84,0.255,91
2022,6,"Trafic de stupéfiants",36,Indre,53,0.244,92
2022,6,"Trafic de stupéfiants",82,Tarn-et-Garonne,63,0.238,93
2022,6,"Trafic de stupéfiants",07,Ardèche,56,0.168,94
2022,6,"Trafic de stupéfiants",48,Lozère,12,0.157,95
2022,6,"Trafic de stupéfiants",50,Manche,76,0.153,96
2022,7,"Usage de stupéfiants",13,Bouches-du-Rhône,22988,11.106,1
2022,7,"Usage de stupéfiants",75,Paris,16042,7.590,2
2022,7,"Usage de stupéfiants",93,Seine-Saint-Denis,10869,6.463,3
2022,7,"Usage de stupéfiants",77,Seine-et-Marne,7995,5.505,4
2022,7,"Usage de stupéfiants",78,Yvelines,7427,5.050,5
2022,7,"Usage de stupéfiants",60,Oise,4087,4.920,6
2022,7,"Usage de stupéfiants",34,Hérault,5920,4.863,7
2022,7,"Usage de stupéfiants",69,Rhône,9244,4.845,8
2022,7,"Usage de stupéfiants",76,Seine-Maritime,6071,4.817,9
2022,7,"Usage de stupéfiants",95,Val-d'Oise,6071,4.777,10
2022,7,"Usage de stupéfiants",89,Yonne,1572,4.708,11
2022,7,"Usage de stupéfiants",94,Val-de-Marne,6631,4.671,12
2022,7,"Usage de stupéfiants",05,Hautes-Alpes,622,4.390,13
2022,7,"Usage de stupéfiants",43,Haute-Loire,996,4.365,14
2022,7,"Usage de stupéfiants",06,Alpes-Maritimes,4788,4.296,15
2022,7,"Usage de stupéfiants",59,Nord,11236,4.294,16
2022,7,"Usage de stupéfiants",84,Vaucluse,2401,4.222,17
2022,7,"Usage de stupéfiants",04,Alpes-de-Haute-Provence,700,4.187,18
2022,7,"Usage de stupéfiants",83,Var,4584,4.136,19
2022,7,"Usage de stupéfiants",92,Hauts-de-Seine,6804,4.130,20
2022,7,"Usage de stupéfiants",27,Eure,2473,4.113,21
2022,7,"Usage de stupéfiants",74,Haute-Savoie,3246,3.821,22
2022,7,"Usage de stupéfiants",02,Aisne,1981,3.769,23
2022,7,"Usage de stupéfiants",55,Meuse,677,3.746,24
2022,7,"Usage de stupéfiants",53,Mayenne,1141,3.736,25
2022,7,"Usage de stupéfiants",91,Essonne,4903,3.702,26
2022,7,"Usage de stupéfiants",38,Isère,4725,3.659,27
2022,7,"Usage de stupéfiants",42,Loire,2823,3.657,28
2022,7,"Usage de stupéfiants",14,Calvados,2574,3.653,29
2022,7,"Usage de stupéfiants",66,Pyrénées-Orientales,1762,3.574,30
2022,7,"Usage de stupéfiants",07,Ardèche,1148,3.445,31
2022,7,"Usage de stupéfiants",03,Allier,1144,3.418,32
2022,7,"Usage de stupéfiants",62,Pas-de-Calais,4970,3.404,33
2022,7,"Usage de stupéfiants",31,Haute-Garonne,4922,3.380,34
2022,7,"Usage de stupéfiants",80,Somme,1894,3.349,35
2022,7,"Usage de stupéfiants",17,Charente-Maritime,2165,3.240,36
2022,7,"Usage de stupéfiants",81,Tarn,1277,3.223,37
2022,7,"Usage de stupéfiants",09,Ariège,496,3.193,38
2022,7,"Usage de stupéfiants",71,Saône-et-Loire,1744,3.176,39
2022,7,"Usage de stupéfiants",35,Ille-et-Vilaine,3493,3.149,40
2022,7,"Usage de stupéfiants",61,Orne,836,3.027,41
2022,7,"Usage de stupéfiants",08,Ardennes,799,2.990,42
2022,7,"Usage de stupéfiants",26,Drôme,1553,2.978,43
2022,7,"Usage de stupéfiants",52,Haute-Marne,505,2.973,44
2022,7,"Usage de stupéfiants",51,Marne,1654,2.932,45
2022,7,"Usage de stupéfiants",25,Doubs,1579,2.878,46
2022,7,"Usage de stupéfiants",12,Aveyron,804,2.874,47
2022,7,"Usage de stupéfiants",30,Gard,2168,2.838,48
2022,7,"Usage de stupéfiants",54,Meurthe-et-Moselle,2065,2.818,49
2022,7,"Usage de stupéfiants",88,Vosges,1005,2.802,50
2022,7,"Usage de stupéfiants",90,"Territoire de Belfort",384,2.741,51
2022,7,"Usage de stupéfiants",18,Cher,805,2.688,52
2022,7,"Usage de stupéfiants",87,Haute-Vienne,991,2.661,53
2022,7,"Usage de stupéfiants",65,Hautes-Pyrénées,613,2.648,54
2022,7,"Usage de stupéfiants",36,Indre,566,2.611,55
2022,7,"Usage de stupéfiants",16,Charente,901,2.563,56
2022,7,"Usage de stupéfiants",29,Finistère,2370,2.554,57
2022,7,"Usage de stupéfiants",2A,Corse-du-Sud,423,2.548,58
2022,7,"Usage de stupéfiants",19,Corrèze,603,2.511,59
2022,7,"Usage de stupéfiants",45,Loiret,1723,2.508,60
2022,7,"Usage de stupéfiants",21,Côte-d'Or,1341,2.495,61
2022,7,"Usage de stupéfiants",73,Savoie,1107,2.486,62
2022,7,"Usage de stupéfiants",11,Aude,935,2.475,63
2022,7,"Usage de stupéfiants",28,Eure-et-Loir,1048,2.421,64
2022,7,"Usage de stupéfiants",44,Loire-Atlantique,3409,2.314,65
2022,7,"Usage de stupéfiants",68,Haut-Rhin,1768,2.303,66
2022,7,"Usage de stupéfiants",58,Nièvre,464,2.294,67
2022,7,"Usage de stupéfiants",39,Jura,584,2.260,68
2022,7,"Usage de stupéfiants",86,Vienne,984,2.243,69
2022,7,"Usage de stupéfiants",33,Gironde,3754,2.241,70
2022,7,"Usage de stupéfiants",01,Ain,1447,2.156,71
2022,7,"Usage de stupéfiants",70,Haute-Saône,503,2.150,72
2022,7,"Usage de stupéfiants",15,Cantal,299,2.071,73
2022,7,"Usage de stupéfiants",48,Lozère,158,2.065,74
2022,7,"Usage de stupéfiants",46,Lot,362,2.061,75
2022,7,"Usage de stupéfiants",32,Gers,394,2.045,76
2022,7,"Usage de stupéfiants",10,Aube,632,2.032,77
2022,7,"Usage de stupéfiants",63,Puy-de-Dôme,1346,2.026,78
2022,7,"Usage de stupéfiants",57,Moselle,2080,1.980,79
2022,7,"Usage de stupéfiants",79,Deux-Sèvres,735,1.958,80
2022,7,"Usage de stupéfiants",24,Dordogne,814,1.955,81
2022,7,"Usage de stupéfiants",40,Landes,830,1.937,82
2022,7,"Usage de stupéfiants",41,Loir-et-Cher,628,1.909,83
2022,7,"Usage de stupéfiants",22,Côtes-d'Armor,1161,1.905,84
2022,7,"Usage de stupéfiants",37,Indre-et-Loire,1163,1.887,85
2022,7,"Usage de stupéfiants",56,Morbihan,1436,1.850,86
2022,7,"Usage de stupéfiants",2B,Haute-Corse,336,1.814,87
2022,7,"Usage de stupéfiants",67,Bas-Rhin,2085,1.802,88
2022,7,"Usage de stupéfiants",64,Pyrénées-Atlantiques,1240,1.773,89
2022,7,"Usage de stupéfiants",50,Manche,861,1.733,90
2022,7,"Usage de stupéfiants",47,Lot-et-Garonne,566,1.704,91
2022,7,"Usage de stupéfiants",85,Vendée,1152,1.631,92
2022,7,"Usage de stupéfiants",72,Sarthe,824,1.455,93
2022,7,"Usage de stupéfiants",49,Maine-et-Loire,1150,1.389,94
2022,7,"Usage de stupéfiants",23,Creuse,150,1.298,95
2022,7,"Usage de stupéfiants",82,Tarn-et-Garonne,339,1.280,96
2022,8,"Usage de stupéfiants (AFD)",13,Bouches-du-Rhône,19737,9.536,1
2022,8,"Usage de stupéfiants (AFD)",75,Paris,8970,4.244,2
2022,8,"Usage de stupéfiants (AFD)",93,Seine-Saint-Denis,6390,3.800,3
2022,8,"Usage de stupéfiants (AFD)",77,Seine-et-Marne,4862,3.348,4
2022,8,"Usage de stupéfiants (AFD)",34,Hérault,4038,3.317,5
2022,8,"Usage de stupéfiants (AFD)",78,Yvelines,4833,3.286,6
2022,8,"Usage de stupéfiants (AFD)",69,Rhône,6119,3.207,7
2022,8,"Usage de stupéfiants (AFD)",76,Seine-Maritime,3954,3.138,8
2022,8,"Usage de stupéfiants (AFD)",60,Oise,2592,3.120,9
2022,8,"Usage de stupéfiants (AFD)",06,Alpes-Maritimes,3206,2.876,10
2022,8,"Usage de stupéfiants (AFD)",95,Val-d'Oise,3617,2.846,11
2022,8,"Usage de stupéfiants (AFD)",92,Hauts-de-Seine,4549,2.761,12
2022,8,"Usage de stupéfiants (AFD)",94,Val-de-Marne,3615,2.547,13
2022,8,"Usage de stupéfiants (AFD)",89,Yonne,844,2.528,14
2022,8,"Usage de stupéfiants (AFD)",27,Eure,1464,2.435,15
2022,8,"Usage de stupéfiants (AFD)",84,Vaucluse,1350,2.374,16
2022,8,"Usage de stupéfiants (AFD)",38,Isère,3022,2.340,17
2022,8,"Usage de stupéfiants (AFD)",59,Nord,6073,2.321,18
2022,8,"Usage de stupéfiants (AFD)",31,Haute-Garonne,3227,2.216,19
2022,8,"Usage de stupéfiants (AFD)",91,Essonne,2859,2.158,20
2022,8,"Usage de stupéfiants (AFD)",42,Loire,1656,2.145,21
2022,8,"Usage de stupéfiants (AFD)",83,Var,2323,2.096,22
2022,8,"Usage de stupéfiants (AFD)",14,Calvados,1465,2.079,23
2022,8,"Usage de stupéfiants (AFD)",07,Ardèche,679,2.038,24
2022,8,"Usage de stupéfiants (AFD)",81,Tarn,782,1.974,25
2022,8,"Usage de stupéfiants (AFD)",03,Allier,654,1.954,26
2022,8,"Usage de stupéfiants (AFD)",02,Aisne,1023,1.947,27
2022,8,"Usage de stupéfiants (AFD)",05,Hautes-Alpes,263,1.856,28
2022,8,"Usage de stupéfiants (AFD)",66,Pyrénées-Orientales,914,1.854,29
2022,8,"Usage de stupéfiants (AFD)",74,Haute-Savoie,1484,1.747,30
2022,8,"Usage de stupéfiants (AFD)",35,Ille-et-Vilaine,1866,1.682,31
2022,8,"Usage de stupéfiants (AFD)",62,Pas-de-Calais,2454,1.681,32
2022,8,"Usage de stupéfiants (AFD)",90,"Territoire de Belfort",235,1.678,33
2022,8,"Usage de stupéfiants (AFD)",12,Aveyron,465,1.662,34
2022,8,"Usage de stupéfiants (AFD)",25,Doubs,876,1.597,35
2022,8,"Usage de stupéfiants (AFD)",18,Cher,472,1.576,36
2022,8,"Usage de stupéfiants (AFD)",43,Haute-Loire,351,1.538,37
2022,8,"Usage de stupéfiants (AFD)",04,Alpes-de-Haute-Provence,236,1.412,38
2022,8,"Usage de stupéfiants (AFD)",17,Charente-Maritime,935,1.399,39
2022,8,"Usage de stupéfiants (AFD)",01,Ain,897,1.336,40
2022,8,"Usage de stupéfiants (AFD)",61,Orne,368,1.333,41
2022,8,"Usage de stupéfiants (AFD)",30,Gard,1015,1.329,42
2022,8,"Usage de stupéfiants (AFD)",87,Haute-Vienne,491,1.318,43
2022,8,"Usage de stupéfiants (AFD)",71,Saône-et-Loire,712,1.297,44
2022,8,"Usage de stupéfiants (AFD)",36,Indre,281,1.296,45
2022,8,"Usage de stupéfiants (AFD)",45,Loiret,883,1.285,46
2022,8,"Usage de stupéfiants (AFD)",09,Ariège,199,1.281,47
2022,8,"Usage de stupéfiants (AFD)",80,Somme,716,1.266,48
2022,8,"Usage de stupéfiants (AFD)",53,Mayenne,385,1.260,49
2022,8,"Usage de stupéfiants (AFD)",11,Aude,472,1.249,50
2022,8,"Usage de stupéfiants (AFD)",08,Ardennes,333,1.246,51
2022,8,"Usage de stupéfiants (AFD)",44,Loire-Atlantique,1816,1.233,52
2022,8,"Usage de stupéfiants (AFD)",51,Marne,694,1.230,53
2022,8,"Usage de stupéfiants (AFD)",54,Meurthe-et-Moselle,859,1.172,54
2022,8,"Usage de stupéfiants (AFD)",52,Haute-Marne,191,1.124,55
2022,8,"Usage de stupéfiants (AFD)",33,Gironde,1835,1.096,56
2022,8,"Usage de stupéfiants (AFD)",24,Dordogne,456,1.095,57
2022,8,"Usage de stupéfiants (AFD)",73,Savoie,482,1.082,58
2022,8,"Usage de stupéfiants (AFD)",65,Hautes-Pyrénées,243,1.050,59
2022,8,"Usage de stupéfiants (AFD)",88,Vosges,372,1.037,60
2022,8,"Usage de stupéfiants (AFD)",26,Drôme,535,1.026,61
2022,8,"Usage de stupéfiants (AFD)",22,Côtes-d'Armor,625,1.025,62
2022,8,"Usage de stupéfiants (AFD)",55,Meuse,185,1.024,63
2022,8,"Usage de stupéfiants (AFD)",58,Nièvre,207,1.023,64
2022,8,"Usage de stupéfiants (AFD)",21,Côte-d'Or,536,0.997,65
2022,8,"Usage de stupéfiants (AFD)",86,Vienne,436,0.994,66
2022,8,"Usage de stupéfiants (AFD)",39,Jura,255,0.987,67
2022,8,"Usage de stupéfiants (AFD)",68,Haut-Rhin,743,0.968,68
2022,8,"Usage de stupéfiants (AFD)",50,Manche,465,0.936,69
2022,8,"Usage de stupéfiants (AFD)",70,Haute-Saône,219,0.936,69
2022,8,"Usage de stupéfiants (AFD)",37,Indre-et-Loire,575,0.933,71
2022,8,"Usage de stupéfiants (AFD)",63,Puy-de-Dôme,614,0.924,72
2022,8,"Usage de stupéfiants (AFD)",79,Deux-Sèvres,344,0.916,73
2022,8,"Usage de stupéfiants (AFD)",28,Eure-et-Loir,394,0.910,74
2022,8,"Usage de stupéfiants (AFD)",2A,Corse-du-Sud,151,0.909,75
2022,8,"Usage de stupéfiants (AFD)",57,Moselle,948,0.902,76
2022,8,"Usage de stupéfiants (AFD)",19,Corrèze,211,0.879,77
2022,8,"Usage de stupéfiants (AFD)",40,Landes,369,0.861,78
2022,8,"Usage de stupéfiants (AFD)",47,Lot-et-Garonne,267,0.804,79
2022,8,"Usage de stupéfiants (AFD)",56,Morbihan,589,0.759,80
2022,8,"Usage de stupéfiants (AFD)",67,Bas-Rhin,863,0.746,81
2022,8,"Usage de stupéfiants (AFD)",41,Loir-et-Cher,245,0.745,82
2022,8,"Usage de stupéfiants (AFD)",10,Aube,221,0.710,83
2022,8,"Usage de stupéfiants (AFD)",29,Finistère,658,0.709,84
2022,8,"Usage de stupéfiants (AFD)",32,Gers,133,0.690,85
2022,8,"Usage de stupéfiants (AFD)",15,Cantal,99,0.686,86
2022,8,"Usage de stupéfiants (AFD)",64,Pyrénées-Atlantiques,448,0.640,87
2022,8,"Usage de stupéfiants (AFD)",82,Tarn-et-Garonne,168,0.634,88
2022,8,"Usage de stupéfiants (AFD)",46,Lot,110,0.626,89
2022,8,"Usage de stupéfiants (AFD)",2B,Haute-Corse,107,0.578,90
2022,8,"Usage de stupéfiants (AFD)",48,Lozère,40,0.523,91
2022,8,"Usage de stupéfiants (AFD)",16,Charente,163,0.464,92
2022,8,"Usage de stupéfiants (AFD)",23,Creuse,53,0.459,93
2022,8,"Usage de stupéfiants (AFD)",49,Maine-et-Loire,367,0.443,94
2022,8,"Usage de stupéfiants (AFD)",72,Sarthe,226,0.399,95
2022,8,"Usage de stupéfiants (AFD)",85,Vendée,225,0.319,96
2022,9,"Usage de stupéfiants (hors AFD)",75,Paris,7072,3.346,1
2022,9,"Usage de stupéfiants (hors AFD)",43,Haute-Loire,645,2.827,2
2022,9,"Usage de stupéfiants (hors AFD)",04,Alpes-de-Haute-Provence,464,2.775,3
2022,9,"Usage de stupéfiants (hors AFD)",55,Meuse,492,2.722,4
2022,9,"Usage de stupéfiants (hors AFD)",93,Seine-Saint-Denis,4479,2.663,5
2022,9,"Usage de stupéfiants (hors AFD)",05,Hautes-Alpes,359,2.534,6
2022,9,"Usage de stupéfiants (hors AFD)",53,Mayenne,756,2.475,7
2022,9,"Usage de stupéfiants (hors AFD)",89,Yonne,728,2.180,8
2022,9,"Usage de stupéfiants (hors AFD)",77,Seine-et-Marne,3133,2.157,9
2022,9,"Usage de stupéfiants (hors AFD)",94,Val-de-Marne,3016,2.125,10
2022,9,"Usage de stupéfiants (hors AFD)",16,Charente,738,2.099,11
2022,9,"Usage de stupéfiants (hors AFD)",80,Somme,1178,2.083,12
2022,9,"Usage de stupéfiants (hors AFD)",74,Haute-Savoie,1762,2.074,13
2022,9,"Usage de stupéfiants (hors AFD)",83,Var,2261,2.040,14
2022,9,"Usage de stupéfiants (hors AFD)",59,Nord,5163,1.973,15
2022,9,"Usage de stupéfiants (hors AFD)",26,Drôme,1018,1.952,16
2022,9,"Usage de stupéfiants (hors AFD)",95,Val-d'Oise,2454,1.931,17
2022,9,"Usage de stupéfiants (hors AFD)",09,Ariège,297,1.912,18
2022,9,"Usage de stupéfiants (hors AFD)",71,Saône-et-Loire,1032,1.879,19
2022,9,"Usage de stupéfiants (hors AFD)",52,Haute-Marne,314,1.849,20
2022,9,"Usage de stupéfiants (hors AFD)",84,Vaucluse,1051,1.848,21
2022,9,"Usage de stupéfiants (hors AFD)",29,Finistère,1712,1.845,22
2022,9,"Usage de stupéfiants (hors AFD)",17,Charente-Maritime,1230,1.841,23
2022,9,"Usage de stupéfiants (hors AFD)",02,Aisne,958,1.823,24
2022,9,"Usage de stupéfiants (hors AFD)",60,Oise,1495,1.800,25
2022,9,"Usage de stupéfiants (hors AFD)",88,Vosges,633,1.765,26
2022,9,"Usage de stupéfiants (hors AFD)",78,Yvelines,2594,1.764,27
2022,9,"Usage de stupéfiants (hors AFD)",08,Ardennes,466,1.744,28
2022,9,"Usage de stupéfiants (hors AFD)",62,Pas-de-Calais,2516,1.723,29
2022,9,"Usage de stupéfiants (hors AFD)",66,Pyrénées-Orientales,848,1.720,30
2022,9,"Usage de stupéfiants (hors AFD)",51,Marne,960,1.702,31
2022,9,"Usage de stupéfiants (hors AFD)",61,Orne,468,1.695,32
2022,9,"Usage de stupéfiants (hors AFD)",76,Seine-Maritime,2117,1.680,33
2022,9,"Usage de stupéfiants (hors AFD)",27,Eure,1009,1.678,34
2022,9,"Usage de stupéfiants (hors AFD)",54,Meurthe-et-Moselle,1206,1.646,35
2022,9,"Usage de stupéfiants (hors AFD)",2A,Corse-du-Sud,272,1.638,36
2022,9,"Usage de stupéfiants (hors AFD)",69,Rhône,3125,1.638,36
2022,9,"Usage de stupéfiants (hors AFD)",19,Corrèze,392,1.633,38
2022,9,"Usage de stupéfiants (hors AFD)",65,Hautes-Pyrénées,370,1.599,39
2022,9,"Usage de stupéfiants (hors AFD)",14,Calvados,1109,1.574,40
2022,9,"Usage de stupéfiants (hors AFD)",13,Bouches-du-Rhône,3251,1.571,41
2022,9,"Usage de stupéfiants (hors AFD)",34,Hérault,1882,1.546,42
2022,9,"Usage de stupéfiants (hors AFD)",91,Essonne,2044,1.543,43
2022,9,"Usage de stupéfiants (hors AFD)",48,Lozère,118,1.542,44
2022,9,"Usage de stupéfiants (hors AFD)",42,Loire,1167,1.512,45
2022,9,"Usage de stupéfiants (hors AFD)",28,Eure-et-Loir,654,1.511,46
2022,9,"Usage de stupéfiants (hors AFD)",30,Gard,1153,1.509,47
2022,9,"Usage de stupéfiants (hors AFD)",21,Côte-d'Or,805,1.497,48
2022,9,"Usage de stupéfiants (hors AFD)",35,Ille-et-Vilaine,1627,1.467,49
2022,9,"Usage de stupéfiants (hors AFD)",03,Allier,490,1.464,50
2022,9,"Usage de stupéfiants (hors AFD)",46,Lot,252,1.435,51
2022,9,"Usage de stupéfiants (hors AFD)",06,Alpes-Maritimes,1582,1.419,52
2022,9,"Usage de stupéfiants (hors AFD)",07,Ardèche,469,1.407,53
2022,9,"Usage de stupéfiants (hors AFD)",73,Savoie,625,1.404,54
2022,9,"Usage de stupéfiants (hors AFD)",15,Cantal,200,1.385,55
2022,9,"Usage de stupéfiants (hors AFD)",92,Hauts-de-Seine,2255,1.369,56
2022,9,"Usage de stupéfiants (hors AFD)",32,Gers,261,1.355,57
2022,9,"Usage de stupéfiants (hors AFD)",87,Haute-Vienne,500,1.343,58
2022,9,"Usage de stupéfiants (hors AFD)",68,Haut-Rhin,1025,1.335,59
2022,9,"Usage de stupéfiants (hors AFD)",10,Aube,411,1.321,60
2022,9,"Usage de stupéfiants (hors AFD)",38,Isère,1703,1.319,61
2022,9,"Usage de stupéfiants (hors AFD)",36,Indre,285,1.315,62
2022,9,"Usage de stupéfiants (hors AFD)",85,Vendée,927,1.312,63
2022,9,"Usage de stupéfiants (hors AFD)",25,Doubs,703,1.281,64
2022,9,"Usage de stupéfiants (hors AFD)",39,Jura,329,1.273,65
2022,9,"Usage de stupéfiants (hors AFD)",58,Nièvre,257,1.270,66
2022,9,"Usage de stupéfiants (hors AFD)",81,Tarn,495,1.249,67
2022,9,"Usage de stupéfiants (hors AFD)",86,Vienne,548,1.249,67
2022,9,"Usage de stupéfiants (hors AFD)",2B,Haute-Corse,229,1.236,69
2022,9,"Usage de stupéfiants (hors AFD)",11,Aude,463,1.226,70
2022,9,"Usage de stupéfiants (hors AFD)",45,Loiret,840,1.223,71
2022,9,"Usage de stupéfiants (hors AFD)",70,Haute-Saône,284,1.214,72
2022,9,"Usage de stupéfiants (hors AFD)",12,Aveyron,339,1.212,73
2022,9,"Usage de stupéfiants (hors AFD)",31,Haute-Garonne,1695,1.164,74
2022,9,"Usage de stupéfiants (hors AFD)",41,Loir-et-Cher,383,1.164,74
2022,9,"Usage de stupéfiants (hors AFD)",33,Gironde,1919,1.146,76
2022,9,"Usage de stupéfiants (hors AFD)",64,Pyrénées-Atlantiques,792,1.132,77
2022,9,"Usage de stupéfiants (hors AFD)",18,Cher,333,1.112,78
2022,9,"Usage de stupéfiants (hors AFD)",63,Puy-de-Dôme,732,1.102,79
2022,9,"Usage de stupéfiants (hors AFD)",56,Morbihan,847,1.091,80
2022,9,"Usage de stupéfiants (hors AFD)",44,Loire-Atlantique,1593,1.081,81
2022,9,"Usage de stupéfiants (hors AFD)",57,Moselle,1132,1.077,82
2022,9,"Usage de stupéfiants (hors AFD)",40,Landes,461,1.076,83
2022,9,"Usage de stupéfiants (hors AFD)",90,"Territoire de Belfort",149,1.064,84
2022,9,"Usage de stupéfiants (hors AFD)",67,Bas-Rhin,1222,1.056,85
2022,9,"Usage de stupéfiants (hors AFD)",72,Sarthe,598,1.056,85
2022,9,"Usage de stupéfiants (hors AFD)",79,Deux-Sèvres,391,1.042,87
2022,9,"Usage de stupéfiants (hors AFD)",37,Indre-et-Loire,588,0.954,88
2022,9,"Usage de stupéfiants (hors AFD)",49,Maine-et-Loire,783,0.945,89
2022,9,"Usage de stupéfiants (hors AFD)",47,Lot-et-Garonne,299,0.900,90
2022,9,"Usage de stupéfiants (hors AFD)",22,Côtes-d'Armor,536,0.879,91
2022,9,"Usage de stupéfiants (hors AFD)",24,Dordogne,358,0.860,92
2022,9,"Usage de stupéfiants (hors AFD)",23,Creuse,97,0.840,93
2022,9,"Usage de stupéfiants (hors AFD)",01,Ain,550,0.819,94
2022,9,"Usage de stupéfiants (hors AFD)",50,Manche,396,0.797,95
2022,9,"Usage de stupéfiants (hors AFD)",82,Tarn-et-Garonne,171,0.645,96
2022,10,"Violences physiques hors cadre familial",75,Paris,10863,5.139,1
2022,10,"Violences physiques hors cadre familial",93,Seine-Saint-Denis,7824,4.652,2
2022,10,"Violences physiques hors cadre familial",69,Rhône,7298,3.825,3
2022,10,"Violences physiques hors cadre familial",13,Bouches-du-Rhône,7598,3.671,4
2022,10,"Violences physiques hors cadre familial",08,Ardennes,971,3.634,5
2022,10,"Violences physiques hors cadre familial",66,Pyrénées-Orientales,1767,3.584,6
2022,10,"Violences physiques hors cadre familial",59,Nord,9368,3.580,7
2022,10,"Violences physiques hors cadre familial",62,Pas-de-Calais,5036,3.449,8
2022,10,"Violences physiques hors cadre familial",34,Hérault,4174,3.429,9
2022,10,"Violences physiques hors cadre familial",10,Aube,1043,3.353,10
2022,10,"Violences physiques hors cadre familial",83,Var,3711,3.348,11
2022,10,"Violences physiques hors cadre familial",55,Meuse,602,3.331,12
2022,10,"Violences physiques hors cadre familial",90,"Territoire de Belfort",456,3.255,13
2022,10,"Violences physiques hors cadre familial",54,Meurthe-et-Moselle,2348,3.204,14
2022,10,"Violences physiques hors cadre familial",25,Doubs,1755,3.199,15
2022,10,"Violences physiques hors cadre familial",51,Marne,1783,3.161,16
2022,10,"Violences physiques hors cadre familial",06,Alpes-Maritimes,3500,3.140,17
2022,10,"Violences physiques hors cadre familial",84,Vaucluse,1768,3.109,18
2022,10,"Violences physiques hors cadre familial",80,Somme,1751,3.096,19
2022,10,"Violences physiques hors cadre familial",26,Drôme,1586,3.042,20
2022,10,"Violences physiques hors cadre familial",76,Seine-Maritime,3824,3.034,21
2022,10,"Violences physiques hors cadre familial",52,Haute-Marne,514,3.026,22
2022,10,"Violences physiques hors cadre familial",68,Haut-Rhin,2322,3.024,23
2022,10,"Violences physiques hors cadre familial",09,Ariège,468,3.013,24
2022,10,"Violences physiques hors cadre familial",30,Gard,2290,2.997,25
2022,10,"Violences physiques hors cadre familial",95,Val-d'Oise,3796,2.987,26
2022,10,"Violences physiques hors cadre familial",31,Haute-Garonne,4255,2.922,27
2022,10,"Violences physiques hors cadre familial",04,Alpes-de-Haute-Provence,487,2.913,28
2022,10,"Violences physiques hors cadre familial",42,Loire,2242,2.904,29
2022,10,"Violences physiques hors cadre familial",11,Aude,1086,2.875,30
2022,10,"Violences physiques hors cadre familial",94,Val-de-Marne,4067,2.865,31
2022,10,"Violences physiques hors cadre familial",38,Isère,3649,2.826,32
2022,10,"Violences physiques hors cadre familial",60,Oise,2340,2.817,33
2022,10,"Violences physiques hors cadre familial",02,Aisne,1474,2.805,34
2022,10,"Violences physiques hors cadre familial",33,Gironde,4699,2.805,34
2022,10,"Violences physiques hors cadre familial",05,Hautes-Alpes,396,2.795,36
2022,10,"Violences physiques hors cadre familial",89,Yonne,933,2.794,37
2022,10,"Violences physiques hors cadre familial",2A,Corse-du-Sud,460,2.770,38
2022,10,"Violences physiques hors cadre familial",47,Lot-et-Garonne,915,2.754,39
2022,10,"Violences physiques hors cadre familial",72,Sarthe,1554,2.745,40
2022,10,"Violences physiques hors cadre familial",67,Bas-Rhin,3161,2.732,41
2022,10,"Violences physiques hors cadre familial",88,Vosges,977,2.724,42
2022,10,"Violences physiques hors cadre familial",91,Essonne,3570,2.695,43
2022,10,"Violences physiques hors cadre familial",44,Loire-Atlantique,3932,2.669,44
2022,10,"Violences physiques hors cadre familial",16,Charente,934,2.656,45
2022,10,"Violences physiques hors cadre familial",14,Calvados,1866,2.648,46
2022,10,"Violences physiques hors cadre familial",73,Savoie,1176,2.641,47
2022,10,"Violences physiques hors cadre familial",57,Moselle,2761,2.628,48
2022,10,"Violences physiques hors cadre familial",45,Loiret,1805,2.627,49
2022,10,"Violences physiques hors cadre familial",28,Eure-et-Loir,1137,2.626,50
2022,10,"Violences physiques hors cadre familial",36,Indre,566,2.611,51
2022,10,"Violences physiques hors cadre familial",21,Côte-d'Or,1397,2.599,52
2022,10,"Violences physiques hors cadre familial",61,Orne,709,2.568,53
2022,10,"Violences physiques hors cadre familial",82,Tarn-et-Garonne,663,2.503,54
2022,10,"Violences physiques hors cadre familial",27,Eure,1502,2.498,55
2022,10,"Violences physiques hors cadre familial",77,Seine-et-Marne,3621,2.493,56
2022,10,"Violences physiques hors cadre familial",81,Tarn,967,2.441,57
2022,10,"Violences physiques hors cadre familial",03,Allier,814,2.432,58
2022,10,"Violences physiques hors cadre familial",19,Corrèze,584,2.432,58
2022,10,"Violences physiques hors cadre familial",2B,Haute-Corse,449,2.424,60
2022,10,"Violences physiques hors cadre familial",37,Indre-et-Loire,1489,2.416,61
2022,10,"Violences physiques hors cadre familial",40,Landes,1030,2.404,62
2022,10,"Violences physiques hors cadre familial",86,Vienne,1052,2.398,63
2022,10,"Violences physiques hors cadre familial",74,Haute-Savoie,2021,2.379,64
2022,10,"Violences physiques hors cadre familial",87,Haute-Vienne,883,2.371,65
2022,10,"Violences physiques hors cadre familial",56,Morbihan,1831,2.359,66
2022,10,"Violences physiques hors cadre familial",65,Hautes-Pyrénées,546,2.359,66
2022,10,"Violences physiques hors cadre familial",17,Charente-Maritime,1573,2.354,68
2022,10,"Violences physiques hors cadre familial",63,Puy-de-Dôme,1559,2.347,69
2022,10,"Violences physiques hors cadre familial",70,Haute-Saône,542,2.317,70
2022,10,"Violences physiques hors cadre familial",07,Ardèche,767,2.302,71
2022,10,"Violences physiques hors cadre familial",23,Creuse,266,2.302,71
2022,10,"Violences physiques hors cadre familial",35,Ille-et-Vilaine,2498,2.252,73
2022,10,"Violences physiques hors cadre familial",71,Saône-et-Loire,1233,2.245,74
2022,10,"Violences physiques hors cadre familial",78,Yvelines,3241,2.204,75
2022,10,"Violences physiques hors cadre familial",39,Jura,569,2.202,76
2022,10,"Violences physiques hors cadre familial",41,Loir-et-Cher,722,2.195,77
2022,10,"Violences physiques hors cadre familial",64,Pyrénées-Atlantiques,1533,2.192,78
2022,10,"Violences physiques hors cadre familial",18,Cher,650,2.170,79
2022,10,"Violences physiques hors cadre familial",92,Hauts-de-Seine,3565,2.164,80
2022,10,"Violences physiques hors cadre familial",79,Deux-Sèvres,802,2.136,81
2022,10,"Violences physiques hors cadre familial",58,Nièvre,421,2.081,82
2022,10,"Violences physiques hors cadre familial",15,Cantal,298,2.064,83
2022,10,"Violences physiques hors cadre familial",29,Finistère,1841,1.984,84
2022,10,"Violences physiques hors cadre familial",22,Côtes-d'Armor,1206,1.978,85
2022,10,"Violences physiques hors cadre familial",01,Ain,1319,1.965,86
2022,10,"Violences physiques hors cadre familial",49,Maine-et-Loire,1620,1.956,87
2022,10,"Violences physiques hors cadre familial",43,Haute-Loire,438,1.920,88
2022,10,"Violences physiques hors cadre familial",46,Lot,335,1.908,89
2022,10,"Violences physiques hors cadre familial",48,Lozère,142,1.856,90
2022,10,"Violences physiques hors cadre familial",50,Manche,922,1.856,90
2022,10,"Violences physiques hors cadre familial",32,Gers,351,1.822,92
2022,10,"Violences physiques hors cadre familial",12,Aveyron,509,1.820,93
2022,10,"Violences physiques hors cadre familial",24,Dordogne,719,1.727,94
2022,10,"Violences physiques hors cadre familial",53,Mayenne,521,1.706,95
2022,10,"Violences physiques hors cadre familial",85,Vendée,1089,1.542,96
2022,11,"Violences physiques intrafamiliales",62,Pas-de-Calais,7500,5.136,1
2022,11,"Violences physiques intrafamiliales",93,Seine-Saint-Denis,7942,4.723,2
2022,11,"Violences physiques intrafamiliales",59,Nord,11370,4.345,3
2022,11,"Violences physiques intrafamiliales",80,Somme,2278,4.028,4
2022,11,"Violences physiques intrafamiliales",51,Marne,2090,3.705,5
2022,11,"Violences physiques intrafamiliales",52,Haute-Marne,627,3.691,6
2022,11,"Violences physiques intrafamiliales",91,Essonne,4868,3.675,7
2022,11,"Violences physiques intrafamiliales",08,Ardennes,978,3.660,8
2022,11,"Violences physiques intrafamiliales",45,Loiret,2464,3.586,9
2022,11,"Violences physiques intrafamiliales",10,Aube,1115,3.584,10
2022,11,"Violences physiques intrafamiliales",89,Yonne,1194,3.576,11
2022,11,"Violences physiques intrafamiliales",95,Val-d'Oise,4544,3.576,11
2022,11,"Violences physiques intrafamiliales",60,Oise,2937,3.535,13
2022,11,"Violences physiques intrafamiliales",02,Aisne,1857,3.533,14
2022,11,"Violences physiques intrafamiliales",54,Meurthe-et-Moselle,2568,3.504,15
2022,11,"Violences physiques intrafamiliales",72,Sarthe,1966,3.473,16
2022,11,"Violences physiques intrafamiliales",06,Alpes-Maritimes,3848,3.452,17
2022,11,"Violences physiques intrafamiliales",94,Val-de-Marne,4888,3.443,18
2022,11,"Violences physiques intrafamiliales",77,Seine-et-Marne,4993,3.438,19
2022,11,"Violences physiques intrafamiliales",13,Bouches-du-Rhône,7108,3.434,20
2022,11,"Violences physiques intrafamiliales",90,"Territoire de Belfort",477,3.405,21
2022,11,"Violences physiques intrafamiliales",68,Haut-Rhin,2590,3.373,22
2022,11,"Violences physiques intrafamiliales",47,Lot-et-Garonne,1116,3.359,23
2022,11,"Violences physiques intrafamiliales",83,Var,3690,3.329,24
2022,11,"Violences physiques intrafamiliales",53,Mayenne,991,3.245,25
2022,11,"Violences physiques intrafamiliales",61,Orne,893,3.234,26
2022,11,"Violences physiques intrafamiliales",79,Deux-Sèvres,1214,3.234,26
2022,11,"Violences physiques intrafamiliales",28,Eure-et-Loir,1395,3.222,28
2022,11,"Violences physiques intrafamiliales",19,Corrèze,768,3.198,29
2022,11,"Violences physiques intrafamiliales",09,Ariège,496,3.193,30
2022,11,"Violences physiques intrafamiliales",78,Yvelines,4694,3.192,31
2022,11,"Violences physiques intrafamiliales",05,Hautes-Alpes,452,3.190,32
2022,11,"Violences physiques intrafamiliales",16,Charente,1113,3.166,33
2022,11,"Violences physiques intrafamiliales",27,Eure,1894,3.150,34
2022,11,"Violences physiques intrafamiliales",33,Gironde,5258,3.139,35
2022,11,"Violences physiques intrafamiliales",23,Creuse,360,3.116,36
2022,11,"Violences physiques intrafamiliales",26,Drôme,1624,3.115,37
2022,11,"Violences physiques intrafamiliales",76,Seine-Maritime,3910,3.103,38
2022,11,"Violences physiques intrafamiliales",66,Pyrénées-Orientales,1523,3.089,39
2022,11,"Violences physiques intrafamiliales",25,Doubs,1683,3.067,40
2022,11,"Violences physiques intrafamiliales",36,Indre,660,3.044,41
2022,11,"Violences physiques intrafamiliales",04,Alpes-de-Haute-Provence,508,3.039,42
2022,11,"Violences physiques intrafamiliales",14,Calvados,2137,3.033,43
2022,11,"Violences physiques intrafamiliales",34,Hérault,3674,3.018,44
2022,11,"Violences physiques intrafamiliales",41,Loir-et-Cher,990,3.010,45
2022,11,"Violences physiques intrafamiliales",39,Jura,768,2.972,46
2022,11,"Violences physiques intrafamiliales",30,Gard,2264,2.963,47
2022,11,"Violences physiques intrafamiliales",57,Moselle,3109,2.959,48
2022,11,"Violences physiques intrafamiliales",69,Rhône,5618,2.944,49
2022,11,"Violences physiques intrafamiliales",40,Landes,1253,2.925,50
2022,11,"Violences physiques intrafamiliales",81,Tarn,1158,2.923,51
2022,11,"Violences physiques intrafamiliales",82,Tarn-et-Garonne,771,2.910,52
2022,11,"Violences physiques intrafamiliales",38,Isère,3748,2.902,53
2022,11,"Violences physiques intrafamiliales",31,Haute-Garonne,4197,2.882,54
2022,11,"Violences physiques intrafamiliales",92,Hauts-de-Seine,4713,2.861,55
2022,11,"Violences physiques intrafamiliales",86,Vienne,1243,2.833,56
2022,11,"Violences physiques intrafamiliales",37,Indre-et-Loire,1738,2.820,57
2022,11,"Violences physiques intrafamiliales",35,Ille-et-Vilaine,3125,2.817,58
2022,11,"Violences physiques intrafamiliales",55,Meuse,507,2.805,59
2022,11,"Violences physiques intrafamiliales",17,Charente-Maritime,1867,2.794,60
2022,11,"Violences physiques intrafamiliales",84,Vaucluse,1584,2.785,61
2022,11,"Violences physiques intrafamiliales",56,Morbihan,2155,2.777,62
2022,11,"Violences physiques intrafamiliales",88,Vosges,996,2.777,62
2022,11,"Violences physiques intrafamiliales",24,Dordogne,1138,2.733,64
2022,11,"Violences physiques intrafamiliales",11,Aude,1030,2.727,65
2022,11,"Violences physiques intrafamiliales",22,Côtes-d'Armor,1657,2.718,66
2022,11,"Violences physiques intrafamiliales",70,Haute-Saône,635,2.715,67
2022,11,"Violences physiques intrafamiliales",75,Paris,5705,2.699,68
2022,11,"Violences physiques intrafamiliales",49,Maine-et-Loire,2233,2.696,69
2022,11,"Violences physiques intrafamiliales",74,Haute-Savoie,2274,2.677,70
2022,11,"Violences physiques intrafamiliales",42,Loire,2045,2.649,71
2022,11,"Violences physiques intrafamiliales",71,Saône-et-Loire,1452,2.644,72
2022,11,"Violences physiques intrafamiliales",44,Loire-Atlantique,3798,2.578,73
2022,11,"Violences physiques intrafamiliales",67,Bas-Rhin,2980,2.576,74
2022,11,"Violences physiques intrafamiliales",73,Savoie,1130,2.538,75
2022,11,"Violences physiques intrafamiliales",50,Manche,1254,2.524,76
2022,11,"Violences physiques intrafamiliales",87,Haute-Vienne,928,2.492,77
2022,11,"Violences physiques intrafamiliales",2B,Haute-Corse,456,2.462,78
2022,11,"Violences physiques intrafamiliales",18,Cher,732,2.444,79
2022,11,"Violences physiques intrafamiliales",01,Ain,1640,2.443,80
2022,11,"Violences physiques intrafamiliales",32,Gers,462,2.398,81
2022,11,"Violences physiques intrafamiliales",12,Aveyron,667,2.384,82
2022,11,"Violences physiques intrafamiliales",65,Hautes-Pyrénées,551,2.381,83
2022,11,"Violences physiques intrafamiliales",15,Cantal,342,2.368,84
2022,11,"Violences physiques intrafamiliales",58,Nièvre,476,2.353,85
2022,11,"Violences physiques intrafamiliales",64,Pyrénées-Atlantiques,1621,2.317,86
2022,11,"Violences physiques intrafamiliales",03,Allier,774,2.312,87
2022,11,"Violences physiques intrafamiliales",07,Ardèche,765,2.296,88
2022,11,"Violences physiques intrafamiliales",21,Côte-d'Or,1210,2.251,89
2022,11,"Violences physiques intrafamiliales",43,Haute-Loire,513,2.248,90
2022,11,"Violences physiques intrafamiliales",46,Lot,394,2.243,91
2022,11,"Violences physiques intrafamiliales",2A,Corse-du-Sud,369,2.222,92
2022,11,"Violences physiques intrafamiliales",63,Puy-de-Dôme,1449,2.181,93
2022,11,"Violences physiques intrafamiliales",29,Finistère,2001,2.156,94
2022,11,"Violences physiques intrafamiliales",85,Vendée,1502,2.126,95
2022,11,"Violences physiques intrafamiliales",48,Lozère,158,2.065,96
2022,12,"Violences sexuelles",75,Paris,5142,2.433,1
2022,12,"Violences sexuelles",39,Jura,500,1.935,2
2022,12,"Violences sexuelles",89,Yonne,641,1.920,3
2022,12,"Violences sexuelles",68,Haut-Rhin,1445,1.882,4
2022,12,"Violences sexuelles",62,Pas-de-Calais,2719,1.862,5
2022,12,"Violences sexuelles",37,Indre-et-Loire,1141,1.851,6
2022,12,"Violences sexuelles",02,Aisne,963,1.832,7
2022,12,"Violences sexuelles",14,Calvados,1285,1.824,8
2022,12,"Violences sexuelles",66,Pyrénées-Orientales,899,1.824,8
2022,12,"Violences sexuelles",61,Orne,502,1.818,10
2022,12,"Violences sexuelles",46,Lot,317,1.805,11
2022,12,"Violences sexuelles",55,Meuse,326,1.804,12
2022,12,"Violences sexuelles",09,Ariège,279,1.796,13
2022,12,"Violences sexuelles",86,Vienne,788,1.796,13
2022,12,"Violences sexuelles",72,Sarthe,1011,1.786,15
2022,12,"Violences sexuelles",59,Nord,4657,1.780,16
2022,12,"Violences sexuelles",45,Loiret,1218,1.773,17
2022,12,"Violences sexuelles",52,Haute-Marne,300,1.766,18
2022,12,"Violences sexuelles",41,Loir-et-Cher,580,1.763,19
2022,12,"Violences sexuelles",05,Hautes-Alpes,248,1.750,20
2022,12,"Violences sexuelles",93,Seine-Saint-Denis,2937,1.746,21
2022,12,"Violences sexuelles",54,Meurthe-et-Moselle,1269,1.731,22
2022,12,"Violences sexuelles",33,Gironde,2898,1.730,23
2022,12,"Violences sexuelles",80,Somme,969,1.713,24
2022,12,"Violences sexuelles",53,Mayenne,522,1.709,25
2022,12,"Violences sexuelles",28,Eure-et-Loir,737,1.702,26
2022,12,"Violences sexuelles",27,Eure,1023,1.701,27
2022,12,"Violences sexuelles",10,Aube,527,1.694,28
2022,12,"Violences sexuelles",51,Marne,955,1.693,29
2022,12,"Violences sexuelles",40,Landes,722,1.685,30
2022,12,"Violences sexuelles",76,Seine-Maritime,2114,1.678,31
2022,12,"Violences sexuelles",48,Lozère,128,1.673,32
2022,12,"Violences sexuelles",16,Charente,584,1.661,33
2022,12,"Violences sexuelles",79,Deux-Sèvres,615,1.638,34
2022,12,"Violences sexuelles",08,Ardennes,436,1.632,35
2022,12,"Violences sexuelles",36,Indre,351,1.619,36
2022,12,"Violences sexuelles",49,Maine-et-Loire,1338,1.616,37
2022,12,"Violences sexuelles",11,Aude,609,1.612,38
2022,12,"Violences sexuelles",50,Manche,799,1.608,39
2022,12,"Violences sexuelles",19,Corrèze,383,1.595,40
2022,12,"Violences sexuelles",56,Morbihan,1237,1.594,41
2022,12,"Violences sexuelles",21,Côte-d'Or,854,1.589,42
2022,12,"Violences sexuelles",17,Charente-Maritime,1058,1.583,43
2022,12,"Violences sexuelles",88,Vosges,568,1.583,43
2022,12,"Violences sexuelles",04,Alpes-de-Haute-Provence,264,1.579,45
2022,12,"Violences sexuelles",22,Côtes-d'Armor,961,1.576,46
2022,12,"Violences sexuelles",60,Oise,1299,1.564,47
2022,12,"Violences sexuelles",65,Hautes-Pyrénées,362,1.564,47
2022,12,"Violences sexuelles",81,Tarn,619,1.562,49
2022,12,"Violences sexuelles",44,Loire-Atlantique,2292,1.556,50
2022,12,"Violences sexuelles",26,Drôme,806,1.546,51
2022,12,"Violences sexuelles",85,Vendée,1090,1.543,52
2022,12,"Violences sexuelles",24,Dordogne,632,1.518,53
2022,12,"Violences sexuelles",34,Hérault,1833,1.506,54
2022,12,"Violences sexuelles",58,Nièvre,303,1.498,55
2022,12,"Violences sexuelles",23,Creuse,173,1.497,56
2022,12,"Violences sexuelles",35,Ille-et-Vilaine,1661,1.497,56
2022,12,"Violences sexuelles",70,Haute-Saône,348,1.488,58
2022,12,"Violences sexuelles",32,Gers,283,1.469,59
2022,12,"Violences sexuelles",30,Gard,1117,1.462,60
2022,12,"Violences sexuelles",47,Lot-et-Garonne,482,1.451,61
2022,12,"Violences sexuelles",03,Allier,480,1.434,62
2022,12,"Violences sexuelles",67,Bas-Rhin,1658,1.433,63
2022,12,"Violences sexuelles",69,Rhône,2704,1.417,64
2022,12,"Violences sexuelles",38,Isère,1825,1.413,65
2022,12,"Violences sexuelles",95,Val-d'Oise,1791,1.409,66
2022,12,"Violences sexuelles",94,Val-de-Marne,1984,1.398,67
2022,12,"Violences sexuelles",31,Haute-Garonne,2023,1.389,68
2022,12,"Violences sexuelles",91,Essonne,1839,1.388,69
2022,12,"Violences sexuelles",07,Ardèche,457,1.371,70
2022,12,"Violences sexuelles",15,Cantal,198,1.371,70
2022,12,"Violences sexuelles",87,Haute-Vienne,506,1.359,72
2022,12,"Violences sexuelles",01,Ain,911,1.357,73
2022,12,"Violences sexuelles",78,Yvelines,1991,1.354,74
2022,12,"Violences sexuelles",73,Savoie,601,1.350,75
2022,12,"Violences sexuelles",29,Finistère,1250,1.347,76
2022,12,"Violences sexuelles",25,Doubs,737,1.343,77
2022,12,"Violences sexuelles",13,Bouches-du-Rhône,2768,1.337,78
2022,12,"Violences sexuelles",77,Seine-et-Marne,1940,1.336,79
2022,12,"Violences sexuelles",83,Var,1471,1.327,80
2022,12,"Violences sexuelles",06,Alpes-Maritimes,1474,1.322,81
2022,12,"Violences sexuelles",74,Haute-Savoie,1119,1.317,82
2022,12,"Violences sexuelles",18,Cher,391,1.306,83
2022,12,"Violences sexuelles",82,Tarn-et-Garonne,345,1.302,84
2022,12,"Violences sexuelles",90,"Territoire de Belfort",180,1.285,85
2022,12,"Violences sexuelles",63,Puy-de-Dôme,832,1.252,86
2022,12,"Violences sexuelles",84,Vaucluse,711,1.250,87
2022,12,"Violences sexuelles",12,Aveyron,345,1.233,88
2022,12,"Violences sexuelles",64,Pyrénées-Atlantiques,862,1.232,89
2022,12,"Violences sexuelles",92,Hauts-de-Seine,1998,1.213,90
2022,12,"Violences sexuelles",43,Haute-Loire,274,1.201,91
2022,12,"Violences sexuelles",42,Loire,926,1.199,92
2022,12,"Violences sexuelles",57,Moselle,1239,1.179,93
2022,12,"Violences sexuelles",2B,Haute-Corse,213,1.150,94
2022,12,"Violences sexuelles",71,Saône-et-Loire,611,1.113,95
2022,12,"Violences sexuelles",2A,Corse-du-Sud,159,0.958,96
2022,13,"Vols avec armes",13,Bouches-du-Rhône,608,0.294,1
2022,13,"Vols avec armes",93,Seine-Saint-Denis,484,0.288,2
2022,13,"Vols avec armes",75,Paris,541,0.256,3
2022,13,"Vols avec armes",69,Rhône,356,0.187,4
2022,13,"Vols avec armes",95,Val-d'Oise,226,0.178,5
2022,13,"Vols avec armes",94,Val-de-Marne,240,0.169,6
2022,13,"Vols avec armes",44,Loire-Atlantique,204,0.138,7
2022,13,"Vols avec armes",91,Essonne,178,0.134,8
2022,13,"Vols avec armes",76,Seine-Maritime,164,0.130,9
2022,13,"Vols avec armes",34,Hérault,148,0.122,10
2022,13,"Vols avec armes",59,Nord,308,0.118,11
2022,13,"Vols avec armes",06,Alpes-Maritimes,124,0.111,12
2022,13,"Vols avec armes",33,Gironde,185,0.110,13
2022,13,"Vols avec armes",31,Haute-Garonne,158,0.108,14
2022,13,"Vols avec armes",38,Isère,140,0.108,14
2022,13,"Vols avec armes",66,Pyrénées-Orientales,51,0.103,16
2022,13,"Vols avec armes",37,Indre-et-Loire,62,0.101,17
2022,13,"Vols avec armes",84,Vaucluse,57,0.100,18
2022,13,"Vols avec armes",26,Drôme,50,0.096,19
2022,13,"Vols avec armes",30,Gard,73,0.096,19
2022,13,"Vols avec armes",77,Seine-et-Marne,139,0.096,19
2022,13,"Vols avec armes",92,Hauts-de-Seine,144,0.087,22
2022,13,"Vols avec armes",51,Marne,47,0.083,23
2022,13,"Vols avec armes",42,Loire,63,0.082,24
2022,13,"Vols avec armes",21,Côte-d'Or,43,0.080,25
2022,13,"Vols avec armes",25,Doubs,44,0.080,25
2022,13,"Vols avec armes",45,Loiret,54,0.079,27
2022,13,"Vols avec armes",63,Puy-de-Dôme,50,0.075,28
2022,13,"Vols avec armes",35,Ille-et-Vilaine,81,0.073,29
2022,13,"Vols avec armes",79,Deux-Sèvres,27,0.072,30
2022,13,"Vols avec armes",83,Var,80,0.072,30
2022,13,"Vols avec armes",60,Oise,59,0.071,32
2022,13,"Vols avec armes",78,Yvelines,102,0.069,33
2022,13,"Vols avec armes",10,Aube,21,0.068,34
2022,13,"Vols avec armes",67,Bas-Rhin,77,0.067,35
2022,13,"Vols avec armes",72,Sarthe,37,0.065,36
2022,13,"Vols avec armes",11,Aude,24,0.064,37
2022,13,"Vols avec armes",54,Meurthe-et-Moselle,46,0.063,38
2022,13,"Vols avec armes",89,Yonne,20,0.060,39
2022,13,"Vols avec armes",87,Haute-Vienne,21,0.056,40
2022,13,"Vols avec armes",17,Charente-Maritime,37,0.055,41
2022,13,"Vols avec armes",86,Vienne,24,0.055,41
2022,13,"Vols avec armes",04,Alpes-de-Haute-Provence,9,0.054,43
2022,13,"Vols avec armes",07,Ardèche,18,0.054,43
2022,13,"Vols avec armes",29,Finistère,49,0.053,45
2022,13,"Vols avec armes",01,Ain,34,0.051,46
2022,13,"Vols avec armes",14,Calvados,35,0.050,47
2022,13,"Vols avec armes",02,Aisne,26,0.049,48
2022,13,"Vols avec armes",41,Loir-et-Cher,16,0.049,48
2022,13,"Vols avec armes",57,Moselle,51,0.049,48
2022,13,"Vols avec armes",16,Charente,16,0.046,51
2022,13,"Vols avec armes",68,Haut-Rhin,35,0.046,51
2022,13,"Vols avec armes",62,Pas-de-Calais,66,0.045,53
2022,13,"Vols avec armes",22,Côtes-d'Armor,26,0.043,54
2022,13,"Vols avec armes",2B,Haute-Corse,8,0.043,54
2022,13,"Vols avec armes",90,"Territoire de Belfort",6,0.043,54
2022,13,"Vols avec armes",03,Allier,14,0.042,57
2022,13,"Vols avec armes",71,Saône-et-Loire,23,0.042,57
2022,13,"Vols avec armes",80,Somme,24,0.042,57
2022,13,"Vols avec armes",82,Tarn-et-Garonne,11,0.042,57
2022,13,"Vols avec armes",27,Eure,24,0.040,61
2022,13,"Vols avec armes",81,Tarn,16,0.040,61
2022,13,"Vols avec armes",09,Ariège,6,0.039,63
2022,13,"Vols avec armes",49,Maine-et-Loire,32,0.039,63
2022,13,"Vols avec armes",55,Meuse,7,0.039,63
2022,13,"Vols avec armes",65,Hautes-Pyrénées,9,0.039,63
2022,13,"Vols avec armes",28,Eure-et-Loir,16,0.037,67
2022,13,"Vols avec armes",2A,Corse-du-Sud,6,0.036,68
2022,13,"Vols avec armes",73,Savoie,16,0.036,68
2022,13,"Vols avec armes",88,Vosges,13,0.036,68
2022,13,"Vols avec armes",74,Haute-Savoie,30,0.035,71
2022,13,"Vols avec armes",18,Cher,10,0.033,72
2022,13,"Vols avec armes",24,Dordogne,13,0.031,73
2022,13,"Vols avec armes",43,Haute-Loire,7,0.031,73
2022,13,"Vols avec armes",85,Vendée,20,0.028,75
2022,13,"Vols avec armes",56,Morbihan,21,0.027,76
2022,13,"Vols avec armes",12,Aveyron,7,0.025,77
2022,13,"Vols avec armes",19,Corrèze,6,0.025,77
2022,13,"Vols avec armes",46,Lot,4,0.023,79
2022,13,"Vols avec armes",53,Mayenne,7,0.023,79
2022,13,"Vols avec armes",15,Cantal,3,0.021,81
2022,13,"Vols avec armes",70,Haute-Saône,5,0.021,81
2022,13,"Vols avec armes",50,Manche,10,0.020,83
2022,13,"Vols avec armes",58,Nièvre,4,0.020,83
2022,13,"Vols avec armes",64,Pyrénées-Atlantiques,14,0.020,83
2022,13,"Vols avec armes",08,Ardennes,5,0.019,86
2022,13,"Vols avec armes",40,Landes,8,0.019,86
2022,13,"Vols avec armes",36,Indre,4,0.018,88
2022,13,"Vols avec armes",39,Jura,4,0.015,89
2022,13,"Vols avec armes",47,Lot-et-Garonne,5,0.015,89
2022,13,"Vols avec armes",05,Hautes-Alpes,2,0.014,91
2022,13,"Vols avec armes",48,Lozère,1,0.013,92
2022,13,"Vols avec armes",52,Haute-Marne,2,0.012,93
2022,13,"Vols avec armes",61,Orne,3,0.011,94
2022,13,"Vols avec armes",32,Gers,2,0.010,95
2022,13,"Vols avec armes",23,Creuse,1,0.009,96
2022,14,"Vols d'accessoires sur véhicules",44,Loire-Atlantique,4247,2.883,1
2022,14,"Vols d'accessoires sur véhicules",91,Essonne,3380,2.552,2
2022,14,"Vols d'accessoires sur véhicules",13,Bouches-du-Rhône,5274,2.548,3
2022,14,"Vols d'accessoires sur véhicules",95,Val-d'Oise,3053,2.402,4
2022,14,"Vols d'accessoires sur véhicules",69,Rhône,4444,2.329,5
2022,14,"Vols d'accessoires sur véhicules",59,Nord,6084,2.325,6
2022,14,"Vols d'accessoires sur véhicules",93,Seine-Saint-Denis,3882,2.308,7
2022,14,"Vols d'accessoires sur véhicules",77,Seine-et-Marne,3253,2.240,8
2022,14,"Vols d'accessoires sur véhicules",52,Haute-Marne,377,2.219,9
2022,14,"Vols d'accessoires sur véhicules",89,Yonne,705,2.111,10
2022,14,"Vols d'accessoires sur véhicules",60,Oise,1688,2.032,11
2022,14,"Vols d'accessoires sur véhicules",30,Gard,1524,1.995,12
2022,14,"Vols d'accessoires sur véhicules",94,Val-de-Marne,2711,1.910,13
2022,14,"Vols d'accessoires sur véhicules",21,Côte-d'Or,1002,1.864,14
2022,14,"Vols d'accessoires sur véhicules",51,Marne,1030,1.826,15
2022,14,"Vols d'accessoires sur véhicules",38,Isère,2306,1.786,16
2022,14,"Vols d'accessoires sur véhicules",49,Maine-et-Loire,1465,1.769,17
2022,14,"Vols d'accessoires sur véhicules",36,Indre,372,1.716,18
2022,14,"Vols d'accessoires sur véhicules",42,Loire,1308,1.694,19
2022,14,"Vols d'accessoires sur véhicules",66,Pyrénées-Orientales,829,1.682,20
2022,14,"Vols d'accessoires sur véhicules",34,Hérault,2007,1.649,21
2022,14,"Vols d'accessoires sur véhicules",11,Aude,607,1.607,22
2022,14,"Vols d'accessoires sur véhicules",02,Aisne,835,1.589,23
2022,14,"Vols d'accessoires sur véhicules",17,Charente-Maritime,1011,1.513,24
2022,14,"Vols d'accessoires sur véhicules",18,Cher,449,1.499,25
2022,14,"Vols d'accessoires sur véhicules",26,Drôme,781,1.498,26
2022,14,"Vols d'accessoires sur véhicules",35,Ille-et-Vilaine,1660,1.497,27
2022,14,"Vols d'accessoires sur véhicules",84,Vaucluse,844,1.484,28
2022,14,"Vols d'accessoires sur véhicules",37,Indre-et-Loire,914,1.483,29
2022,14,"Vols d'accessoires sur véhicules",86,Vienne,648,1.477,30
2022,14,"Vols d'accessoires sur véhicules",31,Haute-Garonne,2147,1.474,31
2022,14,"Vols d'accessoires sur véhicules",41,Loir-et-Cher,483,1.468,32
2022,14,"Vols d'accessoires sur véhicules",80,Somme,828,1.464,33
2022,14,"Vols d'accessoires sur véhicules",87,Haute-Vienne,539,1.447,34
2022,14,"Vols d'accessoires sur véhicules",01,Ain,967,1.441,35
2022,14,"Vols d'accessoires sur véhicules",10,Aube,444,1.427,36
2022,14,"Vols d'accessoires sur véhicules",78,Yvelines,2070,1.407,37
2022,14,"Vols d'accessoires sur véhicules",76,Seine-Maritime,1751,1.389,38
2022,14,"Vols d'accessoires sur véhicules",33,Gironde,2312,1.380,39
2022,14,"Vols d'accessoires sur véhicules",28,Eure-et-Loir,597,1.379,40
2022,14,"Vols d'accessoires sur véhicules",62,Pas-de-Calais,1971,1.350,41
2022,14,"Vols d'accessoires sur véhicules",56,Morbihan,1042,1.343,42
2022,14,"Vols d'accessoires sur véhicules",58,Nièvre,268,1.325,43
2022,14,"Vols d'accessoires sur véhicules",55,Meuse,238,1.317,44
2022,14,"Vols d'accessoires sur véhicules",71,Saône-et-Loire,710,1.293,45
2022,14,"Vols d'accessoires sur véhicules",45,Loiret,884,1.287,46
2022,14,"Vols d'accessoires sur véhicules",83,Var,1418,1.279,47
2022,14,"Vols d'accessoires sur véhicules",48,Lozère,96,1.255,48
2022,14,"Vols d'accessoires sur véhicules",92,Hauts-de-Seine,2030,1.232,49
2022,14,"Vols d'accessoires sur véhicules",75,Paris,2596,1.228,50
2022,14,"Vols d'accessoires sur véhicules",85,Vendée,847,1.199,51
2022,14,"Vols d'accessoires sur véhicules",79,Deux-Sèvres,444,1.183,52
2022,14,"Vols d'accessoires sur véhicules",27,Eure,690,1.148,53
2022,14,"Vols d'accessoires sur véhicules",54,Meurthe-et-Moselle,841,1.147,54
2022,14,"Vols d'accessoires sur véhicules",63,Puy-de-Dôme,762,1.147,54
2022,14,"Vols d'accessoires sur véhicules",29,Finistère,1017,1.096,56
2022,14,"Vols d'accessoires sur véhicules",04,Alpes-de-Haute-Provence,181,1.083,57
2022,14,"Vols d'accessoires sur véhicules",39,Jura,279,1.080,58
2022,14,"Vols d'accessoires sur véhicules",72,Sarthe,611,1.079,59
2022,14,"Vols d'accessoires sur véhicules",53,Mayenne,322,1.054,60
2022,14,"Vols d'accessoires sur véhicules",43,Haute-Loire,231,1.012,61
2022,14,"Vols d'accessoires sur véhicules",88,Vosges,361,1.006,62
2022,14,"Vols d'accessoires sur véhicules",47,Lot-et-Garonne,332,0.999,63
2022,14,"Vols d'accessoires sur véhicules",07,Ardèche,332,0.996,64
2022,14,"Vols d'accessoires sur véhicules",57,Moselle,1043,0.993,65
2022,14,"Vols d'accessoires sur véhicules",74,Haute-Savoie,838,0.986,66
2022,14,"Vols d'accessoires sur véhicules",73,Savoie,424,0.952,67
2022,14,"Vols d'accessoires sur véhicules",61,Orne,260,0.942,68
2022,14,"Vols d'accessoires sur véhicules",22,Côtes-d'Armor,567,0.930,69
2022,14,"Vols d'accessoires sur véhicules",2A,Corse-du-Sud,154,0.927,70
2022,14,"Vols d'accessoires sur véhicules",65,Hautes-Pyrénées,209,0.903,71
2022,14,"Vols d'accessoires sur véhicules",06,Alpes-Maritimes,992,0.890,72
2022,14,"Vols d'accessoires sur véhicules",25,Doubs,488,0.889,73
2022,14,"Vols d'accessoires sur véhicules",82,Tarn-et-Garonne,234,0.883,74
2022,14,"Vols d'accessoires sur véhicules",03,Allier,295,0.881,75
2022,14,"Vols d'accessoires sur véhicules",16,Charente,307,0.873,76
2022,14,"Vols d'accessoires sur véhicules",14,Calvados,580,0.823,77
2022,14,"Vols d'accessoires sur véhicules",64,Pyrénées-Atlantiques,540,0.772,78
2022,14,"Vols d'accessoires sur véhicules",40,Landes,329,0.768,79
2022,14,"Vols d'accessoires sur véhicules",67,Bas-Rhin,886,0.766,80
2022,14,"Vols d'accessoires sur véhicules",08,Ardennes,204,0.763,81
2022,14,"Vols d'accessoires sur véhicules",2B,Haute-Corse,140,0.756,82
2022,14,"Vols d'accessoires sur véhicules",70,Haute-Saône,174,0.744,83
2022,14,"Vols d'accessoires sur véhicules",46,Lot,124,0.706,84
2022,14,"Vols d'accessoires sur véhicules",05,Hautes-Alpes,99,0.699,85
2022,14,"Vols d'accessoires sur véhicules",23,Creuse,80,0.692,86
2022,14,"Vols d'accessoires sur véhicules",09,Ariège,103,0.663,87
2022,14,"Vols d'accessoires sur véhicules",68,Haut-Rhin,498,0.649,88
2022,14,"Vols d'accessoires sur véhicules",32,Gers,119,0.618,89
2022,14,"Vols d'accessoires sur véhicules",81,Tarn,235,0.593,90
2022,14,"Vols d'accessoires sur véhicules",19,Corrèze,138,0.575,91
2022,14,"Vols d'accessoires sur véhicules",50,Manche,278,0.560,92
2022,14,"Vols d'accessoires sur véhicules",24,Dordogne,229,0.550,93
2022,14,"Vols d'accessoires sur véhicules",90,"Territoire de Belfort",73,0.521,94
2022,14,"Vols d'accessoires sur véhicules",15,Cantal,75,0.519,95
2022,14,"Vols d'accessoires sur véhicules",12,Aveyron,115,0.411,96
2022,15,"Vols dans les véhicules",69,Rhône,17230,9.030,1
2022,15,"Vols dans les véhicules",13,Bouches-du-Rhône,18320,8.851,2
2022,15,"Vols dans les véhicules",75,Paris,16953,8.021,3
2022,15,"Vols dans les véhicules",44,Loire-Atlantique,10503,7.130,4
2022,15,"Vols dans les véhicules",31,Haute-Garonne,9680,6.647,5
2022,15,"Vols dans les véhicules",93,Seine-Saint-Denis,10820,6.434,6
2022,15,"Vols dans les véhicules",59,Nord,14282,5.458,7
2022,15,"Vols dans les véhicules",33,Gironde,8724,5.208,8
2022,15,"Vols dans les véhicules",38,Isère,6651,5.150,9
2022,15,"Vols dans les véhicules",37,Indre-et-Loire,3034,4.923,10
2022,15,"Vols dans les véhicules",34,Hérault,5390,4.428,11
2022,15,"Vols dans les véhicules",76,Seine-Maritime,5396,4.282,12
2022,15,"Vols dans les véhicules",95,Val-d'Oise,5424,4.268,13
2022,15,"Vols dans les véhicules",66,Pyrénées-Orientales,1962,3.980,14
2022,15,"Vols dans les véhicules",11,Aude,1479,3.915,15
2022,15,"Vols dans les véhicules",94,Val-de-Marne,5528,3.894,16
2022,15,"Vols dans les véhicules",26,Drôme,1907,3.657,17
2022,15,"Vols dans les véhicules",51,Marne,2016,3.574,18
2022,15,"Vols dans les véhicules",87,Haute-Vienne,1304,3.501,19
2022,15,"Vols dans les véhicules",83,Var,3734,3.369,20
2022,15,"Vols dans les véhicules",84,Vaucluse,1904,3.348,21
2022,15,"Vols dans les véhicules",91,Essonne,4314,3.257,22
2022,15,"Vols dans les véhicules",04,Alpes-de-Haute-Provence,529,3.164,23
2022,15,"Vols dans les véhicules",92,Hauts-de-Seine,5143,3.122,24
2022,15,"Vols dans les véhicules",30,Gard,2344,3.068,25
2022,15,"Vols dans les véhicules",86,Vienne,1336,3.045,26
2022,15,"Vols dans les véhicules",72,Sarthe,1719,3.036,27
2022,15,"Vols dans les véhicules",06,Alpes-Maritimes,3305,2.965,28
2022,15,"Vols dans les véhicules",77,Seine-et-Marne,4266,2.937,29
2022,15,"Vols dans les véhicules",42,Loire,2223,2.879,30
2022,15,"Vols dans les véhicules",21,Côte-d'Or,1519,2.826,31
2022,15,"Vols dans les véhicules",68,Haut-Rhin,2117,2.757,32
2022,15,"Vols dans les véhicules",14,Calvados,1815,2.576,33
2022,15,"Vols dans les véhicules",64,Pyrénées-Atlantiques,1759,2.515,34
2022,15,"Vols dans les véhicules",35,Ille-et-Vilaine,2744,2.474,35
2022,15,"Vols dans les véhicules",63,Puy-de-Dôme,1631,2.455,36
2022,15,"Vols dans les véhicules",67,Bas-Rhin,2786,2.408,37
2022,15,"Vols dans les véhicules",17,Charente-Maritime,1601,2.396,38
2022,15,"Vols dans les véhicules",25,Doubs,1300,2.369,39
2022,15,"Vols dans les véhicules",47,Lot-et-Garonne,785,2.363,40
2022,15,"Vols dans les véhicules",74,Haute-Savoie,2001,2.355,41
2022,15,"Vols dans les véhicules",80,Somme,1314,2.323,42
2022,15,"Vols dans les véhicules",49,Maine-et-Loire,1910,2.306,43
2022,15,"Vols dans les véhicules",60,Oise,1827,2.199,44
2022,15,"Vols dans les véhicules",41,Loir-et-Cher,722,2.195,45
2022,15,"Vols dans les véhicules",54,Meurthe-et-Moselle,1560,2.129,46
2022,15,"Vols dans les véhicules",73,Savoie,932,2.093,47
2022,15,"Vols dans les véhicules",89,Yonne,695,2.081,48
2022,15,"Vols dans les véhicules",53,Mayenne,635,2.079,49
2022,15,"Vols dans les véhicules",45,Loiret,1420,2.067,50
2022,15,"Vols dans les véhicules",40,Landes,885,2.066,51
2022,15,"Vols dans les véhicules",52,Haute-Marne,350,2.060,52
2022,15,"Vols dans les véhicules",62,Pas-de-Calais,2995,2.051,53
2022,15,"Vols dans les véhicules",56,Morbihan,1588,2.046,54
2022,15,"Vols dans les véhicules",57,Moselle,2111,2.009,55
2022,15,"Vols dans les véhicules",27,Eure,1201,1.997,56
2022,15,"Vols dans les véhicules",01,Ain,1321,1.968,57
2022,15,"Vols dans les véhicules",39,Jura,502,1.943,58
2022,15,"Vols dans les véhicules",10,Aube,598,1.922,59
2022,15,"Vols dans les véhicules",09,Ariège,296,1.906,60
2022,15,"Vols dans les véhicules",78,Yvelines,2723,1.851,61
2022,15,"Vols dans les véhicules",65,Hautes-Pyrénées,427,1.845,62
2022,15,"Vols dans les véhicules",16,Charente,648,1.843,63
2022,15,"Vols dans les véhicules",29,Finistère,1691,1.822,64
2022,15,"Vols dans les véhicules",79,Deux-Sèvres,684,1.822,64
2022,15,"Vols dans les véhicules",36,Indre,392,1.808,66
2022,15,"Vols dans les véhicules",55,Meuse,325,1.798,67
2022,15,"Vols dans les véhicules",05,Hautes-Alpes,253,1.786,68
2022,15,"Vols dans les véhicules",85,Vendée,1241,1.757,69
2022,15,"Vols dans les véhicules",82,Tarn-et-Garonne,460,1.736,70
2022,15,"Vols dans les véhicules",81,Tarn,679,1.714,71
2022,15,"Vols dans les véhicules",02,Aisne,899,1.711,72
2022,15,"Vols dans les véhicules",71,Saône-et-Loire,909,1.655,73
2022,15,"Vols dans les véhicules",08,Ardennes,430,1.609,74
2022,15,"Vols dans les véhicules",03,Allier,527,1.574,75
2022,15,"Vols dans les véhicules",07,Ardèche,501,1.503,76
2022,15,"Vols dans les véhicules",58,Nièvre,299,1.478,77
2022,15,"Vols dans les véhicules",18,Cher,442,1.476,78
2022,15,"Vols dans les véhicules",28,Eure-et-Loir,614,1.418,79
2022,15,"Vols dans les véhicules",43,Haute-Loire,311,1.363,80
2022,15,"Vols dans les véhicules",88,Vosges,484,1.349,81
2022,15,"Vols dans les véhicules",22,Côtes-d'Armor,800,1.312,82
2022,15,"Vols dans les véhicules",24,Dordogne,538,1.292,83
2022,15,"Vols dans les véhicules",32,Gers,245,1.272,84
2022,15,"Vols dans les véhicules",50,Manche,610,1.228,85
2022,15,"Vols dans les véhicules",61,Orne,326,1.181,86
2022,15,"Vols dans les véhicules",46,Lot,207,1.179,87
2022,15,"Vols dans les véhicules",90,"Territoire de Belfort",153,1.092,88
2022,15,"Vols dans les véhicules",70,Haute-Saône,250,1.069,89
2022,15,"Vols dans les véhicules",48,Lozère,77,1.006,90
2022,15,"Vols dans les véhicules",2A,Corse-du-Sud,155,0.933,91
2022,15,"Vols dans les véhicules",19,Corrèze,223,0.929,92
2022,15,"Vols dans les véhicules",2B,Haute-Corse,165,0.891,93
2022,15,"Vols dans les véhicules",12,Aveyron,225,0.804,94
2022,15,"Vols dans les véhicules",15,Cantal,99,0.686,95
2022,15,"Vols dans les véhicules",23,Creuse,58,0.502,96
2022,16,"Vols de véhicule",13,Bouches-du-Rhône,10583,5.113,1
2022,16,"Vols de véhicule",95,Val-d'Oise,4694,3.694,2
2022,16,"Vols de véhicule",93,Seine-Saint-Denis,5780,3.437,3
2022,16,"Vols de véhicule",69,Rhône,6152,3.224,4
2022,16,"Vols de véhicule",44,Loire-Atlantique,4461,3.028,5
2022,16,"Vols de véhicule",75,Paris,6353,3.006,6
2022,16,"Vols de véhicule",94,Val-de-Marne,4145,2.920,7
2022,16,"Vols de véhicule",91,Essonne,3687,2.784,8
2022,16,"Vols de véhicule",92,Hauts-de-Seine,4506,2.735,9
2022,16,"Vols de véhicule",60,Oise,2257,2.717,10
2022,16,"Vols de véhicule",77,Seine-et-Marne,3696,2.545,11
2022,16,"Vols de véhicule",06,Alpes-Maritimes,2803,2.515,12
2022,16,"Vols de véhicule",66,Pyrénées-Orientales,1216,2.467,13
2022,16,"Vols de véhicule",41,Loir-et-Cher,807,2.453,14
2022,16,"Vols de véhicule",59,Nord,6160,2.354,15
2022,16,"Vols de véhicule",89,Yonne,769,2.303,16
2022,16,"Vols de véhicule",26,Drôme,1195,2.292,17
2022,16,"Vols de véhicule",83,Var,2537,2.289,18
2022,16,"Vols de véhicule",34,Hérault,2659,2.184,19
2022,16,"Vols de véhicule",38,Isère,2761,2.138,20
2022,16,"Vols de véhicule",33,Gironde,3537,2.112,21
2022,16,"Vols de véhicule",84,Vaucluse,1180,2.075,22
2022,16,"Vols de véhicule",17,Charente-Maritime,1373,2.055,23
2022,16,"Vols de véhicule",51,Marne,1142,2.024,24
2022,16,"Vols de véhicule",78,Yvelines,2945,2.002,25
2022,16,"Vols de véhicule",30,Gard,1463,1.915,26
2022,16,"Vols de véhicule",02,Aisne,1006,1.914,27
2022,16,"Vols de véhicule",11,Aude,693,1.834,28
2022,16,"Vols de véhicule",2A,Corse-du-Sud,301,1.813,29
2022,16,"Vols de véhicule",31,Haute-Garonne,2624,1.802,30
2022,16,"Vols de véhicule",58,Nièvre,353,1.745,31
2022,16,"Vols de véhicule",76,Seine-Maritime,2186,1.735,32
2022,16,"Vols de véhicule",80,Somme,972,1.719,33
2022,16,"Vols de véhicule",42,Loire,1300,1.684,34
2022,16,"Vols de véhicule",27,Eure,997,1.658,35
2022,16,"Vols de véhicule",49,Maine-et-Loire,1369,1.653,36
2022,16,"Vols de véhicule",55,Meuse,289,1.599,37
2022,16,"Vols de véhicule",01,Ain,1051,1.566,38
2022,16,"Vols de véhicule",08,Ardennes,385,1.441,39
2022,16,"Vols de véhicule",64,Pyrénées-Atlantiques,1002,1.433,40
2022,16,"Vols de véhicule",74,Haute-Savoie,1195,1.407,41
2022,16,"Vols de véhicule",04,Alpes-de-Haute-Provence,234,1.400,42
2022,16,"Vols de véhicule",35,Ille-et-Vilaine,1549,1.396,43
2022,16,"Vols de véhicule",07,Ardèche,465,1.395,44
2022,16,"Vols de véhicule",86,Vienne,594,1.354,45
2022,16,"Vols de véhicule",16,Charente,475,1.351,46
2022,16,"Vols de véhicule",63,Puy-de-Dôme,890,1.340,47
2022,16,"Vols de véhicule",37,Indre-et-Loire,811,1.316,48
2022,16,"Vols de véhicule",36,Indre,284,1.310,49
2022,16,"Vols de véhicule",52,Haute-Marne,214,1.260,50
2022,16,"Vols de véhicule",10,Aube,391,1.257,51
2022,16,"Vols de véhicule",79,Deux-Sèvres,472,1.257,51
2022,16,"Vols de véhicule",88,Vosges,447,1.246,53
2022,16,"Vols de véhicule",72,Sarthe,702,1.240,54
2022,16,"Vols de véhicule",18,Cher,371,1.239,55
2022,16,"Vols de véhicule",45,Loiret,835,1.215,56
2022,16,"Vols de véhicule",29,Finistère,1121,1.208,57
2022,16,"Vols de véhicule",71,Saône-et-Loire,659,1.200,58
2022,16,"Vols de véhicule",2B,Haute-Corse,221,1.193,59
2022,16,"Vols de véhicule",62,Pas-de-Calais,1731,1.185,60
2022,16,"Vols de véhicule",21,Côte-d'Or,634,1.179,61
2022,16,"Vols de véhicule",28,Eure-et-Loir,507,1.171,62
2022,16,"Vols de véhicule",85,Vendée,779,1.103,63
2022,16,"Vols de véhicule",39,Jura,283,1.095,64
2022,16,"Vols de véhicule",54,Meurthe-et-Moselle,801,1.093,65
2022,16,"Vols de véhicule",73,Savoie,459,1.031,66
2022,16,"Vols de véhicule",40,Landes,441,1.029,67
2022,16,"Vols de véhicule",82,Tarn-et-Garonne,272,1.027,68
2022,16,"Vols de véhicule",25,Doubs,560,1.021,69
2022,16,"Vols de véhicule",47,Lot-et-Garonne,337,1.014,70
2022,16,"Vols de véhicule",61,Orne,270,0.978,71
2022,16,"Vols de véhicule",57,Moselle,993,0.945,72
2022,16,"Vols de véhicule",70,Haute-Saône,220,0.940,73
2022,16,"Vols de véhicule",24,Dordogne,390,0.937,74
2022,16,"Vols de véhicule",56,Morbihan,726,0.935,75
2022,16,"Vols de véhicule",14,Calvados,652,0.925,76
2022,16,"Vols de véhicule",05,Hautes-Alpes,124,0.875,77
2022,16,"Vols de véhicule",03,Allier,274,0.819,78
2022,16,"Vols de véhicule",50,Manche,406,0.817,79
2022,16,"Vols de véhicule",65,Hautes-Pyrénées,189,0.817,79
2022,16,"Vols de véhicule",32,Gers,157,0.815,81
2022,16,"Vols de véhicule",46,Lot,142,0.809,82
2022,16,"Vols de véhicule",43,Haute-Loire,184,0.806,83
2022,16,"Vols de véhicule",09,Ariège,125,0.805,84
2022,16,"Vols de véhicule",87,Haute-Vienne,297,0.797,85
2022,16,"Vols de véhicule",53,Mayenne,228,0.746,86
2022,16,"Vols de véhicule",81,Tarn,293,0.740,87
2022,16,"Vols de véhicule",22,Côtes-d'Armor,417,0.684,88
2022,16,"Vols de véhicule",67,Bas-Rhin,782,0.676,89
2022,16,"Vols de véhicule",68,Haut-Rhin,507,0.660,90
2022,16,"Vols de véhicule",19,Corrèze,151,0.629,91
2022,16,"Vols de véhicule",23,Creuse,70,0.606,92
2022,16,"Vols de véhicule",12,Aveyron,157,0.561,93
2022,16,"Vols de véhicule",48,Lozère,42,0.549,94
2022,16,"Vols de véhicule",90,"Territoire de Belfort",76,0.543,95
2022,16,"Vols de véhicule",15,Cantal,61,0.422,96
2022,17,"Vols sans violence contre des personnes",75,Paris,122041,57.738,1
2022,17,"Vols sans violence contre des personnes",69,Rhône,33302,17.454,2
2022,17,"Vols sans violence contre des personnes",93,Seine-Saint-Denis,25597,15.221,3
2022,17,"Vols sans violence contre des personnes",06,Alpes-Maritimes,16187,14.523,4
2022,17,"Vols sans violence contre des personnes",92,Hauts-de-Seine,22089,13.408,5
2022,17,"Vols sans violence contre des personnes",13,Bouches-du-Rhône,27015,13.052,6
2022,17,"Vols sans violence contre des personnes",94,Val-de-Marne,18216,12.832,7
2022,17,"Vols sans violence contre des personnes",34,Hérault,15573,12.793,8
2022,17,"Vols sans violence contre des personnes",31,Haute-Garonne,17934,12.315,9
2022,17,"Vols sans violence contre des personnes",33,Gironde,18411,10.992,10
2022,17,"Vols sans violence contre des personnes",44,Loire-Atlantique,15166,10.295,11
2022,17,"Vols sans violence contre des personnes",83,Var,11295,10.191,12
2022,17,"Vols sans violence contre des personnes",66,Pyrénées-Orientales,4875,9.889,13
2022,17,"Vols sans violence contre des personnes",95,Val-d'Oise,12473,9.815,14
2022,17,"Vols sans violence contre des personnes",73,Savoie,4129,9.273,15
2022,17,"Vols sans violence contre des personnes",74,Haute-Savoie,7673,9.031,16
2022,17,"Vols sans violence contre des personnes",38,Isère,11273,8.729,17
2022,17,"Vols sans violence contre des personnes",59,Nord,22736,8.688,18
2022,17,"Vols sans violence contre des personnes",67,Bas-Rhin,9917,8.572,19
2022,17,"Vols sans violence contre des personnes",84,Vaucluse,4766,8.380,20
2022,17,"Vols sans violence contre des personnes",35,Ille-et-Vilaine,9247,8.336,21
2022,17,"Vols sans violence contre des personnes",30,Gard,6009,7.865,22
2022,17,"Vols sans violence contre des personnes",37,Indre-et-Loire,4846,7.863,23
2022,17,"Vols sans violence contre des personnes",42,Loire,5928,7.678,24
2022,17,"Vols sans violence contre des personnes",40,Landes,3277,7.649,25
2022,17,"Vols sans violence contre des personnes",91,Essonne,10124,7.643,26
2022,17,"Vols sans violence contre des personnes",11,Aude,2816,7.454,27
2022,17,"Vols sans violence contre des personnes",26,Drôme,3886,7.453,28
2022,17,"Vols sans violence contre des personnes",78,Yvelines,10841,7.371,29
2022,17,"Vols sans violence contre des personnes",76,Seine-Maritime,9275,7.360,30
2022,17,"Vols sans violence contre des personnes",80,Somme,4156,7.349,31
2022,17,"Vols sans violence contre des personnes",77,Seine-et-Marne,10543,7.259,32
2022,17,"Vols sans violence contre des personnes",51,Marne,3974,7.045,33
2022,17,"Vols sans violence contre des personnes",65,Hautes-Pyrénées,1630,7.042,34
2022,17,"Vols sans violence contre des personnes",05,Hautes-Alpes,995,7.023,35
2022,17,"Vols sans violence contre des personnes",17,Charente-Maritime,4671,6.991,36
2022,17,"Vols sans violence contre des personnes",10,Aube,2167,6.966,37
2022,17,"Vols sans violence contre des personnes",64,Pyrénées-Atlantiques,4798,6.859,38
2022,17,"Vols sans violence contre des personnes",54,Meurthe-et-Moselle,4925,6.720,39
2022,17,"Vols sans violence contre des personnes",68,Haut-Rhin,5039,6.563,40
2022,17,"Vols sans violence contre des personnes",47,Lot-et-Garonne,2151,6.475,41
2022,17,"Vols sans violence contre des personnes",86,Vienne,2801,6.385,42
2022,17,"Vols sans violence contre des personnes",14,Calvados,4449,6.314,43
2022,17,"Vols sans violence contre des personnes",72,Sarthe,3554,6.278,44
2022,17,"Vols sans violence contre des personnes",21,Côte-d'Or,3371,6.271,45
2022,17,"Vols sans violence contre des personnes",04,Alpes-de-Haute-Provence,1035,6.191,46
2022,17,"Vols sans violence contre des personnes",87,Haute-Vienne,2283,6.130,47
2022,17,"Vols sans violence contre des personnes",63,Puy-de-Dôme,4071,6.127,48
2022,17,"Vols sans violence contre des personnes",09,Ariège,893,5.749,49
2022,17,"Vols sans violence contre des personnes",16,Charente,1978,5.626,50
2022,17,"Vols sans violence contre des personnes",45,Loiret,3804,5.537,51
2022,17,"Vols sans violence contre des personnes",49,Maine-et-Loire,4574,5.523,52
2022,17,"Vols sans violence contre des personnes",2A,Corse-du-Sud,890,5.360,53
2022,17,"Vols sans violence contre des personnes",25,Doubs,2935,5.349,54
2022,17,"Vols sans violence contre des personnes",29,Finistère,4956,5.341,55
2022,17,"Vols sans violence contre des personnes",56,Morbihan,4130,5.321,56
2022,17,"Vols sans violence contre des personnes",89,Yonne,1773,5.310,57
2022,17,"Vols sans violence contre des personnes",57,Moselle,5513,5.247,58
2022,17,"Vols sans violence contre des personnes",90,"Territoire de Belfort",725,5.176,59
2022,17,"Vols sans violence contre des personnes",60,Oise,4274,5.145,60
2022,17,"Vols sans violence contre des personnes",03,Allier,1706,5.097,61
2022,17,"Vols sans violence contre des personnes",85,Vendée,3570,5.054,62
2022,17,"Vols sans violence contre des personnes",62,Pas-de-Calais,7275,4.982,63
2022,17,"Vols sans violence contre des personnes",22,Côtes-d'Armor,3031,4.972,64
2022,17,"Vols sans violence contre des personnes",02,Aisne,2582,4.913,65
2022,17,"Vols sans violence contre des personnes",08,Ardennes,1300,4.865,66
2022,17,"Vols sans violence contre des personnes",82,Tarn-et-Garonne,1281,4.835,67
2022,17,"Vols sans violence contre des personnes",24,Dordogne,2009,4.826,68
2022,17,"Vols sans violence contre des personnes",01,Ain,3219,4.795,69
2022,17,"Vols sans violence contre des personnes",88,Vosges,1707,4.759,70
2022,17,"Vols sans violence contre des personnes",52,Haute-Marne,808,4.757,71
2022,17,"Vols sans violence contre des personnes",79,Deux-Sèvres,1786,4.757,71
2022,17,"Vols sans violence contre des personnes",81,Tarn,1884,4.756,73
2022,17,"Vols sans violence contre des personnes",36,Indre,1009,4.654,74
2022,17,"Vols sans violence contre des personnes",58,Nièvre,938,4.637,75
2022,17,"Vols sans violence contre des personnes",39,Jura,1196,4.628,76
2022,17,"Vols sans violence contre des personnes",55,Meuse,835,4.620,77
2022,17,"Vols sans violence contre des personnes",18,Cher,1366,4.561,78
2022,17,"Vols sans violence contre des personnes",46,Lot,797,4.538,79
2022,17,"Vols sans violence contre des personnes",71,Saône-et-Loire,2484,4.523,80
2022,17,"Vols sans violence contre des personnes",07,Ardèche,1495,4.486,81
2022,17,"Vols sans violence contre des personnes",53,Mayenne,1368,4.479,82
2022,17,"Vols sans violence contre des personnes",41,Loir-et-Cher,1454,4.420,83
2022,17,"Vols sans violence contre des personnes",50,Manche,2188,4.404,84
2022,17,"Vols sans violence contre des personnes",2B,Haute-Corse,813,4.389,85
2022,17,"Vols sans violence contre des personnes",28,Eure-et-Loir,1871,4.322,86
2022,17,"Vols sans violence contre des personnes",61,Orne,1170,4.237,87
2022,17,"Vols sans violence contre des personnes",70,Haute-Saône,991,4.236,88
2022,17,"Vols sans violence contre des personnes",27,Eure,2525,4.199,89
2022,17,"Vols sans violence contre des personnes",19,Corrèze,980,4.081,90
2022,17,"Vols sans violence contre des personnes",32,Gers,742,3.852,91
2022,17,"Vols sans violence contre des personnes",23,Creuse,441,3.817,92
2022,17,"Vols sans violence contre des personnes",48,Lozère,272,3.555,93
2022,17,"Vols sans violence contre des personnes",12,Aveyron,966,3.453,94
2022,17,"Vols sans violence contre des personnes",43,Haute-Loire,754,3.305,95
2022,17,"Vols sans violence contre des personnes",15,Cantal,442,3.061,96
2022,18,"Vols violents sans arme",75,Paris,12401,5.867,1
2022,18,"Vols violents sans arme",93,Seine-Saint-Denis,5364,3.190,2
2022,18,"Vols violents sans arme",69,Rhône,3603,1.888,3
2022,18,"Vols violents sans arme",13,Bouches-du-Rhône,3717,1.796,4
2022,18,"Vols violents sans arme",94,Val-de-Marne,1948,1.372,5
2022,18,"Vols violents sans arme",95,Val-d'Oise,1642,1.292,6
2022,18,"Vols violents sans arme",92,Hauts-de-Seine,2037,1.236,7
2022,18,"Vols violents sans arme",31,Haute-Garonne,1433,0.984,8
2022,18,"Vols violents sans arme",76,Seine-Maritime,1230,0.976,9
2022,18,"Vols violents sans arme",59,Nord,2546,0.973,10
2022,18,"Vols violents sans arme",06,Alpes-Maritimes,1051,0.943,11
2022,18,"Vols violents sans arme",66,Pyrénées-Orientales,456,0.925,12
2022,18,"Vols violents sans arme",91,Essonne,1214,0.917,13
2022,18,"Vols violents sans arme",33,Gironde,1451,0.866,14
2022,18,"Vols violents sans arme",34,Hérault,1042,0.856,15
2022,18,"Vols violents sans arme",42,Loire,621,0.804,16
2022,18,"Vols violents sans arme",37,Indre-et-Loire,485,0.787,17
2022,18,"Vols violents sans arme",44,Loire-Atlantique,1107,0.751,18
2022,18,"Vols violents sans arme",51,Marne,366,0.649,19
2022,18,"Vols violents sans arme",77,Seine-et-Marne,909,0.626,20
2022,18,"Vols violents sans arme",78,Yvelines,872,0.593,21
2022,18,"Vols violents sans arme",80,Somme,316,0.559,22
2022,18,"Vols violents sans arme",38,Isère,709,0.549,23
2022,18,"Vols violents sans arme",84,Vaucluse,312,0.549,23
2022,18,"Vols violents sans arme",30,Gard,413,0.541,25
2022,18,"Vols violents sans arme",83,Var,596,0.538,26
2022,18,"Vols violents sans arme",35,Ille-et-Vilaine,554,0.499,27
2022,18,"Vols violents sans arme",26,Drôme,251,0.481,28
2022,18,"Vols violents sans arme",67,Bas-Rhin,531,0.459,29
2022,18,"Vols violents sans arme",72,Sarthe,248,0.438,30
2022,18,"Vols violents sans arme",45,Loiret,285,0.415,31
2022,18,"Vols violents sans arme",11,Aude,152,0.402,32
2022,18,"Vols violents sans arme",10,Aube,124,0.399,33
2022,18,"Vols violents sans arme",21,Côte-d'Or,211,0.393,34
2022,18,"Vols violents sans arme",29,Finistère,362,0.390,35
2022,18,"Vols violents sans arme",63,Puy-de-Dôme,252,0.379,36
2022,18,"Vols violents sans arme",62,Pas-de-Calais,547,0.375,37
2022,18,"Vols violents sans arme",68,Haut-Rhin,287,0.374,38
2022,18,"Vols violents sans arme",27,Eure,216,0.359,39
2022,18,"Vols violents sans arme",54,Meurthe-et-Moselle,263,0.359,39
2022,18,"Vols violents sans arme",60,Oise,292,0.352,41
2022,18,"Vols violents sans arme",17,Charente-Maritime,230,0.344,42
2022,18,"Vols violents sans arme",64,Pyrénées-Atlantiques,239,0.342,43
2022,18,"Vols violents sans arme",89,Yonne,113,0.338,44
2022,18,"Vols violents sans arme",25,Doubs,184,0.335,45
2022,18,"Vols violents sans arme",87,Haute-Vienne,124,0.333,46
2022,18,"Vols violents sans arme",47,Lot-et-Garonne,104,0.313,47
2022,18,"Vols violents sans arme",08,Ardennes,83,0.311,48
2022,18,"Vols violents sans arme",18,Cher,93,0.311,48
2022,18,"Vols violents sans arme",73,Savoie,135,0.303,50
2022,18,"Vols violents sans arme",16,Charente,105,0.299,51
2022,18,"Vols violents sans arme",86,Vienne,129,0.294,52
2022,18,"Vols violents sans arme",74,Haute-Savoie,248,0.292,53
2022,18,"Vols violents sans arme",53,Mayenne,88,0.288,54
2022,18,"Vols violents sans arme",57,Moselle,303,0.288,54
2022,18,"Vols violents sans arme",79,Deux-Sèvres,106,0.282,56
2022,18,"Vols violents sans arme",49,Maine-et-Loire,232,0.280,57
2022,18,"Vols violents sans arme",28,Eure-et-Loir,119,0.275,58
2022,18,"Vols violents sans arme",02,Aisne,143,0.272,59
2022,18,"Vols violents sans arme",14,Calvados,190,0.270,60
2022,18,"Vols violents sans arme",04,Alpes-de-Haute-Provence,44,0.263,61
2022,18,"Vols violents sans arme",81,Tarn,103,0.260,62
2022,18,"Vols violents sans arme",36,Indre,56,0.258,63
2022,18,"Vols violents sans arme",22,Côtes-d'Armor,156,0.256,64
2022,18,"Vols violents sans arme",58,Nièvre,46,0.227,65
2022,18,"Vols violents sans arme",07,Ardèche,73,0.219,66
2022,18,"Vols violents sans arme",56,Morbihan,165,0.213,67
2022,18,"Vols violents sans arme",71,Saône-et-Loire,117,0.213,67
2022,18,"Vols violents sans arme",65,Hautes-Pyrénées,48,0.207,69
2022,18,"Vols violents sans arme",40,Landes,88,0.205,70
2022,18,"Vols violents sans arme",41,Loir-et-Cher,67,0.204,71
2022,18,"Vols violents sans arme",03,Allier,68,0.203,72
2022,18,"Vols violents sans arme",88,Vosges,72,0.201,73
2022,18,"Vols violents sans arme",55,Meuse,35,0.194,74
2022,18,"Vols violents sans arme",39,Jura,49,0.190,75
2022,18,"Vols violents sans arme",90,"Territoire de Belfort",26,0.186,76
2022,18,"Vols violents sans arme",2A,Corse-du-Sud,30,0.181,77
2022,18,"Vols violents sans arme",50,Manche,88,0.177,78
2022,18,"Vols violents sans arme",46,Lot,30,0.171,79
2022,18,"Vols violents sans arme",01,Ain,114,0.170,80
2022,18,"Vols violents sans arme",82,Tarn-et-Garonne,43,0.162,81
2022,18,"Vols violents sans arme",43,Haute-Loire,36,0.158,82
2022,18,"Vols violents sans arme",24,Dordogne,65,0.156,83
2022,18,"Vols violents sans arme",19,Corrèze,36,0.150,84
2022,18,"Vols violents sans arme",48,Lozère,11,0.144,85
2022,18,"Vols violents sans arme",2B,Haute-Corse,26,0.140,86
2022,18,"Vols violents sans arme",09,Ariège,21,0.135,87
2022,18,"Vols violents sans arme",61,Orne,37,0.134,88
2022,18,"Vols violents sans arme",52,Haute-Marne,22,0.130,89
2022,18,"Vols violents sans arme",05,Hautes-Alpes,18,0.127,90
2022,18,"Vols violents sans arme",15,Cantal,18,0.125,91
2022,18,"Vols violents sans arme",85,Vendée,87,0.123,92
2022,18,"Vols violents sans arme",23,Creuse,11,0.095,93
2022,18,"Vols violents sans arme",12,Aveyron,26,0.093,94
2022,18,"Vols violents sans arme",70,Haute-Saône,21,0.090,95
2022,18,"Vols violents sans arme",32,Gers,14,0.073,96
2023,1,"Cambriolages de logement",13,Bouches-du-Rhône,11314,10.607,1
2023,1,"Cambriolages de logement",33,Gironde,7954,8.708,2
2023,1,"Cambriolages de logement",75,Paris,11961,8.563,3
2023,1,"Cambriolages de logement",93,Seine-Saint-Denis,6005,8.514,4
2023,1,"Cambriolages de logement",84,Vaucluse,2624,8.345,5
2023,1,"Cambriolages de logement",31,Haute-Garonne,6210,8.069,6
2023,1,"Cambriolages de logement",69,Rhône,7682,7.969,7
2023,1,"Cambriolages de logement",38,Isère,5087,7.558,8
2023,1,"Cambriolages de logement",44,Loire-Atlantique,5761,7.318,9
2023,1,"Cambriolages de logement",78,Yvelines,4818,7.286,10
2023,1,"Cambriolages de logement",95,Val-d'Oise,3815,7.199,11
2023,1,"Cambriolages de logement",94,Val-de-Marne,4703,7.102,12
2023,1,"Cambriolages de logement",63,Puy-de-Dôme,2817,7.079,13
2023,1,"Cambriolages de logement",18,Cher,1262,7.040,14
2023,1,"Cambriolages de logement",92,Hauts-de-Seine,5791,7.025,15
2023,1,"Cambriolages de logement",77,Seine-et-Marne,4459,6.952,16
2023,1,"Cambriolages de logement",59,Nord,8663,6.921,17
2023,1,"Cambriolages de logement",42,Loire,2791,6.884,18
2023,1,"Cambriolages de logement",72,Sarthe,2007,6.771,19
2023,1,"Cambriolages de logement",47,Lot-et-Garonne,1240,6.554,20
2023,1,"Cambriolages de logement",86,Vienne,1586,6.467,21
2023,1,"Cambriolages de logement",26,Drôme,1821,6.448,22
2023,1,"Cambriolages de logement",01,Ain,2117,6.419,23
2023,1,"Cambriolages de logement",45,Loiret,2237,6.327,24
2023,1,"Cambriolages de logement",34,Hérault,4736,6.224,25
2023,1,"Cambriolages de logement",91,Essonne,3619,6.158,26
2023,1,"Cambriolages de logement",83,Var,4552,6.121,27
2023,1,"Cambriolages de logement",10,Aube,1026,6.120,28
2023,1,"Cambriolages de logement",30,Gard,2656,6.022,29
2023,1,"Cambriolages de logement",58,Nièvre,823,5.821,30
2023,1,"Cambriolages de logement",37,Indre-et-Loire,1920,5.763,31
2023,1,"Cambriolages de logement",74,Haute-Savoie,3116,5.763,31
2023,1,"Cambriolages de logement",02,Aisne,1540,5.738,33
2023,1,"Cambriolages de logement",89,Yonne,1119,5.634,34
2023,1,"Cambriolages de logement",60,Oise,2116,5.538,35
2023,1,"Cambriolages de logement",28,Eure-et-Loir,1214,5.526,36
2023,1,"Cambriolages de logement",27,Eure,1659,5.513,37
2023,1,"Cambriolages de logement",82,Tarn-et-Garonne,744,5.475,38
2023,1,"Cambriolages de logement",57,Moselle,2882,5.422,39
2023,1,"Cambriolages de logement",35,Ille-et-Vilaine,3065,5.327,40
2023,1,"Cambriolages de logement",11,Aude,1403,5.216,41
2023,1,"Cambriolages de logement",62,Pas-de-Calais,3791,5.208,42
2023,1,"Cambriolages de logement",51,Marne,1565,5.201,43
2023,1,"Cambriolages de logement",08,Ardennes,720,5.001,44
2023,1,"Cambriolages de logement",41,Loir-et-Cher,930,4.989,45
2023,1,"Cambriolages de logement",66,Pyrénées-Orientales,1804,4.979,46
2023,1,"Cambriolages de logement",61,Orne,808,4.894,47
2023,1,"Cambriolages de logement",17,Charente-Maritime,2206,4.890,48
2023,1,"Cambriolages de logement",49,Maine-et-Loire,1920,4.723,49
2023,1,"Cambriolages de logement",32,Gers,529,4.689,50
2023,1,"Cambriolages de logement",53,Mayenne,747,4.677,51
2023,1,"Cambriolages de logement",40,Landes,1247,4.615,52
2023,1,"Cambriolages de logement",36,Indre,638,4.588,53
2023,1,"Cambriolages de logement",71,Saône-et-Loire,1438,4.579,54
2023,1,"Cambriolages de logement",06,Alpes-Maritimes,3552,4.502,55
2023,1,"Cambriolages de logement",24,Dordogne,1187,4.494,56
2023,1,"Cambriolages de logement",54,Meurthe-et-Moselle,1724,4.482,57
2023,1,"Cambriolages de logement",79,Deux-Sèvres,881,4.462,58
2023,1,"Cambriolages de logement",16,Charente,889,4.428,59
2023,1,"Cambriolages de logement",76,Seine-Maritime,2908,4.420,60
2023,1,"Cambriolages de logement",29,Finistère,2454,4.412,61
2023,1,"Cambriolages de logement",56,Morbihan,2106,4.372,62
2023,1,"Cambriolages de logement",55,Meuse,427,4.262,63
2023,1,"Cambriolages de logement",67,Bas-Rhin,2473,4.252,64
2023,1,"Cambriolages de logement",87,Haute-Vienne,945,4.241,65
2023,1,"Cambriolages de logement",21,Côte-d'Or,1252,4.211,66
2023,1,"Cambriolages de logement",52,Haute-Marne,424,4.210,67
2023,1,"Cambriolages de logement",03,Allier,872,4.159,68
2023,1,"Cambriolages de logement",14,Calvados,1776,4.130,69
2023,1,"Cambriolages de logement",68,Haut-Rhin,1569,4.029,70
2023,1,"Cambriolages de logement",64,Pyrénées-Atlantiques,1699,4.028,71
2023,1,"Cambriolages de logement",81,Tarn,852,3.908,72
2023,1,"Cambriolages de logement",90,"Territoire de Belfort",287,3.898,73
2023,1,"Cambriolages de logement",04,Alpes-de-Haute-Provence,505,3.839,74
2023,1,"Cambriolages de logement",09,Ariège,400,3.592,75
2023,1,"Cambriolages de logement",80,Somme,1099,3.578,76
2023,1,"Cambriolages de logement",46,Lot,423,3.502,77
2023,1,"Cambriolages de logement",88,Vosges,736,3.416,78
2023,1,"Cambriolages de logement",85,Vendée,1503,3.407,79
2023,1,"Cambriolages de logement",22,Côtes-d'Armor,1273,3.381,80
2023,1,"Cambriolages de logement",70,Haute-Saône,427,3.299,81
2023,1,"Cambriolages de logement",65,Hautes-Pyrénées,545,3.291,82
2023,1,"Cambriolages de logement",07,Ardèche,681,3.243,83
2023,1,"Cambriolages de logement",25,Doubs,915,3.175,84
2023,1,"Cambriolages de logement",23,Creuse,282,3.168,85
2023,1,"Cambriolages de logement",43,Haute-Loire,451,3.105,86
2023,1,"Cambriolages de logement",39,Jura,439,2.891,87
2023,1,"Cambriolages de logement",73,Savoie,1022,2.848,88
2023,1,"Cambriolages de logement",50,Manche,849,2.807,89
2023,1,"Cambriolages de logement",12,Aveyron,439,2.374,90
2023,1,"Cambriolages de logement",19,Corrèze,365,2.334,91
2023,1,"Cambriolages de logement",05,Hautes-Alpes,305,2.180,92
2023,1,"Cambriolages de logement",2A,Corse-du-Sud,233,1.865,93
2023,1,"Cambriolages de logement",15,Cantal,165,1.608,94
2023,1,"Cambriolages de logement",48,Lozère,74,1.193,95
2023,1,"Cambriolages de logement",2B,Haute-Corse,160,1.170,96
2023,2,"Destructions et dégradations volontaires",66,Pyrénées-Orientales,5583,11.325,1
2023,2,"Destructions et dégradations volontaires",13,Bouches-du-Rhône,22307,10.777,2
2023,2,"Destructions et dégradations volontaires",93,Seine-Saint-Denis,17894,10.640,3
2023,2,"Destructions et dégradations volontaires",34,Hérault,12070,9.915,4
2023,2,"Destructions et dégradations volontaires",11,Aude,3682,9.747,5
2023,2,"Destructions et dégradations volontaires",75,Paris,20598,9.745,6
2023,2,"Destructions et dégradations volontaires",59,Nord,25458,9.728,7
2023,2,"Destructions et dégradations volontaires",51,Marne,5476,9.707,8
2023,2,"Destructions et dégradations volontaires",80,Somme,5434,9.609,9
2023,2,"Destructions et dégradations volontaires",42,Loire,7354,9.525,10
2023,2,"Destructions et dégradations volontaires",2A,Corse-du-Sud,1558,9.383,11
2023,2,"Destructions et dégradations volontaires",62,Pas-de-Calais,13676,9.366,12
2023,2,"Destructions et dégradations volontaires",83,Var,10288,9.282,13
2023,2,"Destructions et dégradations volontaires",06,Alpes-Maritimes,10344,9.281,14
2023,2,"Destructions et dégradations volontaires",05,Hautes-Alpes,1308,9.232,15
2023,2,"Destructions et dégradations volontaires",04,Alpes-de-Haute-Provence,1534,9.176,16
2023,2,"Destructions et dégradations volontaires",95,Val-d'Oise,11471,9.026,17
2023,2,"Destructions et dégradations volontaires",08,Ardennes,2393,8.956,18
2023,2,"Destructions et dégradations volontaires",69,Rhône,16799,8.805,19
2023,2,"Destructions et dégradations volontaires",2B,Haute-Corse,1623,8.762,20
2023,2,"Destructions et dégradations volontaires",09,Ariège,1358,8.742,21
2023,2,"Destructions et dégradations volontaires",02,Aisne,4584,8.722,22
2023,2,"Destructions et dégradations volontaires",38,Isère,11259,8.719,23
2023,2,"Destructions et dégradations volontaires",26,Drôme,4540,8.707,24
2023,2,"Destructions et dégradations volontaires",91,Essonne,11491,8.675,25
2023,2,"Destructions et dégradations volontaires",31,Haute-Garonne,12579,8.638,26
2023,2,"Destructions et dégradations volontaires",16,Charente,3008,8.555,27
2023,2,"Destructions et dégradations volontaires",54,Meurthe-et-Moselle,6237,8.510,28
2023,2,"Destructions et dégradations volontaires",76,Seine-Maritime,10582,8.397,29
2023,2,"Destructions et dégradations volontaires",84,Vaucluse,4773,8.393,30
2023,2,"Destructions et dégradations volontaires",92,Hauts-de-Seine,13787,8.369,31
2023,2,"Destructions et dégradations volontaires",90,"Territoire de Belfort",1171,8.359,32
2023,2,"Destructions et dégradations volontaires",63,Puy-de-Dôme,5453,8.208,33
2023,2,"Destructions et dégradations volontaires",94,Val-de-Marne,11589,8.164,34
2023,2,"Destructions et dégradations volontaires",33,Gironde,13560,8.096,35
2023,2,"Destructions et dégradations volontaires",52,Haute-Marne,1370,8.065,36
2023,2,"Destructions et dégradations volontaires",17,Charente-Maritime,5351,8.009,37
2023,2,"Destructions et dégradations volontaires",89,Yonne,2662,7.973,38
2023,2,"Destructions et dégradations volontaires",36,Indre,1718,7.924,39
2023,2,"Destructions et dégradations volontaires",61,Orne,2180,7.894,40
2023,2,"Destructions et dégradations volontaires",55,Meuse,1426,7.890,41
2023,2,"Destructions et dégradations volontaires",73,Savoie,3493,7.844,42
2023,2,"Destructions et dégradations volontaires",30,Gard,5964,7.806,43
2023,2,"Destructions et dégradations volontaires",87,Haute-Vienne,2902,7.792,44
2023,2,"Destructions et dégradations volontaires",29,Finistère,7126,7.680,45
2023,2,"Destructions et dégradations volontaires",10,Aube,2384,7.664,46
2023,2,"Destructions et dégradations volontaires",77,Seine-et-Marne,11091,7.636,47
2023,2,"Destructions et dégradations volontaires",44,Loire-Atlantique,11210,7.610,48
2023,2,"Destructions et dégradations volontaires",21,Côte-d'Or,4081,7.591,49
2023,2,"Destructions et dégradations volontaires",58,Nièvre,1524,7.533,50
2023,2,"Destructions et dégradations volontaires",28,Eure-et-Loir,3247,7.500,51
2023,2,"Destructions et dégradations volontaires",86,Vienne,3266,7.445,52
2023,2,"Destructions et dégradations volontaires",72,Sarthe,4193,7.406,53
2023,2,"Destructions et dégradations volontaires",70,Haute-Saône,1722,7.361,54
2023,2,"Destructions et dégradations volontaires",88,Vosges,2637,7.352,55
2023,2,"Destructions et dégradations volontaires",57,Moselle,7700,7.328,56
2023,2,"Destructions et dégradations volontaires",03,Allier,2408,7.194,57
2023,2,"Destructions et dégradations volontaires",40,Landes,3081,7.191,58
2023,2,"Destructions et dégradations volontaires",35,Ille-et-Vilaine,7952,7.169,59
2023,2,"Destructions et dégradations volontaires",60,Oise,5951,7.164,60
2023,2,"Destructions et dégradations volontaires",39,Jura,1850,7.159,61
2023,2,"Destructions et dégradations volontaires",37,Indre-et-Loire,4392,7.126,62
2023,2,"Destructions et dégradations volontaires",74,Haute-Savoie,6037,7.106,63
2023,2,"Destructions et dégradations volontaires",14,Calvados,5000,7.096,64
2023,2,"Destructions et dégradations volontaires",18,Cher,2112,7.052,65
2023,2,"Destructions et dégradations volontaires",78,Yvelines,10284,6.992,66
2023,2,"Destructions et dégradations volontaires",07,Ardèche,2329,6.989,67
2023,2,"Destructions et dégradations volontaires",67,Bas-Rhin,8078,6.982,68
2023,2,"Destructions et dégradations volontaires",22,Côtes-d'Armor,4248,6.969,69
2023,2,"Destructions et dégradations volontaires",65,Hautes-Pyrénées,1603,6.926,70
2023,2,"Destructions et dégradations volontaires",64,Pyrénées-Atlantiques,4836,6.914,71
2023,2,"Destructions et dégradations volontaires",79,Deux-Sèvres,2575,6.859,72
2023,2,"Destructions et dégradations volontaires",47,Lot-et-Garonne,2275,6.848,73
2023,2,"Destructions et dégradations volontaires",45,Loiret,4644,6.759,74
2023,2,"Destructions et dégradations volontaires",25,Doubs,3699,6.742,75
2023,2,"Destructions et dégradations volontaires",27,Eure,4048,6.732,76
2023,2,"Destructions et dégradations volontaires",49,Maine-et-Loire,5567,6.722,77
2023,2,"Destructions et dégradations volontaires",41,Loir-et-Cher,2205,6.703,78
2023,2,"Destructions et dégradations volontaires",68,Haut-Rhin,5096,6.637,79
2023,2,"Destructions et dégradations volontaires",85,Vendée,4664,6.603,80
2023,2,"Destructions et dégradations volontaires",56,Morbihan,5124,6.602,81
2023,2,"Destructions et dégradations volontaires",43,Haute-Loire,1506,6.601,82
2023,2,"Destructions et dégradations volontaires",81,Tarn,2615,6.601,82
2023,2,"Destructions et dégradations volontaires",50,Manche,3186,6.413,84
2023,2,"Destructions et dégradations volontaires",01,Ain,4241,6.318,85
2023,2,"Destructions et dégradations volontaires",24,Dordogne,2619,6.291,86
2023,2,"Destructions et dégradations volontaires",15,Cantal,888,6.150,87
2023,2,"Destructions et dégradations volontaires",71,Saône-et-Loire,3376,6.148,88
2023,2,"Destructions et dégradations volontaires",82,Tarn-et-Garonne,1627,6.141,89
2023,2,"Destructions et dégradations volontaires",19,Corrèze,1459,6.076,90
2023,2,"Destructions et dégradations volontaires",46,Lot,1055,6.007,91
2023,2,"Destructions et dégradations volontaires",23,Creuse,682,5.903,92
2023,2,"Destructions et dégradations volontaires",53,Mayenne,1641,5.373,93
2023,2,"Destructions et dégradations volontaires",32,Gers,1026,5.326,94
2023,2,"Destructions et dégradations volontaires",48,Lozère,399,5.215,95
2023,2,"Destructions et dégradations volontaires",12,Aveyron,1276,4.561,96
2023,3,"Escroqueries et fraudes aux moyens de paiement",75,Paris,25681,12.150,1
2023,3,"Escroqueries et fraudes aux moyens de paiement",92,Hauts-de-Seine,14347,8.709,2
2023,3,"Escroqueries et fraudes aux moyens de paiement",31,Haute-Garonne,10734,7.371,3
2023,3,"Escroqueries et fraudes aux moyens de paiement",69,Rhône,13806,7.236,4
2023,3,"Escroqueries et fraudes aux moyens de paiement",94,Val-de-Marne,10152,7.152,5
2023,3,"Escroqueries et fraudes aux moyens de paiement",13,Bouches-du-Rhône,14705,7.105,6
2023,3,"Escroqueries et fraudes aux moyens de paiement",06,Alpes-Maritimes,7745,6.949,7
2023,3,"Escroqueries et fraudes aux moyens de paiement",83,Var,7695,6.943,8
2023,3,"Escroqueries et fraudes aux moyens de paiement",33,Gironde,11346,6.774,9
2023,3,"Escroqueries et fraudes aux moyens de paiement",37,Indre-et-Loire,4114,6.675,10
2023,3,"Escroqueries et fraudes aux moyens de paiement",66,Pyrénées-Orientales,3278,6.650,11
2023,3,"Escroqueries et fraudes aux moyens de paiement",78,Yvelines,9735,6.619,12
2023,3,"Escroqueries et fraudes aux moyens de paiement",34,Hérault,7977,6.553,13
2023,3,"Escroqueries et fraudes aux moyens de paiement",91,Essonne,8650,6.531,14
2023,3,"Escroqueries et fraudes aux moyens de paiement",93,Seine-Saint-Denis,10982,6.530,15
2023,3,"Escroqueries et fraudes aux moyens de paiement",16,Charente,2215,6.300,16
2023,3,"Escroqueries et fraudes aux moyens de paiement",46,Lot,1104,6.286,17
2023,3,"Escroqueries et fraudes aux moyens de paiement",04,Alpes-de-Haute-Provence,1048,6.269,18
2023,3,"Escroqueries et fraudes aux moyens de paiement",45,Loiret,4277,6.225,19
2023,3,"Escroqueries et fraudes aux moyens de paiement",36,Indre,1333,6.148,20
2023,3,"Escroqueries et fraudes aux moyens de paiement",74,Haute-Savoie,5191,6.110,21
2023,3,"Escroqueries et fraudes aux moyens de paiement",38,Isère,7880,6.102,22
2023,3,"Escroqueries et fraudes aux moyens de paiement",51,Marne,3412,6.048,23
2023,3,"Escroqueries et fraudes aux moyens de paiement",95,Val-d'Oise,7621,5.997,24
2023,3,"Escroqueries et fraudes aux moyens de paiement",77,Seine-et-Marne,8685,5.980,25
2023,3,"Escroqueries et fraudes aux moyens de paiement",35,Ille-et-Vilaine,6604,5.954,26
2023,3,"Escroqueries et fraudes aux moyens de paiement",19,Corrèze,1424,5.930,27
2023,3,"Escroqueries et fraudes aux moyens de paiement",30,Gard,4530,5.929,28
2023,3,"Escroqueries et fraudes aux moyens de paiement",47,Lot-et-Garonne,1968,5.924,29
2023,3,"Escroqueries et fraudes aux moyens de paiement",56,Morbihan,4557,5.872,30
2023,3,"Escroqueries et fraudes aux moyens de paiement",40,Landes,2485,5.800,31
2023,3,"Escroqueries et fraudes aux moyens de paiement",64,Pyrénées-Atlantiques,4054,5.796,32
2023,3,"Escroqueries et fraudes aux moyens de paiement",54,Meurthe-et-Moselle,4235,5.778,33
2023,3,"Escroqueries et fraudes aux moyens de paiement",84,Vaucluse,3279,5.766,34
2023,3,"Escroqueries et fraudes aux moyens de paiement",21,Côte-d'Or,3092,5.752,35
2023,3,"Escroqueries et fraudes aux moyens de paiement",58,Nièvre,1153,5.699,36
2023,3,"Escroqueries et fraudes aux moyens de paiement",03,Allier,1906,5.694,37
2023,3,"Escroqueries et fraudes aux moyens de paiement",01,Ain,3813,5.680,38
2023,3,"Escroqueries et fraudes aux moyens de paiement",72,Sarthe,3207,5.665,39
2023,3,"Escroqueries et fraudes aux moyens de paiement",26,Drôme,2944,5.646,40
2023,3,"Escroqueries et fraudes aux moyens de paiement",44,Loire-Atlantique,8318,5.646,40
2023,3,"Escroqueries et fraudes aux moyens de paiement",87,Haute-Vienne,2093,5.620,42
2023,3,"Escroqueries et fraudes aux moyens de paiement",05,Hautes-Alpes,796,5.618,43
2023,3,"Escroqueries et fraudes aux moyens de paiement",10,Aube,1746,5.613,44
2023,3,"Escroqueries et fraudes aux moyens de paiement",76,Seine-Maritime,7001,5.555,45
2023,3,"Escroqueries et fraudes aux moyens de paiement",42,Loire,4285,5.550,46
2023,3,"Escroqueries et fraudes aux moyens de paiement",17,Charente-Maritime,3706,5.547,47
2023,3,"Escroqueries et fraudes aux moyens de paiement",11,Aude,2091,5.535,48
2023,3,"Escroqueries et fraudes aux moyens de paiement",86,Vienne,2428,5.535,48
2023,3,"Escroqueries et fraudes aux moyens de paiement",60,Oise,4585,5.519,50
2023,3,"Escroqueries et fraudes aux moyens de paiement",41,Loir-et-Cher,1815,5.518,51
2023,3,"Escroqueries et fraudes aux moyens de paiement",89,Yonne,1838,5.505,52
2023,3,"Escroqueries et fraudes aux moyens de paiement",29,Finistère,5101,5.497,53
2023,3,"Escroqueries et fraudes aux moyens de paiement",43,Haute-Loire,1251,5.483,54
2023,3,"Escroqueries et fraudes aux moyens de paiement",59,Nord,14183,5.420,55
2023,3,"Escroqueries et fraudes aux moyens de paiement",32,Gers,1044,5.419,56
2023,3,"Escroqueries et fraudes aux moyens de paiement",82,Tarn-et-Garonne,1426,5.383,57
2023,3,"Escroqueries et fraudes aux moyens de paiement",18,Cher,1611,5.379,58
2023,3,"Escroqueries et fraudes aux moyens de paiement",27,Eure,3190,5.305,59
2023,3,"Escroqueries et fraudes aux moyens de paiement",25,Doubs,2906,5.297,60
2023,3,"Escroqueries et fraudes aux moyens de paiement",70,Haute-Saône,1239,5.297,60
2023,3,"Escroqueries et fraudes aux moyens de paiement",71,Saône-et-Loire,2858,5.205,62
2023,3,"Escroqueries et fraudes aux moyens de paiement",14,Calvados,3666,5.203,63
2023,3,"Escroqueries et fraudes aux moyens de paiement",88,Vosges,1859,5.183,64
2023,3,"Escroqueries et fraudes aux moyens de paiement",63,Puy-de-Dôme,3437,5.173,65
2023,3,"Escroqueries et fraudes aux moyens de paiement",22,Côtes-d'Armor,3151,5.169,66
2023,3,"Escroqueries et fraudes aux moyens de paiement",73,Savoie,2286,5.134,67
2023,3,"Escroqueries et fraudes aux moyens de paiement",67,Bas-Rhin,5933,5.128,68
2023,3,"Escroqueries et fraudes aux moyens de paiement",09,Ariège,793,5.105,69
2023,3,"Escroqueries et fraudes aux moyens de paiement",65,Hautes-Pyrénées,1181,5.103,70
2023,3,"Escroqueries et fraudes aux moyens de paiement",80,Somme,2886,5.103,70
2023,3,"Escroqueries et fraudes aux moyens de paiement",53,Mayenne,1553,5.085,72
2023,3,"Escroqueries et fraudes aux moyens de paiement",49,Maine-et-Loire,4179,5.046,73
2023,3,"Escroqueries et fraudes aux moyens de paiement",12,Aveyron,1411,5.044,74
2023,3,"Escroqueries et fraudes aux moyens de paiement",07,Ardèche,1678,5.036,75
2023,3,"Escroqueries et fraudes aux moyens de paiement",39,Jura,1292,5.000,76
2023,3,"Escroqueries et fraudes aux moyens de paiement",28,Eure-et-Loir,2141,4.945,77
2023,3,"Escroqueries et fraudes aux moyens de paiement",15,Cantal,712,4.931,78
2023,3,"Escroqueries et fraudes aux moyens de paiement",61,Orne,1358,4.918,79
2023,3,"Escroqueries et fraudes aux moyens de paiement",02,Aisne,2572,4.894,80
2023,3,"Escroqueries et fraudes aux moyens de paiement",2B,Haute-Corse,906,4.891,81
2023,3,"Escroqueries et fraudes aux moyens de paiement",81,Tarn,1926,4.862,82
2023,3,"Escroqueries et fraudes aux moyens de paiement",55,Meuse,872,4.824,83
2023,3,"Escroqueries et fraudes aux moyens de paiement",24,Dordogne,2006,4.818,84
2023,3,"Escroqueries et fraudes aux moyens de paiement",62,Pas-de-Calais,6943,4.755,85
2023,3,"Escroqueries et fraudes aux moyens de paiement",85,Vendée,3344,4.734,86
2023,3,"Escroqueries et fraudes aux moyens de paiement",90,"Territoire de Belfort",660,4.712,87
2023,3,"Escroqueries et fraudes aux moyens de paiement",23,Creuse,538,4.657,88
2023,3,"Escroqueries et fraudes aux moyens de paiement",08,Ardennes,1243,4.652,89
2023,3,"Escroqueries et fraudes aux moyens de paiement",68,Haut-Rhin,3515,4.578,90
2023,3,"Escroqueries et fraudes aux moyens de paiement",50,Manche,2262,4.553,91
2023,3,"Escroqueries et fraudes aux moyens de paiement",52,Haute-Marne,763,4.492,92
2023,3,"Escroqueries et fraudes aux moyens de paiement",2A,Corse-du-Sud,743,4.475,93
2023,3,"Escroqueries et fraudes aux moyens de paiement",48,Lozère,342,4.470,94
2023,3,"Escroqueries et fraudes aux moyens de paiement",79,Deux-Sèvres,1643,4.376,95
2023,3,"Escroqueries et fraudes aux moyens de paiement",57,Moselle,4457,4.242,96
2023,4,Homicides,13,Bouches-du-Rhône,84,0.041,1
2023,4,Homicides,2A,Corse-du-Sud,6,0.036,2
2023,4,Homicides,2B,Haute-Corse,6,0.032,3
2023,4,Homicides,84,Vaucluse,15,0.026,4
2023,4,Homicides,80,Somme,14,0.025,5
2023,4,Homicides,86,Vienne,11,0.025,5
2023,4,Homicides,28,Eure-et-Loir,10,0.023,7
2023,4,Homicides,19,Corrèze,5,0.021,8
2023,4,Homicides,30,Gard,15,0.020,9
2023,4,Homicides,26,Drôme,10,0.019,10
2023,4,Homicides,73,Savoie,8,0.018,11
2023,4,Homicides,76,Seine-Maritime,23,0.018,11
2023,4,Homicides,93,Seine-Saint-Denis,30,0.018,11
2023,4,Homicides,06,Alpes-Maritimes,19,0.017,14
2023,4,Homicides,34,Hérault,20,0.016,15
2023,4,Homicides,49,Maine-et-Loire,13,0.016,15
2023,4,Homicides,62,Pas-de-Calais,23,0.016,15
2023,4,Homicides,87,Haute-Vienne,6,0.016,15
2023,4,Homicides,02,Aisne,8,0.015,19
2023,4,Homicides,08,Ardennes,4,0.015,19
2023,4,Homicides,22,Côtes-d'Armor,9,0.015,19
2023,4,Homicides,25,Doubs,8,0.015,19
2023,4,Homicides,47,Lot-et-Garonne,5,0.015,19
2023,4,Homicides,56,Morbihan,12,0.015,19
2023,4,Homicides,59,Nord,39,0.015,19
2023,4,Homicides,95,Val-d'Oise,19,0.015,19
2023,4,Homicides,64,Pyrénées-Atlantiques,10,0.014,27
2023,4,Homicides,90,"Territoire de Belfort",2,0.014,27
2023,4,Homicides,09,Ariège,2,0.013,29
2023,4,Homicides,11,Aude,5,0.013,29
2023,4,Homicides,27,Eure,8,0.013,29
2023,4,Homicides,37,Indre-et-Loire,8,0.013,29
2023,4,Homicides,65,Hautes-Pyrénées,3,0.013,29
2023,4,Homicides,79,Deux-Sèvres,5,0.013,29
2023,4,Homicides,83,Var,14,0.013,29
2023,4,Homicides,94,Val-de-Marne,18,0.013,29
2023,4,Homicides,04,Alpes-de-Haute-Provence,2,0.012,37
2023,4,Homicides,07,Ardèche,4,0.012,37
2023,4,Homicides,31,Haute-Garonne,18,0.012,37
2023,4,Homicides,38,Isère,15,0.012,37
2023,4,Homicides,50,Manche,6,0.012,37
2023,4,Homicides,51,Marne,7,0.012,37
2023,4,Homicides,66,Pyrénées-Orientales,6,0.012,37
2023,4,Homicides,75,Paris,25,0.012,37
2023,4,Homicides,77,Seine-et-Marne,18,0.012,37
2023,4,Homicides,12,Aveyron,3,0.011,46
2023,4,Homicides,14,Calvados,8,0.011,46
2023,4,Homicides,29,Finistère,10,0.011,46
2023,4,Homicides,63,Puy-de-Dôme,7,0.011,46
2023,4,Homicides,72,Sarthe,6,0.011,46
2023,4,Homicides,74,Haute-Savoie,9,0.011,46
2023,4,Homicides,78,Yvelines,16,0.011,46
2023,4,Homicides,88,Vosges,4,0.011,46
2023,4,Homicides,91,Essonne,15,0.011,46
2023,4,Homicides,10,Aube,3,0.010,55
2023,4,Homicides,24,Dordogne,4,0.010,55
2023,4,Homicides,32,Gers,2,0.010,55
2023,4,Homicides,54,Meurthe-et-Moselle,7,0.010,55
2023,4,Homicides,60,Oise,8,0.010,55
2023,4,Homicides,69,Rhône,19,0.010,55
2023,4,Homicides,03,Allier,3,0.009,61
2023,4,Homicides,21,Côte-d'Or,5,0.009,61
2023,4,Homicides,23,Creuse,1,0.009,61
2023,4,Homicides,36,Indre,2,0.009,61
2023,4,Homicides,92,Hauts-de-Seine,15,0.009,61
2023,4,Homicides,33,Gironde,14,0.008,66
2023,4,Homicides,35,Ille-et-Vilaine,9,0.008,66
2023,4,Homicides,44,Loire-Atlantique,12,0.008,66
2023,4,Homicides,82,Tarn-et-Garonne,2,0.008,66
2023,4,Homicides,15,Cantal,1,0.007,70
2023,4,Homicides,18,Cher,2,0.007,70
2023,4,Homicides,45,Loiret,5,0.007,70
2023,4,Homicides,61,Orne,2,0.007,70
2023,4,Homicides,67,Bas-Rhin,8,0.007,70
2023,4,Homicides,16,Charente,2,0.006,75
2023,4,Homicides,41,Loir-et-Cher,2,0.006,75
2023,4,Homicides,46,Lot,1,0.006,75
2023,4,Homicides,52,Haute-Marne,1,0.006,75
2023,4,Homicides,55,Meuse,1,0.006,75
2023,4,Homicides,57,Moselle,6,0.006,75
2023,4,Homicides,89,Yonne,2,0.006,75
2023,4,Homicides,40,Landes,2,0.005,82
2023,4,Homicides,42,Loire,4,0.005,82
2023,4,Homicides,58,Nièvre,1,0.005,82
2023,4,Homicides,81,Tarn,2,0.005,82
2023,4,Homicides,01,Ain,3,0.004,86
2023,4,Homicides,17,Charente-Maritime,3,0.004,86
2023,4,Homicides,39,Jura,1,0.004,86
2023,4,Homicides,43,Haute-Loire,1,0.004,86
2023,4,Homicides,68,Haut-Rhin,3,0.004,86
2023,4,Homicides,70,Haute-Saône,1,0.004,86
2023,4,Homicides,85,Vendée,3,0.004,86
2023,4,Homicides,53,Mayenne,1,0.003,93
2023,4,Homicides,71,Saône-et-Loire,1,0.002,94
2023,4,Homicides,05,Hautes-Alpes,0,0.000,95
2023,4,Homicides,48,Lozère,0,0.000,95
2023,5,"Tentatives d'homicide",13,Bouches-du-Rhône,260,0.126,1
2023,5,"Tentatives d'homicide",25,Doubs,52,0.095,2
2023,5,"Tentatives d'homicide",93,Seine-Saint-Denis,157,0.093,3
2023,5,"Tentatives d'homicide",26,Drôme,47,0.090,4
2023,5,"Tentatives d'homicide",84,Vaucluse,51,0.090,4
2023,5,"Tentatives d'homicide",30,Gard,62,0.081,6
2023,5,"Tentatives d'homicide",89,Yonne,26,0.078,7
2023,5,"Tentatives d'homicide",95,Val-d'Oise,99,0.078,7
2023,5,"Tentatives d'homicide",79,Deux-Sèvres,27,0.072,9
2023,5,"Tentatives d'homicide",88,Vosges,25,0.070,10
2023,5,"Tentatives d'homicide",94,Val-de-Marne,99,0.070,10
2023,5,"Tentatives d'homicide",38,Isère,88,0.068,12
2023,5,"Tentatives d'homicide",45,Loiret,47,0.068,12
2023,5,"Tentatives d'homicide",75,Paris,141,0.067,14
2023,5,"Tentatives d'homicide",31,Haute-Garonne,96,0.066,15
2023,5,"Tentatives d'homicide",51,Marne,37,0.066,15
2023,5,"Tentatives d'homicide",91,Essonne,88,0.066,15
2023,5,"Tentatives d'homicide",28,Eure-et-Loir,28,0.065,18
2023,5,"Tentatives d'homicide",63,Puy-de-Dôme,43,0.065,18
2023,5,"Tentatives d'homicide",66,Pyrénées-Orientales,32,0.065,18
2023,5,"Tentatives d'homicide",06,Alpes-Maritimes,71,0.064,21
2023,5,"Tentatives d'homicide",74,Haute-Savoie,51,0.060,22
2023,5,"Tentatives d'homicide",02,Aisne,31,0.059,23
2023,5,"Tentatives d'homicide",35,Ille-et-Vilaine,65,0.059,23
2023,5,"Tentatives d'homicide",57,Moselle,62,0.059,23
2023,5,"Tentatives d'homicide",41,Loir-et-Cher,19,0.058,26
2023,5,"Tentatives d'homicide",72,Sarthe,33,0.058,26
2023,5,"Tentatives d'homicide",03,Allier,19,0.057,28
2023,5,"Tentatives d'homicide",86,Vienne,25,0.057,28
2023,5,"Tentatives d'homicide",50,Manche,28,0.056,30
2023,5,"Tentatives d'homicide",68,Haut-Rhin,43,0.056,30
2023,5,"Tentatives d'homicide",73,Savoie,25,0.056,30
2023,5,"Tentatives d'homicide",2B,Haute-Corse,10,0.054,33
2023,5,"Tentatives d'homicide",47,Lot-et-Garonne,18,0.054,33
2023,5,"Tentatives d'homicide",92,Hauts-de-Seine,88,0.053,35
2023,5,"Tentatives d'homicide",60,Oise,42,0.051,36
2023,5,"Tentatives d'homicide",67,Bas-Rhin,57,0.049,37
2023,5,"Tentatives d'homicide",37,Indre-et-Loire,29,0.047,38
2023,5,"Tentatives d'homicide",42,Loire,36,0.047,38
2023,5,"Tentatives d'homicide",61,Orne,13,0.047,38
2023,5,"Tentatives d'homicide",78,Yvelines,69,0.047,38
2023,5,"Tentatives d'homicide",80,Somme,26,0.046,42
2023,5,"Tentatives d'homicide",09,Ariège,7,0.045,43
2023,5,"Tentatives d'homicide",44,Loire-Atlantique,65,0.044,44
2023,5,"Tentatives d'homicide",71,Saône-et-Loire,24,0.044,44
2023,5,"Tentatives d'homicide",23,Creuse,5,0.043,46
2023,5,"Tentatives d'homicide",10,Aube,13,0.042,47
2023,5,"Tentatives d'homicide",19,Corrèze,10,0.042,47
2023,5,"Tentatives d'homicide",21,Côte-d'Or,22,0.041,49
2023,5,"Tentatives d'homicide",33,Gironde,68,0.041,49
2023,5,"Tentatives d'homicide",34,Hérault,50,0.041,49
2023,5,"Tentatives d'homicide",40,Landes,17,0.040,52
2023,5,"Tentatives d'homicide",87,Haute-Vienne,15,0.040,52
2023,5,"Tentatives d'homicide",69,Rhône,74,0.039,54
2023,5,"Tentatives d'homicide",83,Var,43,0.039,54
2023,5,"Tentatives d'homicide",76,Seine-Maritime,48,0.038,56
2023,5,"Tentatives d'homicide",77,Seine-et-Marne,55,0.038,56
2023,5,"Tentatives d'homicide",36,Indre,8,0.037,58
2023,5,"Tentatives d'homicide",2A,Corse-du-Sud,6,0.036,59
2023,5,"Tentatives d'homicide",49,Maine-et-Loire,30,0.036,59
2023,5,"Tentatives d'homicide",53,Mayenne,11,0.036,59
2023,5,"Tentatives d'homicide",15,Cantal,5,0.035,62
2023,5,"Tentatives d'homicide",52,Haute-Marne,6,0.035,62
2023,5,"Tentatives d'homicide",59,Nord,92,0.035,62
2023,5,"Tentatives d'homicide",85,Vendée,25,0.035,62
2023,5,"Tentatives d'homicide",11,Aude,13,0.034,66
2023,5,"Tentatives d'homicide",29,Finistère,32,0.034,66
2023,5,"Tentatives d'homicide",54,Meurthe-et-Moselle,25,0.034,66
2023,5,"Tentatives d'homicide",62,Pas-de-Calais,50,0.034,66
2023,5,"Tentatives d'homicide",14,Calvados,23,0.033,70
2023,5,"Tentatives d'homicide",04,Alpes-de-Haute-Provence,5,0.030,71
2023,5,"Tentatives d'homicide",08,Ardennes,8,0.030,71
2023,5,"Tentatives d'homicide",22,Côtes-d'Armor,18,0.030,71
2023,5,"Tentatives d'homicide",82,Tarn-et-Garonne,8,0.030,71
2023,5,"Tentatives d'homicide",12,Aveyron,8,0.029,75
2023,5,"Tentatives d'homicide",90,"Territoire de Belfort",4,0.029,75
2023,5,"Tentatives d'homicide",17,Charente-Maritime,19,0.028,77
2023,5,"Tentatives d'homicide",27,Eure,16,0.027,78
2023,5,"Tentatives d'homicide",56,Morbihan,21,0.027,78
2023,5,"Tentatives d'homicide",16,Charente,9,0.026,80
2023,5,"Tentatives d'homicide",07,Ardèche,8,0.024,81
2023,5,"Tentatives d'homicide",39,Jura,6,0.023,82
2023,5,"Tentatives d'homicide",81,Tarn,9,0.023,82
2023,5,"Tentatives d'homicide",43,Haute-Loire,5,0.022,84
2023,5,"Tentatives d'homicide",55,Meuse,4,0.022,84
2023,5,"Tentatives d'homicide",65,Hautes-Pyrénées,5,0.022,84
2023,5,"Tentatives d'homicide",05,Hautes-Alpes,3,0.021,87
2023,5,"Tentatives d'homicide",70,Haute-Saône,5,0.021,87
2023,5,"Tentatives d'homicide",01,Ain,13,0.019,89
2023,5,"Tentatives d'homicide",18,Cher,5,0.017,90
2023,5,"Tentatives d'homicide",32,Gers,3,0.016,91
2023,5,"Tentatives d'homicide",64,Pyrénées-Atlantiques,10,0.014,92
2023,5,"Tentatives d'homicide",48,Lozère,1,0.013,93
2023,5,"Tentatives d'homicide",24,Dordogne,5,0.012,94
2023,5,"Tentatives d'homicide",58,Nièvre,2,0.010,95
2023,5,"Tentatives d'homicide",46,Lot,1,0.006,96
2023,6,"Trafic de stupéfiants",93,Seine-Saint-Denis,4213,2.505,1
2023,6,"Trafic de stupéfiants",75,Paris,4604,2.178,2
2023,6,"Trafic de stupéfiants",13,Bouches-du-Rhône,3329,1.608,3
2023,6,"Trafic de stupéfiants",84,Vaucluse,823,1.447,4
2023,6,"Trafic de stupéfiants",94,Val-de-Marne,1915,1.349,5
2023,6,"Trafic de stupéfiants",66,Pyrénées-Orientales,621,1.260,6
2023,6,"Trafic de stupéfiants",83,Var,1231,1.111,7
2023,6,"Trafic de stupéfiants",31,Haute-Garonne,1458,1.001,8
2023,6,"Trafic de stupéfiants",69,Rhône,1835,0.962,9
2023,6,"Trafic de stupéfiants",95,Val-d'Oise,1167,0.918,10
2023,6,"Trafic de stupéfiants",25,Doubs,472,0.860,11
2023,6,"Trafic de stupéfiants",06,Alpes-Maritimes,907,0.814,12
2023,6,"Trafic de stupéfiants",91,Essonne,1067,0.806,13
2023,6,"Trafic de stupéfiants",16,Charente,270,0.768,14
2023,6,"Trafic de stupéfiants",92,Hauts-de-Seine,1252,0.760,15
2023,6,"Trafic de stupéfiants",21,Côte-d'Or,400,0.744,16
2023,6,"Trafic de stupéfiants",35,Ille-et-Vilaine,819,0.738,17
2023,6,"Trafic de stupéfiants",55,Meuse,131,0.725,18
2023,6,"Trafic de stupéfiants",59,Nord,1890,0.722,19
2023,6,"Trafic de stupéfiants",74,Haute-Savoie,604,0.711,20
2023,6,"Trafic de stupéfiants",2A,Corse-du-Sud,114,0.687,21
2023,6,"Trafic de stupéfiants",26,Drôme,356,0.683,22
2023,6,"Trafic de stupéfiants",34,Hérault,820,0.674,23
2023,6,"Trafic de stupéfiants",30,Gard,502,0.657,24
2023,6,"Trafic de stupéfiants",90,"Territoire de Belfort",91,0.650,25
2023,6,"Trafic de stupéfiants",11,Aude,238,0.630,26
2023,6,"Trafic de stupéfiants",54,Meurthe-et-Moselle,457,0.624,27
2023,6,"Trafic de stupéfiants",09,Ariège,93,0.599,28
2023,6,"Trafic de stupéfiants",03,Allier,200,0.598,29
2023,6,"Trafic de stupéfiants",56,Morbihan,454,0.585,30
2023,6,"Trafic de stupéfiants",70,Haute-Saône,135,0.577,31
2023,6,"Trafic de stupéfiants",68,Haut-Rhin,438,0.570,32
2023,6,"Trafic de stupéfiants",77,Seine-et-Marne,824,0.567,33
2023,6,"Trafic de stupéfiants",60,Oise,469,0.565,34
2023,6,"Trafic de stupéfiants",63,Puy-de-Dôme,366,0.551,35
2023,6,"Trafic de stupéfiants",12,Aveyron,151,0.540,36
2023,6,"Trafic de stupéfiants",51,Marne,291,0.516,37
2023,6,"Trafic de stupéfiants",81,Tarn,203,0.512,38
2023,6,"Trafic de stupéfiants",53,Mayenne,156,0.511,39
2023,6,"Trafic de stupéfiants",73,Savoie,226,0.508,40
2023,6,"Trafic de stupéfiants",88,Vosges,181,0.505,41
2023,6,"Trafic de stupéfiants",78,Yvelines,739,0.502,42
2023,6,"Trafic de stupéfiants",44,Loire-Atlantique,706,0.479,43
2023,6,"Trafic de stupéfiants",19,Corrèze,114,0.475,44
2023,6,"Trafic de stupéfiants",38,Isère,583,0.451,45
2023,6,"Trafic de stupéfiants",57,Moselle,473,0.450,46
2023,6,"Trafic de stupéfiants",33,Gironde,748,0.447,47
2023,6,"Trafic de stupéfiants",40,Landes,191,0.446,48
2023,6,"Trafic de stupéfiants",72,Sarthe,252,0.445,49
2023,6,"Trafic de stupéfiants",61,Orne,122,0.442,50
2023,6,"Trafic de stupéfiants",62,Pas-de-Calais,646,0.442,50
2023,6,"Trafic de stupéfiants",05,Hautes-Alpes,61,0.431,52
2023,6,"Trafic de stupéfiants",28,Eure-et-Loir,186,0.430,53
2023,6,"Trafic de stupéfiants",67,Bas-Rhin,490,0.424,54
2023,6,"Trafic de stupéfiants",87,Haute-Vienne,157,0.422,55
2023,6,"Trafic de stupéfiants",79,Deux-Sèvres,157,0.418,56
2023,6,"Trafic de stupéfiants",64,Pyrénées-Atlantiques,285,0.407,57
2023,6,"Trafic de stupéfiants",80,Somme,228,0.403,58
2023,6,"Trafic de stupéfiants",17,Charente-Maritime,260,0.389,59
2023,6,"Trafic de stupéfiants",52,Haute-Marne,65,0.383,60
2023,6,"Trafic de stupéfiants",45,Loiret,259,0.377,61
2023,6,"Trafic de stupéfiants",76,Seine-Maritime,475,0.377,61
2023,6,"Trafic de stupéfiants",2B,Haute-Corse,69,0.373,63
2023,6,"Trafic de stupéfiants",49,Maine-et-Loire,305,0.368,64
2023,6,"Trafic de stupéfiants",46,Lot,63,0.359,65
2023,6,"Trafic de stupéfiants",89,Yonne,119,0.356,66
2023,6,"Trafic de stupéfiants",27,Eure,211,0.351,67
2023,6,"Trafic de stupéfiants",65,Hautes-Pyrénées,81,0.350,68
2023,6,"Trafic de stupéfiants",01,Ain,231,0.344,69
2023,6,"Trafic de stupéfiants",10,Aube,107,0.344,69
2023,6,"Trafic de stupéfiants",42,Loire,264,0.342,71
2023,6,"Trafic de stupéfiants",14,Calvados,240,0.341,72
2023,6,"Trafic de stupéfiants",86,Vienne,148,0.337,73
2023,6,"Trafic de stupéfiants",85,Vendée,229,0.324,74
2023,6,"Trafic de stupéfiants",32,Gers,62,0.322,75
2023,6,"Trafic de stupéfiants",29,Finistère,298,0.321,76
2023,6,"Trafic de stupéfiants",23,Creuse,37,0.320,77
2023,6,"Trafic de stupéfiants",39,Jura,82,0.317,78
2023,6,"Trafic de stupéfiants",37,Indre-et-Loire,194,0.315,79
2023,6,"Trafic de stupéfiants",82,Tarn-et-Garonne,82,0.310,80
2023,6,"Trafic de stupéfiants",15,Cantal,43,0.298,81
2023,6,"Trafic de stupéfiants",43,Haute-Loire,67,0.294,82
2023,6,"Trafic de stupéfiants",02,Aisne,154,0.293,83
2023,6,"Trafic de stupéfiants",22,Côtes-d'Armor,173,0.284,84
2023,6,"Trafic de stupéfiants",47,Lot-et-Garonne,92,0.277,85
2023,6,"Trafic de stupéfiants",08,Ardennes,73,0.273,86
2023,6,"Trafic de stupéfiants",58,Nièvre,55,0.272,87
2023,6,"Trafic de stupéfiants",71,Saône-et-Loire,149,0.271,88
2023,6,"Trafic de stupéfiants",24,Dordogne,112,0.269,89
2023,6,"Trafic de stupéfiants",18,Cher,76,0.254,90
2023,6,"Trafic de stupéfiants",04,Alpes-de-Haute-Provence,41,0.245,91
2023,6,"Trafic de stupéfiants",36,Indre,52,0.240,92
2023,6,"Trafic de stupéfiants",50,Manche,114,0.229,93
2023,6,"Trafic de stupéfiants",07,Ardèche,73,0.219,94
2023,6,"Trafic de stupéfiants",48,Lozère,14,0.183,95
2023,6,"Trafic de stupéfiants",41,Loir-et-Cher,53,0.161,96
2023,7,"Usage de stupéfiants",13,Bouches-du-Rhône,21382,10.330,1
2023,7,"Usage de stupéfiants",75,Paris,19706,9.323,2
2023,7,"Usage de stupéfiants",84,Vaucluse,3601,6.332,3
2023,7,"Usage de stupéfiants",77,Seine-et-Marne,8999,6.196,4
2023,7,"Usage de stupéfiants",93,Seine-Saint-Denis,10244,6.091,5
2023,7,"Usage de stupéfiants",04,Alpes-de-Haute-Provence,987,5.904,6
2023,7,"Usage de stupéfiants",05,Hautes-Alpes,772,5.449,7
2023,7,"Usage de stupéfiants",94,Val-de-Marne,6981,4.918,8
2023,7,"Usage de stupéfiants",34,Hérault,5980,4.912,9
2023,7,"Usage de stupéfiants",83,Var,5429,4.898,10
2023,7,"Usage de stupéfiants",95,Val-d'Oise,6080,4.784,11
2023,7,"Usage de stupéfiants",78,Yvelines,7009,4.766,12
2023,7,"Usage de stupéfiants",76,Seine-Maritime,5893,4.676,13
2023,7,"Usage de stupéfiants",06,Alpes-Maritimes,5191,4.657,14
2023,7,"Usage de stupéfiants",69,Rhône,8800,4.612,15
2023,7,"Usage de stupéfiants",89,Yonne,1517,4.543,16
2023,7,"Usage de stupéfiants",43,Haute-Loire,978,4.286,17
2023,7,"Usage de stupéfiants",59,Nord,11208,4.283,18
2023,7,"Usage de stupéfiants",60,Oise,3548,4.271,19
2023,7,"Usage de stupéfiants",38,Isère,5339,4.134,20
2023,7,"Usage de stupéfiants",03,Allier,1352,4.039,21
2023,7,"Usage de stupéfiants",27,Eure,2358,3.921,22
2023,7,"Usage de stupéfiants",55,Meuse,706,3.906,23
2023,7,"Usage de stupéfiants",51,Marne,2172,3.850,24
2023,7,"Usage de stupéfiants",92,Hauts-de-Seine,6302,3.825,25
2023,7,"Usage de stupéfiants",21,Côte-d'Or,1991,3.704,26
2023,7,"Usage de stupéfiants",91,Essonne,4860,3.669,27
2023,7,"Usage de stupéfiants",14,Calvados,2577,3.657,28
2023,7,"Usage de stupéfiants",02,Aisne,1899,3.613,29
2023,7,"Usage de stupéfiants",42,Loire,2776,3.596,30
2023,7,"Usage de stupéfiants",31,Haute-Garonne,5202,3.572,31
2023,7,"Usage de stupéfiants",62,Pas-de-Calais,5197,3.559,32
2023,7,"Usage de stupéfiants",30,Gard,2653,3.472,33
2023,7,"Usage de stupéfiants",80,Somme,1905,3.368,34
2023,7,"Usage de stupéfiants",36,Indre,730,3.367,35
2023,7,"Usage de stupéfiants",81,Tarn,1331,3.360,36
2023,7,"Usage de stupéfiants",74,Haute-Savoie,2820,3.319,37
2023,7,"Usage de stupéfiants",58,Nièvre,671,3.317,38
2023,7,"Usage de stupéfiants",61,Orne,915,3.313,39
2023,7,"Usage de stupéfiants",88,Vosges,1169,3.259,40
2023,7,"Usage de stupéfiants",66,Pyrénées-Orientales,1603,3.252,41
2023,7,"Usage de stupéfiants",53,Mayenne,977,3.199,42
2023,7,"Usage de stupéfiants",25,Doubs,1746,3.182,43
2023,7,"Usage de stupéfiants",26,Drôme,1647,3.159,44
2023,7,"Usage de stupéfiants",35,Ille-et-Vilaine,3439,3.100,45
2023,7,"Usage de stupéfiants",39,Jura,796,3.080,46
2023,7,"Usage de stupéfiants",12,Aveyron,845,3.021,47
2023,7,"Usage de stupéfiants",17,Charente-Maritime,2009,3.007,48
2023,7,"Usage de stupéfiants",90,"Territoire de Belfort",419,2.991,49
2023,7,"Usage de stupéfiants",07,Ardèche,996,2.989,50
2023,7,"Usage de stupéfiants",11,Aude,1127,2.983,51
2023,7,"Usage de stupéfiants",54,Meurthe-et-Moselle,2165,2.954,52
2023,7,"Usage de stupéfiants",87,Haute-Vienne,1088,2.921,53
2023,7,"Usage de stupéfiants",65,Hautes-Pyrénées,656,2.834,54
2023,7,"Usage de stupéfiants",52,Haute-Marne,478,2.814,55
2023,7,"Usage de stupéfiants",09,Ariège,436,2.807,56
2023,7,"Usage de stupéfiants",73,Savoie,1246,2.798,57
2023,7,"Usage de stupéfiants",44,Loire-Atlantique,4101,2.784,58
2023,7,"Usage de stupéfiants",19,Corrèze,664,2.765,59
2023,7,"Usage de stupéfiants",32,Gers,522,2.710,60
2023,7,"Usage de stupéfiants",08,Ardennes,722,2.702,61
2023,7,"Usage de stupéfiants",71,Saône-et-Loire,1438,2.619,62
2023,7,"Usage de stupéfiants",2A,Corse-du-Sud,426,2.566,63
2023,7,"Usage de stupéfiants",16,Charente,874,2.486,64
2023,7,"Usage de stupéfiants",79,Deux-Sèvres,932,2.483,65
2023,7,"Usage de stupéfiants",70,Haute-Saône,578,2.471,66
2023,7,"Usage de stupéfiants",29,Finistère,2271,2.447,67
2023,7,"Usage de stupéfiants",18,Cher,727,2.427,68
2023,7,"Usage de stupéfiants",01,Ain,1612,2.401,69
2023,7,"Usage de stupéfiants",28,Eure-et-Loir,1018,2.351,70
2023,7,"Usage de stupéfiants",50,Manche,1168,2.351,70
2023,7,"Usage de stupéfiants",68,Haut-Rhin,1801,2.346,72
2023,7,"Usage de stupéfiants",33,Gironde,3919,2.340,73
2023,7,"Usage de stupéfiants",47,Lot-et-Garonne,774,2.330,74
2023,7,"Usage de stupéfiants",2B,Haute-Corse,429,2.316,75
2023,7,"Usage de stupéfiants",22,Côtes-d'Armor,1390,2.280,76
2023,7,"Usage de stupéfiants",10,Aube,699,2.247,77
2023,7,"Usage de stupéfiants",45,Loiret,1543,2.246,78
2023,7,"Usage de stupéfiants",57,Moselle,2305,2.194,79
2023,7,"Usage de stupéfiants",86,Vienne,940,2.143,80
2023,7,"Usage de stupéfiants",24,Dordogne,888,2.133,81
2023,7,"Usage de stupéfiants",40,Landes,903,2.108,82
2023,7,"Usage de stupéfiants",23,Creuse,243,2.103,83
2023,7,"Usage de stupéfiants",64,Pyrénées-Atlantiques,1436,2.053,84
2023,7,"Usage de stupéfiants",15,Cantal,289,2.001,85
2023,7,"Usage de stupéfiants",67,Bas-Rhin,2245,1.940,86
2023,7,"Usage de stupéfiants",37,Indre-et-Loire,1172,1.902,87
2023,7,"Usage de stupéfiants",56,Morbihan,1471,1.895,88
2023,7,"Usage de stupéfiants",85,Vendée,1298,1.838,89
2023,7,"Usage de stupéfiants",48,Lozère,140,1.830,90
2023,7,"Usage de stupéfiants",63,Puy-de-Dôme,1193,1.796,91
2023,7,"Usage de stupéfiants",41,Loir-et-Cher,554,1.684,92
2023,7,"Usage de stupéfiants",82,Tarn-et-Garonne,446,1.684,92
2023,7,"Usage de stupéfiants",72,Sarthe,905,1.599,94
2023,7,"Usage de stupéfiants",46,Lot,277,1.577,95
2023,7,"Usage de stupéfiants",49,Maine-et-Loire,1274,1.538,96
2023,8,"Usage de stupéfiants (AFD)",13,Bouches-du-Rhône,18316,8.849,1
2023,8,"Usage de stupéfiants (AFD)",75,Paris,13173,6.232,2
2023,8,"Usage de stupéfiants (AFD)",84,Vaucluse,2534,4.456,3
2023,8,"Usage de stupéfiants (AFD)",77,Seine-et-Marne,6155,4.238,4
2023,8,"Usage de stupéfiants (AFD)",93,Seine-Saint-Denis,6355,3.779,5
2023,8,"Usage de stupéfiants (AFD)",34,Hérault,4093,3.362,6
2023,8,"Usage de stupéfiants (AFD)",76,Seine-Maritime,4110,3.261,7
2023,8,"Usage de stupéfiants (AFD)",69,Rhône,6181,3.240,8
2023,8,"Usage de stupéfiants (AFD)",78,Yvelines,4754,3.232,9
2023,8,"Usage de stupéfiants (AFD)",06,Alpes-Maritimes,3590,3.221,10
2023,8,"Usage de stupéfiants (AFD)",94,Val-de-Marne,4422,3.115,11
2023,8,"Usage de stupéfiants (AFD)",95,Val-d'Oise,3940,3.100,12
2023,8,"Usage de stupéfiants (AFD)",83,Var,3137,2.830,13
2023,8,"Usage de stupéfiants (AFD)",38,Isère,3622,2.805,14
2023,8,"Usage de stupéfiants (AFD)",60,Oise,2194,2.641,15
2023,8,"Usage de stupéfiants (AFD)",59,Nord,6820,2.606,16
2023,8,"Usage de stupéfiants (AFD)",92,Hauts-de-Seine,4226,2.565,17
2023,8,"Usage de stupéfiants (AFD)",31,Haute-Garonne,3654,2.509,18
2023,8,"Usage de stupéfiants (AFD)",05,Hautes-Alpes,351,2.477,19
2023,8,"Usage de stupéfiants (AFD)",89,Yonne,826,2.474,20
2023,8,"Usage de stupéfiants (AFD)",27,Eure,1429,2.376,21
2023,8,"Usage de stupéfiants (AFD)",91,Essonne,3117,2.353,22
2023,8,"Usage de stupéfiants (AFD)",21,Côte-d'Or,1221,2.271,23
2023,8,"Usage de stupéfiants (AFD)",14,Calvados,1585,2.249,24
2023,8,"Usage de stupéfiants (AFD)",30,Gard,1686,2.207,25
2023,8,"Usage de stupéfiants (AFD)",36,Indre,474,2.186,26
2023,8,"Usage de stupéfiants (AFD)",42,Loire,1680,2.176,27
2023,8,"Usage de stupéfiants (AFD)",51,Marne,1181,2.094,28
2023,8,"Usage de stupéfiants (AFD)",02,Aisne,1095,2.083,29
2023,8,"Usage de stupéfiants (AFD)",04,Alpes-de-Haute-Provence,335,2.004,30
2023,8,"Usage de stupéfiants (AFD)",81,Tarn,790,1.994,31
2023,8,"Usage de stupéfiants (AFD)",62,Pas-de-Calais,2849,1.951,32
2023,8,"Usage de stupéfiants (AFD)",03,Allier,647,1.933,33
2023,8,"Usage de stupéfiants (AFD)",58,Nièvre,388,1.918,34
2023,8,"Usage de stupéfiants (AFD)",90,"Territoire de Belfort",262,1.870,35
2023,8,"Usage de stupéfiants (AFD)",66,Pyrénées-Orientales,907,1.840,36
2023,8,"Usage de stupéfiants (AFD)",25,Doubs,995,1.814,37
2023,8,"Usage de stupéfiants (AFD)",35,Ille-et-Vilaine,1941,1.750,38
2023,8,"Usage de stupéfiants (AFD)",43,Haute-Loire,397,1.740,39
2023,8,"Usage de stupéfiants (AFD)",39,Jura,443,1.714,40
2023,8,"Usage de stupéfiants (AFD)",74,Haute-Savoie,1450,1.707,41
2023,8,"Usage de stupéfiants (AFD)",44,Loire-Atlantique,2504,1.700,42
2023,8,"Usage de stupéfiants (AFD)",07,Ardèche,564,1.693,43
2023,8,"Usage de stupéfiants (AFD)",01,Ain,1102,1.642,44
2023,8,"Usage de stupéfiants (AFD)",87,Haute-Vienne,594,1.595,45
2023,8,"Usage de stupéfiants (AFD)",18,Cher,469,1.566,46
2023,8,"Usage de stupéfiants (AFD)",17,Charente-Maritime,1043,1.561,47
2023,8,"Usage de stupéfiants (AFD)",12,Aveyron,402,1.437,48
2023,8,"Usage de stupéfiants (AFD)",22,Côtes-d'Armor,874,1.434,49
2023,8,"Usage de stupéfiants (AFD)",71,Saône-et-Loire,787,1.433,50
2023,8,"Usage de stupéfiants (AFD)",61,Orne,395,1.430,51
2023,8,"Usage de stupéfiants (AFD)",88,Vosges,507,1.413,52
2023,8,"Usage de stupéfiants (AFD)",79,Deux-Sèvres,530,1.412,53
2023,8,"Usage de stupéfiants (AFD)",47,Lot-et-Garonne,464,1.397,54
2023,8,"Usage de stupéfiants (AFD)",73,Savoie,620,1.392,55
2023,8,"Usage de stupéfiants (AFD)",11,Aude,521,1.379,56
2023,8,"Usage de stupéfiants (AFD)",26,Drôme,719,1.379,56
2023,8,"Usage de stupéfiants (AFD)",50,Manche,670,1.349,58
2023,8,"Usage de stupéfiants (AFD)",54,Meurthe-et-Moselle,985,1.344,59
2023,8,"Usage de stupéfiants (AFD)",45,Loiret,916,1.333,60
2023,8,"Usage de stupéfiants (AFD)",2A,Corse-du-Sud,216,1.301,61
2023,8,"Usage de stupéfiants (AFD)",09,Ariège,196,1.262,62
2023,8,"Usage de stupéfiants (AFD)",57,Moselle,1325,1.261,63
2023,8,"Usage de stupéfiants (AFD)",80,Somme,710,1.255,64
2023,8,"Usage de stupéfiants (AFD)",33,Gironde,2081,1.242,65
2023,8,"Usage de stupéfiants (AFD)",70,Haute-Saône,290,1.240,66
2023,8,"Usage de stupéfiants (AFD)",24,Dordogne,514,1.235,67
2023,8,"Usage de stupéfiants (AFD)",08,Ardennes,324,1.213,68
2023,8,"Usage de stupéfiants (AFD)",53,Mayenne,356,1.166,69
2023,8,"Usage de stupéfiants (AFD)",65,Hautes-Pyrénées,263,1.136,70
2023,8,"Usage de stupéfiants (AFD)",23,Creuse,129,1.117,71
2023,8,"Usage de stupéfiants (AFD)",52,Haute-Marne,189,1.113,72
2023,8,"Usage de stupéfiants (AFD)",32,Gers,212,1.100,73
2023,8,"Usage de stupéfiants (AFD)",28,Eure-et-Loir,473,1.093,74
2023,8,"Usage de stupéfiants (AFD)",55,Meuse,197,1.090,75
2023,8,"Usage de stupéfiants (AFD)",19,Corrèze,256,1.066,76
2023,8,"Usage de stupéfiants (AFD)",68,Haut-Rhin,801,1.043,77
2023,8,"Usage de stupéfiants (AFD)",67,Bas-Rhin,1180,1.020,78
2023,8,"Usage de stupéfiants (AFD)",37,Indre-et-Loire,622,1.009,79
2023,8,"Usage de stupéfiants (AFD)",86,Vienne,433,0.987,80
2023,8,"Usage de stupéfiants (AFD)",40,Landes,401,0.936,81
2023,8,"Usage de stupéfiants (AFD)",64,Pyrénées-Atlantiques,645,0.922,82
2023,8,"Usage de stupéfiants (AFD)",41,Loir-et-Cher,297,0.903,83
2023,8,"Usage de stupéfiants (AFD)",56,Morbihan,679,0.875,84
2023,8,"Usage de stupéfiants (AFD)",63,Puy-de-Dôme,565,0.850,85
2023,8,"Usage de stupéfiants (AFD)",2B,Haute-Corse,155,0.837,86
2023,8,"Usage de stupéfiants (AFD)",82,Tarn-et-Garonne,211,0.796,87
2023,8,"Usage de stupéfiants (AFD)",10,Aube,238,0.765,88
2023,8,"Usage de stupéfiants (AFD)",29,Finistère,683,0.736,89
2023,8,"Usage de stupéfiants (AFD)",48,Lozère,52,0.680,90
2023,8,"Usage de stupéfiants (AFD)",16,Charente,232,0.660,91
2023,8,"Usage de stupéfiants (AFD)",49,Maine-et-Loire,531,0.641,92
2023,8,"Usage de stupéfiants (AFD)",85,Vendée,401,0.568,93
2023,8,"Usage de stupéfiants (AFD)",46,Lot,99,0.564,94
2023,8,"Usage de stupéfiants (AFD)",72,Sarthe,310,0.548,95
2023,8,"Usage de stupéfiants (AFD)",15,Cantal,79,0.547,96
2023,9,"Usage de stupéfiants (hors AFD)",04,Alpes-de-Haute-Provence,652,3.900,1
2023,9,"Usage de stupéfiants (hors AFD)",75,Paris,6533,3.091,2
2023,9,"Usage de stupéfiants (hors AFD)",05,Hautes-Alpes,421,2.972,3
2023,9,"Usage de stupéfiants (hors AFD)",55,Meuse,509,2.816,4
2023,9,"Usage de stupéfiants (hors AFD)",43,Haute-Loire,581,2.546,5
2023,9,"Usage de stupéfiants (hors AFD)",93,Seine-Saint-Denis,3889,2.313,6
2023,9,"Usage de stupéfiants (hors AFD)",80,Somme,1195,2.113,7
2023,9,"Usage de stupéfiants (hors AFD)",03,Allier,705,2.106,8
2023,9,"Usage de stupéfiants (hors AFD)",89,Yonne,691,2.070,9
2023,9,"Usage de stupéfiants (hors AFD)",83,Var,2292,2.068,10
2023,9,"Usage de stupéfiants (hors AFD)",53,Mayenne,621,2.033,11
2023,9,"Usage de stupéfiants (hors AFD)",77,Seine-et-Marne,2844,1.958,12
2023,9,"Usage de stupéfiants (hors AFD)",61,Orne,520,1.883,13
2023,9,"Usage de stupéfiants (hors AFD)",84,Vaucluse,1067,1.876,14
2023,9,"Usage de stupéfiants (hors AFD)",88,Vosges,662,1.846,15
2023,9,"Usage de stupéfiants (hors AFD)",16,Charente,642,1.826,16
2023,9,"Usage de stupéfiants (hors AFD)",94,Val-de-Marne,2559,1.803,17
2023,9,"Usage de stupéfiants (hors AFD)",26,Drôme,928,1.780,18
2023,9,"Usage de stupéfiants (hors AFD)",51,Marne,991,1.757,19
2023,9,"Usage de stupéfiants (hors AFD)",29,Finistère,1588,1.711,20
2023,9,"Usage de stupéfiants (hors AFD)",52,Haute-Marne,289,1.701,21
2023,9,"Usage de stupéfiants (hors AFD)",19,Corrèze,408,1.699,22
2023,9,"Usage de stupéfiants (hors AFD)",65,Hautes-Pyrénées,393,1.698,23
2023,9,"Usage de stupéfiants (hors AFD)",95,Val-d'Oise,2140,1.684,24
2023,9,"Usage de stupéfiants (hors AFD)",59,Nord,4388,1.677,25
2023,9,"Usage de stupéfiants (hors AFD)",60,Oise,1354,1.630,26
2023,9,"Usage de stupéfiants (hors AFD)",74,Haute-Savoie,1370,1.613,27
2023,9,"Usage de stupéfiants (hors AFD)",54,Meurthe-et-Moselle,1180,1.610,28
2023,9,"Usage de stupéfiants (hors AFD)",32,Gers,310,1.609,29
2023,9,"Usage de stupéfiants (hors AFD)",62,Pas-de-Calais,2348,1.608,30
2023,9,"Usage de stupéfiants (hors AFD)",11,Aude,606,1.604,31
2023,9,"Usage de stupéfiants (hors AFD)",12,Aveyron,443,1.584,32
2023,9,"Usage de stupéfiants (hors AFD)",34,Hérault,1887,1.550,33
2023,9,"Usage de stupéfiants (hors AFD)",09,Ariège,240,1.545,34
2023,9,"Usage de stupéfiants (hors AFD)",27,Eure,929,1.545,34
2023,9,"Usage de stupéfiants (hors AFD)",78,Yvelines,2255,1.533,36
2023,9,"Usage de stupéfiants (hors AFD)",02,Aisne,804,1.530,37
2023,9,"Usage de stupéfiants (hors AFD)",08,Ardennes,398,1.489,38
2023,9,"Usage de stupéfiants (hors AFD)",10,Aube,461,1.482,39
2023,9,"Usage de stupéfiants (hors AFD)",13,Bouches-du-Rhône,3066,1.481,40
2023,9,"Usage de stupéfiants (hors AFD)",2B,Haute-Corse,274,1.479,41
2023,9,"Usage de stupéfiants (hors AFD)",15,Cantal,210,1.454,42
2023,9,"Usage de stupéfiants (hors AFD)",17,Charente-Maritime,966,1.446,43
2023,9,"Usage de stupéfiants (hors AFD)",06,Alpes-Maritimes,1601,1.436,44
2023,9,"Usage de stupéfiants (hors AFD)",21,Côte-d'Or,770,1.432,45
2023,9,"Usage de stupéfiants (hors AFD)",42,Loire,1096,1.420,46
2023,9,"Usage de stupéfiants (hors AFD)",76,Seine-Maritime,1783,1.415,47
2023,9,"Usage de stupéfiants (hors AFD)",66,Pyrénées-Orientales,696,1.412,48
2023,9,"Usage de stupéfiants (hors AFD)",14,Calvados,992,1.408,49
2023,9,"Usage de stupéfiants (hors AFD)",73,Savoie,626,1.406,50
2023,9,"Usage de stupéfiants (hors AFD)",58,Nièvre,283,1.399,51
2023,9,"Usage de stupéfiants (hors AFD)",69,Rhône,2619,1.373,52
2023,9,"Usage de stupéfiants (hors AFD)",25,Doubs,751,1.369,53
2023,9,"Usage de stupéfiants (hors AFD)",39,Jura,353,1.366,54
2023,9,"Usage de stupéfiants (hors AFD)",81,Tarn,541,1.366,54
2023,9,"Usage de stupéfiants (hors AFD)",35,Ille-et-Vilaine,1498,1.350,56
2023,9,"Usage de stupéfiants (hors AFD)",38,Isère,1717,1.330,57
2023,9,"Usage de stupéfiants (hors AFD)",87,Haute-Vienne,494,1.326,58
2023,9,"Usage de stupéfiants (hors AFD)",91,Essonne,1743,1.316,59
2023,9,"Usage de stupéfiants (hors AFD)",68,Haut-Rhin,1000,1.302,60
2023,9,"Usage de stupéfiants (hors AFD)",07,Ardèche,432,1.296,61
2023,9,"Usage de stupéfiants (hors AFD)",85,Vendée,897,1.270,62
2023,9,"Usage de stupéfiants (hors AFD)",30,Gard,967,1.266,63
2023,9,"Usage de stupéfiants (hors AFD)",2A,Corse-du-Sud,210,1.265,64
2023,9,"Usage de stupéfiants (hors AFD)",92,Hauts-de-Seine,2076,1.260,65
2023,9,"Usage de stupéfiants (hors AFD)",28,Eure-et-Loir,545,1.259,66
2023,9,"Usage de stupéfiants (hors AFD)",70,Haute-Saône,288,1.231,67
2023,9,"Usage de stupéfiants (hors AFD)",71,Saône-et-Loire,651,1.185,68
2023,9,"Usage de stupéfiants (hors AFD)",36,Indre,256,1.181,69
2023,9,"Usage de stupéfiants (hors AFD)",40,Landes,502,1.172,70
2023,9,"Usage de stupéfiants (hors AFD)",86,Vienne,507,1.156,71
2023,9,"Usage de stupéfiants (hors AFD)",48,Lozère,88,1.150,72
2023,9,"Usage de stupéfiants (hors AFD)",64,Pyrénées-Atlantiques,791,1.131,73
2023,9,"Usage de stupéfiants (hors AFD)",90,"Territoire de Belfort",157,1.121,74
2023,9,"Usage de stupéfiants (hors AFD)",33,Gironde,1838,1.097,75
2023,9,"Usage de stupéfiants (hors AFD)",44,Loire-Atlantique,1597,1.084,76
2023,9,"Usage de stupéfiants (hors AFD)",79,Deux-Sèvres,402,1.071,77
2023,9,"Usage de stupéfiants (hors AFD)",31,Haute-Garonne,1548,1.063,78
2023,9,"Usage de stupéfiants (hors AFD)",72,Sarthe,595,1.051,79
2023,9,"Usage de stupéfiants (hors AFD)",56,Morbihan,792,1.020,80
2023,9,"Usage de stupéfiants (hors AFD)",46,Lot,178,1.014,81
2023,9,"Usage de stupéfiants (hors AFD)",50,Manche,498,1.002,82
2023,9,"Usage de stupéfiants (hors AFD)",23,Creuse,114,0.987,83
2023,9,"Usage de stupéfiants (hors AFD)",63,Puy-de-Dôme,628,0.945,84
2023,9,"Usage de stupéfiants (hors AFD)",47,Lot-et-Garonne,310,0.933,85
2023,9,"Usage de stupéfiants (hors AFD)",57,Moselle,980,0.933,85
2023,9,"Usage de stupéfiants (hors AFD)",67,Bas-Rhin,1065,0.921,87
2023,9,"Usage de stupéfiants (hors AFD)",45,Loiret,627,0.913,88
2023,9,"Usage de stupéfiants (hors AFD)",24,Dordogne,374,0.898,89
2023,9,"Usage de stupéfiants (hors AFD)",49,Maine-et-Loire,743,0.897,90
2023,9,"Usage de stupéfiants (hors AFD)",37,Indre-et-Loire,550,0.892,91
2023,9,"Usage de stupéfiants (hors AFD)",82,Tarn-et-Garonne,235,0.887,92
2023,9,"Usage de stupéfiants (hors AFD)",18,Cher,258,0.861,93
2023,9,"Usage de stupéfiants (hors AFD)",22,Côtes-d'Armor,516,0.846,94
2023,9,"Usage de stupéfiants (hors AFD)",41,Loir-et-Cher,257,0.781,95
2023,9,"Usage de stupéfiants (hors AFD)",01,Ain,510,0.760,96
2023,10,"Violences physiques hors cadre familial",75,Paris,10109,4.783,1
2023,10,"Violences physiques hors cadre familial",93,Seine-Saint-Denis,7901,4.698,2
2023,10,"Violences physiques hors cadre familial",62,Pas-de-Calais,5540,3.794,3
2023,10,"Violences physiques hors cadre familial",66,Pyrénées-Orientales,1863,3.779,4
2023,10,"Violences physiques hors cadre familial",08,Ardennes,990,3.705,5
2023,10,"Violences physiques hors cadre familial",10,Aube,1149,3.694,6
2023,10,"Violences physiques hors cadre familial",13,Bouches-du-Rhône,7586,3.665,7
2023,10,"Violences physiques hors cadre familial",69,Rhône,6856,3.593,8
2023,10,"Violences physiques hors cadre familial",59,Nord,9231,3.527,9
2023,10,"Violences physiques hors cadre familial",90,"Territoire de Belfort",493,3.519,10
2023,10,"Violences physiques hors cadre familial",55,Meuse,632,3.497,11
2023,10,"Violences physiques hors cadre familial",34,Hérault,4215,3.462,12
2023,10,"Violences physiques hors cadre familial",54,Meurthe-et-Moselle,2507,3.421,13
2023,10,"Violences physiques hors cadre familial",76,Seine-Maritime,4243,3.367,14
2023,10,"Violences physiques hors cadre familial",09,Ariège,519,3.341,15
2023,10,"Violences physiques hors cadre familial",83,Var,3699,3.337,16
2023,10,"Violences physiques hors cadre familial",06,Alpes-Maritimes,3707,3.326,17
2023,10,"Violences physiques hors cadre familial",11,Aude,1242,3.288,18
2023,10,"Violences physiques hors cadre familial",30,Gard,2471,3.234,19
2023,10,"Violences physiques hors cadre familial",52,Haute-Marne,547,3.220,20
2023,10,"Violences physiques hors cadre familial",51,Marne,1812,3.212,21
2023,10,"Violences physiques hors cadre familial",80,Somme,1811,3.202,22
2023,10,"Violences physiques hors cadre familial",84,Vaucluse,1806,3.176,23
2023,10,"Violences physiques hors cadre familial",88,Vosges,1115,3.108,24
2023,10,"Violences physiques hors cadre familial",25,Doubs,1696,3.091,25
2023,10,"Violences physiques hors cadre familial",60,Oise,2539,3.056,26
2023,10,"Violences physiques hors cadre familial",31,Haute-Garonne,4435,3.045,27
2023,10,"Violences physiques hors cadre familial",68,Haut-Rhin,2338,3.045,27
2023,10,"Violences physiques hors cadre familial",42,Loire,2341,3.032,29
2023,10,"Violences physiques hors cadre familial",91,Essonne,3976,3.002,30
2023,10,"Violences physiques hors cadre familial",95,Val-d'Oise,3803,2.992,31
2023,10,"Violences physiques hors cadre familial",26,Drôme,1556,2.984,32
2023,10,"Violences physiques hors cadre familial",94,Val-de-Marne,4233,2.982,33
2023,10,"Violences physiques hors cadre familial",33,Gironde,4970,2.967,34
2023,10,"Violences physiques hors cadre familial",38,Isère,3819,2.957,35
2023,10,"Violences physiques hors cadre familial",02,Aisne,1552,2.953,36
2023,10,"Violences physiques hors cadre familial",72,Sarthe,1670,2.950,37
2023,10,"Violences physiques hors cadre familial",16,Charente,1029,2.927,38
2023,10,"Violences physiques hors cadre familial",21,Côte-d'Or,1555,2.893,39
2023,10,"Violences physiques hors cadre familial",89,Yonne,960,2.875,40
2023,10,"Violences physiques hors cadre familial",47,Lot-et-Garonne,950,2.859,41
2023,10,"Violences physiques hors cadre familial",67,Bas-Rhin,3299,2.851,42
2023,10,"Violences physiques hors cadre familial",04,Alpes-de-Haute-Provence,470,2.811,43
2023,10,"Violences physiques hors cadre familial",14,Calvados,1972,2.799,44
2023,10,"Violences physiques hors cadre familial",05,Hautes-Alpes,396,2.795,45
2023,10,"Violences physiques hors cadre familial",36,Indre,590,2.721,46
2023,10,"Violences physiques hors cadre familial",70,Haute-Saône,636,2.719,47
2023,10,"Violences physiques hors cadre familial",2A,Corse-du-Sud,445,2.680,48
2023,10,"Violences physiques hors cadre familial",73,Savoie,1185,2.661,49
2023,10,"Violences physiques hors cadre familial",23,Creuse,305,2.640,50
2023,10,"Violences physiques hors cadre familial",57,Moselle,2769,2.635,51
2023,10,"Violences physiques hors cadre familial",45,Loiret,1807,2.630,52
2023,10,"Violences physiques hors cadre familial",74,Haute-Savoie,2227,2.621,53
2023,10,"Violences physiques hors cadre familial",65,Hautes-Pyrénées,601,2.597,54
2023,10,"Violences physiques hors cadre familial",39,Jura,669,2.589,55
2023,10,"Violences physiques hors cadre familial",17,Charente-Maritime,1728,2.586,56
2023,10,"Violences physiques hors cadre familial",27,Eure,1555,2.586,56
2023,10,"Violences physiques hors cadre familial",07,Ardèche,859,2.578,58
2023,10,"Violences physiques hors cadre familial",81,Tarn,1016,2.565,59
2023,10,"Violences physiques hors cadre familial",28,Eure-et-Loir,1109,2.561,60
2023,10,"Violences physiques hors cadre familial",41,Loir-et-Cher,839,2.551,61
2023,10,"Violences physiques hors cadre familial",44,Loire-Atlantique,3699,2.511,62
2023,10,"Violences physiques hors cadre familial",63,Puy-de-Dôme,1662,2.502,63
2023,10,"Violences physiques hors cadre familial",37,Indre-et-Loire,1529,2.481,64
2023,10,"Violences physiques hors cadre familial",77,Seine-et-Marne,3596,2.476,65
2023,10,"Violences physiques hors cadre familial",87,Haute-Vienne,922,2.476,65
2023,10,"Violences physiques hors cadre familial",19,Corrèze,594,2.474,67
2023,10,"Violences physiques hors cadre familial",82,Tarn-et-Garonne,643,2.427,68
2023,10,"Violences physiques hors cadre familial",48,Lozère,185,2.418,69
2023,10,"Violences physiques hors cadre familial",35,Ille-et-Vilaine,2654,2.393,70
2023,10,"Violences physiques hors cadre familial",03,Allier,789,2.357,71
2023,10,"Violences physiques hors cadre familial",86,Vienne,1026,2.339,72
2023,10,"Violences physiques hors cadre familial",92,Hauts-de-Seine,3847,2.335,73
2023,10,"Violences physiques hors cadre familial",61,Orne,644,2.332,74
2023,10,"Violences physiques hors cadre familial",40,Landes,980,2.287,75
2023,10,"Violences physiques hors cadre familial",71,Saône-et-Loire,1251,2.278,76
2023,10,"Violences physiques hors cadre familial",78,Yvelines,3292,2.238,77
2023,10,"Violences physiques hors cadre familial",18,Cher,655,2.187,78
2023,10,"Violences physiques hors cadre familial",56,Morbihan,1685,2.171,79
2023,10,"Violences physiques hors cadre familial",2B,Haute-Corse,402,2.170,80
2023,10,"Violences physiques hors cadre familial",79,Deux-Sèvres,811,2.160,81
2023,10,"Violences physiques hors cadre familial",01,Ain,1448,2.157,82
2023,10,"Violences physiques hors cadre familial",29,Finistère,1979,2.133,83
2023,10,"Violences physiques hors cadre familial",22,Côtes-d'Armor,1227,2.013,84
2023,10,"Violences physiques hors cadre familial",64,Pyrénées-Atlantiques,1405,2.009,85
2023,10,"Violences physiques hors cadre familial",58,Nièvre,393,1.943,86
2023,10,"Violences physiques hors cadre familial",32,Gers,368,1.910,87
2023,10,"Violences physiques hors cadre familial",24,Dordogne,792,1.902,88
2023,10,"Violences physiques hors cadre familial",46,Lot,334,1.902,88
2023,10,"Violences physiques hors cadre familial",15,Cantal,271,1.877,90
2023,10,"Violences physiques hors cadre familial",49,Maine-et-Loire,1548,1.869,91
2023,10,"Violences physiques hors cadre familial",43,Haute-Loire,423,1.854,92
2023,10,"Violences physiques hors cadre familial",85,Vendée,1284,1.818,93
2023,10,"Violences physiques hors cadre familial",12,Aveyron,503,1.798,94
2023,10,"Violences physiques hors cadre familial",50,Manche,885,1.781,95
2023,10,"Violences physiques hors cadre familial",53,Mayenne,542,1.775,96
2023,11,"Violences physiques intrafamiliales",62,Pas-de-Calais,8256,5.654,1
2023,11,"Violences physiques intrafamiliales",59,Nord,12424,4.748,2
2023,11,"Violences physiques intrafamiliales",93,Seine-Saint-Denis,7957,4.731,3
2023,11,"Violences physiques intrafamiliales",80,Somme,2632,4.654,4
2023,11,"Violences physiques intrafamiliales",41,Loir-et-Cher,1387,4.216,5
2023,11,"Violences physiques intrafamiliales",51,Marne,2370,4.201,6
2023,11,"Violences physiques intrafamiliales",02,Aisne,2176,4.140,7
2023,11,"Violences physiques intrafamiliales",10,Aube,1279,4.112,8
2023,11,"Violences physiques intrafamiliales",60,Oise,3409,4.104,9
2023,11,"Violences physiques intrafamiliales",91,Essonne,5220,3.941,10
2023,11,"Violences physiques intrafamiliales",95,Val-d'Oise,5006,3.939,11
2023,11,"Violences physiques intrafamiliales",08,Ardennes,1051,3.933,12
2023,11,"Violences physiques intrafamiliales",72,Sarthe,2222,3.925,13
2023,11,"Violences physiques intrafamiliales",89,Yonne,1308,3.917,14
2023,11,"Violences physiques intrafamiliales",45,Loiret,2674,3.892,15
2023,11,"Violences physiques intrafamiliales",04,Alpes-de-Haute-Provence,643,3.846,16
2023,11,"Violences physiques intrafamiliales",14,Calvados,2707,3.842,17
2023,11,"Violences physiques intrafamiliales",06,Alpes-Maritimes,4268,3.829,18
2023,11,"Violences physiques intrafamiliales",90,"Territoire de Belfort",526,3.755,19
2023,11,"Violences physiques intrafamiliales",76,Seine-Maritime,4696,3.726,20
2023,11,"Violences physiques intrafamiliales",61,Orne,1023,3.705,21
2023,11,"Violences physiques intrafamiliales",28,Eure-et-Loir,1598,3.691,22
2023,11,"Violences physiques intrafamiliales",68,Haut-Rhin,2833,3.690,23
2023,11,"Violences physiques intrafamiliales",77,Seine-et-Marne,5301,3.650,24
2023,11,"Violences physiques intrafamiliales",19,Corrèze,873,3.636,25
2023,11,"Violences physiques intrafamiliales",53,Mayenne,1109,3.631,26
2023,11,"Violences physiques intrafamiliales",27,Eure,2176,3.619,27
2023,11,"Violences physiques intrafamiliales",94,Val-de-Marne,5121,3.608,28
2023,11,"Violences physiques intrafamiliales",37,Indre-et-Loire,2217,3.597,29
2023,11,"Violences physiques intrafamiliales",54,Meurthe-et-Moselle,2629,3.587,30
2023,11,"Violences physiques intrafamiliales",13,Bouches-du-Rhône,7421,3.585,31
2023,11,"Violences physiques intrafamiliales",82,Tarn-et-Garonne,943,3.560,32
2023,11,"Violences physiques intrafamiliales",33,Gironde,5943,3.548,33
2023,11,"Violences physiques intrafamiliales",52,Haute-Marne,596,3.509,34
2023,11,"Violences physiques intrafamiliales",83,Var,3889,3.509,34
2023,11,"Violences physiques intrafamiliales",26,Drôme,1829,3.508,36
2023,11,"Violences physiques intrafamiliales",47,Lot-et-Garonne,1162,3.498,37
2023,11,"Violences physiques intrafamiliales",11,Aude,1307,3.460,38
2023,11,"Violences physiques intrafamiliales",09,Ariège,536,3.451,39
2023,11,"Violences physiques intrafamiliales",78,Yvelines,4936,3.356,40
2023,11,"Violences physiques intrafamiliales",25,Doubs,1830,3.335,41
2023,11,"Violences physiques intrafamiliales",66,Pyrénées-Orientales,1632,3.311,42
2023,11,"Violences physiques intrafamiliales",38,Isère,4233,3.278,43
2023,11,"Violences physiques intrafamiliales",57,Moselle,3443,3.277,44
2023,11,"Violences physiques intrafamiliales",40,Landes,1401,3.270,45
2023,11,"Violences physiques intrafamiliales",16,Charente,1149,3.268,46
2023,11,"Violences physiques intrafamiliales",88,Vosges,1168,3.256,47
2023,11,"Violences physiques intrafamiliales",23,Creuse,374,3.237,48
2023,11,"Violences physiques intrafamiliales",30,Gard,2473,3.237,48
2023,11,"Violences physiques intrafamiliales",34,Hérault,3936,3.233,50
2023,11,"Violences physiques intrafamiliales",17,Charente-Maritime,2141,3.204,51
2023,11,"Violences physiques intrafamiliales",05,Hautes-Alpes,450,3.176,52
2023,11,"Violences physiques intrafamiliales",79,Deux-Sèvres,1183,3.151,53
2023,11,"Violences physiques intrafamiliales",55,Meuse,568,3.143,54
2023,11,"Violences physiques intrafamiliales",22,Côtes-d'Armor,1898,3.114,55
2023,11,"Violences physiques intrafamiliales",31,Haute-Garonne,4527,3.109,56
2023,11,"Violences physiques intrafamiliales",2B,Haute-Corse,575,3.104,57
2023,11,"Violences physiques intrafamiliales",69,Rhône,5899,3.092,58
2023,11,"Violences physiques intrafamiliales",35,Ille-et-Vilaine,3422,3.085,59
2023,11,"Violences physiques intrafamiliales",36,Indre,666,3.072,60
2023,11,"Violences physiques intrafamiliales",81,Tarn,1216,3.069,61
2023,11,"Violences physiques intrafamiliales",70,Haute-Saône,717,3.065,62
2023,11,"Violences physiques intrafamiliales",49,Maine-et-Loire,2516,3.038,63
2023,11,"Violences physiques intrafamiliales",86,Vienne,1330,3.032,64
2023,11,"Violences physiques intrafamiliales",92,Hauts-de-Seine,4982,3.024,65
2023,11,"Violences physiques intrafamiliales",39,Jura,778,3.011,66
2023,11,"Violences physiques intrafamiliales",32,Gers,578,3.000,67
2023,11,"Violences physiques intrafamiliales",42,Loire,2299,2.978,68
2023,11,"Violences physiques intrafamiliales",73,Savoie,1326,2.978,68
2023,11,"Violences physiques intrafamiliales",71,Saône-et-Loire,1632,2.972,70
2023,11,"Violences physiques intrafamiliales",84,Vaucluse,1683,2.959,71
2023,11,"Violences physiques intrafamiliales",75,Paris,6218,2.942,72
2023,11,"Violences physiques intrafamiliales",21,Côte-d'Or,1568,2.917,73
2023,11,"Violences physiques intrafamiliales",03,Allier,968,2.892,74
2023,11,"Violences physiques intrafamiliales",24,Dordogne,1199,2.880,75
2023,11,"Violences physiques intrafamiliales",58,Nièvre,576,2.847,76
2023,11,"Violences physiques intrafamiliales",50,Manche,1412,2.842,77
2023,11,"Violences physiques intrafamiliales",07,Ardèche,943,2.830,78
2023,11,"Violences physiques intrafamiliales",44,Loire-Atlantique,4139,2.810,79
2023,11,"Violences physiques intrafamiliales",74,Haute-Savoie,2387,2.810,79
2023,11,"Violences physiques intrafamiliales",29,Finistère,2584,2.785,81
2023,11,"Violences physiques intrafamiliales",87,Haute-Vienne,1031,2.768,82
2023,11,"Violences physiques intrafamiliales",67,Bas-Rhin,3171,2.741,83
2023,11,"Violences physiques intrafamiliales",56,Morbihan,2095,2.699,84
2023,11,"Violences physiques intrafamiliales",01,Ain,1788,2.664,85
2023,11,"Violences physiques intrafamiliales",15,Cantal,381,2.639,86
2023,11,"Violences physiques intrafamiliales",65,Hautes-Pyrénées,608,2.627,87
2023,11,"Violences physiques intrafamiliales",43,Haute-Loire,583,2.555,88
2023,11,"Violences physiques intrafamiliales",2A,Corse-du-Sud,424,2.554,89
2023,11,"Violences physiques intrafamiliales",64,Pyrénées-Atlantiques,1757,2.512,90
2023,11,"Violences physiques intrafamiliales",46,Lot,435,2.477,91
2023,11,"Violences physiques intrafamiliales",18,Cher,737,2.461,92
2023,11,"Violences physiques intrafamiliales",63,Puy-de-Dôme,1581,2.380,93
2023,11,"Violences physiques intrafamiliales",85,Vendée,1648,2.333,94
2023,11,"Violences physiques intrafamiliales",12,Aveyron,624,2.231,95
2023,11,"Violences physiques intrafamiliales",48,Lozère,167,2.183,96
2023,12,"Violences sexuelles",75,Paris,5236,2.477,1
2023,12,"Violences sexuelles",48,Lozère,167,2.183,2
2023,12,"Violences sexuelles",72,Sarthe,1231,2.174,3
2023,12,"Violences sexuelles",61,Orne,583,2.111,4
2023,12,"Violences sexuelles",16,Charente,741,2.107,5
2023,12,"Violences sexuelles",62,Pas-de-Calais,3072,2.104,6
2023,12,"Violences sexuelles",79,Deux-Sèvres,788,2.099,7
2023,12,"Violences sexuelles",80,Somme,1174,2.076,8
2023,12,"Violences sexuelles",05,Hautes-Alpes,293,2.068,9
2023,12,"Violences sexuelles",52,Haute-Marne,348,2.049,10
2023,12,"Violences sexuelles",89,Yonne,680,2.037,11
2023,12,"Violences sexuelles",39,Jura,517,2.001,12
2023,12,"Violences sexuelles",41,Loir-et-Cher,653,1.985,13
2023,12,"Violences sexuelles",59,Nord,5142,1.965,14
2023,12,"Violences sexuelles",37,Indre-et-Loire,1203,1.952,15
2023,12,"Violences sexuelles",14,Calvados,1375,1.951,16
2023,12,"Violences sexuelles",28,Eure-et-Loir,838,1.936,17
2023,12,"Violences sexuelles",33,Gironde,3243,1.936,17
2023,12,"Violences sexuelles",27,Eure,1135,1.888,19
2023,12,"Violences sexuelles",86,Vienne,827,1.885,20
2023,12,"Violences sexuelles",40,Landes,807,1.884,21
2023,12,"Violences sexuelles",58,Nièvre,381,1.883,22
2023,12,"Violences sexuelles",02,Aisne,982,1.868,23
2023,12,"Violences sexuelles",66,Pyrénées-Orientales,913,1.852,24
2023,12,"Violences sexuelles",60,Oise,1536,1.849,25
2023,12,"Violences sexuelles",76,Seine-Maritime,2330,1.849,25
2023,12,"Violences sexuelles",09,Ariège,285,1.835,27
2023,12,"Violences sexuelles",08,Ardennes,490,1.834,28
2023,12,"Violences sexuelles",53,Mayenne,560,1.833,29
2023,12,"Violences sexuelles",46,Lot,320,1.822,30
2023,12,"Violences sexuelles",24,Dordogne,749,1.799,31
2023,12,"Violences sexuelles",49,Maine-et-Loire,1484,1.792,32
2023,12,"Violences sexuelles",17,Charente-Maritime,1193,1.786,33
2023,12,"Violences sexuelles",65,Hautes-Pyrénées,412,1.780,34
2023,12,"Violences sexuelles",43,Haute-Loire,401,1.758,35
2023,12,"Violences sexuelles",04,Alpes-de-Haute-Provence,293,1.753,36
2023,12,"Violences sexuelles",70,Haute-Saône,409,1.748,37
2023,12,"Violences sexuelles",68,Haut-Rhin,1339,1.744,38
2023,12,"Violences sexuelles",54,Meurthe-et-Moselle,1271,1.734,39
2023,12,"Violences sexuelles",55,Meuse,312,1.726,40
2023,12,"Violences sexuelles",11,Aude,650,1.721,41
2023,12,"Violences sexuelles",23,Creuse,198,1.714,42
2023,12,"Violences sexuelles",21,Côte-d'Or,919,1.710,43
2023,12,"Violences sexuelles",03,Allier,572,1.709,44
2023,12,"Violences sexuelles",50,Manche,847,1.705,45
2023,12,"Violences sexuelles",47,Lot-et-Garonne,560,1.686,46
2023,12,"Violences sexuelles",45,Loiret,1158,1.685,47
2023,12,"Violences sexuelles",93,Seine-Saint-Denis,2808,1.670,48
2023,12,"Violences sexuelles",85,Vendée,1179,1.669,49
2023,12,"Violences sexuelles",35,Ille-et-Vilaine,1841,1.660,50
2023,12,"Violences sexuelles",81,Tarn,652,1.646,51
2023,12,"Violences sexuelles",88,Vosges,590,1.645,52
2023,12,"Violences sexuelles",44,Loire-Atlantique,2401,1.630,53
2023,12,"Violences sexuelles",26,Drôme,847,1.624,54
2023,12,"Violences sexuelles",51,Marne,916,1.624,54
2023,12,"Violences sexuelles",69,Rhône,3099,1.624,54
2023,12,"Violences sexuelles",15,Cantal,231,1.600,57
2023,12,"Violences sexuelles",19,Corrèze,382,1.591,58
2023,12,"Violences sexuelles",36,Indre,345,1.591,58
2023,12,"Violences sexuelles",31,Haute-Garonne,2306,1.584,60
2023,12,"Violences sexuelles",56,Morbihan,1227,1.581,61
2023,12,"Violences sexuelles",29,Finistère,1452,1.565,62
2023,12,"Violences sexuelles",34,Hérault,1896,1.558,63
2023,12,"Violences sexuelles",73,Savoie,691,1.552,64
2023,12,"Violences sexuelles",38,Isère,2000,1.549,65
2023,12,"Violences sexuelles",32,Gers,295,1.531,66
2023,12,"Violences sexuelles",13,Bouches-du-Rhône,3155,1.524,67
2023,12,"Violences sexuelles",18,Cher,450,1.503,68
2023,12,"Violences sexuelles",71,Saône-et-Loire,807,1.470,69
2023,12,"Violences sexuelles",94,Val-de-Marne,2085,1.469,70
2023,12,"Violences sexuelles",67,Bas-Rhin,1690,1.461,71
2023,12,"Violences sexuelles",10,Aube,453,1.456,72
2023,12,"Violences sexuelles",22,Côtes-d'Armor,886,1.453,73
2023,12,"Violences sexuelles",77,Seine-et-Marne,2090,1.439,74
2023,12,"Violences sexuelles",82,Tarn-et-Garonne,381,1.438,75
2023,12,"Violences sexuelles",12,Aveyron,402,1.437,76
2023,12,"Violences sexuelles",07,Ardèche,476,1.428,77
2023,12,"Violences sexuelles",87,Haute-Vienne,530,1.423,78
2023,12,"Violences sexuelles",91,Essonne,1884,1.422,79
2023,12,"Violences sexuelles",95,Val-d'Oise,1785,1.405,80
2023,12,"Violences sexuelles",30,Gard,1072,1.403,81
2023,12,"Violences sexuelles",25,Doubs,767,1.398,82
2023,12,"Violences sexuelles",06,Alpes-Maritimes,1553,1.393,83
2023,12,"Violences sexuelles",90,"Territoire de Belfort",194,1.385,84
2023,12,"Violences sexuelles",83,Var,1530,1.380,85
2023,12,"Violences sexuelles",57,Moselle,1437,1.368,86
2023,12,"Violences sexuelles",78,Yvelines,2012,1.368,86
2023,12,"Violences sexuelles",42,Loire,1044,1.352,88
2023,12,"Violences sexuelles",92,Hauts-de-Seine,2209,1.341,89
2023,12,"Violences sexuelles",84,Vaucluse,749,1.317,90
2023,12,"Violences sexuelles",01,Ain,871,1.298,91
2023,12,"Violences sexuelles",64,Pyrénées-Atlantiques,908,1.298,91
2023,12,"Violences sexuelles",74,Haute-Savoie,1096,1.290,93
2023,12,"Violences sexuelles",63,Puy-de-Dôme,823,1.239,94
2023,12,"Violences sexuelles",2A,Corse-du-Sud,176,1.060,95
2023,12,"Violences sexuelles",2B,Haute-Corse,196,1.058,96
2023,13,"Vols avec armes",13,Bouches-du-Rhône,613,0.296,1
2023,13,"Vols avec armes",93,Seine-Saint-Denis,403,0.240,2
2023,13,"Vols avec armes",75,Paris,478,0.226,3
2023,13,"Vols avec armes",95,Val-d'Oise,224,0.176,4
2023,13,"Vols avec armes",69,Rhône,293,0.154,5
2023,13,"Vols avec armes",38,Isère,196,0.152,6
2023,13,"Vols avec armes",91,Essonne,201,0.152,6
2023,13,"Vols avec armes",34,Hérault,179,0.147,8
2023,13,"Vols avec armes",06,Alpes-Maritimes,148,0.133,9
2023,13,"Vols avec armes",94,Val-de-Marne,187,0.132,10
2023,13,"Vols avec armes",26,Drôme,65,0.125,11
2023,13,"Vols avec armes",44,Loire-Atlantique,178,0.121,12
2023,13,"Vols avec armes",51,Marne,65,0.115,13
2023,13,"Vols avec armes",84,Vaucluse,64,0.113,14
2023,13,"Vols avec armes",33,Gironde,187,0.112,15
2023,13,"Vols avec armes",92,Hauts-de-Seine,182,0.110,16
2023,13,"Vols avec armes",30,Gard,82,0.107,17
2023,13,"Vols avec armes",77,Seine-et-Marne,148,0.102,18
2023,13,"Vols avec armes",83,Var,113,0.102,18
2023,13,"Vols avec armes",59,Nord,263,0.101,20
2023,13,"Vols avec armes",31,Haute-Garonne,143,0.098,21
2023,13,"Vols avec armes",42,Loire,76,0.098,21
2023,13,"Vols avec armes",60,Oise,74,0.089,23
2023,13,"Vols avec armes",25,Doubs,47,0.086,24
2023,13,"Vols avec armes",37,Indre-et-Loire,53,0.086,24
2023,13,"Vols avec armes",54,Meurthe-et-Moselle,62,0.085,26
2023,13,"Vols avec armes",76,Seine-Maritime,106,0.084,27
2023,13,"Vols avec armes",66,Pyrénées-Orientales,41,0.083,28
2023,13,"Vols avec armes",87,Haute-Vienne,31,0.083,28
2023,13,"Vols avec armes",28,Eure-et-Loir,34,0.079,30
2023,13,"Vols avec armes",11,Aude,28,0.074,31
2023,13,"Vols avec armes",21,Côte-d'Or,40,0.074,31
2023,13,"Vols avec armes",45,Loiret,49,0.071,33
2023,13,"Vols avec armes",90,"Territoire de Belfort",10,0.071,33
2023,13,"Vols avec armes",78,Yvelines,102,0.069,35
2023,13,"Vols avec armes",89,Yonne,23,0.069,35
2023,13,"Vols avec armes",02,Aisne,35,0.067,37
2023,13,"Vols avec armes",17,Charente-Maritime,44,0.066,38
2023,13,"Vols avec armes",2A,Corse-du-Sud,11,0.066,38
2023,13,"Vols avec armes",62,Pas-de-Calais,96,0.066,38
2023,13,"Vols avec armes",03,Allier,21,0.063,41
2023,13,"Vols avec armes",35,Ille-et-Vilaine,70,0.063,41
2023,13,"Vols avec armes",72,Sarthe,35,0.062,43
2023,13,"Vols avec armes",16,Charente,21,0.060,44
2023,13,"Vols avec armes",57,Moselle,63,0.060,44
2023,13,"Vols avec armes",80,Somme,34,0.060,44
2023,13,"Vols avec armes",79,Deux-Sèvres,22,0.059,47
2023,13,"Vols avec armes",24,Dordogne,24,0.058,48
2023,13,"Vols avec armes",41,Loir-et-Cher,19,0.058,48
2023,13,"Vols avec armes",67,Bas-Rhin,67,0.058,48
2023,13,"Vols avec armes",01,Ain,38,0.057,51
2023,13,"Vols avec armes",27,Eure,34,0.057,51
2023,13,"Vols avec armes",58,Nièvre,11,0.054,53
2023,13,"Vols avec armes",23,Creuse,6,0.052,54
2023,13,"Vols avec armes",73,Savoie,23,0.052,54
2023,13,"Vols avec armes",74,Haute-Savoie,44,0.052,54
2023,13,"Vols avec armes",86,Vienne,22,0.050,57
2023,13,"Vols avec armes",56,Morbihan,37,0.048,58
2023,13,"Vols avec armes",29,Finistère,44,0.047,59
2023,13,"Vols avec armes",52,Haute-Marne,8,0.047,59
2023,13,"Vols avec armes",63,Puy-de-Dôme,31,0.047,59
2023,13,"Vols avec armes",71,Saône-et-Loire,26,0.047,59
2023,13,"Vols avec armes",53,Mayenne,14,0.046,63
2023,13,"Vols avec armes",68,Haut-Rhin,35,0.046,63
2023,13,"Vols avec armes",07,Ardèche,15,0.045,65
2023,13,"Vols avec armes",10,Aube,14,0.045,65
2023,13,"Vols avec armes",14,Calvados,32,0.045,65
2023,13,"Vols avec armes",81,Tarn,18,0.045,65
2023,13,"Vols avec armes",43,Haute-Loire,10,0.044,69
2023,13,"Vols avec armes",2B,Haute-Corse,8,0.043,70
2023,13,"Vols avec armes",61,Orne,12,0.043,70
2023,13,"Vols avec armes",88,Vosges,15,0.042,72
2023,13,"Vols avec armes",49,Maine-et-Loire,33,0.040,73
2023,13,"Vols avec armes",39,Jura,10,0.039,74
2023,13,"Vols avec armes",65,Hautes-Pyrénées,9,0.039,74
2023,13,"Vols avec armes",64,Pyrénées-Atlantiques,24,0.034,76
2023,13,"Vols avec armes",18,Cher,10,0.033,77
2023,13,"Vols avec armes",36,Indre,7,0.032,78
2023,13,"Vols avec armes",04,Alpes-de-Haute-Provence,5,0.030,79
2023,13,"Vols avec armes",47,Lot-et-Garonne,10,0.030,79
2023,13,"Vols avec armes",70,Haute-Saône,7,0.030,79
2023,13,"Vols avec armes",05,Hautes-Alpes,4,0.028,82
2023,13,"Vols avec armes",55,Meuse,5,0.028,82
2023,13,"Vols avec armes",12,Aveyron,7,0.025,84
2023,13,"Vols avec armes",50,Manche,12,0.024,85
2023,13,"Vols avec armes",08,Ardennes,6,0.022,86
2023,13,"Vols avec armes",32,Gers,4,0.021,87
2023,13,"Vols avec armes",85,Vendée,15,0.021,87
2023,13,"Vols avec armes",22,Côtes-d'Armor,12,0.020,89
2023,13,"Vols avec armes",40,Landes,8,0.019,90
2023,13,"Vols avec armes",19,Corrèze,4,0.017,91
2023,13,"Vols avec armes",46,Lot,3,0.017,91
2023,13,"Vols avec armes",15,Cantal,2,0.014,93
2023,13,"Vols avec armes",48,Lozère,1,0.013,94
2023,13,"Vols avec armes",82,Tarn-et-Garonne,2,0.008,95
2023,13,"Vols avec armes",09,Ariège,1,0.006,96
2023,14,"Vols d'accessoires sur véhicules",44,Loire-Atlantique,3901,2.648,1
2023,14,"Vols d'accessoires sur véhicules",91,Essonne,3219,2.430,2
2023,14,"Vols d'accessoires sur véhicules",13,Bouches-du-Rhône,4899,2.367,3
2023,14,"Vols d'accessoires sur véhicules",36,Indre,498,2.297,4
2023,14,"Vols d'accessoires sur véhicules",93,Seine-Saint-Denis,3854,2.292,5
2023,14,"Vols d'accessoires sur véhicules",95,Val-d'Oise,2893,2.276,6
2023,14,"Vols d'accessoires sur véhicules",69,Rhône,4242,2.223,7
2023,14,"Vols d'accessoires sur véhicules",77,Seine-et-Marne,3067,2.112,8
2023,14,"Vols d'accessoires sur véhicules",60,Oise,1711,2.060,9
2023,14,"Vols d'accessoires sur véhicules",21,Côte-d'Or,991,1.843,10
2023,14,"Vols d'accessoires sur véhicules",52,Haute-Marne,312,1.837,11
2023,14,"Vols d'accessoires sur véhicules",37,Indre-et-Loire,1122,1.820,12
2023,14,"Vols d'accessoires sur véhicules",66,Pyrénées-Orientales,880,1.785,13
2023,14,"Vols d'accessoires sur véhicules",49,Maine-et-Loire,1443,1.742,14
2023,14,"Vols d'accessoires sur véhicules",41,Loir-et-Cher,562,1.708,15
2023,14,"Vols d'accessoires sur véhicules",59,Nord,4410,1.685,16
2023,14,"Vols d'accessoires sur véhicules",51,Marne,942,1.670,17
2023,14,"Vols d'accessoires sur véhicules",47,Lot-et-Garonne,552,1.662,18
2023,14,"Vols d'accessoires sur véhicules",26,Drôme,828,1.588,19
2023,14,"Vols d'accessoires sur véhicules",94,Val-de-Marne,2245,1.582,20
2023,14,"Vols d'accessoires sur véhicules",34,Hérault,1909,1.568,21
2023,14,"Vols d'accessoires sur véhicules",71,Saône-et-Loire,846,1.541,22
2023,14,"Vols d'accessoires sur véhicules",89,Yonne,509,1.524,23
2023,14,"Vols d'accessoires sur véhicules",30,Gard,1150,1.505,24
2023,14,"Vols d'accessoires sur véhicules",42,Loire,1156,1.497,25
2023,14,"Vols d'accessoires sur véhicules",02,Aisne,769,1.463,26
2023,14,"Vols d'accessoires sur véhicules",80,Somme,821,1.452,27
2023,14,"Vols d'accessoires sur véhicules",38,Isère,1858,1.439,28
2023,14,"Vols d'accessoires sur véhicules",56,Morbihan,1100,1.417,29
2023,14,"Vols d'accessoires sur véhicules",31,Haute-Garonne,2001,1.374,30
2023,14,"Vols d'accessoires sur véhicules",35,Ille-et-Vilaine,1499,1.351,31
2023,14,"Vols d'accessoires sur véhicules",76,Seine-Maritime,1679,1.332,32
2023,14,"Vols d'accessoires sur véhicules",11,Aude,500,1.324,33
2023,14,"Vols d'accessoires sur véhicules",17,Charente-Maritime,879,1.316,34
2023,14,"Vols d'accessoires sur véhicules",28,Eure-et-Loir,569,1.314,35
2023,14,"Vols d'accessoires sur véhicules",84,Vaucluse,747,1.314,35
2023,14,"Vols d'accessoires sur véhicules",33,Gironde,2192,1.309,37
2023,14,"Vols d'accessoires sur véhicules",78,Yvelines,1886,1.282,38
2023,14,"Vols d'accessoires sur véhicules",48,Lozère,98,1.281,39
2023,14,"Vols d'accessoires sur véhicules",86,Vienne,562,1.281,39
2023,14,"Vols d'accessoires sur véhicules",01,Ain,841,1.253,41
2023,14,"Vols d'accessoires sur véhicules",10,Aube,376,1.209,42
2023,14,"Vols d'accessoires sur véhicules",79,Deux-Sèvres,453,1.207,43
2023,14,"Vols d'accessoires sur véhicules",58,Nièvre,244,1.206,44
2023,14,"Vols d'accessoires sur véhicules",18,Cher,360,1.202,45
2023,14,"Vols d'accessoires sur véhicules",27,Eure,704,1.171,46
2023,14,"Vols d'accessoires sur véhicules",45,Loiret,788,1.147,47
2023,14,"Vols d'accessoires sur véhicules",75,Paris,2412,1.141,48
2023,14,"Vols d'accessoires sur véhicules",92,Hauts-de-Seine,1804,1.095,49
2023,14,"Vols d'accessoires sur véhicules",62,Pas-de-Calais,1590,1.089,50
2023,14,"Vols d'accessoires sur véhicules",85,Vendée,762,1.079,51
2023,14,"Vols d'accessoires sur véhicules",54,Meurthe-et-Moselle,775,1.057,52
2023,14,"Vols d'accessoires sur véhicules",83,Var,1167,1.053,53
2023,14,"Vols d'accessoires sur véhicules",87,Haute-Vienne,384,1.031,54
2023,14,"Vols d'accessoires sur véhicules",57,Moselle,1060,1.009,55
2023,14,"Vols d'accessoires sur véhicules",29,Finistère,913,0.984,56
2023,14,"Vols d'accessoires sur véhicules",72,Sarthe,551,0.973,57
2023,14,"Vols d'accessoires sur véhicules",61,Orne,267,0.967,58
2023,14,"Vols d'accessoires sur véhicules",14,Calvados,669,0.949,59
2023,14,"Vols d'accessoires sur véhicules",82,Tarn-et-Garonne,244,0.921,60
2023,14,"Vols d'accessoires sur véhicules",63,Puy-de-Dôme,606,0.912,61
2023,14,"Vols d'accessoires sur véhicules",39,Jura,235,0.909,62
2023,14,"Vols d'accessoires sur véhicules",40,Landes,389,0.908,63
2023,14,"Vols d'accessoires sur véhicules",55,Meuse,160,0.885,64
2023,14,"Vols d'accessoires sur véhicules",06,Alpes-Maritimes,980,0.879,65
2023,14,"Vols d'accessoires sur véhicules",07,Ardèche,292,0.876,66
2023,14,"Vols d'accessoires sur véhicules",22,Côtes-d'Armor,527,0.865,67
2023,14,"Vols d'accessoires sur véhicules",16,Charente,303,0.862,68
2023,14,"Vols d'accessoires sur véhicules",2A,Corse-du-Sud,143,0.861,69
2023,14,"Vols d'accessoires sur véhicules",2B,Haute-Corse,149,0.804,70
2023,14,"Vols d'accessoires sur véhicules",08,Ardennes,211,0.790,71
2023,14,"Vols d'accessoires sur véhicules",32,Gers,150,0.779,72
2023,14,"Vols d'accessoires sur véhicules",25,Doubs,416,0.758,73
2023,14,"Vols d'accessoires sur véhicules",53,Mayenne,230,0.753,74
2023,14,"Vols d'accessoires sur véhicules",04,Alpes-de-Haute-Provence,123,0.736,75
2023,14,"Vols d'accessoires sur véhicules",88,Vosges,264,0.736,75
2023,14,"Vols d'accessoires sur véhicules",24,Dordogne,289,0.694,77
2023,14,"Vols d'accessoires sur véhicules",64,Pyrénées-Atlantiques,479,0.685,78
2023,14,"Vols d'accessoires sur véhicules",09,Ariège,105,0.676,79
2023,14,"Vols d'accessoires sur véhicules",81,Tarn,254,0.641,80
2023,14,"Vols d'accessoires sur véhicules",70,Haute-Saône,149,0.637,81
2023,14,"Vols d'accessoires sur véhicules",74,Haute-Savoie,530,0.624,82
2023,14,"Vols d'accessoires sur véhicules",12,Aveyron,174,0.622,83
2023,14,"Vols d'accessoires sur véhicules",65,Hautes-Pyrénées,142,0.614,84
2023,14,"Vols d'accessoires sur véhicules",46,Lot,104,0.592,85
2023,14,"Vols d'accessoires sur véhicules",67,Bas-Rhin,676,0.584,86
2023,14,"Vols d'accessoires sur véhicules",73,Savoie,254,0.570,87
2023,14,"Vols d'accessoires sur véhicules",50,Manche,274,0.552,88
2023,14,"Vols d'accessoires sur véhicules",23,Creuse,63,0.545,89
2023,14,"Vols d'accessoires sur véhicules",43,Haute-Loire,124,0.543,90
2023,14,"Vols d'accessoires sur véhicules",15,Cantal,78,0.540,91
2023,14,"Vols d'accessoires sur véhicules",03,Allier,179,0.535,92
2023,14,"Vols d'accessoires sur véhicules",05,Hautes-Alpes,74,0.522,93
2023,14,"Vols d'accessoires sur véhicules",19,Corrèze,120,0.500,94
2023,14,"Vols d'accessoires sur véhicules",68,Haut-Rhin,317,0.413,95
2023,14,"Vols d'accessoires sur véhicules",90,"Territoire de Belfort",46,0.328,96
2023,15,"Vols dans les véhicules",13,Bouches-du-Rhône,19188,9.270,1
2023,15,"Vols dans les véhicules",69,Rhône,16987,8.903,2
2023,15,"Vols dans les véhicules",75,Paris,16758,7.928,3
2023,15,"Vols dans les véhicules",33,Gironde,11512,6.873,4
2023,15,"Vols dans les véhicules",93,Seine-Saint-Denis,11268,6.700,5
2023,15,"Vols dans les véhicules",38,Isère,7869,6.093,6
2023,15,"Vols dans les véhicules",31,Haute-Garonne,8325,5.717,7
2023,15,"Vols dans les véhicules",44,Loire-Atlantique,7880,5.349,8
2023,15,"Vols dans les véhicules",59,Nord,13085,5.000,9
2023,15,"Vols dans les véhicules",76,Seine-Maritime,6180,4.904,10
2023,15,"Vols dans les véhicules",34,Hérault,5911,4.856,11
2023,15,"Vols dans les véhicules",95,Val-d'Oise,6032,4.746,12
2023,15,"Vols dans les véhicules",51,Marne,2596,4.602,13
2023,15,"Vols dans les véhicules",26,Drôme,2371,4.547,14
2023,15,"Vols dans les véhicules",86,Vienne,1969,4.488,15
2023,15,"Vols dans les véhicules",37,Indre-et-Loire,2693,4.369,16
2023,15,"Vols dans les véhicules",11,Aude,1622,4.294,17
2023,15,"Vols dans les véhicules",94,Val-de-Marne,5895,4.153,18
2023,15,"Vols dans les véhicules",84,Vaucluse,2343,4.120,19
2023,15,"Vols dans les véhicules",06,Alpes-Maritimes,4003,3.591,20
2023,15,"Vols dans les véhicules",83,Var,3961,3.574,21
2023,15,"Vols dans les véhicules",66,Pyrénées-Orientales,1755,3.560,22
2023,15,"Vols dans les véhicules",91,Essonne,4705,3.552,23
2023,15,"Vols dans les véhicules",77,Seine-et-Marne,4765,3.281,24
2023,15,"Vols dans les véhicules",16,Charente,1128,3.208,25
2023,15,"Vols dans les véhicules",92,Hauts-de-Seine,4951,3.005,26
2023,15,"Vols dans les véhicules",17,Charente-Maritime,1971,2.950,27
2023,15,"Vols dans les véhicules",54,Meurthe-et-Moselle,2145,2.927,28
2023,15,"Vols dans les véhicules",52,Haute-Marne,486,2.861,29
2023,15,"Vols dans les véhicules",35,Ille-et-Vilaine,3163,2.852,30
2023,15,"Vols dans les véhicules",60,Oise,2305,2.775,31
2023,15,"Vols dans les véhicules",63,Puy-de-Dôme,1819,2.738,32
2023,15,"Vols dans les véhicules",30,Gard,2085,2.729,33
2023,15,"Vols dans les véhicules",14,Calvados,1912,2.714,34
2023,15,"Vols dans les véhicules",72,Sarthe,1535,2.711,35
2023,15,"Vols dans les véhicules",42,Loire,2034,2.635,36
2023,15,"Vols dans les véhicules",67,Bas-Rhin,3036,2.624,37
2023,15,"Vols dans les véhicules",45,Loiret,1766,2.570,38
2023,15,"Vols dans les véhicules",21,Côte-d'Or,1365,2.539,39
2023,15,"Vols dans les véhicules",01,Ain,1695,2.525,40
2023,15,"Vols dans les véhicules",62,Pas-de-Calais,3686,2.524,41
2023,15,"Vols dans les véhicules",02,Aisne,1313,2.498,42
2023,15,"Vols dans les véhicules",74,Haute-Savoie,2105,2.478,43
2023,15,"Vols dans les véhicules",64,Pyrénées-Atlantiques,1712,2.448,44
2023,15,"Vols dans les véhicules",68,Haut-Rhin,1879,2.447,45
2023,15,"Vols dans les véhicules",80,Somme,1384,2.447,45
2023,15,"Vols dans les véhicules",41,Loir-et-Cher,803,2.441,47
2023,15,"Vols dans les véhicules",04,Alpes-de-Haute-Provence,397,2.375,48
2023,15,"Vols dans les véhicules",56,Morbihan,1815,2.339,49
2023,15,"Vols dans les véhicules",73,Savoie,1022,2.295,50
2023,15,"Vols dans les véhicules",47,Lot-et-Garonne,755,2.273,51
2023,15,"Vols dans les véhicules",40,Landes,965,2.252,52
2023,15,"Vols dans les véhicules",79,Deux-Sèvres,825,2.198,53
2023,15,"Vols dans les véhicules",36,Indre,461,2.126,54
2023,15,"Vols dans les véhicules",57,Moselle,2185,2.080,55
2023,15,"Vols dans les véhicules",49,Maine-et-Loire,1635,1.974,56
2023,15,"Vols dans les véhicules",10,Aube,610,1.961,57
2023,15,"Vols dans les véhicules",05,Hautes-Alpes,277,1.955,58
2023,15,"Vols dans les véhicules",89,Yonne,650,1.947,59
2023,15,"Vols dans les véhicules",85,Vendée,1361,1.927,60
2023,15,"Vols dans les véhicules",78,Yvelines,2808,1.909,61
2023,15,"Vols dans les véhicules",28,Eure-et-Loir,820,1.894,62
2023,15,"Vols dans les véhicules",03,Allier,628,1.876,63
2023,15,"Vols dans les véhicules",18,Cher,557,1.860,64
2023,15,"Vols dans les véhicules",87,Haute-Vienne,686,1.842,65
2023,15,"Vols dans les véhicules",65,Hautes-Pyrénées,425,1.836,66
2023,15,"Vols dans les véhicules",29,Finistère,1604,1.729,67
2023,15,"Vols dans les véhicules",55,Meuse,308,1.704,68
2023,15,"Vols dans les véhicules",39,Jura,435,1.683,69
2023,15,"Vols dans les véhicules",08,Ardennes,442,1.654,70
2023,15,"Vols dans les véhicules",70,Haute-Saône,387,1.654,70
2023,15,"Vols dans les véhicules",27,Eure,967,1.608,72
2023,15,"Vols dans les véhicules",88,Vosges,568,1.583,73
2023,15,"Vols dans les véhicules",53,Mayenne,482,1.578,74
2023,15,"Vols dans les véhicules",71,Saône-et-Loire,862,1.570,75
2023,15,"Vols dans les véhicules",25,Doubs,847,1.544,76
2023,15,"Vols dans les véhicules",07,Ardèche,512,1.536,77
2023,15,"Vols dans les véhicules",81,Tarn,600,1.515,78
2023,15,"Vols dans les véhicules",09,Ariège,235,1.513,79
2023,15,"Vols dans les véhicules",82,Tarn-et-Garonne,394,1.487,80
2023,15,"Vols dans les véhicules",43,Haute-Loire,311,1.363,81
2023,15,"Vols dans les véhicules",61,Orne,373,1.351,82
2023,15,"Vols dans les véhicules",50,Manche,665,1.339,83
2023,15,"Vols dans les véhicules",32,Gers,255,1.324,84
2023,15,"Vols dans les véhicules",22,Côtes-d'Armor,797,1.307,85
2023,15,"Vols dans les véhicules",58,Nièvre,261,1.290,86
2023,15,"Vols dans les véhicules",46,Lot,221,1.258,87
2023,15,"Vols dans les véhicules",24,Dordogne,483,1.160,88
2023,15,"Vols dans les véhicules",15,Cantal,157,1.087,89
2023,15,"Vols dans les véhicules",2A,Corse-du-Sud,176,1.060,90
2023,15,"Vols dans les véhicules",90,"Territoire de Belfort",142,1.014,91
2023,15,"Vols dans les véhicules",2B,Haute-Corse,179,0.966,92
2023,15,"Vols dans les véhicules",12,Aveyron,257,0.919,93
2023,15,"Vols dans les véhicules",19,Corrèze,199,0.829,94
2023,15,"Vols dans les véhicules",48,Lozère,57,0.745,95
2023,15,"Vols dans les véhicules",23,Creuse,70,0.606,96
2023,16,"Vols de véhicule",13,Bouches-du-Rhône,10799,5.217,1
2023,16,"Vols de véhicule",44,Loire-Atlantique,5104,3.465,2
2023,16,"Vols de véhicule",95,Val-d'Oise,4388,3.453,3
2023,16,"Vols de véhicule",69,Rhône,6323,3.314,4
2023,16,"Vols de véhicule",93,Seine-Saint-Denis,5547,3.298,5
2023,16,"Vols de véhicule",91,Essonne,3942,2.976,6
2023,16,"Vols de véhicule",94,Val-de-Marne,4198,2.957,7
2023,16,"Vols de véhicule",41,Loir-et-Cher,959,2.915,8
2023,16,"Vols de véhicule",26,Drôme,1506,2.888,9
2023,16,"Vols de véhicule",59,Nord,7245,2.769,10
2023,16,"Vols de véhicule",60,Oise,2282,2.747,11
2023,16,"Vols de véhicule",89,Yonne,876,2.624,12
2023,16,"Vols de véhicule",38,Isère,3366,2.607,13
2023,16,"Vols de véhicule",92,Hauts-de-Seine,4218,2.560,14
2023,16,"Vols de véhicule",75,Paris,5228,2.473,15
2023,16,"Vols de véhicule",51,Marne,1371,2.430,16
2023,16,"Vols de véhicule",77,Seine-et-Marne,3495,2.406,17
2023,16,"Vols de véhicule",34,Hérault,2907,2.388,18
2023,16,"Vols de véhicule",06,Alpes-Maritimes,2636,2.365,19
2023,16,"Vols de véhicule",66,Pyrénées-Orientales,1137,2.306,20
2023,16,"Vols de véhicule",83,Var,2551,2.302,21
2023,16,"Vols de véhicule",33,Gironde,3815,2.278,22
2023,16,"Vols de véhicule",17,Charente-Maritime,1512,2.263,23
2023,16,"Vols de véhicule",02,Aisne,1147,2.182,24
2023,16,"Vols de véhicule",84,Vaucluse,1240,2.180,25
2023,16,"Vols de véhicule",78,Yvelines,3184,2.165,26
2023,16,"Vols de véhicule",2A,Corse-du-Sud,346,2.084,27
2023,16,"Vols de véhicule",31,Haute-Garonne,3009,2.066,28
2023,16,"Vols de véhicule",30,Gard,1551,2.030,29
2023,16,"Vols de véhicule",42,Loire,1503,1.947,30
2023,16,"Vols de véhicule",11,Aude,702,1.858,31
2023,16,"Vols de véhicule",01,Ain,1196,1.782,32
2023,16,"Vols de véhicule",63,Puy-de-Dôme,1177,1.772,33
2023,16,"Vols de véhicule",28,Eure-et-Loir,764,1.765,34
2023,16,"Vols de véhicule",76,Seine-Maritime,2220,1.762,35
2023,16,"Vols de véhicule",74,Haute-Savoie,1492,1.756,36
2023,16,"Vols de véhicule",80,Somme,969,1.713,37
2023,16,"Vols de véhicule",58,Nièvre,337,1.666,38
2023,16,"Vols de véhicule",35,Ille-et-Vilaine,1824,1.644,39
2023,16,"Vols de véhicule",10,Aube,502,1.614,40
2023,16,"Vols de véhicule",36,Indre,350,1.614,40
2023,16,"Vols de véhicule",27,Eure,959,1.595,42
2023,16,"Vols de véhicule",49,Maine-et-Loire,1264,1.526,43
2023,16,"Vols de véhicule",37,Indre-et-Loire,939,1.524,44
2023,16,"Vols de véhicule",52,Haute-Marne,258,1.519,45
2023,16,"Vols de véhicule",07,Ardèche,492,1.476,46
2023,16,"Vols de véhicule",47,Lot-et-Garonne,487,1.466,47
2023,16,"Vols de véhicule",40,Landes,625,1.459,48
2023,16,"Vols de véhicule",08,Ardennes,389,1.456,49
2023,16,"Vols de véhicule",55,Meuse,262,1.450,50
2023,16,"Vols de véhicule",64,Pyrénées-Atlantiques,1007,1.440,51
2023,16,"Vols de véhicule",72,Sarthe,795,1.404,52
2023,16,"Vols de véhicule",62,Pas-de-Calais,1997,1.368,53
2023,16,"Vols de véhicule",45,Loiret,938,1.365,54
2023,16,"Vols de véhicule",79,Deux-Sèvres,506,1.348,55
2023,16,"Vols de véhicule",16,Charente,457,1.300,56
2023,16,"Vols de véhicule",85,Vendée,907,1.284,57
2023,16,"Vols de véhicule",18,Cher,383,1.279,58
2023,16,"Vols de véhicule",86,Vienne,557,1.270,59
2023,16,"Vols de véhicule",04,Alpes-de-Haute-Provence,212,1.268,60
2023,16,"Vols de véhicule",2B,Haute-Corse,232,1.252,61
2023,16,"Vols de véhicule",71,Saône-et-Loire,680,1.238,62
2023,16,"Vols de véhicule",29,Finistère,1133,1.221,63
2023,16,"Vols de véhicule",54,Meurthe-et-Moselle,876,1.195,64
2023,16,"Vols de véhicule",14,Calvados,838,1.189,65
2023,16,"Vols de véhicule",05,Hautes-Alpes,167,1.179,66
2023,16,"Vols de véhicule",56,Morbihan,892,1.149,67
2023,16,"Vols de véhicule",21,Côte-d'Or,606,1.127,68
2023,16,"Vols de véhicule",61,Orne,300,1.086,69
2023,16,"Vols de véhicule",82,Tarn-et-Garonne,283,1.068,70
2023,16,"Vols de véhicule",70,Haute-Saône,247,1.056,71
2023,16,"Vols de véhicule",39,Jura,268,1.037,72
2023,16,"Vols de véhicule",88,Vosges,370,1.032,73
2023,16,"Vols de véhicule",57,Moselle,1074,1.022,74
2023,16,"Vols de véhicule",32,Gers,196,1.017,75
2023,16,"Vols de véhicule",87,Haute-Vienne,371,0.996,76
2023,16,"Vols de véhicule",73,Savoie,428,0.961,77
2023,16,"Vols de véhicule",50,Manche,477,0.960,78
2023,16,"Vols de véhicule",24,Dordogne,387,0.930,79
2023,16,"Vols de véhicule",43,Haute-Loire,211,0.925,80
2023,16,"Vols de véhicule",25,Doubs,500,0.911,81
2023,16,"Vols de véhicule",09,Ariège,140,0.901,82
2023,16,"Vols de véhicule",65,Hautes-Pyrénées,202,0.873,83
2023,16,"Vols de véhicule",03,Allier,286,0.854,84
2023,16,"Vols de véhicule",46,Lot,144,0.820,85
2023,16,"Vols de véhicule",22,Côtes-d'Armor,446,0.732,86
2023,16,"Vols de véhicule",81,Tarn,290,0.732,86
2023,16,"Vols de véhicule",68,Haut-Rhin,538,0.701,88
2023,16,"Vols de véhicule",67,Bas-Rhin,768,0.664,89
2023,16,"Vols de véhicule",53,Mayenne,196,0.642,90
2023,16,"Vols de véhicule",23,Creuse,70,0.606,91
2023,16,"Vols de véhicule",12,Aveyron,160,0.572,92
2023,16,"Vols de véhicule",48,Lozère,43,0.562,93
2023,16,"Vols de véhicule",19,Corrèze,131,0.546,94
2023,16,"Vols de véhicule",90,"Territoire de Belfort",73,0.521,95
2023,16,"Vols de véhicule",15,Cantal,55,0.381,96
2023,17,"Vols sans violence contre des personnes",75,Paris,114001,53.934,1
2023,17,"Vols sans violence contre des personnes",69,Rhône,30870,16.179,2
2023,17,"Vols sans violence contre des personnes",93,Seine-Saint-Denis,25761,15.318,3
2023,17,"Vols sans violence contre des personnes",34,Hérault,17057,14.012,4
2023,17,"Vols sans violence contre des personnes",06,Alpes-Maritimes,14885,13.355,5
2023,17,"Vols sans violence contre des personnes",92,Hauts-de-Seine,21418,13.001,6
2023,17,"Vols sans violence contre des personnes",13,Bouches-du-Rhône,25512,12.326,7
2023,17,"Vols sans violence contre des personnes",94,Val-de-Marne,16994,11.972,8
2023,17,"Vols sans violence contre des personnes",31,Haute-Garonne,16537,11.356,9
2023,17,"Vols sans violence contre des personnes",33,Gironde,18166,10.846,10
2023,17,"Vols sans violence contre des personnes",95,Val-d'Oise,13016,10.242,11
2023,17,"Vols sans violence contre des personnes",66,Pyrénées-Orientales,4862,9.863,12
2023,17,"Vols sans violence contre des personnes",83,Var,10892,9.827,13
2023,17,"Vols sans violence contre des personnes",44,Loire-Atlantique,14202,9.641,14
2023,17,"Vols sans violence contre des personnes",74,Haute-Savoie,7888,9.285,15
2023,17,"Vols sans violence contre des personnes",73,Savoie,4111,9.232,16
2023,17,"Vols sans violence contre des personnes",67,Bas-Rhin,10195,8.812,17
2023,17,"Vols sans violence contre des personnes",35,Ille-et-Vilaine,9531,8.592,18
2023,17,"Vols sans violence contre des personnes",38,Isère,10910,8.448,19
2023,17,"Vols sans violence contre des personnes",59,Nord,21892,8.366,20
2023,17,"Vols sans violence contre des personnes",84,Vaucluse,4603,8.094,21
2023,17,"Vols sans violence contre des personnes",64,Pyrénées-Atlantiques,5628,8.046,22
2023,17,"Vols sans violence contre des personnes",91,Essonne,10227,7.721,23
2023,17,"Vols sans violence contre des personnes",90,"Territoire de Belfort",1062,7.581,24
2023,17,"Vols sans violence contre des personnes",30,Gard,5776,7.560,25
2023,17,"Vols sans violence contre des personnes",40,Landes,3231,7.542,26
2023,17,"Vols sans violence contre des personnes",26,Drôme,3921,7.520,27
2023,17,"Vols sans violence contre des personnes",11,Aude,2785,7.372,28
2023,17,"Vols sans violence contre des personnes",05,Hautes-Alpes,1033,7.291,29
2023,17,"Vols sans violence contre des personnes",51,Marne,4093,7.256,30
2023,17,"Vols sans violence contre des personnes",54,Meurthe-et-Moselle,5281,7.206,31
2023,17,"Vols sans violence contre des personnes",77,Seine-et-Marne,10443,7.190,32
2023,17,"Vols sans violence contre des personnes",17,Charente-Maritime,4790,7.169,33
2023,17,"Vols sans violence contre des personnes",42,Loire,5492,7.114,34
2023,17,"Vols sans violence contre des personnes",78,Yvelines,10438,7.097,35
2023,17,"Vols sans violence contre des personnes",76,Seine-Maritime,8928,7.085,36
2023,17,"Vols sans violence contre des personnes",80,Somme,3990,7.055,37
2023,17,"Vols sans violence contre des personnes",37,Indre-et-Loire,4329,7.024,38
2023,17,"Vols sans violence contre des personnes",10,Aube,2119,6.812,39
2023,17,"Vols sans violence contre des personnes",21,Côte-d'Or,3574,6.648,40
2023,17,"Vols sans violence contre des personnes",63,Puy-de-Dôme,4325,6.510,41
2023,17,"Vols sans violence contre des personnes",68,Haut-Rhin,4990,6.499,42
2023,17,"Vols sans violence contre des personnes",04,Alpes-de-Haute-Provence,1072,6.412,43
2023,17,"Vols sans violence contre des personnes",65,Hautes-Pyrénées,1470,6.351,44
2023,17,"Vols sans violence contre des personnes",72,Sarthe,3518,6.214,45
2023,17,"Vols sans violence contre des personnes",14,Calvados,4355,6.181,46
2023,17,"Vols sans violence contre des personnes",47,Lot-et-Garonne,2031,6.113,47
2023,17,"Vols sans violence contre des personnes",45,Loiret,4091,5.954,48
2023,17,"Vols sans violence contre des personnes",16,Charente,2010,5.717,49
2023,17,"Vols sans violence contre des personnes",09,Ariège,882,5.678,50
2023,17,"Vols sans violence contre des personnes",2A,Corse-du-Sud,918,5.529,51
2023,17,"Vols sans violence contre des personnes",86,Vienne,2345,5.345,52
2023,17,"Vols sans violence contre des personnes",57,Moselle,5612,5.341,53
2023,17,"Vols sans violence contre des personnes",56,Morbihan,4132,5.324,54
2023,17,"Vols sans violence contre des personnes",49,Maine-et-Loire,4383,5.293,55
2023,17,"Vols sans violence contre des personnes",29,Finistère,4889,5.269,56
2023,17,"Vols sans violence contre des personnes",87,Haute-Vienne,1934,5.193,57
2023,17,"Vols sans violence contre des personnes",41,Loir-et-Cher,1702,5.174,58
2023,17,"Vols sans violence contre des personnes",60,Oise,4292,5.167,59
2023,17,"Vols sans violence contre des personnes",25,Doubs,2831,5.160,60
2023,17,"Vols sans violence contre des personnes",08,Ardennes,1371,5.131,61
2023,17,"Vols sans violence contre des personnes",03,Allier,1669,4.986,62
2023,17,"Vols sans violence contre des personnes",85,Vendée,3519,4.982,63
2023,17,"Vols sans violence contre des personnes",36,Indre,1072,4.944,64
2023,17,"Vols sans violence contre des personnes",88,Vosges,1742,4.856,65
2023,17,"Vols sans violence contre des personnes",02,Aisne,2536,4.825,66
2023,17,"Vols sans violence contre des personnes",79,Deux-Sèvres,1807,4.813,67
2023,17,"Vols sans violence contre des personnes",58,Nièvre,970,4.795,68
2023,17,"Vols sans violence contre des personnes",62,Pas-de-Calais,6972,4.775,69
2023,17,"Vols sans violence contre des personnes",89,Yonne,1582,4.738,70
2023,17,"Vols sans violence contre des personnes",22,Côtes-d'Armor,2886,4.734,71
2023,17,"Vols sans violence contre des personnes",82,Tarn-et-Garonne,1240,4.681,72
2023,17,"Vols sans violence contre des personnes",61,Orne,1289,4.668,73
2023,17,"Vols sans violence contre des personnes",46,Lot,808,4.601,74
2023,17,"Vols sans violence contre des personnes",70,Haute-Saône,1074,4.591,75
2023,17,"Vols sans violence contre des personnes",19,Corrèze,1101,4.585,76
2023,17,"Vols sans violence contre des personnes",55,Meuse,825,4.564,77
2023,17,"Vols sans violence contre des personnes",07,Ardèche,1512,4.537,78
2023,17,"Vols sans violence contre des personnes",32,Gers,872,4.526,79
2023,17,"Vols sans violence contre des personnes",18,Cher,1354,4.521,80
2023,17,"Vols sans violence contre des personnes",2B,Haute-Corse,835,4.508,81
2023,17,"Vols sans violence contre des personnes",28,Eure-et-Loir,1941,4.483,82
2023,17,"Vols sans violence contre des personnes",39,Jura,1130,4.373,83
2023,17,"Vols sans violence contre des personnes",27,Eure,2623,4.362,84
2023,17,"Vols sans violence contre des personnes",01,Ain,2922,4.353,85
2023,17,"Vols sans violence contre des personnes",53,Mayenne,1320,4.322,86
2023,17,"Vols sans violence contre des personnes",24,Dordogne,1756,4.218,87
2023,17,"Vols sans violence contre des personnes",81,Tarn,1651,4.167,88
2023,17,"Vols sans violence contre des personnes",50,Manche,2029,4.084,89
2023,17,"Vols sans violence contre des personnes",71,Saône-et-Loire,2219,4.041,90
2023,17,"Vols sans violence contre des personnes",52,Haute-Marne,677,3.986,91
2023,17,"Vols sans violence contre des personnes",23,Creuse,441,3.817,92
2023,17,"Vols sans violence contre des personnes",12,Aveyron,1003,3.586,93
2023,17,"Vols sans violence contre des personnes",43,Haute-Loire,793,3.476,94
2023,17,"Vols sans violence contre des personnes",15,Cantal,494,3.421,95
2023,17,"Vols sans violence contre des personnes",48,Lozère,230,3.006,96
2023,18,"Vols violents sans arme",75,Paris,9809,4.641,1
2023,18,"Vols violents sans arme",93,Seine-Saint-Denis,4782,2.844,2
2023,18,"Vols violents sans arme",13,Bouches-du-Rhône,3409,1.647,3
2023,18,"Vols violents sans arme",69,Rhône,2823,1.480,4
2023,18,"Vols violents sans arme",95,Val-d'Oise,1486,1.169,5
2023,18,"Vols violents sans arme",94,Val-de-Marne,1621,1.142,6
2023,18,"Vols violents sans arme",34,Hérault,1295,1.064,7
2023,18,"Vols violents sans arme",92,Hauts-de-Seine,1708,1.037,8
2023,18,"Vols violents sans arme",06,Alpes-Maritimes,1101,0.988,9
2023,18,"Vols violents sans arme",59,Nord,2332,0.891,10
2023,18,"Vols violents sans arme",31,Haute-Garonne,1282,0.880,11
2023,18,"Vols violents sans arme",91,Essonne,1146,0.865,12
2023,18,"Vols violents sans arme",76,Seine-Maritime,1040,0.825,13
2023,18,"Vols violents sans arme",33,Gironde,1348,0.805,14
2023,18,"Vols violents sans arme",66,Pyrénées-Orientales,386,0.783,15
2023,18,"Vols violents sans arme",42,Loire,575,0.745,16
2023,18,"Vols violents sans arme",44,Loire-Atlantique,988,0.671,17
2023,18,"Vols violents sans arme",38,Isère,856,0.663,18
2023,18,"Vols violents sans arme",51,Marne,364,0.645,19
2023,18,"Vols violents sans arme",83,Var,692,0.624,20
2023,18,"Vols violents sans arme",77,Seine-et-Marne,870,0.599,21
2023,18,"Vols violents sans arme",35,Ille-et-Vilaine,646,0.582,22
2023,18,"Vols violents sans arme",37,Indre-et-Loire,348,0.565,23
2023,18,"Vols violents sans arme",78,Yvelines,811,0.551,24
2023,18,"Vols violents sans arme",80,Somme,308,0.545,25
2023,18,"Vols violents sans arme",30,Gard,405,0.530,26
2023,18,"Vols violents sans arme",84,Vaucluse,292,0.513,27
2023,18,"Vols violents sans arme",26,Drôme,238,0.456,28
2023,18,"Vols violents sans arme",16,Charente,160,0.455,29
2023,18,"Vols violents sans arme",72,Sarthe,255,0.450,30
2023,18,"Vols violents sans arme",60,Oise,371,0.447,31
2023,18,"Vols violents sans arme",10,Aube,137,0.440,32
2023,18,"Vols violents sans arme",11,Aude,163,0.431,33
2023,18,"Vols violents sans arme",62,Pas-de-Calais,599,0.410,34
2023,18,"Vols violents sans arme",21,Côte-d'Or,219,0.407,35
2023,18,"Vols violents sans arme",02,Aisne,211,0.401,36
2023,18,"Vols violents sans arme",45,Loiret,272,0.396,37
2023,18,"Vols violents sans arme",29,Finistère,360,0.388,38
2023,18,"Vols violents sans arme",63,Puy-de-Dôme,258,0.388,38
2023,18,"Vols violents sans arme",90,"Territoire de Belfort",54,0.385,40
2023,18,"Vols violents sans arme",54,Meurthe-et-Moselle,280,0.382,41
2023,18,"Vols violents sans arme",67,Bas-Rhin,437,0.378,42
2023,18,"Vols violents sans arme",87,Haute-Vienne,139,0.373,43
2023,18,"Vols violents sans arme",64,Pyrénées-Atlantiques,259,0.370,44
2023,18,"Vols violents sans arme",08,Ardennes,98,0.367,45
2023,18,"Vols violents sans arme",86,Vienne,156,0.356,46
2023,18,"Vols violents sans arme",25,Doubs,195,0.355,47
2023,18,"Vols violents sans arme",74,Haute-Savoie,284,0.334,48
2023,18,"Vols violents sans arme",68,Haut-Rhin,256,0.333,49
2023,18,"Vols violents sans arme",89,Yonne,105,0.314,50
2023,18,"Vols violents sans arme",47,Lot-et-Garonne,104,0.313,51
2023,18,"Vols violents sans arme",17,Charente-Maritime,208,0.311,52
2023,18,"Vols violents sans arme",41,Loir-et-Cher,100,0.304,53
2023,18,"Vols violents sans arme",73,Savoie,135,0.303,54
2023,18,"Vols violents sans arme",18,Cher,85,0.284,55
2023,18,"Vols violents sans arme",27,Eure,171,0.284,55
2023,18,"Vols violents sans arme",14,Calvados,199,0.282,57
2023,18,"Vols violents sans arme",57,Moselle,296,0.282,57
2023,18,"Vols violents sans arme",79,Deux-Sèvres,104,0.277,59
2023,18,"Vols violents sans arme",40,Landes,118,0.275,60
2023,18,"Vols violents sans arme",53,Mayenne,84,0.275,60
2023,18,"Vols violents sans arme",28,Eure-et-Loir,116,0.268,62
2023,18,"Vols violents sans arme",2A,Corse-du-Sud,44,0.265,63
2023,18,"Vols violents sans arme",61,Orne,73,0.264,64
2023,18,"Vols violents sans arme",36,Indre,56,0.258,65
2023,18,"Vols violents sans arme",05,Hautes-Alpes,36,0.254,66
2023,18,"Vols violents sans arme",03,Allier,83,0.248,67
2023,18,"Vols violents sans arme",81,Tarn,98,0.247,68
2023,18,"Vols violents sans arme",56,Morbihan,191,0.246,69
2023,18,"Vols violents sans arme",04,Alpes-de-Haute-Provence,41,0.245,70
2023,18,"Vols violents sans arme",49,Maine-et-Loire,191,0.231,71
2023,18,"Vols violents sans arme",22,Côtes-d'Armor,138,0.226,72
2023,18,"Vols violents sans arme",65,Hautes-Pyrénées,48,0.207,73
2023,18,"Vols violents sans arme",55,Meuse,37,0.205,74
2023,18,"Vols violents sans arme",71,Saône-et-Loire,111,0.202,75
2023,18,"Vols violents sans arme",82,Tarn-et-Garonne,52,0.196,76
2023,18,"Vols violents sans arme",39,Jura,50,0.193,77
2023,18,"Vols violents sans arme",32,Gers,36,0.187,78
2023,18,"Vols violents sans arme",07,Ardèche,62,0.186,79
2023,18,"Vols violents sans arme",88,Vosges,66,0.184,80
2023,18,"Vols violents sans arme",24,Dordogne,76,0.183,81
2023,18,"Vols violents sans arme",52,Haute-Marne,31,0.182,82
2023,18,"Vols violents sans arme",43,Haute-Loire,41,0.180,83
2023,18,"Vols violents sans arme",58,Nièvre,36,0.178,84
2023,18,"Vols violents sans arme",85,Vendée,125,0.177,85
2023,18,"Vols violents sans arme",01,Ain,111,0.165,86
2023,18,"Vols violents sans arme",19,Corrèze,38,0.158,87
2023,18,"Vols violents sans arme",50,Manche,78,0.157,88
2023,18,"Vols violents sans arme",46,Lot,27,0.154,89
2023,18,"Vols violents sans arme",2B,Haute-Corse,27,0.146,90
2023,18,"Vols violents sans arme",12,Aveyron,37,0.132,91
2023,18,"Vols violents sans arme",15,Cantal,17,0.118,92
2023,18,"Vols violents sans arme",09,Ariège,16,0.103,93
2023,18,"Vols violents sans arme",70,Haute-Saône,24,0.103,93
2023,18,"Vols violents sans arme",23,Creuse,10,0.087,95
2023,18,"Vols violents sans arme",48,Lozère,1,0.013,96
2024,1,"Cambriolages de logement",13,Bouches-du-Rhône,9986,9.362,1
2024,1,"Cambriolages de logement",38,Isère,6116,9.087,2
2024,1,"Cambriolages de logement",33,Gironde,7912,8.662,3
2024,1,"Cambriolages de logement",69,Rhône,8302,8.612,4
2024,1,"Cambriolages de logement",01,Ain,2811,8.524,5
2024,1,"Cambriolages de logement",31,Haute-Garonne,6289,8.172,6
2024,1,"Cambriolages de logement",84,Vaucluse,2530,8.046,7
2024,1,"Cambriolages de logement",18,Cher,1431,7.982,8
2024,1,"Cambriolages de logement",93,Seine-Saint-Denis,5494,7.790,9
2024,1,"Cambriolages de logement",37,Indre-et-Loire,2505,7.519,10
2024,1,"Cambriolages de logement",42,Loire,3039,7.495,11
2024,1,"Cambriolages de logement",32,Gers,823,7.296,12
2024,1,"Cambriolages de logement",63,Puy-de-Dôme,2842,7.142,13
2024,1,"Cambriolages de logement",59,Nord,8721,6.968,14
2024,1,"Cambriolages de logement",82,Tarn-et-Garonne,943,6.939,15
2024,1,"Cambriolages de logement",41,Loir-et-Cher,1292,6.931,16
2024,1,"Cambriolages de logement",91,Essonne,4021,6.842,17
2024,1,"Cambriolages de logement",44,Loire-Atlantique,5385,6.841,18
2024,1,"Cambriolages de logement",30,Gard,2991,6.781,19
2024,1,"Cambriolages de logement",72,Sarthe,1987,6.703,20
2024,1,"Cambriolages de logement",34,Hérault,5038,6.621,21
2024,1,"Cambriolages de logement",75,Paris,9235,6.612,22
2024,1,"Cambriolages de logement",86,Vienne,1619,6.602,23
2024,1,"Cambriolages de logement",10,Aube,1101,6.567,24
2024,1,"Cambriolages de logement",94,Val-de-Marne,4297,6.489,25
2024,1,"Cambriolages de logement",95,Val-d'Oise,3407,6.429,26
2024,1,"Cambriolages de logement",78,Yvelines,4249,6.425,27
2024,1,"Cambriolages de logement",77,Seine-et-Marne,3946,6.152,28
2024,1,"Cambriolages de logement",02,Aisne,1645,6.129,29
2024,1,"Cambriolages de logement",58,Nièvre,858,6.069,30
2024,1,"Cambriolages de logement",26,Drôme,1705,6.037,31
2024,1,"Cambriolages de logement",08,Ardennes,868,6.029,32
2024,1,"Cambriolages de logement",11,Aude,1613,5.997,33
2024,1,"Cambriolages de logement",61,Orne,986,5.972,34
2024,1,"Cambriolages de logement",51,Marne,1778,5.909,35
2024,1,"Cambriolages de logement",45,Loiret,2083,5.892,36
2024,1,"Cambriolages de logement",92,Hauts-de-Seine,4854,5.888,37
2024,1,"Cambriolages de logement",36,Indre,815,5.861,38
2024,1,"Cambriolages de logement",89,Yonne,1139,5.735,39
2024,1,"Cambriolages de logement",47,Lot-et-Garonne,1083,5.724,40
2024,1,"Cambriolages de logement",16,Charente,1145,5.703,41
2024,1,"Cambriolages de logement",35,Ille-et-Vilaine,3256,5.659,42
2024,1,"Cambriolages de logement",28,Eure-et-Loir,1243,5.658,43
2024,1,"Cambriolages de logement",27,Eure,1695,5.633,44
2024,1,"Cambriolages de logement",17,Charente-Maritime,2533,5.615,45
2024,1,"Cambriolages de logement",74,Haute-Savoie,3026,5.596,46
2024,1,"Cambriolages de logement",83,Var,4110,5.527,47
2024,1,"Cambriolages de logement",55,Meuse,549,5.480,48
2024,1,"Cambriolages de logement",79,Deux-Sèvres,1077,5.455,49
2024,1,"Cambriolages de logement",81,Tarn,1185,5.435,50
2024,1,"Cambriolages de logement",66,Pyrénées-Orientales,1940,5.354,51
2024,1,"Cambriolages de logement",57,Moselle,2733,5.142,52
2024,1,"Cambriolages de logement",53,Mayenne,821,5.140,53
2024,1,"Cambriolages de logement",60,Oise,1964,5.140,53
2024,1,"Cambriolages de logement",62,Pas-de-Calais,3686,5.064,55
2024,1,"Cambriolages de logement",54,Meurthe-et-Moselle,1925,5.005,56
2024,1,"Cambriolages de logement",03,Allier,1038,4.951,57
2024,1,"Cambriolages de logement",76,Seine-Maritime,3243,4.930,58
2024,1,"Cambriolages de logement",71,Saône-et-Loire,1519,4.837,59
2024,1,"Cambriolages de logement",49,Maine-et-Loire,1950,4.797,60
2024,1,"Cambriolages de logement",56,Morbihan,2304,4.783,61
2024,1,"Cambriolages de logement",87,Haute-Vienne,1063,4.771,62
2024,1,"Cambriolages de logement",40,Landes,1249,4.623,63
2024,1,"Cambriolages de logement",46,Lot,555,4.594,64
2024,1,"Cambriolages de logement",85,Vendée,1935,4.386,65
2024,1,"Cambriolages de logement",68,Haut-Rhin,1688,4.334,66
2024,1,"Cambriolages de logement",24,Dordogne,1142,4.324,67
2024,1,"Cambriolages de logement",21,Côte-d'Or,1279,4.302,68
2024,1,"Cambriolages de logement",52,Haute-Marne,433,4.299,69
2024,1,"Cambriolages de logement",04,Alpes-de-Haute-Provence,557,4.234,70
2024,1,"Cambriolages de logement",64,Pyrénées-Atlantiques,1729,4.100,71
2024,1,"Cambriolages de logement",06,Alpes-Maritimes,3202,4.059,72
2024,1,"Cambriolages de logement",67,Bas-Rhin,2338,4.020,73
2024,1,"Cambriolages de logement",29,Finistère,2229,4.007,74
2024,1,"Cambriolages de logement",19,Corrèze,625,3.997,75
2024,1,"Cambriolages de logement",80,Somme,1192,3.881,76
2024,1,"Cambriolages de logement",73,Savoie,1324,3.689,77
2024,1,"Cambriolages de logement",88,Vosges,787,3.653,78
2024,1,"Cambriolages de logement",14,Calvados,1564,3.637,79
2024,1,"Cambriolages de logement",09,Ariège,403,3.619,80
2024,1,"Cambriolages de logement",07,Ardèche,732,3.486,81
2024,1,"Cambriolages de logement",22,Côtes-d'Armor,1267,3.365,82
2024,1,"Cambriolages de logement",65,Hautes-Pyrénées,529,3.194,83
2024,1,"Cambriolages de logement",23,Creuse,284,3.190,84
2024,1,"Cambriolages de logement",39,Jura,478,3.148,85
2024,1,"Cambriolages de logement",12,Aveyron,578,3.125,86
2024,1,"Cambriolages de logement",50,Manche,939,3.105,87
2024,1,"Cambriolages de logement",70,Haute-Saône,401,3.098,88
2024,1,"Cambriolages de logement",25,Doubs,885,3.071,89
2024,1,"Cambriolages de logement",43,Haute-Loire,437,3.009,90
2024,1,"Cambriolages de logement",90,"Territoire de Belfort",192,2.608,91
2024,1,"Cambriolages de logement",05,Hautes-Alpes,336,2.402,92
2024,1,"Cambriolages de logement",15,Cantal,199,1.939,93
2024,1,"Cambriolages de logement",48,Lozère,77,1.242,94
2024,1,"Cambriolages de logement",2A,Corse-du-Sud,122,0.976,95
2024,1,"Cambriolages de logement",2B,Haute-Corse,119,0.870,96
2024,2,"Destructions et dégradations volontaires",66,Pyrénées-Orientales,5762,11.688,1
2024,2,"Destructions et dégradations volontaires",13,Bouches-du-Rhône,21162,10.224,2
2024,2,"Destructions et dégradations volontaires",11,Aude,3767,9.972,3
2024,2,"Destructions et dégradations volontaires",34,Hérault,11909,9.783,4
2024,2,"Destructions et dégradations volontaires",80,Somme,5435,9.610,5
2024,2,"Destructions et dégradations volontaires",93,Seine-Saint-Denis,16015,9.523,6
2024,2,"Destructions et dégradations volontaires",06,Alpes-Maritimes,10530,9.448,7
2024,2,"Destructions et dégradations volontaires",02,Aisne,4854,9.236,8
2024,2,"Destructions et dégradations volontaires",59,Nord,24133,9.222,9
2024,2,"Destructions et dégradations volontaires",83,Var,10132,9.141,10
2024,2,"Destructions et dégradations volontaires",51,Marne,5138,9.108,11
2024,2,"Destructions et dégradations volontaires",62,Pas-de-Calais,13096,8.969,12
2024,2,"Destructions et dégradations volontaires",09,Ariège,1378,8.871,13
2024,2,"Destructions et dégradations volontaires",33,Gironde,14733,8.796,14
2024,2,"Destructions et dégradations volontaires",84,Vaucluse,4954,8.711,15
2024,2,"Destructions et dégradations volontaires",42,Loire,6714,8.696,16
2024,2,"Destructions et dégradations volontaires",04,Alpes-de-Haute-Provence,1418,8.482,17
2024,2,"Destructions et dégradations volontaires",75,Paris,17858,8.449,18
2024,2,"Destructions et dégradations volontaires",08,Ardennes,2255,8.439,19
2024,2,"Destructions et dégradations volontaires",2B,Haute-Corse,1560,8.422,20
2024,2,"Destructions et dégradations volontaires",38,Isère,10758,8.331,21
2024,2,"Destructions et dégradations volontaires",26,Drôme,4341,8.325,22
2024,2,"Destructions et dégradations volontaires",2A,Corse-du-Sud,1370,8.251,23
2024,2,"Destructions et dégradations volontaires",69,Rhône,15684,8.220,24
2024,2,"Destructions et dégradations volontaires",17,Charente-Maritime,5490,8.217,25
2024,2,"Destructions et dégradations volontaires",31,Haute-Garonne,11873,8.153,26
2024,2,"Destructions et dégradations volontaires",95,Val-d'Oise,10348,8.143,27
2024,2,"Destructions et dégradations volontaires",30,Gard,6217,8.137,28
2024,2,"Destructions et dégradations volontaires",91,Essonne,10743,8.111,29
2024,2,"Destructions et dégradations volontaires",16,Charente,2829,8.046,30
2024,2,"Destructions et dégradations volontaires",05,Hautes-Alpes,1126,7.948,31
2024,2,"Destructions et dégradations volontaires",92,Hauts-de-Seine,13076,7.937,32
2024,2,"Destructions et dégradations volontaires",63,Puy-de-Dôme,5270,7.932,33
2024,2,"Destructions et dégradations volontaires",58,Nièvre,1604,7.929,34
2024,2,"Destructions et dégradations volontaires",54,Meurthe-et-Moselle,5778,7.884,35
2024,2,"Destructions et dégradations volontaires",76,Seine-Maritime,9830,7.800,36
2024,2,"Destructions et dégradations volontaires",36,Indre,1689,7.790,37
2024,2,"Destructions et dégradations volontaires",61,Orne,2104,7.619,38
2024,2,"Destructions et dégradations volontaires",18,Cher,2263,7.556,39
2024,2,"Destructions et dégradations volontaires",73,Savoie,3353,7.530,40
2024,2,"Destructions et dégradations volontaires",03,Allier,2518,7.523,41
2024,2,"Destructions et dégradations volontaires",55,Meuse,1357,7.508,42
2024,2,"Destructions et dégradations volontaires",21,Côte-d'Or,4035,7.506,43
2024,2,"Destructions et dégradations volontaires",47,Lot-et-Garonne,2477,7.456,44
2024,2,"Destructions et dégradations volontaires",87,Haute-Vienne,2762,7.416,45
2024,2,"Destructions et dégradations volontaires",29,Finistère,6874,7.408,46
2024,2,"Destructions et dégradations volontaires",94,Val-de-Marne,10462,7.370,47
2024,2,"Destructions et dégradations volontaires",90,"Territoire de Belfort",1029,7.346,48
2024,2,"Destructions et dégradations volontaires",44,Loire-Atlantique,10771,7.312,49
2024,2,"Destructions et dégradations volontaires",89,Yonne,2441,7.311,50
2024,2,"Destructions et dégradations volontaires",88,Vosges,2598,7.243,51
2024,2,"Destructions et dégradations volontaires",74,Haute-Savoie,6112,7.194,52
2024,2,"Destructions et dégradations volontaires",52,Haute-Marne,1206,7.100,53
2024,2,"Destructions et dégradations volontaires",22,Côtes-d'Armor,4317,7.082,54
2024,2,"Destructions et dégradations volontaires",57,Moselle,7384,7.028,55
2024,2,"Destructions et dégradations volontaires",10,Aube,2174,6.989,56
2024,2,"Destructions et dégradations volontaires",70,Haute-Saône,1634,6.985,57
2024,2,"Destructions et dégradations volontaires",77,Seine-et-Marne,10129,6.974,58
2024,2,"Destructions et dégradations volontaires",65,Hautes-Pyrénées,1612,6.965,59
2024,2,"Destructions et dégradations volontaires",14,Calvados,4882,6.929,60
2024,2,"Destructions et dégradations volontaires",07,Ardèche,2307,6.923,61
2024,2,"Destructions et dégradations volontaires",72,Sarthe,3897,6.884,62
2024,2,"Destructions et dégradations volontaires",49,Maine-et-Loire,5693,6.874,63
2024,2,"Destructions et dégradations volontaires",40,Landes,2938,6.858,64
2024,2,"Destructions et dégradations volontaires",67,Bas-Rhin,7826,6.764,65
2024,2,"Destructions et dégradations volontaires",81,Tarn,2679,6.762,66
2024,2,"Destructions et dégradations volontaires",35,Ille-et-Vilaine,7496,6.758,67
2024,2,"Destructions et dégradations volontaires",41,Loir-et-Cher,2211,6.721,68
2024,2,"Destructions et dégradations volontaires",64,Pyrénées-Atlantiques,4698,6.716,69
2024,2,"Destructions et dégradations volontaires",28,Eure-et-Loir,2902,6.703,70
2024,2,"Destructions et dégradations volontaires",60,Oise,5556,6.688,71
2024,2,"Destructions et dégradations volontaires",85,Vendée,4698,6.651,72
2024,2,"Destructions et dégradations volontaires",37,Indre-et-Loire,4086,6.630,73
2024,2,"Destructions et dégradations volontaires",78,Yvelines,9742,6.624,74
2024,2,"Destructions et dégradations volontaires",56,Morbihan,5066,6.527,75
2024,2,"Destructions et dégradations volontaires",25,Doubs,3548,6.467,76
2024,2,"Destructions et dégradations volontaires",39,Jura,1670,6.463,77
2024,2,"Destructions et dégradations volontaires",27,Eure,3829,6.368,78
2024,2,"Destructions et dégradations volontaires",68,Haut-Rhin,4865,6.336,79
2024,2,"Destructions et dégradations volontaires",01,Ain,4228,6.298,80
2024,2,"Destructions et dégradations volontaires",50,Manche,3129,6.298,80
2024,2,"Destructions et dégradations volontaires",86,Vienne,2756,6.282,82
2024,2,"Destructions et dégradations volontaires",24,Dordogne,2539,6.099,83
2024,2,"Destructions et dégradations volontaires",82,Tarn-et-Garonne,1600,6.039,84
2024,2,"Destructions et dégradations volontaires",23,Creuse,689,5.964,85
2024,2,"Destructions et dégradations volontaires",71,Saône-et-Loire,3268,5.951,86
2024,2,"Destructions et dégradations volontaires",79,Deux-Sèvres,2218,5.908,87
2024,2,"Destructions et dégradations volontaires",45,Loiret,4040,5.880,88
2024,2,"Destructions et dégradations volontaires",46,Lot,1030,5.865,89
2024,2,"Destructions et dégradations volontaires",19,Corrèze,1382,5.755,90
2024,2,"Destructions et dégradations volontaires",32,Gers,1064,5.523,91
2024,2,"Destructions et dégradations volontaires",53,Mayenne,1669,5.464,92
2024,2,"Destructions et dégradations volontaires",15,Cantal,785,5.436,93
2024,2,"Destructions et dégradations volontaires",43,Haute-Loire,1237,5.422,94
2024,2,"Destructions et dégradations volontaires",12,Aveyron,1466,5.241,95
2024,2,"Destructions et dégradations volontaires",48,Lozère,386,5.046,96
2024,3,"Escroqueries et fraudes aux moyens de paiement",75,Paris,24278,11.486,1
2024,3,"Escroqueries et fraudes aux moyens de paiement",92,Hauts-de-Seine,13501,8.195,2
2024,3,"Escroqueries et fraudes aux moyens de paiement",69,Rhône,15140,7.935,3
2024,3,"Escroqueries et fraudes aux moyens de paiement",66,Pyrénées-Orientales,3649,7.402,4
2024,3,"Escroqueries et fraudes aux moyens de paiement",13,Bouches-du-Rhône,15053,7.273,5
2024,3,"Escroqueries et fraudes aux moyens de paiement",31,Haute-Garonne,10415,7.152,6
2024,3,"Escroqueries et fraudes aux moyens de paiement",06,Alpes-Maritimes,7944,7.127,7
2024,3,"Escroqueries et fraudes aux moyens de paiement",34,Hérault,8662,7.116,8
2024,3,"Escroqueries et fraudes aux moyens de paiement",83,Var,7871,7.101,9
2024,3,"Escroqueries et fraudes aux moyens de paiement",94,Val-de-Marne,9842,6.933,10
2024,3,"Escroqueries et fraudes aux moyens de paiement",33,Gironde,11384,6.796,11
2024,3,"Escroqueries et fraudes aux moyens de paiement",37,Indre-et-Loire,4182,6.785,12
2024,3,"Escroqueries et fraudes aux moyens de paiement",78,Yvelines,9782,6.651,13
2024,3,"Escroqueries et fraudes aux moyens de paiement",38,Isère,8511,6.591,14
2024,3,"Escroqueries et fraudes aux moyens de paiement",04,Alpes-de-Haute-Provence,1077,6.442,15
2024,3,"Escroqueries et fraudes aux moyens de paiement",16,Charente,2260,6.428,16
2024,3,"Escroqueries et fraudes aux moyens de paiement",05,Hautes-Alpes,903,6.374,17
2024,3,"Escroqueries et fraudes aux moyens de paiement",40,Landes,2703,6.309,18
2024,3,"Escroqueries et fraudes aux moyens de paiement",74,Haute-Savoie,5356,6.304,19
2024,3,"Escroqueries et fraudes aux moyens de paiement",84,Vaucluse,3583,6.300,20
2024,3,"Escroqueries et fraudes aux moyens de paiement",02,Aisne,3305,6.289,21
2024,3,"Escroqueries et fraudes aux moyens de paiement",91,Essonne,8282,6.253,22
2024,3,"Escroqueries et fraudes aux moyens de paiement",95,Val-d'Oise,7929,6.239,23
2024,3,"Escroqueries et fraudes aux moyens de paiement",30,Gard,4741,6.205,24
2024,3,"Escroqueries et fraudes aux moyens de paiement",03,Allier,2062,6.160,25
2024,3,"Escroqueries et fraudes aux moyens de paiement",45,Loiret,4229,6.155,26
2024,3,"Escroqueries et fraudes aux moyens de paiement",77,Seine-et-Marne,8772,6.040,27
2024,3,"Escroqueries et fraudes aux moyens de paiement",47,Lot-et-Garonne,1992,5.996,28
2024,3,"Escroqueries et fraudes aux moyens de paiement",10,Aube,1865,5.995,29
2024,3,"Escroqueries et fraudes aux moyens de paiement",01,Ain,4012,5.977,30
2024,3,"Escroqueries et fraudes aux moyens de paiement",93,Seine-Saint-Denis,9956,5.920,31
2024,3,"Escroqueries et fraudes aux moyens de paiement",51,Marne,3311,5.869,32
2024,3,"Escroqueries et fraudes aux moyens de paiement",64,Pyrénées-Atlantiques,4101,5.863,33
2024,3,"Escroqueries et fraudes aux moyens de paiement",44,Loire-Atlantique,8626,5.855,34
2024,3,"Escroqueries et fraudes aux moyens de paiement",73,Savoie,2606,5.852,35
2024,3,"Escroqueries et fraudes aux moyens de paiement",60,Oise,4852,5.841,36
2024,3,"Escroqueries et fraudes aux moyens de paiement",27,Eure,3510,5.837,37
2024,3,"Escroqueries et fraudes aux moyens de paiement",76,Seine-Maritime,7356,5.837,37
2024,3,"Escroqueries et fraudes aux moyens de paiement",46,Lot,1022,5.819,39
2024,3,"Escroqueries et fraudes aux moyens de paiement",56,Morbihan,4508,5.809,40
2024,3,"Escroqueries et fraudes aux moyens de paiement",26,Drôme,3005,5.763,41
2024,3,"Escroqueries et fraudes aux moyens de paiement",58,Nièvre,1160,5.734,42
2024,3,"Escroqueries et fraudes aux moyens de paiement",17,Charente-Maritime,3823,5.722,43
2024,3,"Escroqueries et fraudes aux moyens de paiement",42,Loire,4401,5.700,44
2024,3,"Escroqueries et fraudes aux moyens de paiement",32,Gers,1095,5.684,45
2024,3,"Escroqueries et fraudes aux moyens de paiement",65,Hautes-Pyrénées,1314,5.677,46
2024,3,"Escroqueries et fraudes aux moyens de paiement",72,Sarthe,3208,5.667,47
2024,3,"Escroqueries et fraudes aux moyens de paiement",82,Tarn-et-Garonne,1494,5.639,48
2024,3,"Escroqueries et fraudes aux moyens de paiement",35,Ille-et-Vilaine,6235,5.621,49
2024,3,"Escroqueries et fraudes aux moyens de paiement",21,Côte-d'Or,3017,5.612,50
2024,3,"Escroqueries et fraudes aux moyens de paiement",63,Puy-de-Dôme,3721,5.601,51
2024,3,"Escroqueries et fraudes aux moyens de paiement",43,Haute-Loire,1277,5.597,52
2024,3,"Escroqueries et fraudes aux moyens de paiement",70,Haute-Saône,1306,5.583,53
2024,3,"Escroqueries et fraudes aux moyens de paiement",11,Aude,2101,5.562,54
2024,3,"Escroqueries et fraudes aux moyens de paiement",89,Yonne,1850,5.541,55
2024,3,"Escroqueries et fraudes aux moyens de paiement",59,Nord,14373,5.492,56
2024,3,"Escroqueries et fraudes aux moyens de paiement",18,Cher,1643,5.486,57
2024,3,"Escroqueries et fraudes aux moyens de paiement",36,Indre,1189,5.484,58
2024,3,"Escroqueries et fraudes aux moyens de paiement",14,Calvados,3856,5.473,59
2024,3,"Escroqueries et fraudes aux moyens de paiement",87,Haute-Vienne,2037,5.469,60
2024,3,"Escroqueries et fraudes aux moyens de paiement",19,Corrèze,1313,5.468,61
2024,3,"Escroqueries et fraudes aux moyens de paiement",81,Tarn,2151,5.430,62
2024,3,"Escroqueries et fraudes aux moyens de paiement",86,Vienne,2368,5.398,63
2024,3,"Escroqueries et fraudes aux moyens de paiement",80,Somme,3047,5.388,64
2024,3,"Escroqueries et fraudes aux moyens de paiement",29,Finistère,4995,5.383,65
2024,3,"Escroqueries et fraudes aux moyens de paiement",67,Bas-Rhin,6185,5.346,66
2024,3,"Escroqueries et fraudes aux moyens de paiement",54,Meurthe-et-Moselle,3915,5.342,67
2024,3,"Escroqueries et fraudes aux moyens de paiement",39,Jura,1371,5.306,68
2024,3,"Escroqueries et fraudes aux moyens de paiement",09,Ariège,823,5.298,69
2024,3,"Escroqueries et fraudes aux moyens de paiement",24,Dordogne,2196,5.275,70
2024,3,"Escroqueries et fraudes aux moyens de paiement",25,Doubs,2858,5.209,71
2024,3,"Escroqueries et fraudes aux moyens de paiement",49,Maine-et-Loire,4306,5.200,72
2024,3,"Escroqueries et fraudes aux moyens de paiement",53,Mayenne,1582,5.179,73
2024,3,"Escroqueries et fraudes aux moyens de paiement",07,Ardèche,1705,5.117,74
2024,3,"Escroqueries et fraudes aux moyens de paiement",22,Côtes-d'Armor,3117,5.113,75
2024,3,"Escroqueries et fraudes aux moyens de paiement",85,Vendée,3610,5.111,76
2024,3,"Escroqueries et fraudes aux moyens de paiement",90,"Territoire de Belfort",715,5.104,77
2024,3,"Escroqueries et fraudes aux moyens de paiement",2B,Haute-Corse,936,5.053,78
2024,3,"Escroqueries et fraudes aux moyens de paiement",12,Aveyron,1405,5.023,79
2024,3,"Escroqueries et fraudes aux moyens de paiement",41,Loir-et-Cher,1633,4.964,80
2024,3,"Escroqueries et fraudes aux moyens de paiement",71,Saône-et-Loire,2711,4.937,81
2024,3,"Escroqueries et fraudes aux moyens de paiement",15,Cantal,704,4.875,82
2024,3,"Escroqueries et fraudes aux moyens de paiement",61,Orne,1342,4.860,83
2024,3,"Escroqueries et fraudes aux moyens de paiement",62,Pas-de-Calais,7082,4.850,84
2024,3,"Escroqueries et fraudes aux moyens de paiement",88,Vosges,1711,4.770,85
2024,3,"Escroqueries et fraudes aux moyens de paiement",23,Creuse,551,4.769,86
2024,3,"Escroqueries et fraudes aux moyens de paiement",50,Manche,2367,4.764,87
2024,3,"Escroqueries et fraudes aux moyens de paiement",28,Eure-et-Loir,2060,4.758,88
2024,3,"Escroqueries et fraudes aux moyens de paiement",68,Haut-Rhin,3647,4.750,89
2024,3,"Escroqueries et fraudes aux moyens de paiement",55,Meuse,834,4.614,90
2024,3,"Escroqueries et fraudes aux moyens de paiement",57,Moselle,4712,4.485,91
2024,3,"Escroqueries et fraudes aux moyens de paiement",08,Ardennes,1194,4.468,92
2024,3,"Escroqueries et fraudes aux moyens de paiement",52,Haute-Marne,751,4.421,93
2024,3,"Escroqueries et fraudes aux moyens de paiement",2A,Corse-du-Sud,721,4.342,94
2024,3,"Escroqueries et fraudes aux moyens de paiement",79,Deux-Sèvres,1536,4.091,95
2024,3,"Escroqueries et fraudes aux moyens de paiement",48,Lozère,310,4.052,96
2024,4,Homicides,2B,Haute-Corse,13,0.070,1
2024,4,Homicides,74,Haute-Savoie,30,0.035,2
2024,4,Homicides,13,Bouches-du-Rhône,63,0.030,3
2024,4,Homicides,2A,Corse-du-Sud,5,0.030,3
2024,4,Homicides,52,Haute-Marne,5,0.029,5
2024,4,Homicides,36,Indre,6,0.028,6
2024,4,Homicides,09,Ariège,4,0.026,7
2024,4,Homicides,93,Seine-Saint-Denis,42,0.025,8
2024,4,Homicides,83,Var,26,0.023,9
2024,4,Homicides,25,Doubs,12,0.022,10
2024,4,Homicides,06,Alpes-Maritimes,22,0.020,11
2024,4,Homicides,11,Aude,7,0.019,12
2024,4,Homicides,26,Drôme,10,0.019,12
2024,4,Homicides,24,Dordogne,7,0.017,14
2024,4,Homicides,46,Lot,3,0.017,14
2024,4,Homicides,65,Hautes-Pyrénées,4,0.017,14
2024,4,Homicides,88,Vosges,6,0.017,14
2024,4,Homicides,91,Essonne,23,0.017,14
2024,4,Homicides,72,Sarthe,9,0.016,19
2024,4,Homicides,85,Vendée,11,0.016,19
2024,4,Homicides,86,Vienne,7,0.016,19
2024,4,Homicides,02,Aisne,8,0.015,22
2024,4,Homicides,03,Allier,5,0.015,22
2024,4,Homicides,34,Hérault,18,0.015,22
2024,4,Homicides,38,Isère,20,0.015,22
2024,4,Homicides,47,Lot-et-Garonne,5,0.015,22
2024,4,Homicides,75,Paris,32,0.015,22
2024,4,Homicides,82,Tarn-et-Garonne,4,0.015,22
2024,4,Homicides,16,Charente,5,0.014,29
2024,4,Homicides,84,Vaucluse,8,0.014,29
2024,4,Homicides,14,Calvados,9,0.013,31
2024,4,Homicides,27,Eure,8,0.013,31
2024,4,Homicides,48,Lozère,1,0.013,31
2024,4,Homicides,64,Pyrénées-Atlantiques,9,0.013,31
2024,4,Homicides,69,Rhône,25,0.013,31
2024,4,Homicides,81,Tarn,5,0.013,31
2024,4,Homicides,95,Val-d'Oise,16,0.013,31
2024,4,Homicides,39,Jura,3,0.012,38
2024,4,Homicides,50,Manche,6,0.012,38
2024,4,Homicides,51,Marne,7,0.012,38
2024,4,Homicides,59,Nord,31,0.012,38
2024,4,Homicides,66,Pyrénées-Orientales,6,0.012,38
2024,4,Homicides,77,Seine-et-Marne,17,0.012,38
2024,4,Homicides,08,Ardennes,3,0.011,44
2024,4,Homicides,49,Maine-et-Loire,9,0.011,44
2024,4,Homicides,55,Meuse,2,0.011,44
2024,4,Homicides,76,Seine-Maritime,14,0.011,44
2024,4,Homicides,79,Deux-Sèvres,4,0.011,44
2024,4,Homicides,87,Haute-Vienne,4,0.011,44
2024,4,Homicides,10,Aube,3,0.010,50
2024,4,Homicides,31,Haute-Garonne,15,0.010,50
2024,4,Homicides,42,Loire,8,0.010,50
2024,4,Homicides,44,Loire-Atlantique,15,0.010,50
2024,4,Homicides,57,Moselle,11,0.010,50
2024,4,Homicides,58,Nièvre,2,0.010,50
2024,4,Homicides,60,Oise,8,0.010,50
2024,4,Homicides,01,Ain,6,0.009,57
2024,4,Homicides,21,Côte-d'Or,5,0.009,57
2024,4,Homicides,28,Eure-et-Loir,4,0.009,57
2024,4,Homicides,30,Gard,7,0.009,57
2024,4,Homicides,35,Ille-et-Vilaine,10,0.009,57
2024,4,Homicides,41,Loir-et-Cher,3,0.009,57
2024,4,Homicides,45,Loiret,6,0.009,57
2024,4,Homicides,68,Haut-Rhin,7,0.009,57
2024,4,Homicides,70,Haute-Saône,2,0.009,57
2024,4,Homicides,19,Corrèze,2,0.008,66
2024,4,Homicides,33,Gironde,13,0.008,66
2024,4,Homicides,54,Meurthe-et-Moselle,6,0.008,66
2024,4,Homicides,56,Morbihan,6,0.008,66
2024,4,Homicides,78,Yvelines,12,0.008,66
2024,4,Homicides,18,Cher,2,0.007,71
2024,4,Homicides,22,Côtes-d'Armor,4,0.007,71
2024,4,Homicides,53,Mayenne,2,0.007,71
2024,4,Homicides,61,Orne,2,0.007,71
2024,4,Homicides,62,Pas-de-Calais,10,0.007,71
2024,4,Homicides,90,"Territoire de Belfort",1,0.007,71
2024,4,Homicides,04,Alpes-de-Haute-Provence,1,0.006,77
2024,4,Homicides,07,Ardèche,2,0.006,77
2024,4,Homicides,29,Finistère,6,0.006,77
2024,4,Homicides,63,Puy-de-Dôme,4,0.006,77
2024,4,Homicides,94,Val-de-Marne,9,0.006,77
2024,4,Homicides,32,Gers,1,0.005,82
2024,4,Homicides,37,Indre-et-Loire,3,0.005,82
2024,4,Homicides,71,Saône-et-Loire,3,0.005,82
2024,4,Homicides,80,Somme,3,0.005,82
2024,4,Homicides,92,Hauts-de-Seine,8,0.005,82
2024,4,Homicides,12,Aveyron,1,0.004,87
2024,4,Homicides,17,Charente-Maritime,3,0.004,87
2024,4,Homicides,43,Haute-Loire,1,0.004,87
2024,4,Homicides,67,Bas-Rhin,5,0.004,87
2024,4,Homicides,73,Savoie,2,0.004,87
2024,4,Homicides,89,Yonne,1,0.003,92
2024,4,Homicides,40,Landes,1,0.002,93
2024,4,Homicides,05,Hautes-Alpes,0,0.000,94
2024,4,Homicides,15,Cantal,0,0.000,94
2024,4,Homicides,23,Creuse,0,0.000,94
2024,5,"Tentatives d'homicide",55,Meuse,21,0.116,1
2024,5,"Tentatives d'homicide",93,Seine-Saint-Denis,195,0.116,1
2024,5,"Tentatives d'homicide",2A,Corse-du-Sud,15,0.090,3
2024,5,"Tentatives d'homicide",45,Loiret,62,0.090,3
2024,5,"Tentatives d'homicide",75,Paris,187,0.088,5
2024,5,"Tentatives d'homicide",13,Bouches-du-Rhône,180,0.087,6
2024,5,"Tentatives d'homicide",34,Hérault,103,0.085,7
2024,5,"Tentatives d'homicide",68,Haut-Rhin,64,0.083,8
2024,5,"Tentatives d'homicide",42,Loire,62,0.080,9
2024,5,"Tentatives d'homicide",91,Essonne,106,0.080,9
2024,5,"Tentatives d'homicide",09,Ariège,12,0.077,11
2024,5,"Tentatives d'homicide",95,Val-d'Oise,96,0.076,12
2024,5,"Tentatives d'homicide",06,Alpes-Maritimes,81,0.073,13
2024,5,"Tentatives d'homicide",94,Val-de-Marne,103,0.073,13
2024,5,"Tentatives d'homicide",51,Marne,40,0.071,15
2024,5,"Tentatives d'homicide",25,Doubs,38,0.069,16
2024,5,"Tentatives d'homicide",30,Gard,53,0.069,16
2024,5,"Tentatives d'homicide",63,Puy-de-Dôme,44,0.066,18
2024,5,"Tentatives d'homicide",28,Eure-et-Loir,28,0.065,19
2024,5,"Tentatives d'homicide",62,Pas-de-Calais,91,0.062,20
2024,5,"Tentatives d'homicide",84,Vaucluse,35,0.062,20
2024,5,"Tentatives d'homicide",11,Aude,23,0.061,22
2024,5,"Tentatives d'homicide",26,Drôme,32,0.061,22
2024,5,"Tentatives d'homicide",02,Aisne,31,0.059,24
2024,5,"Tentatives d'homicide",74,Haute-Savoie,50,0.059,24
2024,5,"Tentatives d'homicide",31,Haute-Garonne,85,0.058,26
2024,5,"Tentatives d'homicide",73,Savoie,25,0.056,27
2024,5,"Tentatives d'homicide",38,Isère,71,0.055,28
2024,5,"Tentatives d'homicide",69,Rhône,104,0.055,28
2024,5,"Tentatives d'homicide",85,Vendée,39,0.055,28
2024,5,"Tentatives d'homicide",92,Hauts-de-Seine,90,0.055,28
2024,5,"Tentatives d'homicide",44,Loire-Atlantique,79,0.054,32
2024,5,"Tentatives d'homicide",76,Seine-Maritime,68,0.054,32
2024,5,"Tentatives d'homicide",48,Lozère,4,0.052,34
2024,5,"Tentatives d'homicide",10,Aube,16,0.051,35
2024,5,"Tentatives d'homicide",71,Saône-et-Loire,28,0.051,35
2024,5,"Tentatives d'homicide",72,Sarthe,29,0.051,35
2024,5,"Tentatives d'homicide",2B,Haute-Corse,9,0.049,38
2024,5,"Tentatives d'homicide",59,Nord,128,0.049,38
2024,5,"Tentatives d'homicide",27,Eure,29,0.048,40
2024,5,"Tentatives d'homicide",21,Côte-d'Or,25,0.047,41
2024,5,"Tentatives d'homicide",88,Vosges,17,0.047,41
2024,5,"Tentatives d'homicide",41,Loir-et-Cher,15,0.046,43
2024,5,"Tentatives d'homicide",60,Oise,37,0.045,44
2024,5,"Tentatives d'homicide",66,Pyrénées-Orientales,22,0.045,44
2024,5,"Tentatives d'homicide",78,Yvelines,64,0.044,46
2024,5,"Tentatives d'homicide",80,Somme,25,0.044,46
2024,5,"Tentatives d'homicide",83,Var,49,0.044,46
2024,5,"Tentatives d'homicide",57,Moselle,45,0.043,49
2024,5,"Tentatives d'homicide",04,Alpes-de-Haute-Provence,7,0.042,50
2024,5,"Tentatives d'homicide",29,Finistère,38,0.041,51
2024,5,"Tentatives d'homicide",54,Meurthe-et-Moselle,30,0.041,51
2024,5,"Tentatives d'homicide",86,Vienne,18,0.041,51
2024,5,"Tentatives d'homicide",49,Maine-et-Loire,33,0.040,54
2024,5,"Tentatives d'homicide",87,Haute-Vienne,15,0.040,54
2024,5,"Tentatives d'homicide",12,Aveyron,11,0.039,56
2024,5,"Tentatives d'homicide",22,Côtes-d'Armor,23,0.038,57
2024,5,"Tentatives d'homicide",33,Gironde,63,0.038,57
2024,5,"Tentatives d'homicide",70,Haute-Saône,9,0.038,57
2024,5,"Tentatives d'homicide",01,Ain,24,0.036,60
2024,5,"Tentatives d'homicide",15,Cantal,5,0.035,61
2024,5,"Tentatives d'homicide",35,Ille-et-Vilaine,39,0.035,61
2024,5,"Tentatives d'homicide",77,Seine-et-Marne,51,0.035,61
2024,5,"Tentatives d'homicide",79,Deux-Sèvres,13,0.035,61
2024,5,"Tentatives d'homicide",56,Morbihan,25,0.032,65
2024,5,"Tentatives d'homicide",14,Calvados,21,0.030,66
2024,5,"Tentatives d'homicide",47,Lot-et-Garonne,10,0.030,66
2024,5,"Tentatives d'homicide",58,Nièvre,6,0.030,66
2024,5,"Tentatives d'homicide",65,Hautes-Pyrénées,7,0.030,66
2024,5,"Tentatives d'homicide",52,Haute-Marne,5,0.029,70
2024,5,"Tentatives d'homicide",90,"Territoire de Belfort",4,0.029,70
2024,5,"Tentatives d'homicide",16,Charente,10,0.028,72
2024,5,"Tentatives d'homicide",37,Indre-et-Loire,17,0.028,72
2024,5,"Tentatives d'homicide",40,Landes,12,0.028,72
2024,5,"Tentatives d'homicide",67,Bas-Rhin,31,0.027,75
2024,5,"Tentatives d'homicide",53,Mayenne,8,0.026,76
2024,5,"Tentatives d'homicide",82,Tarn-et-Garonne,7,0.026,76
2024,5,"Tentatives d'homicide",17,Charente-Maritime,17,0.025,78
2024,5,"Tentatives d'homicide",03,Allier,8,0.024,79
2024,5,"Tentatives d'homicide",50,Manche,12,0.024,79
2024,5,"Tentatives d'homicide",89,Yonne,8,0.024,79
2024,5,"Tentatives d'homicide",81,Tarn,9,0.023,82
2024,5,"Tentatives d'homicide",24,Dordogne,9,0.022,83
2024,5,"Tentatives d'homicide",05,Hautes-Alpes,3,0.021,84
2024,5,"Tentatives d'homicide",07,Ardèche,7,0.021,84
2024,5,"Tentatives d'homicide",64,Pyrénées-Atlantiques,15,0.021,84
2024,5,"Tentatives d'homicide",18,Cher,6,0.020,87
2024,5,"Tentatives d'homicide",08,Ardennes,5,0.019,88
2024,5,"Tentatives d'homicide",19,Corrèze,4,0.017,89
2024,5,"Tentatives d'homicide",23,Creuse,2,0.017,89
2024,5,"Tentatives d'homicide",46,Lot,3,0.017,89
2024,5,"Tentatives d'homicide",36,Indre,3,0.014,92
2024,5,"Tentatives d'homicide",61,Orne,3,0.011,93
2024,5,"Tentatives d'homicide",43,Haute-Loire,2,0.009,94
2024,5,"Tentatives d'homicide",39,Jura,2,0.008,95
2024,5,"Tentatives d'homicide",32,Gers,1,0.005,96
2024,6,"Trafic de stupéfiants",93,Seine-Saint-Denis,4192,2.493,1
2024,6,"Trafic de stupéfiants",75,Paris,4971,2.352,2
2024,6,"Trafic de stupéfiants",13,Bouches-du-Rhône,4320,2.087,3
2024,6,"Trafic de stupéfiants",84,Vaucluse,929,1.634,4
2024,6,"Trafic de stupéfiants",94,Val-de-Marne,2104,1.482,5
2024,6,"Trafic de stupéfiants",95,Val-d'Oise,1508,1.187,6
2024,6,"Trafic de stupéfiants",66,Pyrénées-Orientales,569,1.154,7
2024,6,"Trafic de stupéfiants",83,Var,1246,1.124,8
2024,6,"Trafic de stupéfiants",31,Haute-Garonne,1582,1.086,9
2024,6,"Trafic de stupéfiants",06,Alpes-Maritimes,1172,1.052,10
2024,6,"Trafic de stupéfiants",69,Rhône,1752,0.918,11
2024,6,"Trafic de stupéfiants",92,Hauts-de-Seine,1511,0.917,12
2024,6,"Trafic de stupéfiants",30,Gard,694,0.908,13
2024,6,"Trafic de stupéfiants",91,Essonne,1121,0.846,14
2024,6,"Trafic de stupéfiants",74,Haute-Savoie,709,0.835,15
2024,6,"Trafic de stupéfiants",38,Isère,1046,0.810,16
2024,6,"Trafic de stupéfiants",55,Meuse,146,0.808,17
2024,6,"Trafic de stupéfiants",25,Doubs,438,0.798,18
2024,6,"Trafic de stupéfiants",65,Hautes-Pyrénées,173,0.747,19
2024,6,"Trafic de stupéfiants",59,Nord,1912,0.731,20
2024,6,"Trafic de stupéfiants",34,Hérault,833,0.684,21
2024,6,"Trafic de stupéfiants",03,Allier,221,0.660,22
2024,6,"Trafic de stupéfiants",26,Drôme,342,0.656,23
2024,6,"Trafic de stupéfiants",81,Tarn,256,0.646,24
2024,6,"Trafic de stupéfiants",16,Charente,225,0.640,25
2024,6,"Trafic de stupéfiants",35,Ille-et-Vilaine,690,0.622,26
2024,6,"Trafic de stupéfiants",88,Vosges,218,0.608,27
2024,6,"Trafic de stupéfiants",21,Côte-d'Or,323,0.601,28
2024,6,"Trafic de stupéfiants",77,Seine-et-Marne,867,0.597,29
2024,6,"Trafic de stupéfiants",11,Aude,216,0.572,30
2024,6,"Trafic de stupéfiants",80,Somme,319,0.564,31
2024,6,"Trafic de stupéfiants",54,Meurthe-et-Moselle,408,0.557,32
2024,6,"Trafic de stupéfiants",68,Haut-Rhin,427,0.556,33
2024,6,"Trafic de stupéfiants",12,Aveyron,155,0.554,34
2024,6,"Trafic de stupéfiants",05,Hautes-Alpes,78,0.551,35
2024,6,"Trafic de stupéfiants",60,Oise,445,0.536,36
2024,6,"Trafic de stupéfiants",09,Ariège,82,0.528,37
2024,6,"Trafic de stupéfiants",23,Creuse,61,0.528,37
2024,6,"Trafic de stupéfiants",73,Savoie,234,0.526,39
2024,6,"Trafic de stupéfiants",2A,Corse-du-Sud,87,0.524,40
2024,6,"Trafic de stupéfiants",70,Haute-Saône,119,0.509,41
2024,6,"Trafic de stupéfiants",63,Puy-de-Dôme,337,0.507,42
2024,6,"Trafic de stupéfiants",04,Alpes-de-Haute-Provence,84,0.502,43
2024,6,"Trafic de stupéfiants",78,Yvelines,738,0.502,43
2024,6,"Trafic de stupéfiants",44,Loire-Atlantique,733,0.498,45
2024,6,"Trafic de stupéfiants",64,Pyrénées-Atlantiques,348,0.498,45
2024,6,"Trafic de stupéfiants",48,Lozère,38,0.497,47
2024,6,"Trafic de stupéfiants",87,Haute-Vienne,184,0.494,48
2024,6,"Trafic de stupéfiants",62,Pas-de-Calais,708,0.485,49
2024,6,"Trafic de stupéfiants",90,"Territoire de Belfort",67,0.478,50
2024,6,"Trafic de stupéfiants",53,Mayenne,145,0.475,51
2024,6,"Trafic de stupéfiants",15,Cantal,66,0.457,52
2024,6,"Trafic de stupéfiants",86,Vienne,198,0.451,53
2024,6,"Trafic de stupéfiants",57,Moselle,467,0.444,54
2024,6,"Trafic de stupéfiants",17,Charente-Maritime,295,0.442,55
2024,6,"Trafic de stupéfiants",33,Gironde,736,0.439,56
2024,6,"Trafic de stupéfiants",19,Corrèze,105,0.437,57
2024,6,"Trafic de stupéfiants",52,Haute-Marne,73,0.430,58
2024,6,"Trafic de stupéfiants",10,Aube,130,0.418,59
2024,6,"Trafic de stupéfiants",29,Finistère,388,0.418,59
2024,6,"Trafic de stupéfiants",67,Bas-Rhin,479,0.414,61
2024,6,"Trafic de stupéfiants",42,Loire,319,0.413,62
2024,6,"Trafic de stupéfiants",40,Landes,176,0.411,63
2024,6,"Trafic de stupéfiants",27,Eure,242,0.402,64
2024,6,"Trafic de stupéfiants",56,Morbihan,306,0.394,65
2024,6,"Trafic de stupéfiants",32,Gers,75,0.389,66
2024,6,"Trafic de stupéfiants",46,Lot,68,0.387,67
2024,6,"Trafic de stupéfiants",07,Ardèche,128,0.384,68
2024,6,"Trafic de stupéfiants",89,Yonne,124,0.371,69
2024,6,"Trafic de stupéfiants",28,Eure-et-Loir,160,0.370,70
2024,6,"Trafic de stupéfiants",47,Lot-et-Garonne,123,0.370,70
2024,6,"Trafic de stupéfiants",43,Haute-Loire,84,0.368,72
2024,6,"Trafic de stupéfiants",2B,Haute-Corse,68,0.367,73
2024,6,"Trafic de stupéfiants",22,Côtes-d'Armor,220,0.361,74
2024,6,"Trafic de stupéfiants",76,Seine-Maritime,449,0.356,75
2024,6,"Trafic de stupéfiants",72,Sarthe,200,0.353,76
2024,6,"Trafic de stupéfiants",79,Deux-Sèvres,131,0.349,77
2024,6,"Trafic de stupéfiants",45,Loiret,239,0.348,78
2024,6,"Trafic de stupéfiants",24,Dordogne,144,0.346,79
2024,6,"Trafic de stupéfiants",51,Marne,194,0.344,80
2024,6,"Trafic de stupéfiants",02,Aisne,180,0.342,81
2024,6,"Trafic de stupéfiants",61,Orne,90,0.326,82
2024,6,"Trafic de stupéfiants",71,Saône-et-Loire,173,0.315,83
2024,6,"Trafic de stupéfiants",01,Ain,207,0.308,84
2024,6,"Trafic de stupéfiants",49,Maine-et-Loire,255,0.308,84
2024,6,"Trafic de stupéfiants",39,Jura,79,0.306,86
2024,6,"Trafic de stupéfiants",85,Vendée,209,0.296,87
2024,6,"Trafic de stupéfiants",14,Calvados,203,0.288,88
2024,6,"Trafic de stupéfiants",36,Indre,59,0.272,89
2024,6,"Trafic de stupéfiants",08,Ardennes,67,0.251,90
2024,6,"Trafic de stupéfiants",37,Indre-et-Loire,154,0.250,91
2024,6,"Trafic de stupéfiants",18,Cher,70,0.234,92
2024,6,"Trafic de stupéfiants",50,Manche,106,0.213,93
2024,6,"Trafic de stupéfiants",82,Tarn-et-Garonne,55,0.208,94
2024,6,"Trafic de stupéfiants",58,Nièvre,37,0.183,95
2024,6,"Trafic de stupéfiants",41,Loir-et-Cher,38,0.116,96
2024,7,"Usage de stupéfiants",75,Paris,30051,14.217,1
2024,7,"Usage de stupéfiants",13,Bouches-du-Rhône,23535,11.371,2
2024,7,"Usage de stupéfiants",93,Seine-Saint-Denis,12959,7.706,3
2024,7,"Usage de stupéfiants",04,Alpes-de-Haute-Provence,1272,7.609,4
2024,7,"Usage de stupéfiants",84,Vaucluse,4000,7.034,5
2024,7,"Usage de stupéfiants",77,Seine-et-Marne,9173,6.316,6
2024,7,"Usage de stupéfiants",34,Hérault,6814,5.597,7
2024,7,"Usage de stupéfiants",95,Val-d'Oise,7028,5.530,8
2024,7,"Usage de stupéfiants",69,Rhône,10053,5.269,9
2024,7,"Usage de stupéfiants",06,Alpes-Maritimes,5752,5.161,10
2024,7,"Usage de stupéfiants",94,Val-de-Marne,7241,5.101,11
2024,7,"Usage de stupéfiants",78,Yvelines,7398,5.030,12
2024,7,"Usage de stupéfiants",83,Var,5506,4.968,13
2024,7,"Usage de stupéfiants",05,Hautes-Alpes,695,4.906,14
2024,7,"Usage de stupéfiants",03,Allier,1637,4.891,15
2024,7,"Usage de stupéfiants",59,Nord,12078,4.615,16
2024,7,"Usage de stupéfiants",76,Seine-Maritime,5676,4.504,17
2024,7,"Usage de stupéfiants",89,Yonne,1490,4.462,18
2024,7,"Usage de stupéfiants",38,Isère,5753,4.455,19
2024,7,"Usage de stupéfiants",21,Côte-d'Or,2385,4.437,20
2024,7,"Usage de stupéfiants",55,Meuse,795,4.398,21
2024,7,"Usage de stupéfiants",42,Loire,3385,4.384,22
2024,7,"Usage de stupéfiants",60,Oise,3525,4.243,23
2024,7,"Usage de stupéfiants",62,Pas-de-Calais,5986,4.099,24
2024,7,"Usage de stupéfiants",92,Hauts-de-Seine,6527,3.962,25
2024,7,"Usage de stupéfiants",88,Vosges,1369,3.817,26
2024,7,"Usage de stupéfiants",02,Aisne,2005,3.815,27
2024,7,"Usage de stupéfiants",25,Doubs,2082,3.795,28
2024,7,"Usage de stupéfiants",91,Essonne,5004,3.778,29
2024,7,"Usage de stupéfiants",65,Hautes-Pyrénées,874,3.776,30
2024,7,"Usage de stupéfiants",30,Gard,2875,3.763,31
2024,7,"Usage de stupéfiants",26,Drôme,1902,3.648,32
2024,7,"Usage de stupéfiants",12,Aveyron,1017,3.636,33
2024,7,"Usage de stupéfiants",09,Ariège,563,3.624,34
2024,7,"Usage de stupéfiants",80,Somme,2028,3.586,35
2024,7,"Usage de stupéfiants",31,Haute-Garonne,5172,3.552,36
2024,7,"Usage de stupéfiants",74,Haute-Savoie,3005,3.537,37
2024,7,"Usage de stupéfiants",51,Marne,1956,3.467,38
2024,7,"Usage de stupéfiants",43,Haute-Loire,782,3.427,39
2024,7,"Usage de stupéfiants",17,Charente-Maritime,2287,3.423,40
2024,7,"Usage de stupéfiants",90,"Territoire de Belfort",467,3.334,41
2024,7,"Usage de stupéfiants",81,Tarn,1318,3.327,42
2024,7,"Usage de stupéfiants",27,Eure,1981,3.295,43
2024,7,"Usage de stupéfiants",11,Aude,1214,3.214,44
2024,7,"Usage de stupéfiants",07,Ardèche,1070,3.211,45
2024,7,"Usage de stupéfiants",66,Pyrénées-Orientales,1541,3.126,46
2024,7,"Usage de stupéfiants",73,Savoie,1385,3.110,47
2024,7,"Usage de stupéfiants",61,Orne,853,3.089,48
2024,7,"Usage de stupéfiants",08,Ardennes,813,3.043,49
2024,7,"Usage de stupéfiants",14,Calvados,2133,3.027,50
2024,7,"Usage de stupéfiants",53,Mayenne,916,2.999,51
2024,7,"Usage de stupéfiants",71,Saône-et-Loire,1645,2.996,52
2024,7,"Usage de stupéfiants",44,Loire-Atlantique,4393,2.982,53
2024,7,"Usage de stupéfiants",40,Landes,1273,2.971,54
2024,7,"Usage de stupéfiants",54,Meurthe-et-Moselle,2166,2.955,55
2024,7,"Usage de stupéfiants",35,Ille-et-Vilaine,3253,2.933,56
2024,7,"Usage de stupéfiants",47,Lot-et-Garonne,966,2.908,57
2024,7,"Usage de stupéfiants",87,Haute-Vienne,1060,2.846,58
2024,7,"Usage de stupéfiants",39,Jura,724,2.802,59
2024,7,"Usage de stupéfiants",79,Deux-Sèvres,1035,2.757,60
2024,7,"Usage de stupéfiants",19,Corrèze,657,2.736,61
2024,7,"Usage de stupéfiants",52,Haute-Marne,453,2.667,62
2024,7,"Usage de stupéfiants",16,Charente,915,2.602,63
2024,7,"Usage de stupéfiants",18,Cher,776,2.591,64
2024,7,"Usage de stupéfiants",64,Pyrénées-Atlantiques,1788,2.556,65
2024,7,"Usage de stupéfiants",63,Puy-de-Dôme,1654,2.490,66
2024,7,"Usage de stupéfiants",45,Loiret,1695,2.467,67
2024,7,"Usage de stupéfiants",33,Gironde,4116,2.457,68
2024,7,"Usage de stupéfiants",68,Haut-Rhin,1869,2.434,69
2024,7,"Usage de stupéfiants",48,Lozère,183,2.392,70
2024,7,"Usage de stupéfiants",72,Sarthe,1353,2.390,71
2024,7,"Usage de stupéfiants",28,Eure-et-Loir,1033,2.386,72
2024,7,"Usage de stupéfiants",01,Ain,1555,2.316,73
2024,7,"Usage de stupéfiants",70,Haute-Saône,534,2.283,74
2024,7,"Usage de stupéfiants",2A,Corse-du-Sud,378,2.276,75
2024,7,"Usage de stupéfiants",29,Finistère,2074,2.235,76
2024,7,"Usage de stupéfiants",23,Creuse,256,2.216,77
2024,7,"Usage de stupéfiants",57,Moselle,2326,2.214,78
2024,7,"Usage de stupéfiants",22,Côtes-d'Armor,1302,2.136,79
2024,7,"Usage de stupéfiants",56,Morbihan,1648,2.123,80
2024,7,"Usage de stupéfiants",50,Manche,1046,2.105,81
2024,7,"Usage de stupéfiants",10,Aube,649,2.086,82
2024,7,"Usage de stupéfiants",36,Indre,446,2.057,83
2024,7,"Usage de stupéfiants",58,Nièvre,416,2.056,84
2024,7,"Usage de stupéfiants",86,Vienne,891,2.031,85
2024,7,"Usage de stupéfiants",24,Dordogne,842,2.022,86
2024,7,"Usage de stupéfiants",2B,Haute-Corse,363,1.960,87
2024,7,"Usage de stupéfiants",67,Bas-Rhin,2246,1.941,88
2024,7,"Usage de stupéfiants",32,Gers,371,1.926,89
2024,7,"Usage de stupéfiants",82,Tarn-et-Garonne,508,1.918,90
2024,7,"Usage de stupéfiants",15,Cantal,274,1.898,91
2024,7,"Usage de stupéfiants",85,Vendée,1337,1.893,92
2024,7,"Usage de stupéfiants",41,Loir-et-Cher,619,1.882,93
2024,7,"Usage de stupéfiants",37,Indre-et-Loire,1133,1.838,94
2024,7,"Usage de stupéfiants",49,Maine-et-Loire,1511,1.825,95
2024,7,"Usage de stupéfiants",46,Lot,294,1.674,96
2024,8,"Usage de stupéfiants (AFD)",75,Paris,23152,10.953,1
2024,8,"Usage de stupéfiants (AFD)",13,Bouches-du-Rhône,20599,9.952,2
2024,8,"Usage de stupéfiants (AFD)",93,Seine-Saint-Denis,9449,5.619,3
2024,8,"Usage de stupéfiants (AFD)",84,Vaucluse,2917,5.129,4
2024,8,"Usage de stupéfiants (AFD)",77,Seine-et-Marne,6485,4.465,5
2024,8,"Usage de stupéfiants (AFD)",34,Hérault,4969,4.082,6
2024,8,"Usage de stupéfiants (AFD)",69,Rhône,7617,3.992,7
2024,8,"Usage de stupéfiants (AFD)",95,Val-d'Oise,5021,3.951,8
2024,8,"Usage de stupéfiants (AFD)",06,Alpes-Maritimes,4326,3.881,9
2024,8,"Usage de stupéfiants (AFD)",78,Yvelines,5338,3.629,10
2024,8,"Usage de stupéfiants (AFD)",94,Val-de-Marne,4813,3.391,11
2024,8,"Usage de stupéfiants (AFD)",76,Seine-Maritime,4120,3.269,12
2024,8,"Usage de stupéfiants (AFD)",21,Côte-d'Or,1705,3.172,13
2024,8,"Usage de stupéfiants (AFD)",83,Var,3499,3.157,14
2024,8,"Usage de stupéfiants (AFD)",42,Loire,2363,3.061,15
2024,8,"Usage de stupéfiants (AFD)",04,Alpes-de-Haute-Provence,503,3.009,16
2024,8,"Usage de stupéfiants (AFD)",38,Isère,3885,3.008,17
2024,8,"Usage de stupéfiants (AFD)",03,Allier,995,2.973,18
2024,8,"Usage de stupéfiants (AFD)",59,Nord,7701,2.943,19
2024,8,"Usage de stupéfiants (AFD)",89,Yonne,974,2.917,20
2024,8,"Usage de stupéfiants (AFD)",92,Hauts-de-Seine,4665,2.832,21
2024,8,"Usage de stupéfiants (AFD)",60,Oise,2275,2.739,22
2024,8,"Usage de stupéfiants (AFD)",25,Doubs,1427,2.601,23
2024,8,"Usage de stupéfiants (AFD)",91,Essonne,3427,2.587,24
2024,8,"Usage de stupéfiants (AFD)",30,Gard,1941,2.541,25
2024,8,"Usage de stupéfiants (AFD)",31,Haute-Garonne,3700,2.541,25
2024,8,"Usage de stupéfiants (AFD)",62,Pas-de-Calais,3698,2.533,27
2024,8,"Usage de stupéfiants (AFD)",05,Hautes-Alpes,357,2.520,28
2024,8,"Usage de stupéfiants (AFD)",81,Tarn,897,2.264,29
2024,8,"Usage de stupéfiants (AFD)",90,"Territoire de Belfort",315,2.249,30
2024,8,"Usage de stupéfiants (AFD)",02,Aisne,1132,2.154,31
2024,8,"Usage de stupéfiants (AFD)",26,Drôme,1106,2.121,32
2024,8,"Usage de stupéfiants (AFD)",88,Vosges,760,2.119,33
2024,8,"Usage de stupéfiants (AFD)",11,Aude,796,2.107,34
2024,8,"Usage de stupéfiants (AFD)",09,Ariège,323,2.079,35
2024,8,"Usage de stupéfiants (AFD)",12,Aveyron,578,2.066,36
2024,8,"Usage de stupéfiants (AFD)",47,Lot-et-Garonne,662,1.993,37
2024,8,"Usage de stupéfiants (AFD)",44,Loire-Atlantique,2928,1.988,38
2024,8,"Usage de stupéfiants (AFD)",51,Marne,1114,1.975,39
2024,8,"Usage de stupéfiants (AFD)",27,Eure,1183,1.967,40
2024,8,"Usage de stupéfiants (AFD)",17,Charente-Maritime,1280,1.916,41
2024,8,"Usage de stupéfiants (AFD)",40,Landes,819,1.912,42
2024,8,"Usage de stupéfiants (AFD)",35,Ille-et-Vilaine,2081,1.876,43
2024,8,"Usage de stupéfiants (AFD)",66,Pyrénées-Orientales,923,1.872,44
2024,8,"Usage de stupéfiants (AFD)",14,Calvados,1304,1.851,45
2024,8,"Usage de stupéfiants (AFD)",07,Ardèche,606,1.819,46
2024,8,"Usage de stupéfiants (AFD)",74,Haute-Savoie,1532,1.803,47
2024,8,"Usage de stupéfiants (AFD)",87,Haute-Vienne,671,1.802,48
2024,8,"Usage de stupéfiants (AFD)",73,Savoie,797,1.790,49
2024,8,"Usage de stupéfiants (AFD)",71,Saône-et-Loire,978,1.781,50
2024,8,"Usage de stupéfiants (AFD)",79,Deux-Sèvres,663,1.766,51
2024,8,"Usage de stupéfiants (AFD)",53,Mayenne,537,1.758,52
2024,8,"Usage de stupéfiants (AFD)",18,Cher,520,1.736,53
2024,8,"Usage de stupéfiants (AFD)",08,Ardennes,451,1.688,54
2024,8,"Usage de stupéfiants (AFD)",39,Jura,430,1.664,55
2024,8,"Usage de stupéfiants (AFD)",01,Ain,1109,1.652,56
2024,8,"Usage de stupéfiants (AFD)",45,Loiret,1115,1.623,57
2024,8,"Usage de stupéfiants (AFD)",63,Puy-de-Dôme,1078,1.623,57
2024,8,"Usage de stupéfiants (AFD)",52,Haute-Marne,263,1.548,59
2024,8,"Usage de stupéfiants (AFD)",43,Haute-Loire,339,1.486,60
2024,8,"Usage de stupéfiants (AFD)",33,Gironde,2473,1.476,61
2024,8,"Usage de stupéfiants (AFD)",55,Meuse,264,1.461,62
2024,8,"Usage de stupéfiants (AFD)",58,Nièvre,291,1.438,63
2024,8,"Usage de stupéfiants (AFD)",61,Orne,397,1.438,63
2024,8,"Usage de stupéfiants (AFD)",80,Somme,813,1.438,63
2024,8,"Usage de stupéfiants (AFD)",57,Moselle,1498,1.426,66
2024,8,"Usage de stupéfiants (AFD)",54,Meurthe-et-Moselle,1039,1.418,67
2024,8,"Usage de stupéfiants (AFD)",50,Manche,646,1.300,68
2024,8,"Usage de stupéfiants (AFD)",28,Eure-et-Loir,561,1.296,69
2024,8,"Usage de stupéfiants (AFD)",64,Pyrénées-Atlantiques,890,1.272,70
2024,8,"Usage de stupéfiants (AFD)",72,Sarthe,716,1.265,71
2024,8,"Usage de stupéfiants (AFD)",68,Haut-Rhin,961,1.252,72
2024,8,"Usage de stupéfiants (AFD)",22,Côtes-d'Armor,748,1.227,73
2024,8,"Usage de stupéfiants (AFD)",65,Hautes-Pyrénées,284,1.227,73
2024,8,"Usage de stupéfiants (AFD)",56,Morbihan,950,1.224,75
2024,8,"Usage de stupéfiants (AFD)",82,Tarn-et-Garonne,311,1.174,76
2024,8,"Usage de stupéfiants (AFD)",2A,Corse-du-Sud,194,1.168,77
2024,8,"Usage de stupéfiants (AFD)",19,Corrèze,277,1.154,78
2024,8,"Usage de stupéfiants (AFD)",24,Dordogne,466,1.119,79
2024,8,"Usage de stupéfiants (AFD)",16,Charente,390,1.109,80
2024,8,"Usage de stupéfiants (AFD)",41,Loir-et-Cher,364,1.107,81
2024,8,"Usage de stupéfiants (AFD)",70,Haute-Saône,256,1.094,82
2024,8,"Usage de stupéfiants (AFD)",67,Bas-Rhin,1260,1.089,83
2024,8,"Usage de stupéfiants (AFD)",36,Indre,217,1.001,84
2024,8,"Usage de stupéfiants (AFD)",37,Indre-et-Loire,616,0.999,85
2024,8,"Usage de stupéfiants (AFD)",32,Gers,188,0.976,86
2024,8,"Usage de stupéfiants (AFD)",29,Finistère,879,0.947,87
2024,8,"Usage de stupéfiants (AFD)",86,Vienne,410,0.935,88
2024,8,"Usage de stupéfiants (AFD)",49,Maine-et-Loire,742,0.896,89
2024,8,"Usage de stupéfiants (AFD)",23,Creuse,103,0.892,90
2024,8,"Usage de stupéfiants (AFD)",48,Lozère,61,0.797,91
2024,8,"Usage de stupéfiants (AFD)",2B,Haute-Corse,136,0.734,92
2024,8,"Usage de stupéfiants (AFD)",10,Aube,228,0.733,93
2024,8,"Usage de stupéfiants (AFD)",46,Lot,103,0.586,94
2024,8,"Usage de stupéfiants (AFD)",15,Cantal,82,0.568,95
2024,8,"Usage de stupéfiants (AFD)",85,Vendée,398,0.563,96
2024,9,"Usage de stupéfiants (hors AFD)",04,Alpes-de-Haute-Provence,769,4.600,1
2024,9,"Usage de stupéfiants (hors AFD)",75,Paris,6899,3.264,2
2024,9,"Usage de stupéfiants (hors AFD)",55,Meuse,531,2.938,3
2024,9,"Usage de stupéfiants (hors AFD)",65,Hautes-Pyrénées,590,2.549,4
2024,9,"Usage de stupéfiants (hors AFD)",05,Hautes-Alpes,338,2.386,5
2024,9,"Usage de stupéfiants (hors AFD)",80,Somme,1215,2.148,6
2024,9,"Usage de stupéfiants (hors AFD)",93,Seine-Saint-Denis,3510,2.087,7
2024,9,"Usage de stupéfiants (hors AFD)",43,Haute-Loire,443,1.942,8
2024,9,"Usage de stupéfiants (hors AFD)",03,Allier,642,1.918,9
2024,9,"Usage de stupéfiants (hors AFD)",84,Vaucluse,1083,1.904,10
2024,9,"Usage de stupéfiants (hors AFD)",77,Seine-et-Marne,2688,1.851,11
2024,9,"Usage de stupéfiants (hors AFD)",83,Var,2007,1.811,12
2024,9,"Usage de stupéfiants (hors AFD)",74,Haute-Savoie,1473,1.734,13
2024,9,"Usage de stupéfiants (hors AFD)",94,Val-de-Marne,2428,1.710,14
2024,9,"Usage de stupéfiants (hors AFD)",88,Vosges,609,1.698,15
2024,9,"Usage de stupéfiants (hors AFD)",59,Nord,4377,1.673,16
2024,9,"Usage de stupéfiants (hors AFD)",02,Aisne,873,1.661,17
2024,9,"Usage de stupéfiants (hors AFD)",61,Orne,456,1.651,18
2024,9,"Usage de stupéfiants (hors AFD)",48,Lozère,122,1.595,19
2024,9,"Usage de stupéfiants (hors AFD)",19,Corrèze,380,1.583,20
2024,9,"Usage de stupéfiants (hors AFD)",95,Val-d'Oise,2007,1.579,21
2024,9,"Usage de stupéfiants (hors AFD)",12,Aveyron,439,1.569,22
2024,9,"Usage de stupéfiants (hors AFD)",62,Pas-de-Calais,2288,1.567,23
2024,9,"Usage de stupéfiants (hors AFD)",09,Ariège,240,1.545,24
2024,9,"Usage de stupéfiants (hors AFD)",89,Yonne,516,1.545,24
2024,9,"Usage de stupéfiants (hors AFD)",54,Meurthe-et-Moselle,1127,1.538,26
2024,9,"Usage de stupéfiants (hors AFD)",26,Drôme,796,1.527,27
2024,9,"Usage de stupéfiants (hors AFD)",34,Hérault,1845,1.516,28
2024,9,"Usage de stupéfiants (hors AFD)",17,Charente-Maritime,1007,1.507,29
2024,9,"Usage de stupéfiants (hors AFD)",60,Oise,1250,1.505,30
2024,9,"Usage de stupéfiants (hors AFD)",16,Charente,525,1.493,31
2024,9,"Usage de stupéfiants (hors AFD)",51,Marne,842,1.493,31
2024,9,"Usage de stupéfiants (hors AFD)",38,Isère,1868,1.447,33
2024,9,"Usage de stupéfiants (hors AFD)",13,Bouches-du-Rhône,2936,1.418,34
2024,9,"Usage de stupéfiants (hors AFD)",78,Yvelines,2060,1.401,35
2024,9,"Usage de stupéfiants (hors AFD)",07,Ardèche,464,1.392,36
2024,9,"Usage de stupéfiants (hors AFD)",08,Ardennes,362,1.355,37
2024,9,"Usage de stupéfiants (hors AFD)",10,Aube,421,1.353,38
2024,9,"Usage de stupéfiants (hors AFD)",15,Cantal,192,1.330,39
2024,9,"Usage de stupéfiants (hors AFD)",85,Vendée,939,1.329,40
2024,9,"Usage de stupéfiants (hors AFD)",27,Eure,798,1.327,41
2024,9,"Usage de stupéfiants (hors AFD)",23,Creuse,153,1.324,42
2024,9,"Usage de stupéfiants (hors AFD)",42,Loire,1022,1.324,42
2024,9,"Usage de stupéfiants (hors AFD)",73,Savoie,588,1.320,44
2024,9,"Usage de stupéfiants (hors AFD)",29,Finistère,1195,1.288,45
2024,9,"Usage de stupéfiants (hors AFD)",64,Pyrénées-Atlantiques,898,1.284,46
2024,9,"Usage de stupéfiants (hors AFD)",06,Alpes-Maritimes,1426,1.279,47
2024,9,"Usage de stupéfiants (hors AFD)",69,Rhône,2436,1.277,48
2024,9,"Usage de stupéfiants (hors AFD)",21,Côte-d'Or,680,1.265,49
2024,9,"Usage de stupéfiants (hors AFD)",66,Pyrénées-Orientales,618,1.254,50
2024,9,"Usage de stupéfiants (hors AFD)",53,Mayenne,379,1.241,51
2024,9,"Usage de stupéfiants (hors AFD)",76,Seine-Maritime,1556,1.235,52
2024,9,"Usage de stupéfiants (hors AFD)",2B,Haute-Corse,227,1.225,53
2024,9,"Usage de stupéfiants (hors AFD)",30,Gard,934,1.222,54
2024,9,"Usage de stupéfiants (hors AFD)",71,Saône-et-Loire,667,1.215,55
2024,9,"Usage de stupéfiants (hors AFD)",25,Doubs,655,1.194,56
2024,9,"Usage de stupéfiants (hors AFD)",91,Essonne,1577,1.191,57
2024,9,"Usage de stupéfiants (hors AFD)",70,Haute-Saône,278,1.188,58
2024,9,"Usage de stupéfiants (hors AFD)",68,Haut-Rhin,908,1.183,59
2024,9,"Usage de stupéfiants (hors AFD)",14,Calvados,829,1.177,60
2024,9,"Usage de stupéfiants (hors AFD)",39,Jura,294,1.138,61
2024,9,"Usage de stupéfiants (hors AFD)",92,Hauts-de-Seine,1862,1.130,62
2024,9,"Usage de stupéfiants (hors AFD)",72,Sarthe,637,1.125,63
2024,9,"Usage de stupéfiants (hors AFD)",52,Haute-Marne,190,1.119,64
2024,9,"Usage de stupéfiants (hors AFD)",2A,Corse-du-Sud,184,1.108,65
2024,9,"Usage de stupéfiants (hors AFD)",11,Aude,418,1.106,66
2024,9,"Usage de stupéfiants (hors AFD)",86,Vienne,481,1.096,67
2024,9,"Usage de stupéfiants (hors AFD)",28,Eure-et-Loir,472,1.090,68
2024,9,"Usage de stupéfiants (hors AFD)",46,Lot,191,1.088,69
2024,9,"Usage de stupéfiants (hors AFD)",90,"Territoire de Belfort",152,1.085,70
2024,9,"Usage de stupéfiants (hors AFD)",81,Tarn,421,1.063,71
2024,9,"Usage de stupéfiants (hors AFD)",40,Landes,454,1.060,72
2024,9,"Usage de stupéfiants (hors AFD)",35,Ille-et-Vilaine,1172,1.057,73
2024,9,"Usage de stupéfiants (hors AFD)",36,Indre,229,1.056,74
2024,9,"Usage de stupéfiants (hors AFD)",87,Haute-Vienne,389,1.044,75
2024,9,"Usage de stupéfiants (hors AFD)",31,Haute-Garonne,1472,1.011,76
2024,9,"Usage de stupéfiants (hors AFD)",44,Loire-Atlantique,1465,0.994,77
2024,9,"Usage de stupéfiants (hors AFD)",79,Deux-Sèvres,372,0.991,78
2024,9,"Usage de stupéfiants (hors AFD)",33,Gironde,1643,0.981,79
2024,9,"Usage de stupéfiants (hors AFD)",32,Gers,183,0.950,80
2024,9,"Usage de stupéfiants (hors AFD)",49,Maine-et-Loire,769,0.929,81
2024,9,"Usage de stupéfiants (hors AFD)",47,Lot-et-Garonne,304,0.915,82
2024,9,"Usage de stupéfiants (hors AFD)",22,Côtes-d'Armor,554,0.909,83
2024,9,"Usage de stupéfiants (hors AFD)",24,Dordogne,376,0.903,84
2024,9,"Usage de stupéfiants (hors AFD)",56,Morbihan,698,0.899,85
2024,9,"Usage de stupéfiants (hors AFD)",63,Puy-de-Dôme,576,0.867,86
2024,9,"Usage de stupéfiants (hors AFD)",18,Cher,256,0.855,87
2024,9,"Usage de stupéfiants (hors AFD)",67,Bas-Rhin,986,0.852,88
2024,9,"Usage de stupéfiants (hors AFD)",45,Loiret,580,0.844,89
2024,9,"Usage de stupéfiants (hors AFD)",37,Indre-et-Loire,517,0.839,90
2024,9,"Usage de stupéfiants (hors AFD)",50,Manche,400,0.805,91
2024,9,"Usage de stupéfiants (hors AFD)",57,Moselle,828,0.788,92
2024,9,"Usage de stupéfiants (hors AFD)",41,Loir-et-Cher,255,0.775,93
2024,9,"Usage de stupéfiants (hors AFD)",82,Tarn-et-Garonne,197,0.744,94
2024,9,"Usage de stupéfiants (hors AFD)",01,Ain,446,0.664,95
2024,9,"Usage de stupéfiants (hors AFD)",58,Nièvre,125,0.618,96
2024,10,"Violences physiques hors cadre familial",75,Paris,9861,4.665,1
2024,10,"Violences physiques hors cadre familial",93,Seine-Saint-Denis,7766,4.618,2
2024,10,"Violences physiques hors cadre familial",62,Pas-de-Calais,5672,3.884,3
2024,10,"Violences physiques hors cadre familial",66,Pyrénées-Orientales,1899,3.852,4
2024,10,"Violences physiques hors cadre familial",13,Bouches-du-Rhône,7818,3.777,5
2024,10,"Violences physiques hors cadre familial",10,Aube,1147,3.687,6
2024,10,"Violences physiques hors cadre familial",59,Nord,9603,3.670,7
2024,10,"Violences physiques hors cadre familial",34,Hérault,4459,3.663,8
2024,10,"Violences physiques hors cadre familial",08,Ardennes,966,3.615,9
2024,10,"Violences physiques hors cadre familial",84,Vaucluse,2045,3.596,10
2024,10,"Violences physiques hors cadre familial",69,Rhône,6625,3.472,11
2024,10,"Violences physiques hors cadre familial",06,Alpes-Maritimes,3853,3.457,12
2024,10,"Violences physiques hors cadre familial",80,Somme,1936,3.423,13
2024,10,"Violences physiques hors cadre familial",51,Marne,1917,3.398,14
2024,10,"Violences physiques hors cadre familial",54,Meurthe-et-Moselle,2476,3.378,15
2024,10,"Violences physiques hors cadre familial",11,Aude,1266,3.351,16
2024,10,"Violences physiques hors cadre familial",76,Seine-Maritime,4155,3.297,17
2024,10,"Violences physiques hors cadre familial",25,Doubs,1777,3.239,18
2024,10,"Violences physiques hors cadre familial",55,Meuse,581,3.214,19
2024,10,"Violences physiques hors cadre familial",02,Aisne,1672,3.181,20
2024,10,"Violences physiques hors cadre familial",30,Gard,2425,3.174,21
2024,10,"Violences physiques hors cadre familial",83,Var,3515,3.171,22
2024,10,"Violences physiques hors cadre familial",90,"Territoire de Belfort",440,3.141,23
2024,10,"Violences physiques hors cadre familial",38,Isère,4047,3.134,24
2024,10,"Violences physiques hors cadre familial",26,Drôme,1632,3.130,25
2024,10,"Violences physiques hors cadre familial",95,Val-d'Oise,3956,3.113,26
2024,10,"Violences physiques hors cadre familial",47,Lot-et-Garonne,1012,3.046,27
2024,10,"Violences physiques hors cadre familial",68,Haut-Rhin,2322,3.024,28
2024,10,"Violences physiques hors cadre familial",42,Loire,2329,3.017,29
2024,10,"Violences physiques hors cadre familial",91,Essonne,3981,3.006,30
2024,10,"Violences physiques hors cadre familial",60,Oise,2483,2.989,31
2024,10,"Violences physiques hors cadre familial",16,Charente,1048,2.981,32
2024,10,"Violences physiques hors cadre familial",31,Haute-Garonne,4327,2.971,33
2024,10,"Violences physiques hors cadre familial",94,Val-de-Marne,4191,2.952,34
2024,10,"Violences physiques hors cadre familial",72,Sarthe,1658,2.929,35
2024,10,"Violences physiques hors cadre familial",33,Gironde,4798,2.865,36
2024,10,"Violences physiques hors cadre familial",88,Vosges,1027,2.863,37
2024,10,"Violences physiques hors cadre familial",52,Haute-Marne,486,2.861,38
2024,10,"Violences physiques hors cadre familial",05,Hautes-Alpes,405,2.859,39
2024,10,"Violences physiques hors cadre familial",67,Bas-Rhin,3292,2.845,40
2024,10,"Violences physiques hors cadre familial",09,Ariège,441,2.839,41
2024,10,"Violences physiques hors cadre familial",89,Yonne,937,2.806,42
2024,10,"Violences physiques hors cadre familial",23,Creuse,316,2.735,43
2024,10,"Violences physiques hors cadre familial",73,Savoie,1203,2.702,44
2024,10,"Violences physiques hors cadre familial",82,Tarn-et-Garonne,715,2.699,45
2024,10,"Violences physiques hors cadre familial",45,Loiret,1849,2.691,46
2024,10,"Violences physiques hors cadre familial",21,Côte-d'Or,1429,2.658,47
2024,10,"Violences physiques hors cadre familial",27,Eure,1587,2.639,48
2024,10,"Violences physiques hors cadre familial",36,Indre,572,2.638,49
2024,10,"Violences physiques hors cadre familial",70,Haute-Saône,613,2.621,50
2024,10,"Violences physiques hors cadre familial",04,Alpes-de-Haute-Provence,437,2.614,51
2024,10,"Violences physiques hors cadre familial",07,Ardèche,866,2.599,52
2024,10,"Violences physiques hors cadre familial",14,Calvados,1820,2.583,53
2024,10,"Violences physiques hors cadre familial",37,Indre-et-Loire,1583,2.568,54
2024,10,"Violences physiques hors cadre familial",03,Allier,857,2.560,55
2024,10,"Violences physiques hors cadre familial",81,Tarn,1014,2.560,55
2024,10,"Violences physiques hors cadre familial",17,Charente-Maritime,1661,2.486,57
2024,10,"Violences physiques hors cadre familial",77,Seine-et-Marne,3607,2.483,58
2024,10,"Violences physiques hors cadre familial",57,Moselle,2606,2.480,59
2024,10,"Violences physiques hors cadre familial",74,Haute-Savoie,2089,2.459,60
2024,10,"Violences physiques hors cadre familial",40,Landes,1046,2.441,61
2024,10,"Violences physiques hors cadre familial",61,Orne,674,2.441,61
2024,10,"Violences physiques hors cadre familial",28,Eure-et-Loir,1053,2.432,63
2024,10,"Violences physiques hors cadre familial",63,Puy-de-Dôme,1614,2.429,64
2024,10,"Violences physiques hors cadre familial",87,Haute-Vienne,888,2.384,65
2024,10,"Violences physiques hors cadre familial",2A,Corse-du-Sud,395,2.379,66
2024,10,"Violences physiques hors cadre familial",41,Loir-et-Cher,773,2.350,67
2024,10,"Violences physiques hors cadre familial",48,Lozère,179,2.340,68
2024,10,"Violences physiques hors cadre familial",86,Vienne,1019,2.323,69
2024,10,"Violences physiques hors cadre familial",44,Loire-Atlantique,3414,2.317,70
2024,10,"Violences physiques hors cadre familial",78,Yvelines,3401,2.312,71
2024,10,"Violences physiques hors cadre familial",65,Hautes-Pyrénées,535,2.311,72
2024,10,"Violences physiques hors cadre familial",56,Morbihan,1765,2.274,73
2024,10,"Violences physiques hors cadre familial",18,Cher,671,2.240,74
2024,10,"Violences physiques hors cadre familial",2B,Haute-Corse,415,2.240,74
2024,10,"Violences physiques hors cadre familial",29,Finistère,2076,2.237,76
2024,10,"Violences physiques hors cadre familial",19,Corrèze,535,2.228,77
2024,10,"Violences physiques hors cadre familial",35,Ille-et-Vilaine,2468,2.225,78
2024,10,"Violences physiques hors cadre familial",71,Saône-et-Loire,1210,2.203,79
2024,10,"Violences physiques hors cadre familial",92,Hauts-de-Seine,3614,2.194,80
2024,10,"Violences physiques hors cadre familial",58,Nièvre,441,2.180,81
2024,10,"Violences physiques hors cadre familial",39,Jura,547,2.117,82
2024,10,"Violences physiques hors cadre familial",32,Gers,403,2.092,83
2024,10,"Violences physiques hors cadre familial",46,Lot,359,2.044,84
2024,10,"Violences physiques hors cadre familial",01,Ain,1369,2.039,85
2024,10,"Violences physiques hors cadre familial",79,Deux-Sèvres,765,2.038,86
2024,10,"Violences physiques hors cadre familial",64,Pyrénées-Atlantiques,1411,2.017,87
2024,10,"Violences physiques hors cadre familial",15,Cantal,289,2.001,88
2024,10,"Violences physiques hors cadre familial",22,Côtes-d'Armor,1219,2.000,89
2024,10,"Violences physiques hors cadre familial",53,Mayenne,595,1.948,90
2024,10,"Violences physiques hors cadre familial",43,Haute-Loire,438,1.920,91
2024,10,"Violences physiques hors cadre familial",12,Aveyron,536,1.916,92
2024,10,"Violences physiques hors cadre familial",49,Maine-et-Loire,1570,1.896,93
2024,10,"Violences physiques hors cadre familial",24,Dordogne,773,1.857,94
2024,10,"Violences physiques hors cadre familial",85,Vendée,1248,1.767,95
2024,10,"Violences physiques hors cadre familial",50,Manche,856,1.723,96
2024,11,"Violences physiques intrafamiliales",62,Pas-de-Calais,8502,5.823,1
2024,11,"Violences physiques intrafamiliales",93,Seine-Saint-Denis,8269,4.917,2
2024,11,"Violences physiques intrafamiliales",80,Somme,2765,4.889,3
2024,11,"Violences physiques intrafamiliales",59,Nord,12363,4.724,4
2024,11,"Violences physiques intrafamiliales",89,Yonne,1495,4.477,5
2024,11,"Violences physiques intrafamiliales",53,Mayenne,1294,4.237,6
2024,11,"Violences physiques intrafamiliales",02,Aisne,2205,4.196,7
2024,11,"Violences physiques intrafamiliales",72,Sarthe,2364,4.176,8
2024,11,"Violences physiques intrafamiliales",41,Loir-et-Cher,1366,4.153,9
2024,11,"Violences physiques intrafamiliales",61,Orne,1142,4.136,10
2024,11,"Violences physiques intrafamiliales",83,Var,4517,4.075,11
2024,11,"Violences physiques intrafamiliales",90,"Territoire de Belfort",566,4.040,12
2024,11,"Violences physiques intrafamiliales",51,Marne,2275,4.033,13
2024,11,"Violences physiques intrafamiliales",95,Val-d'Oise,5119,4.028,14
2024,11,"Violences physiques intrafamiliales",10,Aube,1246,4.005,15
2024,11,"Violences physiques intrafamiliales",60,Oise,3325,4.003,16
2024,11,"Violences physiques intrafamiliales",08,Ardennes,1054,3.945,17
2024,11,"Violences physiques intrafamiliales",76,Seine-Maritime,4931,3.913,18
2024,11,"Violences physiques intrafamiliales",91,Essonne,5150,3.888,19
2024,11,"Violences physiques intrafamiliales",68,Haut-Rhin,2944,3.834,20
2024,11,"Violences physiques intrafamiliales",19,Corrèze,919,3.827,21
2024,11,"Violences physiques intrafamiliales",94,Val-de-Marne,5423,3.820,22
2024,11,"Violences physiques intrafamiliales",26,Drôme,1991,3.818,23
2024,11,"Violences physiques intrafamiliales",06,Alpes-Maritimes,4242,3.806,24
2024,11,"Violences physiques intrafamiliales",45,Loiret,2607,3.794,25
2024,11,"Violences physiques intrafamiliales",77,Seine-et-Marne,5505,3.790,26
2024,11,"Violences physiques intrafamiliales",27,Eure,2245,3.734,27
2024,11,"Violences physiques intrafamiliales",04,Alpes-de-Haute-Provence,612,3.661,28
2024,11,"Violences physiques intrafamiliales",37,Indre-et-Loire,2246,3.644,29
2024,11,"Violences physiques intrafamiliales",13,Bouches-du-Rhône,7499,3.623,30
2024,11,"Violences physiques intrafamiliales",14,Calvados,2543,3.609,31
2024,11,"Violences physiques intrafamiliales",25,Doubs,1961,3.574,32
2024,11,"Violences physiques intrafamiliales",22,Côtes-d'Armor,2152,3.530,33
2024,11,"Violences physiques intrafamiliales",23,Creuse,407,3.523,34
2024,11,"Violences physiques intrafamiliales",11,Aude,1328,3.515,35
2024,11,"Violences physiques intrafamiliales",16,Charente,1225,3.484,36
2024,11,"Violences physiques intrafamiliales",39,Jura,897,3.471,37
2024,11,"Violences physiques intrafamiliales",09,Ariège,538,3.463,38
2024,11,"Violences physiques intrafamiliales",54,Meurthe-et-Moselle,2518,3.436,39
2024,11,"Violences physiques intrafamiliales",33,Gironde,5749,3.432,40
2024,11,"Violences physiques intrafamiliales",66,Pyrénées-Orientales,1677,3.402,41
2024,11,"Violences physiques intrafamiliales",52,Haute-Marne,577,3.397,42
2024,11,"Violences physiques intrafamiliales",38,Isère,4366,3.381,43
2024,11,"Violences physiques intrafamiliales",78,Yvelines,4969,3.378,44
2024,11,"Violences physiques intrafamiliales",34,Hérault,4111,3.377,45
2024,11,"Violences physiques intrafamiliales",47,Lot-et-Garonne,1120,3.371,46
2024,11,"Violences physiques intrafamiliales",82,Tarn-et-Garonne,889,3.356,47
2024,11,"Violences physiques intrafamiliales",05,Hautes-Alpes,475,3.353,48
2024,11,"Violences physiques intrafamiliales",30,Gard,2556,3.346,49
2024,11,"Violences physiques intrafamiliales",88,Vosges,1199,3.343,50
2024,11,"Violences physiques intrafamiliales",31,Haute-Garonne,4834,3.319,51
2024,11,"Violences physiques intrafamiliales",28,Eure-et-Loir,1436,3.317,52
2024,11,"Violences physiques intrafamiliales",79,Deux-Sèvres,1243,3.311,53
2024,11,"Violences physiques intrafamiliales",57,Moselle,3471,3.303,54
2024,11,"Violences physiques intrafamiliales",86,Vienne,1434,3.269,55
2024,11,"Violences physiques intrafamiliales",35,Ille-et-Vilaine,3624,3.267,56
2024,11,"Violences physiques intrafamiliales",49,Maine-et-Loire,2671,3.225,57
2024,11,"Violences physiques intrafamiliales",55,Meuse,582,3.220,58
2024,11,"Violences physiques intrafamiliales",36,Indre,697,3.215,59
2024,11,"Violences physiques intrafamiliales",17,Charente-Maritime,2145,3.210,60
2024,11,"Violences physiques intrafamiliales",24,Dordogne,1333,3.202,61
2024,11,"Violences physiques intrafamiliales",40,Landes,1369,3.195,62
2024,11,"Violences physiques intrafamiliales",70,Haute-Saône,741,3.168,63
2024,11,"Violences physiques intrafamiliales",58,Nièvre,633,3.129,64
2024,11,"Violences physiques intrafamiliales",01,Ain,2099,3.127,65
2024,11,"Violences physiques intrafamiliales",84,Vaucluse,1772,3.116,66
2024,11,"Violences physiques intrafamiliales",74,Haute-Savoie,2640,3.107,67
2024,11,"Violences physiques intrafamiliales",67,Bas-Rhin,3575,3.090,68
2024,11,"Violences physiques intrafamiliales",56,Morbihan,2379,3.065,69
2024,11,"Violences physiques intrafamiliales",42,Loire,2312,2.995,70
2024,11,"Violences physiques intrafamiliales",69,Rhône,5704,2.990,71
2024,11,"Violences physiques intrafamiliales",65,Hautes-Pyrénées,685,2.960,72
2024,11,"Violences physiques intrafamiliales",73,Savoie,1315,2.953,73
2024,11,"Violences physiques intrafamiliales",44,Loire-Atlantique,4327,2.937,74
2024,11,"Violences physiques intrafamiliales",92,Hauts-de-Seine,4805,2.917,75
2024,11,"Violences physiques intrafamiliales",81,Tarn,1155,2.915,76
2024,11,"Violences physiques intrafamiliales",46,Lot,511,2.910,77
2024,11,"Violences physiques intrafamiliales",03,Allier,970,2.898,78
2024,11,"Violences physiques intrafamiliales",75,Paris,6110,2.891,79
2024,11,"Violences physiques intrafamiliales",71,Saône-et-Loire,1587,2.890,80
2024,11,"Violences physiques intrafamiliales",18,Cher,863,2.882,81
2024,11,"Violences physiques intrafamiliales",2B,Haute-Corse,530,2.861,82
2024,11,"Violences physiques intrafamiliales",29,Finistère,2647,2.853,83
2024,11,"Violences physiques intrafamiliales",50,Manche,1402,2.822,84
2024,11,"Violences physiques intrafamiliales",07,Ardèche,936,2.809,85
2024,11,"Violences physiques intrafamiliales",32,Gers,537,2.787,86
2024,11,"Violences physiques intrafamiliales",87,Haute-Vienne,1038,2.787,86
2024,11,"Violences physiques intrafamiliales",43,Haute-Loire,622,2.726,88
2024,11,"Violences physiques intrafamiliales",21,Côte-d'Or,1459,2.714,89
2024,11,"Violences physiques intrafamiliales",2A,Corse-du-Sud,414,2.493,90
2024,11,"Violences physiques intrafamiliales",85,Vendée,1746,2.472,91
2024,11,"Violences physiques intrafamiliales",63,Puy-de-Dôme,1633,2.458,92
2024,11,"Violences physiques intrafamiliales",12,Aveyron,681,2.434,93
2024,11,"Violences physiques intrafamiliales",48,Lozère,185,2.418,94
2024,11,"Violences physiques intrafamiliales",15,Cantal,349,2.417,95
2024,11,"Violences physiques intrafamiliales",64,Pyrénées-Atlantiques,1672,2.390,96
2024,12,"Violences sexuelles",75,Paris,5910,2.796,1
2024,12,"Violences sexuelles",80,Somme,1401,2.477,2
2024,12,"Violences sexuelles",72,Sarthe,1392,2.459,3
2024,12,"Violences sexuelles",62,Pas-de-Calais,3349,2.294,4
2024,12,"Violences sexuelles",05,Hautes-Alpes,324,2.287,5
2024,12,"Violences sexuelles",16,Charente,771,2.193,6
2024,12,"Violences sexuelles",61,Orne,603,2.184,7
2024,12,"Violences sexuelles",53,Mayenne,665,2.177,8
2024,12,"Violences sexuelles",90,"Territoire de Belfort",301,2.149,9
2024,12,"Violences sexuelles",37,Indre-et-Loire,1319,2.140,10
2024,12,"Violences sexuelles",45,Loiret,1452,2.113,11
2024,12,"Violences sexuelles",17,Charente-Maritime,1409,2.109,12
2024,12,"Violences sexuelles",59,Nord,5509,2.105,13
2024,12,"Violences sexuelles",40,Landes,881,2.056,14
2024,12,"Violences sexuelles",02,Aisne,1068,2.032,15
2024,12,"Violences sexuelles",89,Yonne,668,2.001,16
2024,12,"Violences sexuelles",76,Seine-Maritime,2515,1.996,17
2024,12,"Violences sexuelles",27,Eure,1193,1.984,18
2024,12,"Violences sexuelles",49,Maine-et-Loire,1642,1.983,19
2024,12,"Violences sexuelles",23,Creuse,227,1.965,20
2024,12,"Violences sexuelles",10,Aube,608,1.955,21
2024,12,"Violences sexuelles",86,Vienne,857,1.954,22
2024,12,"Violences sexuelles",33,Gironde,3271,1.953,23
2024,12,"Violences sexuelles",79,Deux-Sèvres,733,1.953,23
2024,12,"Violences sexuelles",48,Lozère,148,1.935,25
2024,12,"Violences sexuelles",09,Ariège,299,1.925,26
2024,12,"Violences sexuelles",66,Pyrénées-Orientales,946,1.919,27
2024,12,"Violences sexuelles",41,Loir-et-Cher,629,1.912,28
2024,12,"Violences sexuelles",93,Seine-Saint-Denis,3197,1.901,29
2024,12,"Violences sexuelles",14,Calvados,1337,1.898,30
2024,12,"Violences sexuelles",58,Nièvre,383,1.893,31
2024,12,"Violences sexuelles",25,Doubs,1029,1.875,32
2024,12,"Violences sexuelles",35,Ille-et-Vilaine,2077,1.872,33
2024,12,"Violences sexuelles",70,Haute-Saône,437,1.868,34
2024,12,"Violences sexuelles",04,Alpes-de-Haute-Provence,312,1.866,35
2024,12,"Violences sexuelles",55,Meuse,337,1.865,36
2024,12,"Violences sexuelles",08,Ardennes,498,1.864,37
2024,12,"Violences sexuelles",39,Jura,481,1.861,38
2024,12,"Violences sexuelles",88,Vosges,667,1.859,39
2024,12,"Violences sexuelles",60,Oise,1531,1.843,40
2024,12,"Violences sexuelles",56,Morbihan,1428,1.840,41
2024,12,"Violences sexuelles",68,Haut-Rhin,1401,1.825,42
2024,12,"Violences sexuelles",51,Marne,1024,1.815,43
2024,12,"Violences sexuelles",15,Cantal,259,1.794,44
2024,12,"Violences sexuelles",46,Lot,315,1.794,44
2024,12,"Violences sexuelles",26,Drôme,928,1.780,46
2024,12,"Violences sexuelles",36,Indre,383,1.767,47
2024,12,"Violences sexuelles",28,Eure-et-Loir,764,1.765,48
2024,12,"Violences sexuelles",03,Allier,590,1.763,49
2024,12,"Violences sexuelles",11,Aude,666,1.763,49
2024,12,"Violences sexuelles",22,Côtes-d'Armor,1060,1.739,51
2024,12,"Violences sexuelles",19,Corrèze,417,1.737,52
2024,12,"Violences sexuelles",81,Tarn,688,1.737,52
2024,12,"Violences sexuelles",38,Isère,2240,1.735,54
2024,12,"Violences sexuelles",50,Manche,850,1.711,55
2024,12,"Violences sexuelles",30,Gard,1304,1.707,56
2024,12,"Violences sexuelles",47,Lot-et-Garonne,567,1.707,56
2024,12,"Violences sexuelles",44,Loire-Atlantique,2497,1.695,58
2024,12,"Violences sexuelles",52,Haute-Marne,287,1.690,59
2024,12,"Violences sexuelles",24,Dordogne,702,1.686,60
2024,12,"Violences sexuelles",54,Meurthe-et-Moselle,1236,1.686,60
2024,12,"Violences sexuelles",29,Finistère,1553,1.674,62
2024,12,"Violences sexuelles",77,Seine-et-Marne,2426,1.670,63
2024,12,"Violences sexuelles",21,Côte-d'Or,895,1.665,64
2024,12,"Violences sexuelles",31,Haute-Garonne,2418,1.660,65
2024,12,"Violences sexuelles",87,Haute-Vienne,614,1.649,66
2024,12,"Violences sexuelles",73,Savoie,733,1.646,67
2024,12,"Violences sexuelles",83,Var,1815,1.638,68
2024,12,"Violences sexuelles",32,Gers,315,1.635,69
2024,12,"Violences sexuelles",85,Vendée,1155,1.635,69
2024,12,"Violences sexuelles",07,Ardèche,544,1.633,71
2024,12,"Violences sexuelles",43,Haute-Loire,371,1.626,72
2024,12,"Violences sexuelles",69,Rhône,3078,1.613,73
2024,12,"Violences sexuelles",65,Hautes-Pyrénées,373,1.612,74
2024,12,"Violences sexuelles",82,Tarn-et-Garonne,426,1.608,75
2024,12,"Violences sexuelles",01,Ain,1067,1.589,76
2024,12,"Violences sexuelles",67,Bas-Rhin,1810,1.564,77
2024,12,"Violences sexuelles",94,Val-de-Marne,2214,1.560,78
2024,12,"Violences sexuelles",18,Cher,466,1.556,79
2024,12,"Violences sexuelles",91,Essonne,2058,1.554,80
2024,12,"Violences sexuelles",42,Loire,1189,1.540,81
2024,12,"Violences sexuelles",84,Vaucluse,871,1.532,82
2024,12,"Violences sexuelles",34,Hérault,1851,1.521,83
2024,12,"Violences sexuelles",95,Val-d'Oise,1924,1.514,84
2024,12,"Violences sexuelles",63,Puy-de-Dôme,1005,1.513,85
2024,12,"Violences sexuelles",64,Pyrénées-Atlantiques,1055,1.508,86
2024,12,"Violences sexuelles",13,Bouches-du-Rhône,3065,1.481,87
2024,12,"Violences sexuelles",74,Haute-Savoie,1246,1.467,88
2024,12,"Violences sexuelles",71,Saône-et-Loire,794,1.446,89
2024,12,"Violences sexuelles",06,Alpes-Maritimes,1584,1.421,90
2024,12,"Violences sexuelles",78,Yvelines,2081,1.415,91
2024,12,"Violences sexuelles",92,Hauts-de-Seine,2261,1.372,92
2024,12,"Violences sexuelles",12,Aveyron,381,1.362,93
2024,12,"Violences sexuelles",57,Moselle,1431,1.362,93
2024,12,"Violences sexuelles",2B,Haute-Corse,231,1.247,95
2024,12,"Violences sexuelles",2A,Corse-du-Sud,153,0.921,96
2024,13,"Vols avec armes",13,Bouches-du-Rhône,572,0.276,1
2024,13,"Vols avec armes",93,Seine-Saint-Denis,329,0.196,2
2024,13,"Vols avec armes",38,Isère,246,0.190,3
2024,13,"Vols avec armes",95,Val-d'Oise,228,0.179,4
2024,13,"Vols avec armes",75,Paris,368,0.174,5
2024,13,"Vols avec armes",69,Rhône,273,0.143,6
2024,13,"Vols avec armes",91,Essonne,190,0.143,6
2024,13,"Vols avec armes",34,Hérault,157,0.129,8
2024,13,"Vols avec armes",44,Loire-Atlantique,185,0.126,9
2024,13,"Vols avec armes",25,Doubs,67,0.122,10
2024,13,"Vols avec armes",77,Seine-et-Marne,174,0.120,11
2024,13,"Vols avec armes",31,Haute-Garonne,174,0.119,12
2024,13,"Vols avec armes",06,Alpes-Maritimes,131,0.118,13
2024,13,"Vols avec armes",94,Val-de-Marne,166,0.117,14
2024,13,"Vols avec armes",59,Nord,292,0.112,15
2024,13,"Vols avec armes",84,Vaucluse,60,0.106,16
2024,13,"Vols avec armes",26,Drôme,55,0.105,17
2024,13,"Vols avec armes",30,Gard,80,0.105,17
2024,13,"Vols avec armes",33,Gironde,170,0.101,19
2024,13,"Vols avec armes",76,Seine-Maritime,126,0.100,20
2024,13,"Vols avec armes",60,Oise,81,0.098,21
2024,13,"Vols avec armes",66,Pyrénées-Orientales,47,0.095,22
2024,13,"Vols avec armes",92,Hauts-de-Seine,157,0.095,22
2024,13,"Vols avec armes",42,Loire,72,0.093,24
2024,13,"Vols avec armes",74,Haute-Savoie,77,0.091,25
2024,13,"Vols avec armes",35,Ille-et-Vilaine,92,0.083,26
2024,13,"Vols avec armes",87,Haute-Vienne,30,0.081,27
2024,13,"Vols avec armes",21,Côte-d'Or,43,0.080,28
2024,13,"Vols avec armes",78,Yvelines,118,0.080,28
2024,13,"Vols avec armes",83,Var,89,0.080,28
2024,13,"Vols avec armes",57,Moselle,82,0.078,31
2024,13,"Vols avec armes",45,Loiret,51,0.074,32
2024,13,"Vols avec armes",67,Bas-Rhin,86,0.074,32
2024,13,"Vols avec armes",62,Pas-de-Calais,107,0.073,34
2024,13,"Vols avec armes",72,Sarthe,40,0.071,35
2024,13,"Vols avec armes",23,Creuse,8,0.069,36
2024,13,"Vols avec armes",80,Somme,39,0.069,36
2024,13,"Vols avec armes",46,Lot,12,0.068,38
2024,13,"Vols avec armes",51,Marne,37,0.066,39
2024,13,"Vols avec armes",86,Vienne,29,0.066,39
2024,13,"Vols avec armes",05,Hautes-Alpes,9,0.064,41
2024,13,"Vols avec armes",41,Loir-et-Cher,21,0.064,41
2024,13,"Vols avec armes",54,Meurthe-et-Moselle,46,0.063,43
2024,13,"Vols avec armes",02,Aisne,32,0.061,44
2024,13,"Vols avec armes",11,Aude,23,0.061,44
2024,13,"Vols avec armes",37,Indre-et-Loire,37,0.060,46
2024,13,"Vols avec armes",08,Ardennes,15,0.056,47
2024,13,"Vols avec armes",28,Eure-et-Loir,23,0.053,48
2024,13,"Vols avec armes",63,Puy-de-Dôme,35,0.053,48
2024,13,"Vols avec armes",29,Finistère,48,0.052,50
2024,13,"Vols avec armes",01,Ain,34,0.051,51
2024,13,"Vols avec armes",89,Yonne,17,0.051,51
2024,13,"Vols avec armes",55,Meuse,9,0.050,53
2024,13,"Vols avec armes",71,Saône-et-Loire,27,0.049,54
2024,13,"Vols avec armes",73,Savoie,22,0.049,54
2024,13,"Vols avec armes",16,Charente,17,0.048,56
2024,13,"Vols avec armes",79,Deux-Sèvres,18,0.048,56
2024,13,"Vols avec armes",27,Eure,28,0.047,58
2024,13,"Vols avec armes",61,Orne,13,0.047,58
2024,13,"Vols avec armes",49,Maine-et-Loire,38,0.046,60
2024,13,"Vols avec armes",03,Allier,15,0.045,61
2024,13,"Vols avec armes",09,Ariège,7,0.045,61
2024,13,"Vols avec armes",88,Vosges,16,0.045,61
2024,13,"Vols avec armes",14,Calvados,31,0.044,64
2024,13,"Vols avec armes",64,Pyrénées-Atlantiques,30,0.043,65
2024,13,"Vols avec armes",68,Haut-Rhin,33,0.043,65
2024,13,"Vols avec armes",90,"Territoire de Belfort",6,0.043,65
2024,13,"Vols avec armes",04,Alpes-de-Haute-Provence,7,0.042,68
2024,13,"Vols avec armes",18,Cher,12,0.040,69
2024,13,"Vols avec armes",10,Aube,12,0.039,70
2024,13,"Vols avec armes",70,Haute-Saône,9,0.038,71
2024,13,"Vols avec armes",39,Jura,9,0.035,72
2024,13,"Vols avec armes",81,Tarn,14,0.035,72
2024,13,"Vols avec armes",2B,Haute-Corse,6,0.032,74
2024,13,"Vols avec armes",2A,Corse-du-Sud,5,0.030,75
2024,13,"Vols avec armes",40,Landes,13,0.030,75
2024,13,"Vols avec armes",58,Nièvre,6,0.030,75
2024,13,"Vols avec armes",65,Hautes-Pyrénées,7,0.030,75
2024,13,"Vols avec armes",52,Haute-Marne,5,0.029,79
2024,13,"Vols avec armes",36,Indre,6,0.028,80
2024,13,"Vols avec armes",85,Vendée,20,0.028,80
2024,13,"Vols avec armes",07,Ardèche,9,0.027,82
2024,13,"Vols avec armes",32,Gers,5,0.026,83
2024,13,"Vols avec armes",56,Morbihan,20,0.026,83
2024,13,"Vols avec armes",22,Côtes-d'Armor,15,0.025,85
2024,13,"Vols avec armes",17,Charente-Maritime,15,0.022,86
2024,13,"Vols avec armes",43,Haute-Loire,5,0.022,86
2024,13,"Vols avec armes",47,Lot-et-Garonne,7,0.021,88
2024,13,"Vols avec armes",19,Corrèze,4,0.017,89
2024,13,"Vols avec armes",24,Dordogne,7,0.017,89
2024,13,"Vols avec armes",50,Manche,8,0.016,91
2024,13,"Vols avec armes",53,Mayenne,5,0.016,91
2024,13,"Vols avec armes",82,Tarn-et-Garonne,4,0.015,93
2024,13,"Vols avec armes",12,Aveyron,4,0.014,94
2024,13,"Vols avec armes",15,Cantal,2,0.014,94
2024,13,"Vols avec armes",48,Lozère,0,0.000,96
2024,14,"Vols d'accessoires sur véhicules",13,Bouches-du-Rhône,6817,3.294,1
2024,14,"Vols d'accessoires sur véhicules",91,Essonne,3648,2.754,2
2024,14,"Vols d'accessoires sur véhicules",69,Rhône,5107,2.677,3
2024,14,"Vols d'accessoires sur véhicules",95,Val-d'Oise,3374,2.655,4
2024,14,"Vols d'accessoires sur véhicules",77,Seine-et-Marne,3494,2.406,5
2024,14,"Vols d'accessoires sur véhicules",93,Seine-Saint-Denis,3850,2.289,6
2024,14,"Vols d'accessoires sur véhicules",42,Loire,1706,2.210,7
2024,14,"Vols d'accessoires sur véhicules",78,Yvelines,2925,1.989,8
2024,14,"Vols d'accessoires sur véhicules",38,Isère,2520,1.951,9
2024,14,"Vols d'accessoires sur véhicules",94,Val-de-Marne,2736,1.927,10
2024,14,"Vols d'accessoires sur véhicules",44,Loire-Atlantique,2817,1.912,11
2024,14,"Vols d'accessoires sur véhicules",60,Oise,1585,1.908,12
2024,14,"Vols d'accessoires sur véhicules",36,Indre,394,1.817,13
2024,14,"Vols d'accessoires sur véhicules",66,Pyrénées-Orientales,876,1.777,14
2024,14,"Vols d'accessoires sur véhicules",02,Aisne,910,1.731,15
2024,14,"Vols d'accessoires sur véhicules",31,Haute-Garonne,2489,1.709,16
2024,14,"Vols d'accessoires sur véhicules",52,Haute-Marne,284,1.672,17
2024,14,"Vols d'accessoires sur véhicules",51,Marne,936,1.659,18
2024,14,"Vols d'accessoires sur véhicules",11,Aude,626,1.657,19
2024,14,"Vols d'accessoires sur véhicules",34,Hérault,1971,1.619,20
2024,14,"Vols d'accessoires sur véhicules",76,Seine-Maritime,1993,1.581,21
2024,14,"Vols d'accessoires sur véhicules",89,Yonne,528,1.581,21
2024,14,"Vols d'accessoires sur véhicules",21,Côte-d'Or,839,1.561,23
2024,14,"Vols d'accessoires sur véhicules",59,Nord,3981,1.521,24
2024,14,"Vols d'accessoires sur véhicules",58,Nièvre,307,1.518,25
2024,14,"Vols d'accessoires sur véhicules",26,Drôme,786,1.507,26
2024,14,"Vols d'accessoires sur véhicules",37,Indre-et-Loire,880,1.428,27
2024,14,"Vols d'accessoires sur véhicules",33,Gironde,2366,1.413,28
2024,14,"Vols d'accessoires sur véhicules",80,Somme,767,1.356,29
2024,14,"Vols d'accessoires sur véhicules",18,Cher,397,1.326,30
2024,14,"Vols d'accessoires sur véhicules",71,Saône-et-Loire,725,1.320,31
2024,14,"Vols d'accessoires sur véhicules",86,Vienne,572,1.304,32
2024,14,"Vols d'accessoires sur véhicules",17,Charente-Maritime,870,1.302,33
2024,14,"Vols d'accessoires sur véhicules",49,Maine-et-Loire,1075,1.298,34
2024,14,"Vols d'accessoires sur véhicules",10,Aube,401,1.289,35
2024,14,"Vols d'accessoires sur véhicules",56,Morbihan,993,1.279,36
2024,14,"Vols d'accessoires sur véhicules",27,Eure,761,1.266,37
2024,14,"Vols d'accessoires sur véhicules",41,Loir-et-Cher,415,1.262,38
2024,14,"Vols d'accessoires sur véhicules",28,Eure-et-Loir,538,1.243,39
2024,14,"Vols d'accessoires sur véhicules",47,Lot-et-Garonne,411,1.237,40
2024,14,"Vols d'accessoires sur véhicules",92,Hauts-de-Seine,2025,1.229,41
2024,14,"Vols d'accessoires sur véhicules",30,Gard,929,1.216,42
2024,14,"Vols d'accessoires sur véhicules",84,Vaucluse,689,1.212,43
2024,14,"Vols d'accessoires sur véhicules",01,Ain,806,1.201,44
2024,14,"Vols d'accessoires sur véhicules",62,Pas-de-Calais,1645,1.127,45
2024,14,"Vols d'accessoires sur véhicules",75,Paris,2298,1.087,46
2024,14,"Vols d'accessoires sur véhicules",72,Sarthe,605,1.069,47
2024,14,"Vols d'accessoires sur véhicules",2A,Corse-du-Sud,176,1.060,48
2024,14,"Vols d'accessoires sur véhicules",16,Charente,371,1.055,49
2024,14,"Vols d'accessoires sur véhicules",35,Ille-et-Vilaine,1119,1.009,50
2024,14,"Vols d'accessoires sur véhicules",45,Loiret,686,0.998,51
2024,14,"Vols d'accessoires sur véhicules",79,Deux-Sèvres,371,0.988,52
2024,14,"Vols d'accessoires sur véhicules",83,Var,1091,0.984,53
2024,14,"Vols d'accessoires sur véhicules",85,Vendée,695,0.984,53
2024,14,"Vols d'accessoires sur véhicules",61,Orne,271,0.981,55
2024,14,"Vols d'accessoires sur véhicules",54,Meurthe-et-Moselle,690,0.941,56
2024,14,"Vols d'accessoires sur véhicules",25,Doubs,515,0.939,57
2024,14,"Vols d'accessoires sur véhicules",87,Haute-Vienne,342,0.918,58
2024,14,"Vols d'accessoires sur véhicules",39,Jura,237,0.917,59
2024,14,"Vols d'accessoires sur véhicules",57,Moselle,943,0.897,60
2024,14,"Vols d'accessoires sur véhicules",08,Ardennes,239,0.894,61
2024,14,"Vols d'accessoires sur véhicules",32,Gers,172,0.893,62
2024,14,"Vols d'accessoires sur véhicules",04,Alpes-de-Haute-Provence,145,0.867,63
2024,14,"Vols d'accessoires sur véhicules",55,Meuse,155,0.858,64
2024,14,"Vols d'accessoires sur véhicules",29,Finistère,794,0.856,65
2024,14,"Vols d'accessoires sur véhicules",88,Vosges,303,0.845,66
2024,14,"Vols d'accessoires sur véhicules",06,Alpes-Maritimes,920,0.825,67
2024,14,"Vols d'accessoires sur véhicules",14,Calvados,562,0.798,68
2024,14,"Vols d'accessoires sur véhicules",73,Savoie,353,0.793,69
2024,14,"Vols d'accessoires sur véhicules",63,Puy-de-Dôme,526,0.792,70
2024,14,"Vols d'accessoires sur véhicules",82,Tarn-et-Garonne,205,0.774,71
2024,14,"Vols d'accessoires sur véhicules",70,Haute-Saône,178,0.761,72
2024,14,"Vols d'accessoires sur véhicules",09,Ariège,112,0.721,73
2024,14,"Vols d'accessoires sur véhicules",40,Landes,299,0.698,74
2024,14,"Vols d'accessoires sur véhicules",23,Creuse,78,0.675,75
2024,14,"Vols d'accessoires sur véhicules",64,Pyrénées-Atlantiques,464,0.663,76
2024,14,"Vols d'accessoires sur véhicules",43,Haute-Loire,150,0.657,77
2024,14,"Vols d'accessoires sur véhicules",48,Lozère,50,0.654,78
2024,14,"Vols d'accessoires sur véhicules",03,Allier,215,0.642,79
2024,14,"Vols d'accessoires sur véhicules",2B,Haute-Corse,112,0.605,80
2024,14,"Vols d'accessoires sur véhicules",53,Mayenne,182,0.596,81
2024,14,"Vols d'accessoires sur véhicules",65,Hautes-Pyrénées,136,0.588,82
2024,14,"Vols d'accessoires sur véhicules",74,Haute-Savoie,498,0.586,83
2024,14,"Vols d'accessoires sur véhicules",22,Côtes-d'Armor,354,0.581,84
2024,14,"Vols d'accessoires sur véhicules",81,Tarn,210,0.530,85
2024,14,"Vols d'accessoires sur véhicules",05,Hautes-Alpes,71,0.501,86
2024,14,"Vols d'accessoires sur véhicules",50,Manche,248,0.499,87
2024,14,"Vols d'accessoires sur véhicules",07,Ardèche,164,0.492,88
2024,14,"Vols d'accessoires sur véhicules",67,Bas-Rhin,560,0.484,89
2024,14,"Vols d'accessoires sur véhicules",90,"Territoire de Belfort",65,0.464,90
2024,14,"Vols d'accessoires sur véhicules",68,Haut-Rhin,348,0.453,91
2024,14,"Vols d'accessoires sur véhicules",46,Lot,79,0.450,92
2024,14,"Vols d'accessoires sur véhicules",24,Dordogne,182,0.437,93
2024,14,"Vols d'accessoires sur véhicules",12,Aveyron,115,0.411,94
2024,14,"Vols d'accessoires sur véhicules",19,Corrèze,97,0.404,95
2024,14,"Vols d'accessoires sur véhicules",15,Cantal,37,0.256,96
2024,15,"Vols dans les véhicules",69,Rhône,17734,9.295,1
2024,15,"Vols dans les véhicules",13,Bouches-du-Rhône,17824,8.611,2
2024,15,"Vols dans les véhicules",75,Paris,14832,7.017,3
2024,15,"Vols dans les véhicules",38,Isère,8829,6.837,4
2024,15,"Vols dans les véhicules",33,Gironde,11380,6.794,5
2024,15,"Vols dans les véhicules",93,Seine-Saint-Denis,11003,6.543,6
2024,15,"Vols dans les véhicules",31,Haute-Garonne,8472,5.818,7
2024,15,"Vols dans les véhicules",37,Indre-et-Loire,3347,5.431,8
2024,15,"Vols dans les véhicules",59,Nord,14088,5.383,9
2024,15,"Vols dans les véhicules",34,Hérault,6494,5.335,10
2024,15,"Vols dans les véhicules",44,Loire-Atlantique,7312,4.963,11
2024,15,"Vols dans les véhicules",76,Seine-Maritime,6250,4.960,12
2024,15,"Vols dans les véhicules",51,Marne,2596,4.602,13
2024,15,"Vols dans les véhicules",95,Val-d'Oise,5593,4.401,14
2024,15,"Vols dans les véhicules",11,Aude,1603,4.243,15
2024,15,"Vols dans les véhicules",42,Loire,3211,4.159,16
2024,15,"Vols dans les véhicules",94,Val-de-Marne,5741,4.044,17
2024,15,"Vols dans les véhicules",26,Drôme,2087,4.002,18
2024,15,"Vols dans les véhicules",66,Pyrénées-Orientales,1930,3.915,19
2024,15,"Vols dans les véhicules",84,Vaucluse,2142,3.766,20
2024,15,"Vols dans les véhicules",83,Var,3910,3.528,21
2024,15,"Vols dans les véhicules",80,Somme,1956,3.459,22
2024,15,"Vols dans les véhicules",91,Essonne,4452,3.361,23
2024,15,"Vols dans les véhicules",77,Seine-et-Marne,4848,3.338,24
2024,15,"Vols dans les véhicules",92,Hauts-de-Seine,5359,3.253,25
2024,15,"Vols dans les véhicules",63,Puy-de-Dôme,2141,3.223,26
2024,15,"Vols dans les véhicules",06,Alpes-Maritimes,3584,3.216,27
2024,15,"Vols dans les véhicules",74,Haute-Savoie,2632,3.098,28
2024,15,"Vols dans les véhicules",35,Ille-et-Vilaine,3350,3.020,29
2024,15,"Vols dans les véhicules",54,Meurthe-et-Moselle,2211,3.017,30
2024,15,"Vols dans les véhicules",10,Aube,926,2.977,31
2024,15,"Vols dans les véhicules",73,Savoie,1312,2.946,32
2024,15,"Vols dans les véhicules",21,Côte-d'Or,1558,2.898,33
2024,15,"Vols dans les véhicules",72,Sarthe,1630,2.879,34
2024,15,"Vols dans les véhicules",86,Vienne,1233,2.811,35
2024,15,"Vols dans les véhicules",52,Haute-Marne,453,2.667,36
2024,15,"Vols dans les véhicules",30,Gard,2026,2.652,37
2024,15,"Vols dans les véhicules",36,Indre,567,2.615,38
2024,15,"Vols dans les véhicules",87,Haute-Vienne,964,2.588,39
2024,15,"Vols dans les véhicules",01,Ain,1729,2.576,40
2024,15,"Vols dans les véhicules",64,Pyrénées-Atlantiques,1801,2.575,41
2024,15,"Vols dans les véhicules",45,Loiret,1768,2.573,42
2024,15,"Vols dans les véhicules",02,Aisne,1349,2.567,43
2024,15,"Vols dans les véhicules",67,Bas-Rhin,2941,2.542,44
2024,15,"Vols dans les véhicules",17,Charente-Maritime,1672,2.502,45
2024,15,"Vols dans les véhicules",57,Moselle,2628,2.501,46
2024,15,"Vols dans les véhicules",60,Oise,2068,2.489,47
2024,15,"Vols dans les véhicules",04,Alpes-de-Haute-Provence,411,2.458,48
2024,15,"Vols dans les véhicules",62,Pas-de-Calais,3520,2.411,49
2024,15,"Vols dans les véhicules",14,Calvados,1660,2.356,50
2024,15,"Vols dans les véhicules",16,Charente,826,2.349,51
2024,15,"Vols dans les véhicules",55,Meuse,419,2.318,52
2024,15,"Vols dans les véhicules",49,Maine-et-Loire,1898,2.292,53
2024,15,"Vols dans les véhicules",78,Yvelines,3310,2.251,54
2024,15,"Vols dans les véhicules",68,Haut-Rhin,1726,2.248,55
2024,15,"Vols dans les véhicules",56,Morbihan,1609,2.073,56
2024,15,"Vols dans les véhicules",41,Loir-et-Cher,670,2.037,57
2024,15,"Vols dans les véhicules",89,Yonne,674,2.019,58
2024,15,"Vols dans les véhicules",53,Mayenne,612,2.004,59
2024,15,"Vols dans les véhicules",18,Cher,590,1.970,60
2024,15,"Vols dans les véhicules",47,Lot-et-Garonne,654,1.969,61
2024,15,"Vols dans les véhicules",65,Hautes-Pyrénées,455,1.966,62
2024,15,"Vols dans les véhicules",28,Eure-et-Loir,845,1.952,63
2024,15,"Vols dans les véhicules",08,Ardennes,520,1.946,64
2024,15,"Vols dans les véhicules",70,Haute-Saône,435,1.860,65
2024,15,"Vols dans les véhicules",71,Saône-et-Loire,1009,1.837,66
2024,15,"Vols dans les véhicules",85,Vendée,1232,1.744,67
2024,15,"Vols dans les véhicules",05,Hautes-Alpes,247,1.743,68
2024,15,"Vols dans les véhicules",82,Tarn-et-Garonne,460,1.736,69
2024,15,"Vols dans les véhicules",09,Ariège,269,1.732,70
2024,15,"Vols dans les véhicules",27,Eure,1029,1.711,71
2024,15,"Vols dans les véhicules",39,Jura,433,1.676,72
2024,15,"Vols dans les véhicules",40,Landes,707,1.650,73
2024,15,"Vols dans les véhicules",29,Finistère,1511,1.628,74
2024,15,"Vols dans les véhicules",25,Doubs,892,1.626,75
2024,15,"Vols dans les véhicules",50,Manche,768,1.546,76
2024,15,"Vols dans les véhicules",79,Deux-Sèvres,574,1.529,77
2024,15,"Vols dans les véhicules",03,Allier,509,1.521,78
2024,15,"Vols dans les véhicules",32,Gers,265,1.376,79
2024,15,"Vols dans les véhicules",58,Nièvre,278,1.374,80
2024,15,"Vols dans les véhicules",88,Vosges,478,1.333,81
2024,15,"Vols dans les véhicules",61,Orne,363,1.315,82
2024,15,"Vols dans les véhicules",07,Ardèche,427,1.281,83
2024,15,"Vols dans les véhicules",22,Côtes-d'Armor,766,1.257,84
2024,15,"Vols dans les véhicules",81,Tarn,491,1.239,85
2024,15,"Vols dans les véhicules",90,"Territoire de Belfort",157,1.121,86
2024,15,"Vols dans les véhicules",2A,Corse-du-Sud,159,0.958,87
2024,15,"Vols dans les véhicules",43,Haute-Loire,209,0.916,88
2024,15,"Vols dans les véhicules",12,Aveyron,255,0.912,89
2024,15,"Vols dans les véhicules",24,Dordogne,369,0.886,90
2024,15,"Vols dans les véhicules",2B,Haute-Corse,161,0.869,91
2024,15,"Vols dans les véhicules",23,Creuse,96,0.831,92
2024,15,"Vols dans les véhicules",46,Lot,144,0.820,93
2024,15,"Vols dans les véhicules",48,Lozère,62,0.810,94
2024,15,"Vols dans les véhicules",19,Corrèze,190,0.791,95
2024,15,"Vols dans les véhicules",15,Cantal,102,0.706,96
2024,16,"Vols de véhicule",13,Bouches-du-Rhône,10189,4.923,1
2024,16,"Vols de véhicule",95,Val-d'Oise,4282,3.369,2
2024,16,"Vols de véhicule",93,Seine-Saint-Denis,5524,3.285,3
2024,16,"Vols de véhicule",91,Essonne,4215,3.182,4
2024,16,"Vols de véhicule",69,Rhône,5899,3.092,5
2024,16,"Vols de véhicule",59,Nord,7905,3.021,6
2024,16,"Vols de véhicule",44,Loire-Atlantique,4352,2.954,7
2024,16,"Vols de véhicule",60,Oise,2402,2.891,8
2024,16,"Vols de véhicule",94,Val-de-Marne,4046,2.850,9
2024,16,"Vols de véhicule",38,Isère,3651,2.827,10
2024,16,"Vols de véhicule",26,Drôme,1430,2.742,11
2024,16,"Vols de véhicule",51,Marne,1447,2.565,12
2024,16,"Vols de véhicule",41,Loir-et-Cher,817,2.484,13
2024,16,"Vols de véhicule",77,Seine-et-Marne,3604,2.481,14
2024,16,"Vols de véhicule",66,Pyrénées-Orientales,1188,2.410,15
2024,16,"Vols de véhicule",92,Hauts-de-Seine,3858,2.342,16
2024,16,"Vols de véhicule",06,Alpes-Maritimes,2578,2.313,17
2024,16,"Vols de véhicule",02,Aisne,1210,2.302,18
2024,16,"Vols de véhicule",34,Hérault,2779,2.283,19
2024,16,"Vols de véhicule",33,Gironde,3694,2.205,20
2024,16,"Vols de véhicule",83,Var,2443,2.204,21
2024,16,"Vols de véhicule",42,Loire,1666,2.158,22
2024,16,"Vols de véhicule",84,Vaucluse,1214,2.135,23
2024,16,"Vols de véhicule",78,Yvelines,3091,2.102,24
2024,16,"Vols de véhicule",63,Puy-de-Dôme,1327,1.997,25
2024,16,"Vols de véhicule",30,Gard,1522,1.992,26
2024,16,"Vols de véhicule",76,Seine-Maritime,2488,1.974,27
2024,16,"Vols de véhicule",11,Aude,743,1.967,28
2024,16,"Vols de véhicule",2A,Corse-du-Sud,326,1.963,29
2024,16,"Vols de véhicule",17,Charente-Maritime,1307,1.956,30
2024,16,"Vols de véhicule",74,Haute-Savoie,1660,1.954,31
2024,16,"Vols de véhicule",75,Paris,3937,1.863,32
2024,16,"Vols de véhicule",31,Haute-Garonne,2696,1.851,33
2024,16,"Vols de véhicule",89,Yonne,617,1.848,34
2024,16,"Vols de véhicule",01,Ain,1203,1.792,35
2024,16,"Vols de véhicule",35,Ille-et-Vilaine,1965,1.771,36
2024,16,"Vols de véhicule",80,Somme,983,1.738,37
2024,16,"Vols de véhicule",58,Nièvre,343,1.696,38
2024,16,"Vols de véhicule",27,Eure,985,1.638,39
2024,16,"Vols de véhicule",36,Indre,347,1.600,40
2024,16,"Vols de véhicule",37,Indre-et-Loire,970,1.574,41
2024,16,"Vols de véhicule",62,Pas-de-Calais,2294,1.571,42
2024,16,"Vols de véhicule",49,Maine-et-Loire,1285,1.552,43
2024,16,"Vols de véhicule",52,Haute-Marne,262,1.542,44
2024,16,"Vols de véhicule",45,Loiret,1041,1.515,45
2024,16,"Vols de véhicule",28,Eure-et-Loir,645,1.490,46
2024,16,"Vols de véhicule",18,Cher,444,1.482,47
2024,16,"Vols de véhicule",2B,Haute-Corse,273,1.474,48
2024,16,"Vols de véhicule",10,Aube,449,1.443,49
2024,16,"Vols de véhicule",08,Ardennes,383,1.433,50
2024,16,"Vols de véhicule",55,Meuse,252,1.394,51
2024,16,"Vols de véhicule",29,Finistère,1272,1.371,52
2024,16,"Vols de véhicule",85,Vendée,947,1.341,53
2024,16,"Vols de véhicule",56,Morbihan,1031,1.328,54
2024,16,"Vols de véhicule",07,Ardèche,436,1.308,55
2024,16,"Vols de véhicule",64,Pyrénées-Atlantiques,913,1.305,56
2024,16,"Vols de véhicule",04,Alpes-de-Haute-Provence,215,1.286,57
2024,16,"Vols de véhicule",72,Sarthe,724,1.279,58
2024,16,"Vols de véhicule",73,Savoie,560,1.258,59
2024,16,"Vols de véhicule",16,Charente,419,1.192,60
2024,16,"Vols de véhicule",86,Vienne,521,1.188,61
2024,16,"Vols de véhicule",14,Calvados,834,1.184,62
2024,16,"Vols de véhicule",79,Deux-Sèvres,443,1.180,63
2024,16,"Vols de véhicule",05,Hautes-Alpes,167,1.179,64
2024,16,"Vols de véhicule",40,Landes,502,1.172,65
2024,16,"Vols de véhicule",47,Lot-et-Garonne,380,1.144,66
2024,16,"Vols de véhicule",54,Meurthe-et-Moselle,826,1.127,67
2024,16,"Vols de véhicule",71,Saône-et-Loire,618,1.125,68
2024,16,"Vols de véhicule",82,Tarn-et-Garonne,293,1.106,69
2024,16,"Vols de véhicule",25,Doubs,604,1.101,70
2024,16,"Vols de véhicule",70,Haute-Saône,248,1.060,71
2024,16,"Vols de véhicule",61,Orne,285,1.032,72
2024,16,"Vols de véhicule",88,Vosges,370,1.032,72
2024,16,"Vols de véhicule",21,Côte-d'Or,547,1.018,74
2024,16,"Vols de véhicule",32,Gers,194,1.007,75
2024,16,"Vols de véhicule",57,Moselle,1055,1.004,76
2024,16,"Vols de véhicule",65,Hautes-Pyrénées,231,0.998,77
2024,16,"Vols de véhicule",39,Jura,254,0.983,78
2024,16,"Vols de véhicule",50,Manche,479,0.964,79
2024,16,"Vols de véhicule",87,Haute-Vienne,355,0.953,80
2024,16,"Vols de véhicule",09,Ariège,137,0.882,81
2024,16,"Vols de véhicule",23,Creuse,99,0.857,82
2024,16,"Vols de véhicule",22,Côtes-d'Armor,497,0.815,83
2024,16,"Vols de véhicule",43,Haute-Loire,184,0.806,84
2024,16,"Vols de véhicule",03,Allier,268,0.801,85
2024,16,"Vols de véhicule",46,Lot,129,0.735,86
2024,16,"Vols de véhicule",24,Dordogne,299,0.718,87
2024,16,"Vols de véhicule",81,Tarn,275,0.694,88
2024,16,"Vols de véhicule",68,Haut-Rhin,532,0.693,89
2024,16,"Vols de véhicule",67,Bas-Rhin,791,0.684,90
2024,16,"Vols de véhicule",12,Aveyron,183,0.654,91
2024,16,"Vols de véhicule",19,Corrèze,155,0.646,92
2024,16,"Vols de véhicule",53,Mayenne,192,0.629,93
2024,16,"Vols de véhicule",90,"Territoire de Belfort",74,0.528,94
2024,16,"Vols de véhicule",48,Lozère,35,0.457,95
2024,16,"Vols de véhicule",15,Cantal,65,0.450,96
2024,17,"Vols sans violence contre des personnes",75,Paris,99110,46.889,1
2024,17,"Vols sans violence contre des personnes",69,Rhône,29693,15.563,2
2024,17,"Vols sans violence contre des personnes",93,Seine-Saint-Denis,25190,14.979,3
2024,17,"Vols sans violence contre des personnes",92,Hauts-de-Seine,21348,12.958,4
2024,17,"Vols sans violence contre des personnes",06,Alpes-Maritimes,14261,12.795,5
2024,17,"Vols sans violence contre des personnes",34,Hérault,15067,12.377,6
2024,17,"Vols sans violence contre des personnes",13,Bouches-du-Rhône,25497,12.319,7
2024,17,"Vols sans violence contre des personnes",94,Val-de-Marne,16640,11.722,8
2024,17,"Vols sans violence contre des personnes",33,Gironde,18347,10.954,9
2024,17,"Vols sans violence contre des personnes",31,Haute-Garonne,15073,10.350,10
2024,17,"Vols sans violence contre des personnes",95,Val-d'Oise,12981,10.214,11
2024,17,"Vols sans violence contre des personnes",73,Savoie,4198,9.428,12
2024,17,"Vols sans violence contre des personnes",67,Bas-Rhin,10507,9.082,13
2024,17,"Vols sans violence contre des personnes",66,Pyrénées-Orientales,4471,9.070,14
2024,17,"Vols sans violence contre des personnes",83,Var,9960,8.986,15
2024,17,"Vols sans violence contre des personnes",74,Haute-Savoie,7463,8.784,16
2024,17,"Vols sans violence contre des personnes",44,Loire-Atlantique,12565,8.529,17
2024,17,"Vols sans violence contre des personnes",38,Isère,10964,8.490,18
2024,17,"Vols sans violence contre des personnes",84,Vaucluse,4560,8.018,19
2024,17,"Vols sans violence contre des personnes",59,Nord,20379,7.787,20
2024,17,"Vols sans violence contre des personnes",91,Essonne,10186,7.690,21
2024,17,"Vols sans violence contre des personnes",40,Landes,3140,7.329,22
2024,17,"Vols sans violence contre des personnes",11,Aude,2764,7.317,23
2024,17,"Vols sans violence contre des personnes",30,Gard,5578,7.301,24
2024,17,"Vols sans violence contre des personnes",05,Hautes-Alpes,1034,7.298,25
2024,17,"Vols sans violence contre des personnes",26,Drôme,3798,7.284,26
2024,17,"Vols sans violence contre des personnes",35,Ille-et-Vilaine,7982,7.196,27
2024,17,"Vols sans violence contre des personnes",37,Indre-et-Loire,4400,7.139,28
2024,17,"Vols sans violence contre des personnes",80,Somme,3994,7.062,29
2024,17,"Vols sans violence contre des personnes",64,Pyrénées-Atlantiques,4934,7.054,30
2024,17,"Vols sans violence contre des personnes",54,Meurthe-et-Moselle,5048,6.888,31
2024,17,"Vols sans violence contre des personnes",65,Hautes-Pyrénées,1567,6.770,32
2024,17,"Vols sans violence contre des personnes",77,Seine-et-Marne,9815,6.758,33
2024,17,"Vols sans violence contre des personnes",76,Seine-Maritime,8490,6.737,34
2024,17,"Vols sans violence contre des personnes",51,Marne,3798,6.733,35
2024,17,"Vols sans violence contre des personnes",17,Charente-Maritime,4471,6.692,36
2024,17,"Vols sans violence contre des personnes",78,Yvelines,9818,6.675,37
2024,17,"Vols sans violence contre des personnes",68,Haut-Rhin,5102,6.645,38
2024,17,"Vols sans violence contre des personnes",90,"Territoire de Belfort",906,6.468,39
2024,17,"Vols sans violence contre des personnes",21,Côte-d'Or,3446,6.410,40
2024,17,"Vols sans violence contre des personnes",63,Puy-de-Dôme,4143,6.236,41
2024,17,"Vols sans violence contre des personnes",10,Aube,1928,6.198,42
2024,17,"Vols sans violence contre des personnes",47,Lot-et-Garonne,2039,6.137,43
2024,17,"Vols sans violence contre des personnes",42,Loire,4733,6.131,44
2024,17,"Vols sans violence contre des personnes",14,Calvados,4216,5.983,45
2024,17,"Vols sans violence contre des personnes",09,Ariège,914,5.884,46
2024,17,"Vols sans violence contre des personnes",16,Charente,2051,5.833,47
2024,17,"Vols sans violence contre des personnes",45,Loiret,3984,5.799,48
2024,17,"Vols sans violence contre des personnes",04,Alpes-de-Haute-Provence,905,5.413,49
2024,17,"Vols sans violence contre des personnes",87,Haute-Vienne,2016,5.413,49
2024,17,"Vols sans violence contre des personnes",86,Vienne,2357,5.373,51
2024,17,"Vols sans violence contre des personnes",57,Moselle,5598,5.328,52
2024,17,"Vols sans violence contre des personnes",56,Morbihan,4109,5.294,53
2024,17,"Vols sans violence contre des personnes",60,Oise,4386,5.280,54
2024,17,"Vols sans violence contre des personnes",72,Sarthe,2967,5.241,55
2024,17,"Vols sans violence contre des personnes",41,Loir-et-Cher,1722,5.235,56
2024,17,"Vols sans violence contre des personnes",49,Maine-et-Loire,4293,5.184,57
2024,17,"Vols sans violence contre des personnes",08,Ardennes,1376,5.150,58
2024,17,"Vols sans violence contre des personnes",02,Aisne,2658,5.057,59
2024,17,"Vols sans violence contre des personnes",36,Indre,1096,5.055,60
2024,17,"Vols sans violence contre des personnes",03,Allier,1647,4.921,61
2024,17,"Vols sans violence contre des personnes",29,Finistère,4561,4.915,62
2024,17,"Vols sans violence contre des personnes",58,Nièvre,988,4.884,63
2024,17,"Vols sans violence contre des personnes",22,Côtes-d'Armor,2956,4.849,64
2024,17,"Vols sans violence contre des personnes",62,Pas-de-Calais,6995,4.790,65
2024,17,"Vols sans violence contre des personnes",2A,Corse-du-Sud,777,4.679,66
2024,17,"Vols sans violence contre des personnes",85,Vendée,3292,4.661,67
2024,17,"Vols sans violence contre des personnes",25,Doubs,2552,4.651,68
2024,17,"Vols sans violence contre des personnes",46,Lot,816,4.646,69
2024,17,"Vols sans violence contre des personnes",01,Ain,3104,4.624,70
2024,17,"Vols sans violence contre des personnes",19,Corrèze,1107,4.610,71
2024,17,"Vols sans violence contre des personnes",88,Vosges,1645,4.586,72
2024,17,"Vols sans violence contre des personnes",70,Haute-Saône,1070,4.574,73
2024,17,"Vols sans violence contre des personnes",07,Ardèche,1519,4.558,74
2024,17,"Vols sans violence contre des personnes",18,Cher,1353,4.518,75
2024,17,"Vols sans violence contre des personnes",27,Eure,2659,4.422,76
2024,17,"Vols sans violence contre des personnes",89,Yonne,1470,4.403,77
2024,17,"Vols sans violence contre des personnes",82,Tarn-et-Garonne,1166,4.401,78
2024,17,"Vols sans violence contre des personnes",2B,Haute-Corse,808,4.362,79
2024,17,"Vols sans violence contre des personnes",61,Orne,1202,4.353,80
2024,17,"Vols sans violence contre des personnes",81,Tarn,1689,4.263,81
2024,17,"Vols sans violence contre des personnes",39,Jura,1091,4.222,82
2024,17,"Vols sans violence contre des personnes",24,Dordogne,1751,4.206,83
2024,17,"Vols sans violence contre des personnes",52,Haute-Marne,712,4.192,84
2024,17,"Vols sans violence contre des personnes",71,Saône-et-Loire,2269,4.132,85
2024,17,"Vols sans violence contre des personnes",32,Gers,790,4.101,86
2024,17,"Vols sans violence contre des personnes",28,Eure-et-Loir,1754,4.051,87
2024,17,"Vols sans violence contre des personnes",53,Mayenne,1224,4.007,88
2024,17,"Vols sans violence contre des personnes",79,Deux-Sèvres,1504,4.006,89
2024,17,"Vols sans violence contre des personnes",50,Manche,1973,3.971,90
2024,17,"Vols sans violence contre des personnes",55,Meuse,706,3.906,91
2024,17,"Vols sans violence contre des personnes",23,Creuse,412,3.566,92
2024,17,"Vols sans violence contre des personnes",43,Haute-Loire,771,3.379,93
2024,17,"Vols sans violence contre des personnes",12,Aveyron,945,3.378,94
2024,17,"Vols sans violence contre des personnes",15,Cantal,417,2.888,95
2024,17,"Vols sans violence contre des personnes",48,Lozère,196,2.562,96
2024,18,"Vols violents sans arme",75,Paris,7432,3.516,1
2024,18,"Vols violents sans arme",93,Seine-Saint-Denis,4020,2.390,2
2024,18,"Vols violents sans arme",13,Bouches-du-Rhône,3183,1.538,3
2024,18,"Vols violents sans arme",69,Rhône,2877,1.508,4
2024,18,"Vols violents sans arme",94,Val-de-Marne,1434,1.010,5
2024,18,"Vols violents sans arme",95,Val-d'Oise,1235,0.972,6
2024,18,"Vols violents sans arme",34,Hérault,1152,0.946,7
2024,18,"Vols violents sans arme",06,Alpes-Maritimes,1049,0.941,8
2024,18,"Vols violents sans arme",33,Gironde,1407,0.840,9
2024,18,"Vols violents sans arme",91,Essonne,1079,0.815,10
2024,18,"Vols violents sans arme",42,Loire,628,0.813,11
2024,18,"Vols violents sans arme",31,Haute-Garonne,1182,0.812,12
2024,18,"Vols violents sans arme",92,Hauts-de-Seine,1326,0.805,13
2024,18,"Vols violents sans arme",59,Nord,2081,0.795,14
2024,18,"Vols violents sans arme",66,Pyrénées-Orientales,369,0.749,15
2024,18,"Vols violents sans arme",38,Isère,921,0.713,16
2024,18,"Vols violents sans arme",44,Loire-Atlantique,990,0.672,17
2024,18,"Vols violents sans arme",76,Seine-Maritime,828,0.657,18
2024,18,"Vols violents sans arme",77,Seine-et-Marne,815,0.561,19
2024,18,"Vols violents sans arme",51,Marne,315,0.558,20
2024,18,"Vols violents sans arme",84,Vaucluse,294,0.517,21
2024,18,"Vols violents sans arme",35,Ille-et-Vilaine,558,0.503,22
2024,18,"Vols violents sans arme",72,Sarthe,285,0.503,22
2024,18,"Vols violents sans arme",83,Var,544,0.491,24
2024,18,"Vols violents sans arme",80,Somme,277,0.490,25
2024,18,"Vols violents sans arme",78,Yvelines,711,0.483,26
2024,18,"Vols violents sans arme",30,Gard,367,0.480,27
2024,18,"Vols violents sans arme",37,Indre-et-Loire,292,0.474,28
2024,18,"Vols violents sans arme",45,Loiret,308,0.448,29
2024,18,"Vols violents sans arme",63,Puy-de-Dôme,290,0.436,30
2024,18,"Vols violents sans arme",26,Drôme,223,0.428,31
2024,18,"Vols violents sans arme",74,Haute-Savoie,355,0.418,32
2024,18,"Vols violents sans arme",60,Oise,344,0.414,33
2024,18,"Vols violents sans arme",54,Meurthe-et-Moselle,290,0.396,34
2024,18,"Vols violents sans arme",11,Aude,148,0.392,35
2024,18,"Vols violents sans arme",21,Côte-d'Or,205,0.381,36
2024,18,"Vols violents sans arme",62,Pas-de-Calais,545,0.373,37
2024,18,"Vols violents sans arme",86,Vienne,161,0.367,38
2024,18,"Vols violents sans arme",16,Charente,127,0.361,39
2024,18,"Vols violents sans arme",67,Bas-Rhin,401,0.347,40
2024,18,"Vols violents sans arme",64,Pyrénées-Atlantiques,239,0.342,41
2024,18,"Vols violents sans arme",18,Cher,99,0.331,42
2024,18,"Vols violents sans arme",40,Landes,142,0.331,42
2024,18,"Vols violents sans arme",25,Doubs,179,0.326,44
2024,18,"Vols violents sans arme",90,"Territoire de Belfort",44,0.314,45
2024,18,"Vols violents sans arme",08,Ardennes,83,0.311,46
2024,18,"Vols violents sans arme",29,Finistère,282,0.304,47
2024,18,"Vols violents sans arme",49,Maine-et-Loire,245,0.296,48
2024,18,"Vols violents sans arme",02,Aisne,154,0.293,49
2024,18,"Vols violents sans arme",10,Aube,90,0.289,50
2024,18,"Vols violents sans arme",68,Haut-Rhin,220,0.287,51
2024,18,"Vols violents sans arme",41,Loir-et-Cher,92,0.280,52
2024,18,"Vols violents sans arme",57,Moselle,294,0.280,52
2024,18,"Vols violents sans arme",73,Savoie,123,0.276,54
2024,18,"Vols violents sans arme",05,Hautes-Alpes,38,0.268,55
2024,18,"Vols violents sans arme",46,Lot,46,0.262,56
2024,18,"Vols violents sans arme",14,Calvados,176,0.250,57
2024,18,"Vols violents sans arme",17,Charente-Maritime,166,0.248,58
2024,18,"Vols violents sans arme",27,Eure,149,0.248,58
2024,18,"Vols violents sans arme",61,Orne,68,0.246,60
2024,18,"Vols violents sans arme",47,Lot-et-Garonne,79,0.238,61
2024,18,"Vols violents sans arme",65,Hautes-Pyrénées,55,0.238,61
2024,18,"Vols violents sans arme",04,Alpes-de-Haute-Provence,39,0.233,63
2024,18,"Vols violents sans arme",56,Morbihan,180,0.232,64
2024,18,"Vols violents sans arme",89,Yonne,76,0.228,65
2024,18,"Vols violents sans arme",58,Nièvre,45,0.222,66
2024,18,"Vols violents sans arme",81,Tarn,87,0.220,67
2024,18,"Vols violents sans arme",36,Indre,47,0.217,68
2024,18,"Vols violents sans arme",82,Tarn-et-Garonne,57,0.215,69
2024,18,"Vols violents sans arme",28,Eure-et-Loir,92,0.212,70
2024,18,"Vols violents sans arme",87,Haute-Vienne,78,0.209,71
2024,18,"Vols violents sans arme",01,Ain,137,0.204,72
2024,18,"Vols violents sans arme",79,Deux-Sèvres,76,0.202,73
2024,18,"Vols violents sans arme",22,Côtes-d'Armor,122,0.200,74
2024,18,"Vols violents sans arme",52,Haute-Marne,34,0.200,74
2024,18,"Vols violents sans arme",53,Mayenne,61,0.200,74
2024,18,"Vols violents sans arme",88,Vosges,69,0.192,77
2024,18,"Vols violents sans arme",2B,Haute-Corse,35,0.189,78
2024,18,"Vols violents sans arme",50,Manche,92,0.185,79
2024,18,"Vols violents sans arme",2A,Corse-du-Sud,28,0.169,80
2024,18,"Vols violents sans arme",71,Saône-et-Loire,93,0.169,80
2024,18,"Vols violents sans arme",55,Meuse,30,0.166,82
2024,18,"Vols violents sans arme",07,Ardèche,55,0.165,83
2024,18,"Vols violents sans arme",03,Allier,55,0.164,84
2024,18,"Vols violents sans arme",39,Jura,41,0.159,85
2024,18,"Vols violents sans arme",19,Corrèze,37,0.154,86
2024,18,"Vols violents sans arme",24,Dordogne,59,0.142,87
2024,18,"Vols violents sans arme",15,Cantal,20,0.139,88
2024,18,"Vols violents sans arme",23,Creuse,16,0.138,89
2024,18,"Vols violents sans arme",43,Haute-Loire,31,0.136,90
2024,18,"Vols violents sans arme",85,Vendée,92,0.130,91
2024,18,"Vols violents sans arme",70,Haute-Saône,30,0.128,92
2024,18,"Vols violents sans arme",12,Aveyron,35,0.125,93
2024,18,"Vols violents sans arme",09,Ariège,18,0.116,94
2024,18,"Vols violents sans arme",32,Gers,21,0.109,95
2024,18,"Vols violents sans arme",48,Lozère,6,0.078,96
