annee,id_indicateur,indicateur,code_region,nom_region,denominateur_taux,nombre_faits_region,taux_region_pour_mille
2016,1,"Cambriolages de logement",84,Auvergne-Rhône-Alpes,logements,36008,8.198
2016,1,"Cambriolages de logement",32,Hauts-de-France,logements,21242,7.469
2016,1,"Cambriolages de logement",93,"Provence-Alpes-Côte d'Azur",logements,25695,8.455
2016,1,"Cambriolages de logement",44,"Grand Est",logements,15430,5.483
2016,1,"Cambriolages de logement",76,Occitanie,logements,30072,8.564
2016,1,"Cambriolages de logement",28,Normandie,logements,8283,4.603
2016,1,"Cambriolages de logement",75,Nouvelle-Aquitaine,logements,19518,5.654
2016,1,"Cambriolages de logement",24,"Centre-Val de Loire",logements,8327,6.064
2016,1,"Cambriolages de logement",27,Bourgogne-Franche-Comté,logements,7858,5.049
2016,1,"Cambriolages de logement",53,Bretagne,logements,6908,3.637
2016,1,"Cambriolages de logement",94,Corse,logements,647,2.632
2016,1,"Cambriolages de logement",52,"Pays de la Loire",logements,10923,5.508
2016,1,"Cambriolages de logement",11,Île-de-France,logements,49547,8.639
2017,1,"Cambriolages de logement",84,Auvergne-Rhône-Alpes,logements,36691,8.266
2017,1,"Cambriolages de logement",32,Hauts-de-France,logements,21613,7.543
2017,1,"Cambriolages de logement",93,"Provence-Alpes-Côte d'Azur",logements,28506,9.292
2017,1,"Cambriolages de logement",44,"Grand Est",logements,14986,5.284
2017,1,"Cambriolages de logement",76,Occitanie,logements,29125,8.197
2017,1,"Cambriolages de logement",28,Normandie,logements,8029,4.427
2017,1,"Cambriolages de logement",75,Nouvelle-Aquitaine,logements,21874,6.272
2017,1,"Cambriolages de logement",24,"Centre-Val de Loire",logements,8583,6.207
2017,1,"Cambriolages de logement",27,Bourgogne-Franche-Comté,logements,7327,4.681
2017,1,"Cambriolages de logement",53,Bretagne,logements,7769,4.046
2017,1,"Cambriolages de logement",94,Corse,logements,674,2.700
2017,1,"Cambriolages de logement",52,"Pays de la Loire",logements,10942,5.458
2017,1,"Cambriolages de logement",11,Île-de-France,logements,48915,8.440
2018,1,"Cambriolages de logement",84,Auvergne-Rhône-Alpes,logements,32682,7.283
2018,1,"Cambriolages de logement",32,Hauts-de-France,logements,20455,7.085
2018,1,"Cambriolages de logement",93,"Provence-Alpes-Côte d'Azur",logements,26436,8.529
2018,1,"Cambriolages de logement",44,"Grand Est",logements,14194,4.967
2018,1,"Cambriolages de logement",76,Occitanie,logements,25103,6.984
2018,1,"Cambriolages de logement",28,Normandie,logements,8103,4.435
2018,1,"Cambriolages de logement",75,Nouvelle-Aquitaine,logements,19662,5.578
2018,1,"Cambriolages de logement",24,"Centre-Val de Loire",logements,7885,5.666
2018,1,"Cambriolages de logement",27,Bourgogne-Franche-Comté,logements,7555,4.797
2018,1,"Cambriolages de logement",53,Bretagne,logements,7554,3.897
2018,1,"Cambriolages de logement",94,Corse,logements,487,1.928
2018,1,"Cambriolages de logement",52,"Pays de la Loire",logements,11171,5.510
2018,1,"Cambriolages de logement",11,Île-de-France,logements,49746,8.508
2019,1,"Cambriolages de logement",84,Auvergne-Rhône-Alpes,logements,33119,7.315
2019,1,"Cambriolages de logement",32,Hauts-de-France,logements,21276,7.332
2019,1,"Cambriolages de logement",93,"Provence-Alpes-Côte d'Azur",logements,25740,8.228
2019,1,"Cambriolages de logement",44,"Grand Est",logements,14356,4.994
2019,1,"Cambriolages de logement",76,Occitanie,logements,25308,6.971
2019,1,"Cambriolages de logement",28,Normandie,logements,7541,4.110
2019,1,"Cambriolages de logement",75,Nouvelle-Aquitaine,logements,20014,5.631
2019,1,"Cambriolages de logement",24,"Centre-Val de Loire",logements,7379,5.279
2019,1,"Cambriolages de logement",27,Bourgogne-Franche-Comté,logements,8031,5.085
2019,1,"Cambriolages de logement",53,Bretagne,logements,6840,3.499
2019,1,"Cambriolages de logement",94,Corse,logements,377,1.475
2019,1,"Cambriolages de logement",52,"Pays de la Loire",logements,11562,5.648
2019,1,"Cambriolages de logement",11,Île-de-France,logements,49619,8.417
2020,1,"Cambriolages de logement",84,Auvergne-Rhône-Alpes,logements,25320,5.539
2020,1,"Cambriolages de logement",32,Hauts-de-France,logements,17249,5.911
2020,1,"Cambriolages de logement",93,"Provence-Alpes-Côte d'Azur",logements,19566,6.202
2020,1,"Cambriolages de logement",44,"Grand Est",logements,10696,3.694
2020,1,"Cambriolages de logement",76,Occitanie,logements,19331,5.267
2020,1,"Cambriolages de logement",28,Normandie,logements,6192,3.356
2020,1,"Cambriolages de logement",75,Nouvelle-Aquitaine,logements,17859,4.981
2020,1,"Cambriolages de logement",24,"Centre-Val de Loire",logements,5819,4.145
2020,1,"Cambriolages de logement",27,Bourgogne-Franche-Comté,logements,5835,3.680
2020,1,"Cambriolages de logement",53,Bretagne,logements,5780,2.932
2020,1,"Cambriolages de logement",94,Corse,logements,368,1.422
2020,1,"Cambriolages de logement",52,"Pays de la Loire",logements,10383,5.018
2020,1,"Cambriolages de logement",11,Île-de-France,logements,40721,6.844
2021,1,"Cambriolages de logement",84,Auvergne-Rhône-Alpes,logements,27222,5.893
2021,1,"Cambriolages de logement",32,Hauts-de-France,logements,15809,5.382
2021,1,"Cambriolages de logement",93,"Provence-Alpes-Côte d'Azur",logements,22745,7.141
2021,1,"Cambriolages de logement",44,"Grand Est",logements,9958,3.415
2021,1,"Cambriolages de logement",76,Occitanie,logements,18653,5.022
2021,1,"Cambriolages de logement",28,Normandie,logements,5802,3.126
2021,1,"Cambriolages de logement",75,Nouvelle-Aquitaine,logements,17906,4.944
2021,1,"Cambriolages de logement",24,"Centre-Val de Loire",logements,5992,4.246
2021,1,"Cambriolages de logement",27,Bourgogne-Franche-Comté,logements,5461,3.425
2021,1,"Cambriolages de logement",53,Bretagne,logements,5765,2.897
2021,1,"Cambriolages de logement",94,Corse,logements,340,1.299
2021,1,"Cambriolages de logement",52,"Pays de la Loire",logements,9931,4.749
2021,1,"Cambriolages de logement",11,Île-de-France,logements,40374,6.719
2022,1,"Cambriolages de logement",84,Auvergne-Rhône-Alpes,logements,30597,6.623
2022,1,"Cambriolages de logement",32,Hauts-de-France,logements,16278,5.542
2022,1,"Cambriolages de logement",93,"Provence-Alpes-Côte d'Azur",logements,23465,7.367
2022,1,"Cambriolages de logement",44,"Grand Est",logements,11579,3.971
2022,1,"Cambriolages de logement",76,Occitanie,logements,19751,5.317
2022,1,"Cambriolages de logement",28,Normandie,logements,6504,3.504
2022,1,"Cambriolages de logement",75,Nouvelle-Aquitaine,logements,19605,5.414
2022,1,"Cambriolages de logement",24,"Centre-Val de Loire",logements,6601,4.678
2022,1,"Cambriolages de logement",27,Bourgogne-Franche-Comté,logements,6194,3.885
2022,1,"Cambriolages de logement",53,Bretagne,logements,8146,4.094
2022,1,"Cambriolages de logement",94,Corse,logements,343,1.311
2022,1,"Cambriolages de logement",52,"Pays de la Loire",logements,11982,5.730
2022,1,"Cambriolages de logement",11,Île-de-France,logements,46325,7.709
2023,1,"Cambriolages de logement",84,Auvergne-Rhône-Alpes,logements,28622,6.196
2023,1,"Cambriolages de logement",32,Hauts-de-France,logements,17209,5.859
2023,1,"Cambriolages de logement",93,"Provence-Alpes-Côte d'Azur",logements,22852,7.175
2023,1,"Cambriolages de logement",44,"Grand Est",logements,13546,4.645
2023,1,"Cambriolages de logement",76,Occitanie,logements,20815,5.604
2023,1,"Cambriolages de logement",28,Normandie,logements,8000,4.310
2023,1,"Cambriolages de logement",75,Nouvelle-Aquitaine,logements,20481,5.655
2023,1,"Cambriolages de logement",24,"Centre-Val de Loire",logements,8201,5.812
2023,1,"Cambriolages de logement",27,Bourgogne-Franche-Comté,logements,6700,4.202
2023,1,"Cambriolages de logement",53,Bretagne,logements,8898,4.472
2023,1,"Cambriolages de logement",94,Corse,logements,393,1.502
2023,1,"Cambriolages de logement",52,"Pays de la Loire",logements,11938,5.709
2023,1,"Cambriolages de logement",11,Île-de-France,logements,45171,7.517
2024,1,"Cambriolages de logement",84,Auvergne-Rhône-Alpes,logements,31571,6.834
2024,1,"Cambriolages de logement",32,Hauts-de-France,logements,17208,5.859
2024,1,"Cambriolages de logement",93,"Provence-Alpes-Côte d'Azur",logements,20721,6.506
2024,1,"Cambriolages de logement",44,"Grand Est",logements,14200,4.869
2024,1,"Cambriolages de logement",76,Occitanie,logements,22964,6.182
2024,1,"Cambriolages de logement",28,Normandie,logements,8427,4.540
2024,1,"Cambriolages de logement",75,Nouvelle-Aquitaine,logements,21461,5.926
2024,1,"Cambriolages de logement",24,"Centre-Val de Loire",logements,9369,6.639
2024,1,"Cambriolages de logement",27,Bourgogne-Franche-Comté,logements,6751,4.234
2024,1,"Cambriolages de logement",53,Bretagne,logements,9056,4.551
2024,1,"Cambriolages de logement",94,Corse,logements,241,0.921
2024,1,"Cambriolages de logement",52,"Pays de la Loire",logements,12078,5.776
2024,1,"Cambriolages de logement",11,Île-de-France,logements,39503,6.574
2016,2,"Destructions et dégradations volontaires",84,Auvergne-Rhône-Alpes,population,70892,8.955
2016,2,"Destructions et dégradations volontaires",32,Hauts-de-France,population,71258,11.863
2016,2,"Destructions et dégradations volontaires",93,"Provence-Alpes-Côte d'Azur",population,61196,12.186
2016,2,"Destructions et dégradations volontaires",44,"Grand Est",population,47541,8.558
2016,2,"Destructions et dégradations volontaires",76,Occitanie,population,53733,9.251
2016,2,"Destructions et dégradations volontaires",28,Normandie,population,27113,8.128
2016,2,"Destructions et dégradations volontaires",75,Nouvelle-Aquitaine,population,49469,8.334
2016,2,"Destructions et dégradations volontaires",24,"Centre-Val de Loire",population,20853,8.089
2016,2,"Destructions et dégradations volontaires",27,Bourgogne-Franche-Comté,population,22734,8.066
2016,2,"Destructions et dégradations volontaires",53,Bretagne,population,26082,7.888
2016,2,"Destructions et dégradations volontaires",94,Corse,population,3437,10.401
2016,2,"Destructions et dégradations volontaires",52,"Pays de la Loire",population,31531,8.436
2016,2,"Destructions et dégradations volontaires",11,Île-de-France,population,126747,10.460
2017,2,"Destructions et dégradations volontaires",84,Auvergne-Rhône-Alpes,population,72830,9.163
2017,2,"Destructions et dégradations volontaires",32,Hauts-de-France,population,67827,11.297
2017,2,"Destructions et dégradations volontaires",93,"Provence-Alpes-Côte d'Azur",population,60425,12.011
2017,2,"Destructions et dégradations volontaires",44,"Grand Est",population,47767,8.607
2017,2,"Destructions et dégradations volontaires",76,Occitanie,population,54553,9.333
2017,2,"Destructions et dégradations volontaires",28,Normandie,population,28194,8.465
2017,2,"Destructions et dégradations volontaires",75,Nouvelle-Aquitaine,population,51438,8.635
2017,2,"Destructions et dégradations volontaires",24,"Centre-Val de Loire",population,20580,7.988
2017,2,"Destructions et dégradations volontaires",27,Bourgogne-Franche-Comté,population,23153,8.235
2017,2,"Destructions et dégradations volontaires",53,Bretagne,population,26467,7.975
2017,2,"Destructions et dégradations volontaires",94,Corse,population,3346,9.990
2017,2,"Destructions et dégradations volontaires",52,"Pays de la Loire",population,31201,8.303
2017,2,"Destructions et dégradations volontaires",11,Île-de-France,population,123608,10.153
2018,2,"Destructions et dégradations volontaires",84,Auvergne-Rhône-Alpes,population,72692,9.093
2018,2,"Destructions et dégradations volontaires",32,Hauts-de-France,population,63850,10.634
2018,2,"Destructions et dégradations volontaires",93,"Provence-Alpes-Côte d'Azur",population,55781,11.040
2018,2,"Destructions et dégradations volontaires",44,"Grand Est",population,47309,8.524
2018,2,"Destructions et dégradations volontaires",76,Occitanie,population,53037,9.011
2018,2,"Destructions et dégradations volontaires",28,Normandie,population,27094,8.143
2018,2,"Destructions et dégradations volontaires",75,Nouvelle-Aquitaine,population,50373,8.424
2018,2,"Destructions et dégradations volontaires",24,"Centre-Val de Loire",population,20437,7.943
2018,2,"Destructions et dégradations volontaires",27,Bourgogne-Franche-Comté,population,23176,8.254
2018,2,"Destructions et dégradations volontaires",53,Bretagne,population,25267,7.575
2018,2,"Destructions et dégradations volontaires",94,Corse,population,3304,9.759
2018,2,"Destructions et dégradations volontaires",52,"Pays de la Loire",population,30967,8.189
2018,2,"Destructions et dégradations volontaires",11,Île-de-France,population,117388,9.611
2019,2,"Destructions et dégradations volontaires",84,Auvergne-Rhône-Alpes,population,71875,8.936
2019,2,"Destructions et dégradations volontaires",32,Hauts-de-France,population,62507,10.409
2019,2,"Destructions et dégradations volontaires",93,"Provence-Alpes-Côte d'Azur",population,55316,10.887
2019,2,"Destructions et dégradations volontaires",44,"Grand Est",population,46460,8.362
2019,2,"Destructions et dégradations volontaires",76,Occitanie,population,53607,9.035
2019,2,"Destructions et dégradations volontaires",28,Normandie,population,27356,8.227
2019,2,"Destructions et dégradations volontaires",75,Nouvelle-Aquitaine,population,51275,8.531
2019,2,"Destructions et dégradations volontaires",24,"Centre-Val de Loire",population,19806,7.697
2019,2,"Destructions et dégradations volontaires",27,Bourgogne-Franche-Comté,population,22383,7.978
2019,2,"Destructions et dégradations volontaires",53,Bretagne,population,25270,7.532
2019,2,"Destructions et dégradations volontaires",94,Corse,population,3439,10.102
2019,2,"Destructions et dégradations volontaires",52,"Pays de la Loire",population,31127,8.177
2019,2,"Destructions et dégradations volontaires",11,Île-de-France,population,119666,9.759
2020,2,"Destructions et dégradations volontaires",84,Auvergne-Rhône-Alpes,population,63097,7.810
2020,2,"Destructions et dégradations volontaires",32,Hauts-de-France,population,52958,8.830
2020,2,"Destructions et dégradations volontaires",93,"Provence-Alpes-Côte d'Azur",population,48317,9.476
2020,2,"Destructions et dégradations volontaires",44,"Grand Est",population,39664,7.130
2020,2,"Destructions et dégradations volontaires",76,Occitanie,population,45631,7.638
2020,2,"Destructions et dégradations volontaires",28,Normandie,population,22402,6.736
2020,2,"Destructions et dégradations volontaires",75,Nouvelle-Aquitaine,population,44158,7.318
2020,2,"Destructions et dégradations volontaires",24,"Centre-Val de Loire",population,16391,6.366
2020,2,"Destructions et dégradations volontaires",27,Bourgogne-Franche-Comté,population,19225,6.862
2020,2,"Destructions et dégradations volontaires",53,Bretagne,population,22052,6.536
2020,2,"Destructions et dégradations volontaires",94,Corse,population,2850,8.292
2020,2,"Destructions et dégradations volontaires",52,"Pays de la Loire",population,26315,6.867
2020,2,"Destructions et dégradations volontaires",11,Île-de-France,population,102836,8.380
2021,2,"Destructions et dégradations volontaires",84,Auvergne-Rhône-Alpes,population,65263,8.043
2021,2,"Destructions et dégradations volontaires",32,Hauts-de-France,population,52309,8.725
2021,2,"Destructions et dégradations volontaires",93,"Provence-Alpes-Côte d'Azur",population,51707,10.084
2021,2,"Destructions et dégradations volontaires",44,"Grand Est",population,40216,7.231
2021,2,"Destructions et dégradations volontaires",76,Occitanie,population,46296,7.688
2021,2,"Destructions et dégradations volontaires",28,Normandie,population,22959,6.899
2021,2,"Destructions et dégradations volontaires",75,Nouvelle-Aquitaine,population,46588,7.676
2021,2,"Destructions et dégradations volontaires",24,"Centre-Val de Loire",population,17099,6.645
2021,2,"Destructions et dégradations volontaires",27,Bourgogne-Franche-Comté,population,19450,6.946
2021,2,"Destructions et dégradations volontaires",53,Bretagne,population,23004,6.777
2021,2,"Destructions et dégradations volontaires",94,Corse,population,3206,9.223
2021,2,"Destructions et dégradations volontaires",52,"Pays de la Loire",population,27440,7.120
2021,2,"Destructions et dégradations volontaires",11,Île-de-France,population,101870,8.271
2022,2,"Destructions et dégradations volontaires",84,Auvergne-Rhône-Alpes,population,65222,7.989
2022,2,"Destructions et dégradations volontaires",32,Hauts-de-France,population,52433,8.740
2022,2,"Destructions et dégradations volontaires",93,"Provence-Alpes-Côte d'Azur",population,51345,9.931
2022,2,"Destructions et dégradations volontaires",44,"Grand Est",population,40870,7.351
2022,2,"Destructions et dégradations volontaires",76,Occitanie,population,48746,8.016
2022,2,"Destructions et dégradations volontaires",28,Normandie,population,24417,7.313
2022,2,"Destructions et dégradations volontaires",75,Nouvelle-Aquitaine,population,46119,7.544
2022,2,"Destructions et dégradations volontaires",24,"Centre-Val de Loire",population,17701,6.857
2022,2,"Destructions et dégradations volontaires",27,Bourgogne-Franche-Comté,population,19890,7.094
2022,2,"Destructions et dégradations volontaires",53,Bretagne,population,24178,7.064
2022,2,"Destructions et dégradations volontaires",94,Corse,population,3414,9.719
2022,2,"Destructions et dégradations volontaires",52,"Pays de la Loire",population,26877,6.928
2022,2,"Destructions et dégradations volontaires",11,Île-de-France,population,102412,8.272
2023,2,"Destructions et dégradations volontaires",84,Auvergne-Rhône-Alpes,population,66307,8.122
2023,2,"Destructions et dégradations volontaires",32,Hauts-de-France,population,55103,9.185
2023,2,"Destructions et dégradations volontaires",93,"Provence-Alpes-Côte d'Azur",population,50554,9.778
2023,2,"Destructions et dégradations volontaires",44,"Grand Est",population,42797,7.697
2023,2,"Destructions et dégradations volontaires",76,Occitanie,population,50837,8.360
2023,2,"Destructions et dégradations volontaires",28,Normandie,population,24996,7.486
2023,2,"Destructions et dégradations volontaires",75,Nouvelle-Aquitaine,population,45614,7.461
2023,2,"Destructions et dégradations volontaires",24,"Centre-Val de Loire",population,18318,7.096
2023,2,"Destructions et dégradations volontaires",27,Bourgogne-Franche-Comté,population,20085,7.163
2023,2,"Destructions et dégradations volontaires",53,Bretagne,population,24450,7.143
2023,2,"Destructions et dégradations volontaires",94,Corse,population,3181,9.056
2023,2,"Destructions et dégradations volontaires",52,"Pays de la Loire",population,27275,7.031
2023,2,"Destructions et dégradations volontaires",11,Île-de-France,population,108205,8.740
2024,2,"Destructions et dégradations volontaires",84,Auvergne-Rhône-Alpes,population,63307,7.755
2024,2,"Destructions et dégradations volontaires",32,Hauts-de-France,population,53074,8.847
2024,2,"Destructions et dégradations volontaires",93,"Provence-Alpes-Côte d'Azur",population,49322,9.539
2024,2,"Destructions et dégradations volontaires",44,"Grand Est",population,40581,7.299
2024,2,"Destructions et dégradations volontaires",76,Occitanie,population,50743,8.345
2024,2,"Destructions et dégradations volontaires",28,Normandie,population,23774,7.120
2024,2,"Destructions et dégradations volontaires",75,Nouvelle-Aquitaine,population,45511,7.444
2024,2,"Destructions et dégradations volontaires",24,"Centre-Val de Loire",population,17191,6.659
2024,2,"Destructions et dégradations volontaires",27,Bourgogne-Franche-Comté,population,19229,6.858
2024,2,"Destructions et dégradations volontaires",53,Bretagne,population,23753,6.940
2024,2,"Destructions et dégradations volontaires",94,Corse,population,2930,8.341
2024,2,"Destructions et dégradations volontaires",52,"Pays de la Loire",population,26728,6.890
2024,2,"Destructions et dégradations volontaires",11,Île-de-France,population,98373,7.946
2016,3,"Escroqueries et fraudes aux moyens de paiement",84,Auvergne-Rhône-Alpes,population,27691,3.498
2016,3,"Escroqueries et fraudes aux moyens de paiement",32,Hauts-de-France,population,17467,2.908
2016,3,"Escroqueries et fraudes aux moyens de paiement",93,"Provence-Alpes-Côte d'Azur",population,20075,3.997
2016,3,"Escroqueries et fraudes aux moyens de paiement",44,"Grand Est",population,16713,3.009
2016,3,"Escroqueries et fraudes aux moyens de paiement",76,Occitanie,population,21182,3.647
2016,3,"Escroqueries et fraudes aux moyens de paiement",28,Normandie,population,10134,3.038
2016,3,"Escroqueries et fraudes aux moyens de paiement",75,Nouvelle-Aquitaine,population,19097,3.217
2016,3,"Escroqueries et fraudes aux moyens de paiement",24,"Centre-Val de Loire",population,9266,3.594
2016,3,"Escroqueries et fraudes aux moyens de paiement",27,Bourgogne-Franche-Comté,population,9813,3.482
2016,3,"Escroqueries et fraudes aux moyens de paiement",53,Bretagne,population,11293,3.415
2016,3,"Escroqueries et fraudes aux moyens de paiement",94,Corse,population,957,2.896
2016,3,"Escroqueries et fraudes aux moyens de paiement",52,"Pays de la Loire",population,12071,3.230
2016,3,"Escroqueries et fraudes aux moyens de paiement",11,Île-de-France,population,69806,5.761
2017,3,"Escroqueries et fraudes aux moyens de paiement",84,Auvergne-Rhône-Alpes,population,29552,3.718
2017,3,"Escroqueries et fraudes aux moyens de paiement",32,Hauts-de-France,population,18764,3.125
2017,3,"Escroqueries et fraudes aux moyens de paiement",93,"Provence-Alpes-Côte d'Azur",population,20499,4.075
2017,3,"Escroqueries et fraudes aux moyens de paiement",44,"Grand Est",population,16450,2.964
2017,3,"Escroqueries et fraudes aux moyens de paiement",76,Occitanie,population,21631,3.701
2017,3,"Escroqueries et fraudes aux moyens de paiement",28,Normandie,population,10173,3.055
2017,3,"Escroqueries et fraudes aux moyens de paiement",75,Nouvelle-Aquitaine,population,19882,3.338
2017,3,"Escroqueries et fraudes aux moyens de paiement",24,"Centre-Val de Loire",population,9098,3.531
2017,3,"Escroqueries et fraudes aux moyens de paiement",27,Bourgogne-Franche-Comté,population,9877,3.513
2017,3,"Escroqueries et fraudes aux moyens de paiement",53,Bretagne,population,11054,3.331
2017,3,"Escroqueries et fraudes aux moyens de paiement",94,Corse,population,942,2.812
2017,3,"Escroqueries et fraudes aux moyens de paiement",52,"Pays de la Loire",population,13073,3.479
2017,3,"Escroqueries et fraudes aux moyens de paiement",11,Île-de-France,population,69938,5.744
2018,3,"Escroqueries et fraudes aux moyens de paiement",84,Auvergne-Rhône-Alpes,population,29594,3.702
2018,3,"Escroqueries et fraudes aux moyens de paiement",32,Hauts-de-France,population,19444,3.238
2018,3,"Escroqueries et fraudes aux moyens de paiement",93,"Provence-Alpes-Côte d'Azur",population,20629,4.083
2018,3,"Escroqueries et fraudes aux moyens de paiement",44,"Grand Est",population,16937,3.052
2018,3,"Escroqueries et fraudes aux moyens de paiement",76,Occitanie,population,22799,3.874
2018,3,"Escroqueries et fraudes aux moyens de paiement",28,Normandie,population,10266,3.085
2018,3,"Escroqueries et fraudes aux moyens de paiement",75,Nouvelle-Aquitaine,population,21211,3.547
2018,3,"Escroqueries et fraudes aux moyens de paiement",24,"Centre-Val de Loire",population,9441,3.669
2018,3,"Escroqueries et fraudes aux moyens de paiement",27,Bourgogne-Franche-Comté,population,9705,3.456
2018,3,"Escroqueries et fraudes aux moyens de paiement",53,Bretagne,population,11376,3.411
2018,3,"Escroqueries et fraudes aux moyens de paiement",94,Corse,population,997,2.945
2018,3,"Escroqueries et fraudes aux moyens de paiement",52,"Pays de la Loire",population,13139,3.475
2018,3,"Escroqueries et fraudes aux moyens de paiement",11,Île-de-France,population,68950,5.645
2019,3,"Escroqueries et fraudes aux moyens de paiement",84,Auvergne-Rhône-Alpes,population,34027,4.231
2019,3,"Escroqueries et fraudes aux moyens de paiement",32,Hauts-de-France,population,21983,3.661
2019,3,"Escroqueries et fraudes aux moyens de paiement",93,"Provence-Alpes-Côte d'Azur",population,24860,4.893
2019,3,"Escroqueries et fraudes aux moyens de paiement",44,"Grand Est",population,19413,3.494
2019,3,"Escroqueries et fraudes aux moyens de paiement",76,Occitanie,population,26018,4.385
2019,3,"Escroqueries et fraudes aux moyens de paiement",28,Normandie,population,11796,3.548
2019,3,"Escroqueries et fraudes aux moyens de paiement",75,Nouvelle-Aquitaine,population,22992,3.825
2019,3,"Escroqueries et fraudes aux moyens de paiement",24,"Centre-Val de Loire",population,10445,4.059
2019,3,"Escroqueries et fraudes aux moyens de paiement",27,Bourgogne-Franche-Comté,population,10368,3.695
2019,3,"Escroqueries et fraudes aux moyens de paiement",53,Bretagne,population,12140,3.619
2019,3,"Escroqueries et fraudes aux moyens de paiement",94,Corse,population,1124,3.302
2019,3,"Escroqueries et fraudes aux moyens de paiement",52,"Pays de la Loire",population,15004,3.942
2019,3,"Escroqueries et fraudes aux moyens de paiement",11,Île-de-France,population,77698,6.336
2020,3,"Escroqueries et fraudes aux moyens de paiement",84,Auvergne-Rhône-Alpes,population,38272,4.737
2020,3,"Escroqueries et fraudes aux moyens de paiement",32,Hauts-de-France,population,22374,3.730
2020,3,"Escroqueries et fraudes aux moyens de paiement",93,"Provence-Alpes-Côte d'Azur",population,26774,5.251
2020,3,"Escroqueries et fraudes aux moyens de paiement",44,"Grand Est",population,21343,3.837
2020,3,"Escroqueries et fraudes aux moyens de paiement",76,Occitanie,population,27888,4.668
2020,3,"Escroqueries et fraudes aux moyens de paiement",28,Normandie,population,13214,3.974
2020,3,"Escroqueries et fraudes aux moyens de paiement",75,Nouvelle-Aquitaine,population,25472,4.221
2020,3,"Escroqueries et fraudes aux moyens de paiement",24,"Centre-Val de Loire",population,11357,4.411
2020,3,"Escroqueries et fraudes aux moyens de paiement",27,Bourgogne-Franche-Comté,population,11673,4.166
2020,3,"Escroqueries et fraudes aux moyens de paiement",53,Bretagne,population,12861,3.812
2020,3,"Escroqueries et fraudes aux moyens de paiement",94,Corse,population,1239,3.605
2020,3,"Escroqueries et fraudes aux moyens de paiement",52,"Pays de la Loire",population,15936,4.159
2020,3,"Escroqueries et fraudes aux moyens de paiement",11,Île-de-France,population,73451,5.985
2021,3,"Escroqueries et fraudes aux moyens de paiement",84,Auvergne-Rhône-Alpes,population,45156,5.565
2021,3,"Escroqueries et fraudes aux moyens de paiement",32,Hauts-de-France,population,25334,4.226
2021,3,"Escroqueries et fraudes aux moyens de paiement",93,"Provence-Alpes-Côte d'Azur",population,31324,6.109
2021,3,"Escroqueries et fraudes aux moyens de paiement",44,"Grand Est",population,24964,4.489
2021,3,"Escroqueries et fraudes aux moyens de paiement",76,Occitanie,population,32706,5.431
2021,3,"Escroqueries et fraudes aux moyens de paiement",28,Normandie,population,14295,4.295
2021,3,"Escroqueries et fraudes aux moyens de paiement",75,Nouvelle-Aquitaine,population,29615,4.879
2021,3,"Escroqueries et fraudes aux moyens de paiement",24,"Centre-Val de Loire",population,13170,5.118
2021,3,"Escroqueries et fraudes aux moyens de paiement",27,Bourgogne-Franche-Comté,population,13244,4.730
2021,3,"Escroqueries et fraudes aux moyens de paiement",53,Bretagne,population,14823,4.367
2021,3,"Escroqueries et fraudes aux moyens de paiement",94,Corse,population,1455,4.186
2021,3,"Escroqueries et fraudes aux moyens de paiement",52,"Pays de la Loire",population,18795,4.877
2021,3,"Escroqueries et fraudes aux moyens de paiement",11,Île-de-France,population,86956,7.060
2022,3,"Escroqueries et fraudes aux moyens de paiement",84,Auvergne-Rhône-Alpes,population,47104,5.770
2022,3,"Escroqueries et fraudes aux moyens de paiement",32,Hauts-de-France,population,28500,4.751
2022,3,"Escroqueries et fraudes aux moyens de paiement",93,"Provence-Alpes-Côte d'Azur",population,34136,6.602
2022,3,"Escroqueries et fraudes aux moyens de paiement",44,"Grand Est",population,26250,4.721
2022,3,"Escroqueries et fraudes aux moyens de paiement",76,Occitanie,population,35957,5.913
2022,3,"Escroqueries et fraudes aux moyens de paiement",28,Normandie,population,16343,4.894
2022,3,"Escroqueries et fraudes aux moyens de paiement",75,Nouvelle-Aquitaine,population,33403,5.464
2022,3,"Escroqueries et fraudes aux moyens de paiement",24,"Centre-Val de Loire",population,14049,5.442
2022,3,"Escroqueries et fraudes aux moyens de paiement",27,Bourgogne-Franche-Comté,population,14050,5.011
2022,3,"Escroqueries et fraudes aux moyens de paiement",53,Bretagne,population,17114,5.000
2022,3,"Escroqueries et fraudes aux moyens de paiement",94,Corse,population,1595,4.541
2022,3,"Escroqueries et fraudes aux moyens de paiement",52,"Pays de la Loire",population,20028,5.163
2022,3,"Escroqueries et fraudes aux moyens de paiement",11,Île-de-France,population,92797,7.495
2023,3,"Escroqueries et fraudes aux moyens de paiement",84,Auvergne-Rhône-Alpes,population,49189,6.025
2023,3,"Escroqueries et fraudes aux moyens de paiement",32,Hauts-de-France,population,31169,5.196
2023,3,"Escroqueries et fraudes aux moyens de paiement",93,"Provence-Alpes-Côte d'Azur",population,35268,6.821
2023,3,"Escroqueries et fraudes aux moyens de paiement",44,"Grand Est",population,28035,5.042
2023,3,"Escroqueries et fraudes aux moyens de paiement",76,Occitanie,population,37837,6.222
2023,3,"Escroqueries et fraudes aux moyens de paiement",28,Normandie,population,17477,5.234
2023,3,"Escroqueries et fraudes aux moyens de paiement",75,Nouvelle-Aquitaine,population,35906,5.873
2023,3,"Escroqueries et fraudes aux moyens de paiement",24,"Centre-Val de Loire",population,15291,5.923
2023,3,"Escroqueries et fraudes aux moyens de paiement",27,Bourgogne-Franche-Comté,population,15038,5.363
2023,3,"Escroqueries et fraudes aux moyens de paiement",53,Bretagne,population,19413,5.672
2023,3,"Escroqueries et fraudes aux moyens de paiement",94,Corse,population,1649,4.694
2023,3,"Escroqueries et fraudes aux moyens de paiement",52,"Pays de la Loire",population,20601,5.311
2023,3,"Escroqueries et fraudes aux moyens de paiement",11,Île-de-France,population,95853,7.742
2024,3,"Escroqueries et fraudes aux moyens de paiement",84,Auvergne-Rhône-Alpes,population,52500,6.431
2024,3,"Escroqueries et fraudes aux moyens de paiement",32,Hauts-de-France,population,32659,5.444
2024,3,"Escroqueries et fraudes aux moyens de paiement",93,"Provence-Alpes-Côte d'Azur",population,36431,7.046
2024,3,"Escroqueries et fraudes aux moyens de paiement",44,"Grand Est",population,28125,5.058
2024,3,"Escroqueries et fraudes aux moyens de paiement",76,Occitanie,population,39182,6.444
2024,3,"Escroqueries et fraudes aux moyens de paiement",28,Normandie,population,18431,5.520
2024,3,"Escroqueries et fraudes aux moyens de paiement",75,Nouvelle-Aquitaine,population,36264,5.932
2024,3,"Escroqueries et fraudes aux moyens de paiement",24,"Centre-Val de Loire",population,14936,5.786
2024,3,"Escroqueries et fraudes aux moyens de paiement",27,Bourgogne-Franche-Comté,population,14988,5.345
2024,3,"Escroqueries et fraudes aux moyens de paiement",53,Bretagne,population,18855,5.509
2024,3,"Escroqueries et fraudes aux moyens de paiement",94,Corse,population,1657,4.717
2024,3,"Escroqueries et fraudes aux moyens de paiement",52,"Pays de la Loire",population,21332,5.499
2024,3,"Escroqueries et fraudes aux moyens de paiement",11,Île-de-France,population,92342,7.458
2016,4,Homicides,84,Auvergne-Rhône-Alpes,population,87,0.011
2016,4,Homicides,32,Hauts-de-France,population,72,0.012
2016,4,Homicides,93,"Provence-Alpes-Côte d'Azur",population,162,0.032
2016,4,Homicides,44,"Grand Est",population,70,0.013
2016,4,Homicides,76,Occitanie,population,66,0.011
2016,4,Homicides,28,Normandie,population,34,0.010
2016,4,Homicides,75,Nouvelle-Aquitaine,population,66,0.011
2016,4,Homicides,24,"Centre-Val de Loire",population,28,0.011
2016,4,Homicides,27,Bourgogne-Franche-Comté,population,23,0.008
2016,4,Homicides,53,Bretagne,population,21,0.006
2016,4,Homicides,94,Corse,population,14,0.042
2016,4,Homicides,52,"Pays de la Loire",population,29,0.008
2016,4,Homicides,11,Île-de-France,population,124,0.010
2017,4,Homicides,84,Auvergne-Rhône-Alpes,population,88,0.011
2017,4,Homicides,32,Hauts-de-France,population,74,0.012
2017,4,Homicides,93,"Provence-Alpes-Côte d'Azur",population,113,0.022
2017,4,Homicides,44,"Grand Est",population,49,0.009
2017,4,Homicides,76,Occitanie,population,64,0.011
2017,4,Homicides,28,Normandie,population,27,0.008
2017,4,Homicides,75,Nouvelle-Aquitaine,population,63,0.011
2017,4,Homicides,24,"Centre-Val de Loire",population,25,0.010
2017,4,Homicides,27,Bourgogne-Franche-Comté,population,30,0.011
2017,4,Homicides,53,Bretagne,population,29,0.009
2017,4,Homicides,94,Corse,population,17,0.051
2017,4,Homicides,52,"Pays de la Loire",population,37,0.010
2017,4,Homicides,11,Île-de-France,population,132,0.011
2018,4,Homicides,84,Auvergne-Rhône-Alpes,population,82,0.010
2018,4,Homicides,32,Hauts-de-France,population,90,0.015
2018,4,Homicides,93,"Provence-Alpes-Côte d'Azur",population,127,0.025
2018,4,Homicides,44,"Grand Est",population,52,0.009
2018,4,Homicides,76,Occitanie,population,75,0.013
2018,4,Homicides,28,Normandie,population,25,0.008
2018,4,Homicides,75,Nouvelle-Aquitaine,population,60,0.010
2018,4,Homicides,24,"Centre-Val de Loire",population,20,0.008
2018,4,Homicides,27,Bourgogne-Franche-Comté,population,31,0.011
2018,4,Homicides,53,Bretagne,population,24,0.007
2018,4,Homicides,94,Corse,population,10,0.030
2018,4,Homicides,52,"Pays de la Loire",population,38,0.010
2018,4,Homicides,11,Île-de-France,population,128,0.010
2019,4,Homicides,84,Auvergne-Rhône-Alpes,population,90,0.011
2019,4,Homicides,32,Hauts-de-France,population,74,0.012
2019,4,Homicides,93,"Provence-Alpes-Côte d'Azur",population,101,0.020
2019,4,Homicides,44,"Grand Est",population,67,0.012
2019,4,Homicides,76,Occitanie,population,75,0.013
2019,4,Homicides,28,Normandie,population,37,0.011
2019,4,Homicides,75,Nouvelle-Aquitaine,population,64,0.011
2019,4,Homicides,24,"Centre-Val de Loire",population,27,0.010
2019,4,Homicides,27,Bourgogne-Franche-Comté,population,26,0.009
2019,4,Homicides,53,Bretagne,population,27,0.008
2019,4,Homicides,94,Corse,population,9,0.026
2019,4,Homicides,52,"Pays de la Loire",population,34,0.009
2019,4,Homicides,11,Île-de-France,population,146,0.012
2020,4,Homicides,84,Auvergne-Rhône-Alpes,population,79,0.010
2020,4,Homicides,32,Hauts-de-France,population,66,0.011
2020,4,Homicides,93,"Provence-Alpes-Côte d'Azur",population,91,0.018
2020,4,Homicides,44,"Grand Est",population,51,0.009
2020,4,Homicides,76,Occitanie,population,61,0.010
2020,4,Homicides,28,Normandie,population,42,0.013
2020,4,Homicides,75,Nouvelle-Aquitaine,population,72,0.012
2020,4,Homicides,24,"Centre-Val de Loire",population,25,0.010
2020,4,Homicides,27,Bourgogne-Franche-Comté,population,24,0.009
2020,4,Homicides,53,Bretagne,population,19,0.006
2020,4,Homicides,94,Corse,population,8,0.023
2020,4,Homicides,52,"Pays de la Loire",population,26,0.007
2020,4,Homicides,11,Île-de-France,population,118,0.010
2021,4,Homicides,84,Auvergne-Rhône-Alpes,population,64,0.008
2021,4,Homicides,32,Hauts-de-France,population,63,0.011
2021,4,Homicides,93,"Provence-Alpes-Côte d'Azur",population,99,0.019
2021,4,Homicides,44,"Grand Est",population,50,0.009
2021,4,Homicides,76,Occitanie,population,75,0.012
2021,4,Homicides,28,Normandie,population,35,0.011
2021,4,Homicides,75,Nouvelle-Aquitaine,population,65,0.011
2021,4,Homicides,24,"Centre-Val de Loire",population,21,0.008
2021,4,Homicides,27,Bourgogne-Franche-Comté,population,23,0.008
2021,4,Homicides,53,Bretagne,population,37,0.011
2021,4,Homicides,94,Corse,population,14,0.040
2021,4,Homicides,52,"Pays de la Loire",population,34,0.009
2021,4,Homicides,11,Île-de-France,population,164,0.013
2022,4,Homicides,84,Auvergne-Rhône-Alpes,population,79,0.010
2022,4,Homicides,32,Hauts-de-France,population,66,0.011
2022,4,Homicides,93,"Provence-Alpes-Côte d'Azur",population,125,0.024
2022,4,Homicides,44,"Grand Est",population,61,0.011
2022,4,Homicides,76,Occitanie,population,77,0.013
2022,4,Homicides,28,Normandie,population,33,0.010
2022,4,Homicides,75,Nouvelle-Aquitaine,population,63,0.010
2022,4,Homicides,24,"Centre-Val de Loire",population,31,0.012
2022,4,Homicides,27,Bourgogne-Franche-Comté,population,34,0.012
2022,4,Homicides,53,Bretagne,population,52,0.015
2022,4,Homicides,94,Corse,population,12,0.034
2022,4,Homicides,52,"Pays de la Loire",population,48,0.012
2022,4,Homicides,11,Île-de-France,population,143,0.012
2023,4,Homicides,84,Auvergne-Rhône-Alpes,population,84,0.010
2023,4,Homicides,32,Hauts-de-France,population,92,0.015
2023,4,Homicides,93,"Provence-Alpes-Côte d'Azur",population,134,0.026
2023,4,Homicides,44,"Grand Est",population,44,0.008
2023,4,Homicides,76,Occitanie,population,79,0.013
2023,4,Homicides,28,Normandie,population,47,0.014
2023,4,Homicides,75,Nouvelle-Aquitaine,population,68,0.011
2023,4,Homicides,24,"Centre-Val de Loire",population,29,0.011
2023,4,Homicides,27,Bourgogne-Franche-Comté,population,21,0.007
2023,4,Homicides,53,Bretagne,population,40,0.012
2023,4,Homicides,94,Corse,population,12,0.034
2023,4,Homicides,52,"Pays de la Loire",population,35,0.009
2023,4,Homicides,11,Île-de-France,population,156,0.013
2024,4,Homicides,84,Auvergne-Rhône-Alpes,population,113,0.014
2024,4,Homicides,32,Hauts-de-France,population,60,0.010
2024,4,Homicides,93,"Provence-Alpes-Côte d'Azur",population,120,0.023
2024,4,Homicides,44,"Grand Est",population,55,0.010
2024,4,Homicides,76,Occitanie,population,76,0.013
2024,4,Homicides,28,Normandie,population,39,0.012
2024,4,Homicides,75,Nouvelle-Aquitaine,population,60,0.010
2024,4,Homicides,24,"Centre-Val de Loire",population,24,0.009
2024,4,Homicides,27,Bourgogne-Franche-Comté,population,29,0.010
2024,4,Homicides,53,Bretagne,population,26,0.008
2024,4,Homicides,94,Corse,population,18,0.051
2024,4,Homicides,52,"Pays de la Loire",population,46,0.012
2024,4,Homicides,11,Île-de-France,population,159,0.013
2016,5,"Tentatives d'homicide",84,Auvergne-Rhône-Alpes,population,205,0.026
2016,5,"Tentatives d'homicide",32,Hauts-de-France,population,204,0.034
2016,5,"Tentatives d'homicide",93,"Provence-Alpes-Côte d'Azur",population,278,0.055
2016,5,"Tentatives d'homicide",44,"Grand Est",population,152,0.027
2016,5,"Tentatives d'homicide",76,Occitanie,population,168,0.029
2016,5,"Tentatives d'homicide",28,Normandie,population,45,0.013
2016,5,"Tentatives d'homicide",75,Nouvelle-Aquitaine,population,108,0.018
2016,5,"Tentatives d'homicide",24,"Centre-Val de Loire",population,55,0.021
2016,5,"Tentatives d'homicide",27,Bourgogne-Franche-Comté,population,66,0.023
2016,5,"Tentatives d'homicide",53,Bretagne,population,50,0.015
2016,5,"Tentatives d'homicide",94,Corse,population,22,0.067
2016,5,"Tentatives d'homicide",52,"Pays de la Loire",population,72,0.019
2016,5,"Tentatives d'homicide",11,Île-de-France,population,599,0.049
2017,5,"Tentatives d'homicide",84,Auvergne-Rhône-Alpes,population,246,0.031
2017,5,"Tentatives d'homicide",32,Hauts-de-France,population,166,0.028
2017,5,"Tentatives d'homicide",93,"Provence-Alpes-Côte d'Azur",population,213,0.042
2017,5,"Tentatives d'homicide",44,"Grand Est",population,122,0.022
2017,5,"Tentatives d'homicide",76,Occitanie,population,195,0.033
2017,5,"Tentatives d'homicide",28,Normandie,population,55,0.017
2017,5,"Tentatives d'homicide",75,Nouvelle-Aquitaine,population,103,0.017
2017,5,"Tentatives d'homicide",24,"Centre-Val de Loire",population,75,0.029
2017,5,"Tentatives d'homicide",27,Bourgogne-Franche-Comté,population,88,0.031
2017,5,"Tentatives d'homicide",53,Bretagne,population,70,0.021
2017,5,"Tentatives d'homicide",94,Corse,population,25,0.075
2017,5,"Tentatives d'homicide",52,"Pays de la Loire",population,83,0.022
2017,5,"Tentatives d'homicide",11,Île-de-France,population,622,0.051
2018,5,"Tentatives d'homicide",84,Auvergne-Rhône-Alpes,population,200,0.025
2018,5,"Tentatives d'homicide",32,Hauts-de-France,population,192,0.032
2018,5,"Tentatives d'homicide",93,"Provence-Alpes-Côte d'Azur",population,279,0.055
2018,5,"Tentatives d'homicide",44,"Grand Est",population,142,0.026
2018,5,"Tentatives d'homicide",76,Occitanie,population,203,0.034
2018,5,"Tentatives d'homicide",28,Normandie,population,80,0.024
2018,5,"Tentatives d'homicide",75,Nouvelle-Aquitaine,population,136,0.023
2018,5,"Tentatives d'homicide",24,"Centre-Val de Loire",population,92,0.036
2018,5,"Tentatives d'homicide",27,Bourgogne-Franche-Comté,population,88,0.031
2018,5,"Tentatives d'homicide",53,Bretagne,population,81,0.024
2018,5,"Tentatives d'homicide",94,Corse,population,18,0.053
2018,5,"Tentatives d'homicide",52,"Pays de la Loire",population,81,0.021
2018,5,"Tentatives d'homicide",11,Île-de-France,population,580,0.047
2019,5,"Tentatives d'homicide",84,Auvergne-Rhône-Alpes,population,230,0.029
2019,5,"Tentatives d'homicide",32,Hauts-de-France,population,219,0.036
2019,5,"Tentatives d'homicide",93,"Provence-Alpes-Côte d'Azur",population,280,0.055
2019,5,"Tentatives d'homicide",44,"Grand Est",population,177,0.032
2019,5,"Tentatives d'homicide",76,Occitanie,population,249,0.042
2019,5,"Tentatives d'homicide",28,Normandie,population,91,0.027
2019,5,"Tentatives d'homicide",75,Nouvelle-Aquitaine,population,155,0.026
2019,5,"Tentatives d'homicide",24,"Centre-Val de Loire",population,41,0.016
2019,5,"Tentatives d'homicide",27,Bourgogne-Franche-Comté,population,64,0.023
2019,5,"Tentatives d'homicide",53,Bretagne,population,82,0.024
2019,5,"Tentatives d'homicide",94,Corse,population,21,0.062
2019,5,"Tentatives d'homicide",52,"Pays de la Loire",population,89,0.023
2019,5,"Tentatives d'homicide",11,Île-de-France,population,693,0.057
2020,5,"Tentatives d'homicide",84,Auvergne-Rhône-Alpes,population,261,0.032
2020,5,"Tentatives d'homicide",32,Hauts-de-France,population,206,0.034
2020,5,"Tentatives d'homicide",93,"Provence-Alpes-Côte d'Azur",population,336,0.066
2020,5,"Tentatives d'homicide",44,"Grand Est",population,245,0.044
2020,5,"Tentatives d'homicide",76,Occitanie,population,278,0.047
2020,5,"Tentatives d'homicide",28,Normandie,population,76,0.023
2020,5,"Tentatives d'homicide",75,Nouvelle-Aquitaine,population,228,0.038
2020,5,"Tentatives d'homicide",24,"Centre-Val de Loire",population,52,0.020
2020,5,"Tentatives d'homicide",27,Bourgogne-Franche-Comté,population,113,0.040
2020,5,"Tentatives d'homicide",53,Bretagne,population,74,0.022
2020,5,"Tentatives d'homicide",94,Corse,population,13,0.038
2020,5,"Tentatives d'homicide",52,"Pays de la Loire",population,114,0.030
2020,5,"Tentatives d'homicide",11,Île-de-France,population,788,0.064
2021,5,"Tentatives d'homicide",84,Auvergne-Rhône-Alpes,population,284,0.035
2021,5,"Tentatives d'homicide",32,Hauts-de-France,population,239,0.040
2021,5,"Tentatives d'homicide",93,"Provence-Alpes-Côte d'Azur",population,273,0.053
2021,5,"Tentatives d'homicide",44,"Grand Est",population,169,0.030
2021,5,"Tentatives d'homicide",76,Occitanie,population,203,0.034
2021,5,"Tentatives d'homicide",28,Normandie,population,92,0.028
2021,5,"Tentatives d'homicide",75,Nouvelle-Aquitaine,population,253,0.042
2021,5,"Tentatives d'homicide",24,"Centre-Val de Loire",population,123,0.048
2021,5,"Tentatives d'homicide",27,Bourgogne-Franche-Comté,population,89,0.032
2021,5,"Tentatives d'homicide",53,Bretagne,population,74,0.022
2021,5,"Tentatives d'homicide",94,Corse,population,21,0.060
2021,5,"Tentatives d'homicide",52,"Pays de la Loire",population,154,0.040
2021,5,"Tentatives d'homicide",11,Île-de-France,population,680,0.055
2022,5,"Tentatives d'homicide",84,Auvergne-Rhône-Alpes,population,318,0.039
2022,5,"Tentatives d'homicide",32,Hauts-de-France,population,213,0.036
2022,5,"Tentatives d'homicide",93,"Provence-Alpes-Côte d'Azur",population,339,0.066
2022,5,"Tentatives d'homicide",44,"Grand Est",population,204,0.037
2022,5,"Tentatives d'homicide",76,Occitanie,population,300,0.049
2022,5,"Tentatives d'homicide",28,Normandie,population,111,0.033
2022,5,"Tentatives d'homicide",75,Nouvelle-Aquitaine,population,235,0.038
2022,5,"Tentatives d'homicide",24,"Centre-Val de Loire",population,101,0.039
2022,5,"Tentatives d'homicide",27,Bourgogne-Franche-Comté,population,120,0.043
2022,5,"Tentatives d'homicide",53,Bretagne,population,87,0.025
2022,5,"Tentatives d'homicide",94,Corse,population,17,0.048
2022,5,"Tentatives d'homicide",52,"Pays de la Loire",population,166,0.043
2022,5,"Tentatives d'homicide",11,Île-de-France,population,757,0.061
2023,5,"Tentatives d'homicide",84,Auvergne-Rhône-Alpes,population,414,0.051
2023,5,"Tentatives d'homicide",32,Hauts-de-France,population,241,0.040
2023,5,"Tentatives d'homicide",93,"Provence-Alpes-Côte d'Azur",population,433,0.084
2023,5,"Tentatives d'homicide",44,"Grand Est",population,280,0.050
2023,5,"Tentatives d'homicide",76,Occitanie,population,295,0.049
2023,5,"Tentatives d'homicide",28,Normandie,population,128,0.038
2023,5,"Tentatives d'homicide",75,Nouvelle-Aquitaine,population,228,0.037
2023,5,"Tentatives d'homicide",24,"Centre-Val de Loire",population,136,0.053
2023,5,"Tentatives d'homicide",27,Bourgogne-Franche-Comté,population,141,0.050
2023,5,"Tentatives d'homicide",53,Bretagne,population,136,0.040
2023,5,"Tentatives d'homicide",94,Corse,population,16,0.046
2023,5,"Tentatives d'homicide",52,"Pays de la Loire",population,164,0.042
2023,5,"Tentatives d'homicide",11,Île-de-France,population,796,0.064
2024,5,"Tentatives d'homicide",84,Auvergne-Rhône-Alpes,population,434,0.053
2024,5,"Tentatives d'homicide",32,Hauts-de-France,population,312,0.052
2024,5,"Tentatives d'homicide",93,"Provence-Alpes-Côte d'Azur",population,355,0.069
2024,5,"Tentatives d'homicide",44,"Grand Est",population,274,0.049
2024,5,"Tentatives d'homicide",76,Occitanie,population,340,0.056
2024,5,"Tentatives d'homicide",28,Normandie,population,133,0.040
2024,5,"Tentatives d'homicide",75,Nouvelle-Aquitaine,population,188,0.031
2024,5,"Tentatives d'homicide",24,"Centre-Val de Loire",population,131,0.051
2024,5,"Tentatives d'homicide",27,Bourgogne-Franche-Comté,population,120,0.043
2024,5,"Tentatives d'homicide",53,Bretagne,population,125,0.037
2024,5,"Tentatives d'homicide",94,Corse,population,24,0.068
2024,5,"Tentatives d'homicide",52,"Pays de la Loire",population,188,0.048
2024,5,"Tentatives d'homicide",11,Île-de-France,population,892,0.072
2016,6,"Trafic de stupéfiants",84,Auvergne-Rhône-Alpes,population,4214,0.532
2016,6,"Trafic de stupéfiants",32,Hauts-de-France,population,3145,0.524
2016,6,"Trafic de stupéfiants",93,"Provence-Alpes-Côte d'Azur",population,3950,0.787
2016,6,"Trafic de stupéfiants",44,"Grand Est",population,3132,0.564
2016,6,"Trafic de stupéfiants",76,Occitanie,population,3014,0.519
2016,6,"Trafic de stupéfiants",28,Normandie,population,1656,0.496
2016,6,"Trafic de stupéfiants",75,Nouvelle-Aquitaine,population,3287,0.554
2016,6,"Trafic de stupéfiants",24,"Centre-Val de Loire",population,996,0.386
2016,6,"Trafic de stupéfiants",27,Bourgogne-Franche-Comté,population,1614,0.573
2016,6,"Trafic de stupéfiants",53,Bretagne,population,1302,0.394
2016,6,"Trafic de stupéfiants",94,Corse,population,124,0.375
2016,6,"Trafic de stupéfiants",52,"Pays de la Loire",population,1524,0.408
2016,6,"Trafic de stupéfiants",11,Île-de-France,population,11565,0.954
2017,6,"Trafic de stupéfiants",84,Auvergne-Rhône-Alpes,population,4447,0.559
2017,6,"Trafic de stupéfiants",32,Hauts-de-France,population,3216,0.536
2017,6,"Trafic de stupéfiants",93,"Provence-Alpes-Côte d'Azur",population,4255,0.846
2017,6,"Trafic de stupéfiants",44,"Grand Est",population,3070,0.553
2017,6,"Trafic de stupéfiants",76,Occitanie,population,3396,0.581
2017,6,"Trafic de stupéfiants",28,Normandie,population,1563,0.469
2017,6,"Trafic de stupéfiants",75,Nouvelle-Aquitaine,population,3742,0.628
2017,6,"Trafic de stupéfiants",24,"Centre-Val de Loire",population,968,0.376
2017,6,"Trafic de stupéfiants",27,Bourgogne-Franche-Comté,population,1510,0.537
2017,6,"Trafic de stupéfiants",53,Bretagne,population,1531,0.461
2017,6,"Trafic de stupéfiants",94,Corse,population,209,0.624
2017,6,"Trafic de stupéfiants",52,"Pays de la Loire",population,1322,0.352
2017,6,"Trafic de stupéfiants",11,Île-de-France,population,13578,1.115
2018,6,"Trafic de stupéfiants",84,Auvergne-Rhône-Alpes,population,4320,0.540
2018,6,"Trafic de stupéfiants",32,Hauts-de-France,population,3293,0.548
2018,6,"Trafic de stupéfiants",93,"Provence-Alpes-Côte d'Azur",population,4081,0.808
2018,6,"Trafic de stupéfiants",44,"Grand Est",population,2934,0.529
2018,6,"Trafic de stupéfiants",76,Occitanie,population,3572,0.607
2018,6,"Trafic de stupéfiants",28,Normandie,population,1728,0.519
2018,6,"Trafic de stupéfiants",75,Nouvelle-Aquitaine,population,3058,0.511
2018,6,"Trafic de stupéfiants",24,"Centre-Val de Loire",population,1191,0.463
2018,6,"Trafic de stupéfiants",27,Bourgogne-Franche-Comté,population,1812,0.645
2018,6,"Trafic de stupéfiants",53,Bretagne,population,1536,0.461
2018,6,"Trafic de stupéfiants",94,Corse,population,160,0.473
2018,6,"Trafic de stupéfiants",52,"Pays de la Loire",population,1488,0.394
2018,6,"Trafic de stupéfiants",11,Île-de-France,population,14861,1.217
2019,6,"Trafic de stupéfiants",84,Auvergne-Rhône-Alpes,population,4664,0.580
2019,6,"Trafic de stupéfiants",32,Hauts-de-France,population,3283,0.547
2019,6,"Trafic de stupéfiants",93,"Provence-Alpes-Côte d'Azur",population,4908,0.966
2019,6,"Trafic de stupéfiants",44,"Grand Est",population,2845,0.512
2019,6,"Trafic de stupéfiants",76,Occitanie,population,3896,0.657
2019,6,"Trafic de stupéfiants",28,Normandie,population,1476,0.444
2019,6,"Trafic de stupéfiants",75,Nouvelle-Aquitaine,population,3025,0.503
2019,6,"Trafic de stupéfiants",24,"Centre-Val de Loire",population,1044,0.406
2019,6,"Trafic de stupéfiants",27,Bourgogne-Franche-Comté,population,1616,0.576
2019,6,"Trafic de stupéfiants",53,Bretagne,population,1781,0.531
2019,6,"Trafic de stupéfiants",94,Corse,population,129,0.379
2019,6,"Trafic de stupéfiants",52,"Pays de la Loire",population,1646,0.432
2019,6,"Trafic de stupéfiants",11,Île-de-France,population,15528,1.266
2020,6,"Trafic de stupéfiants",84,Auvergne-Rhône-Alpes,population,4524,0.560
2020,6,"Trafic de stupéfiants",32,Hauts-de-France,population,2861,0.477
2020,6,"Trafic de stupéfiants",93,"Provence-Alpes-Côte d'Azur",population,4503,0.883
2020,6,"Trafic de stupéfiants",44,"Grand Est",population,2550,0.458
2020,6,"Trafic de stupéfiants",76,Occitanie,population,3390,0.567
2020,6,"Trafic de stupéfiants",28,Normandie,population,1322,0.398
2020,6,"Trafic de stupéfiants",75,Nouvelle-Aquitaine,population,2551,0.423
2020,6,"Trafic de stupéfiants",24,"Centre-Val de Loire",population,1048,0.407
2020,6,"Trafic de stupéfiants",27,Bourgogne-Franche-Comté,population,1350,0.482
2020,6,"Trafic de stupéfiants",53,Bretagne,population,1587,0.470
2020,6,"Trafic de stupéfiants",94,Corse,population,154,0.448
2020,6,"Trafic de stupéfiants",52,"Pays de la Loire",population,1245,0.325
2020,6,"Trafic de stupéfiants",11,Île-de-France,population,13177,1.074
2021,6,"Trafic de stupéfiants",84,Auvergne-Rhône-Alpes,population,4631,0.571
2021,6,"Trafic de stupéfiants",32,Hauts-de-France,population,3312,0.552
2021,6,"Trafic de stupéfiants",93,"Provence-Alpes-Côte d'Azur",population,5673,1.106
2021,6,"Trafic de stupéfiants",44,"Grand Est",population,2625,0.472
2021,6,"Trafic de stupéfiants",76,Occitanie,population,4072,0.676
2021,6,"Trafic de stupéfiants",28,Normandie,population,1298,0.390
2021,6,"Trafic de stupéfiants",75,Nouvelle-Aquitaine,population,2871,0.473
2021,6,"Trafic de stupéfiants",24,"Centre-Val de Loire",population,1128,0.438
2021,6,"Trafic de stupéfiants",27,Bourgogne-Franche-Comté,population,1505,0.537
2021,6,"Trafic de stupéfiants",53,Bretagne,population,1885,0.555
2021,6,"Trafic de stupéfiants",94,Corse,population,232,0.667
2021,6,"Trafic de stupéfiants",52,"Pays de la Loire",population,1570,0.407
2021,6,"Trafic de stupéfiants",11,Île-de-France,population,14627,1.188
2022,6,"Trafic de stupéfiants",84,Auvergne-Rhône-Alpes,population,4674,0.573
2022,6,"Trafic de stupéfiants",32,Hauts-de-France,population,3257,0.543
2022,6,"Trafic de stupéfiants",93,"Provence-Alpes-Côte d'Azur",population,6056,1.171
2022,6,"Trafic de stupéfiants",44,"Grand Est",population,2688,0.483
2022,6,"Trafic de stupéfiants",76,Occitanie,population,4371,0.719
2022,6,"Trafic de stupéfiants",28,Normandie,population,1307,0.391
2022,6,"Trafic de stupéfiants",75,Nouvelle-Aquitaine,population,2795,0.457
2022,6,"Trafic de stupéfiants",24,"Centre-Val de Loire",population,929,0.360
2022,6,"Trafic de stupéfiants",27,Bourgogne-Franche-Comté,population,1585,0.565
2022,6,"Trafic de stupéfiants",53,Bretagne,population,1610,0.470
2022,6,"Trafic de stupéfiants",94,Corse,population,252,0.717
2022,6,"Trafic de stupéfiants",52,"Pays de la Loire",population,1557,0.401
2022,6,"Trafic de stupéfiants",11,Île-de-France,population,16336,1.319
2023,6,"Trafic de stupéfiants",84,Auvergne-Rhône-Alpes,population,4848,0.594
2023,6,"Trafic de stupéfiants",32,Hauts-de-France,population,3387,0.565
2023,6,"Trafic de stupéfiants",93,"Provence-Alpes-Côte d'Azur",population,6392,1.236
2023,6,"Trafic de stupéfiants",44,"Grand Est",population,2706,0.487
2023,6,"Trafic de stupéfiants",76,Occitanie,population,4388,0.722
2023,6,"Trafic de stupéfiants",28,Normandie,population,1162,0.348
2023,6,"Trafic de stupéfiants",75,Nouvelle-Aquitaine,population,2571,0.421
2023,6,"Trafic de stupéfiants",24,"Centre-Val de Loire",population,820,0.318
2023,6,"Trafic de stupéfiants",27,Bourgogne-Franche-Comté,population,1503,0.536
2023,6,"Trafic de stupéfiants",53,Bretagne,population,1744,0.510
2023,6,"Trafic de stupéfiants",94,Corse,population,183,0.521
2023,6,"Trafic de stupéfiants",52,"Pays de la Loire",population,1648,0.425
2023,6,"Trafic de stupéfiants",11,Île-de-France,population,15781,1.275
2024,6,"Trafic de stupéfiants",84,Auvergne-Rhône-Alpes,population,5445,0.667
2024,6,"Trafic de stupéfiants",32,Hauts-de-France,population,3564,0.594
2024,6,"Trafic de stupéfiants",93,"Provence-Alpes-Côte d'Azur",population,7829,1.514
2024,6,"Trafic de stupéfiants",44,"Grand Est",population,2609,0.469
2024,6,"Trafic de stupéfiants",76,Occitanie,population,4796,0.789
2024,6,"Trafic de stupéfiants",28,Normandie,population,1090,0.326
2024,6,"Trafic de stupéfiants",75,Nouvelle-Aquitaine,population,2726,0.446
2024,6,"Trafic de stupéfiants",24,"Centre-Val de Loire",population,720,0.279
2024,6,"Trafic de stupéfiants",27,Bourgogne-Franche-Comté,population,1360,0.485
2024,6,"Trafic de stupéfiants",53,Bretagne,population,1604,0.469
2024,6,"Trafic de stupéfiants",94,Corse,population,155,0.441
2024,6,"Trafic de stupéfiants",52,"Pays de la Loire",population,1542,0.398
2024,6,"Trafic de stupéfiants",11,Île-de-France,population,17012,1.374
2016,7,"Usage de stupéfiants",84,Auvergne-Rhône-Alpes,population,21095,2.665
2016,7,"Usage de stupéfiants",32,Hauts-de-France,population,18477,3.076
2016,7,"Usage de stupéfiants",93,"Provence-Alpes-Côte d'Azur",population,17458,3.476
2016,7,"Usage de stupéfiants",44,"Grand Est",population,13936,2.509
2016,7,"Usage de stupéfiants",76,Occitanie,population,13362,2.300
2016,7,"Usage de stupéfiants",28,Normandie,population,7481,2.243
2016,7,"Usage de stupéfiants",75,Nouvelle-Aquitaine,population,11719,1.974
2016,7,"Usage de stupéfiants",24,"Centre-Val de Loire",population,5993,2.325
2016,7,"Usage de stupéfiants",27,Bourgogne-Franche-Comté,population,6366,2.259
2016,7,"Usage de stupéfiants",53,Bretagne,population,5700,1.724
2016,7,"Usage de stupéfiants",94,Corse,population,822,2.487
2016,7,"Usage de stupéfiants",52,"Pays de la Loire",population,7787,2.083
2016,7,"Usage de stupéfiants",11,Île-de-France,population,48010,3.962
2017,7,"Usage de stupéfiants",84,Auvergne-Rhône-Alpes,population,21030,2.646
2017,7,"Usage de stupéfiants",32,Hauts-de-France,population,18746,3.122
2017,7,"Usage de stupéfiants",93,"Provence-Alpes-Côte d'Azur",population,17258,3.430
2017,7,"Usage de stupéfiants",44,"Grand Est",population,14026,2.527
2017,7,"Usage de stupéfiants",76,Occitanie,population,13068,2.236
2017,7,"Usage de stupéfiants",28,Normandie,population,7459,2.240
2017,7,"Usage de stupéfiants",75,Nouvelle-Aquitaine,population,12689,2.130
2017,7,"Usage de stupéfiants",24,"Centre-Val de Loire",population,6424,2.494
2017,7,"Usage de stupéfiants",27,Bourgogne-Franche-Comté,population,6567,2.336
2017,7,"Usage de stupéfiants",53,Bretagne,population,6460,1.946
2017,7,"Usage de stupéfiants",94,Corse,population,786,2.347
2017,7,"Usage de stupéfiants",52,"Pays de la Loire",population,7560,2.012
2017,7,"Usage de stupéfiants",11,Île-de-France,population,52100,4.279
2018,7,"Usage de stupéfiants",84,Auvergne-Rhône-Alpes,population,22487,2.813
2018,7,"Usage de stupéfiants",32,Hauts-de-France,population,18676,3.111
2018,7,"Usage de stupéfiants",93,"Provence-Alpes-Côte d'Azur",population,16553,3.276
2018,7,"Usage de stupéfiants",44,"Grand Est",population,12982,2.339
2018,7,"Usage de stupéfiants",76,Occitanie,population,12551,2.133
2018,7,"Usage de stupéfiants",28,Normandie,population,7315,2.198
2018,7,"Usage de stupéfiants",75,Nouvelle-Aquitaine,population,12315,2.059
2018,7,"Usage de stupéfiants",24,"Centre-Val de Loire",population,6222,2.418
2018,7,"Usage de stupéfiants",27,Bourgogne-Franche-Comté,population,7122,2.537
2018,7,"Usage de stupéfiants",53,Bretagne,population,6599,1.978
2018,7,"Usage de stupéfiants",94,Corse,population,703,2.076
2018,7,"Usage de stupéfiants",52,"Pays de la Loire",population,7380,1.952
2018,7,"Usage de stupéfiants",11,Île-de-France,population,51404,4.209
2019,7,"Usage de stupéfiants",84,Auvergne-Rhône-Alpes,population,21920,2.725
2019,7,"Usage de stupéfiants",32,Hauts-de-France,population,18369,3.059
2019,7,"Usage de stupéfiants",93,"Provence-Alpes-Côte d'Azur",population,15855,3.120
2019,7,"Usage de stupéfiants",44,"Grand Est",population,12212,2.198
2019,7,"Usage de stupéfiants",76,Occitanie,population,12508,2.108
2019,7,"Usage de stupéfiants",28,Normandie,population,7048,2.120
2019,7,"Usage de stupéfiants",75,Nouvelle-Aquitaine,population,12061,2.007
2019,7,"Usage de stupéfiants",24,"Centre-Val de Loire",population,5177,2.012
2019,7,"Usage de stupéfiants",27,Bourgogne-Franche-Comté,population,6533,2.329
2019,7,"Usage de stupéfiants",53,Bretagne,population,6262,1.867
2019,7,"Usage de stupéfiants",94,Corse,population,705,2.071
2019,7,"Usage de stupéfiants",52,"Pays de la Loire",population,6846,1.799
2019,7,"Usage de stupéfiants",11,Île-de-France,population,47742,3.893
2020,7,"Usage de stupéfiants",84,Auvergne-Rhône-Alpes,population,20194,2.500
2020,7,"Usage de stupéfiants",32,Hauts-de-France,population,15717,2.620
2020,7,"Usage de stupéfiants",93,"Provence-Alpes-Côte d'Azur",population,17017,3.338
2020,7,"Usage de stupéfiants",44,"Grand Est",population,10539,1.895
2020,7,"Usage de stupéfiants",76,Occitanie,population,12435,2.082
2020,7,"Usage de stupéfiants",28,Normandie,population,6355,1.911
2020,7,"Usage de stupéfiants",75,Nouvelle-Aquitaine,population,10519,1.743
2020,7,"Usage de stupéfiants",24,"Centre-Val de Loire",population,4756,1.847
2020,7,"Usage de stupéfiants",27,Bourgogne-Franche-Comté,population,6325,2.258
2020,7,"Usage de stupéfiants",53,Bretagne,population,6583,1.951
2020,7,"Usage de stupéfiants",94,Corse,population,655,1.906
2020,7,"Usage de stupéfiants",52,"Pays de la Loire",population,5915,1.544
2020,7,"Usage de stupéfiants",11,Île-de-France,population,39885,3.250
2021,7,"Usage de stupéfiants",84,Auvergne-Rhône-Alpes,population,25564,3.150
2021,7,"Usage de stupéfiants",32,Hauts-de-France,population,21582,3.600
2021,7,"Usage de stupéfiants",93,"Provence-Alpes-Côte d'Azur",population,29571,5.767
2021,7,"Usage de stupéfiants",44,"Grand Est",population,12693,2.282
2021,7,"Usage de stupéfiants",76,Occitanie,population,16799,2.790
2021,7,"Usage de stupéfiants",28,Normandie,population,10064,3.024
2021,7,"Usage de stupéfiants",75,Nouvelle-Aquitaine,population,12837,2.115
2021,7,"Usage de stupéfiants",24,"Centre-Val de Loire",population,6571,2.554
2021,7,"Usage de stupéfiants",27,Bourgogne-Franche-Comté,population,8293,2.962
2021,7,"Usage de stupéfiants",53,Bretagne,population,8086,2.382
2021,7,"Usage de stupéfiants",94,Corse,population,710,2.043
2021,7,"Usage de stupéfiants",52,"Pays de la Loire",population,6585,1.709
2021,7,"Usage de stupéfiants",11,Île-de-France,population,57461,4.665
2022,7,"Usage de stupéfiants",84,Auvergne-Rhône-Alpes,population,29078,3.562
2022,7,"Usage de stupéfiants",32,Hauts-de-France,population,24168,4.029
2022,7,"Usage de stupéfiants",93,"Provence-Alpes-Côte d'Azur",population,36083,6.979
2022,7,"Usage de stupéfiants",44,"Grand Est",population,13270,2.387
2022,7,"Usage de stupéfiants",76,Occitanie,population,20150,3.314
2022,7,"Usage de stupéfiants",28,Normandie,population,12815,3.838
2022,7,"Usage de stupéfiants",75,Nouvelle-Aquitaine,population,13733,2.246
2022,7,"Usage de stupéfiants",24,"Centre-Val de Loire",population,5933,2.298
2022,7,"Usage de stupéfiants",27,Bourgogne-Franche-Comté,population,8171,2.914
2022,7,"Usage de stupéfiants",53,Bretagne,population,8460,2.472
2022,7,"Usage de stupéfiants",94,Corse,population,759,2.161
2022,7,"Usage de stupéfiants",52,"Pays de la Loire",population,7676,1.979
2022,7,"Usage de stupéfiants",11,Île-de-France,population,66742,5.391
2023,7,"Usage de stupéfiants",84,Auvergne-Rhône-Alpes,population,29048,3.558
2023,7,"Usage de stupéfiants",32,Hauts-de-France,population,23757,3.960
2023,7,"Usage de stupéfiants",93,"Provence-Alpes-Côte d'Azur",population,37362,7.226
2023,7,"Usage de stupéfiants",44,"Grand Est",population,14462,2.601
2023,7,"Usage de stupéfiants",76,Occitanie,population,21218,3.489
2023,7,"Usage de stupéfiants",28,Normandie,population,12911,3.867
2023,7,"Usage de stupéfiants",75,Nouvelle-Aquitaine,population,14670,2.400
2023,7,"Usage de stupéfiants",24,"Centre-Val de Loire",population,5744,2.225
2023,7,"Usage de stupéfiants",27,Bourgogne-Franche-Comté,population,9156,3.265
2023,7,"Usage de stupéfiants",53,Bretagne,population,8571,2.504
2023,7,"Usage de stupéfiants",94,Corse,population,855,2.434
2023,7,"Usage de stupéfiants",52,"Pays de la Loire",population,8555,2.205
2023,7,"Usage de stupéfiants",11,Île-de-France,population,70181,5.668
2024,7,"Usage de stupéfiants",84,Auvergne-Rhône-Alpes,population,32455,3.975
2024,7,"Usage de stupéfiants",32,Hauts-de-France,population,25622,4.271
2024,7,"Usage de stupéfiants",93,"Provence-Alpes-Côte d'Azur",population,40760,7.883
2024,7,"Usage de stupéfiants",44,"Grand Est",population,14642,2.633
2024,7,"Usage de stupéfiants",76,Occitanie,population,22744,3.740
2024,7,"Usage de stupéfiants",28,Normandie,population,11689,3.501
2024,7,"Usage de stupéfiants",75,Nouvelle-Aquitaine,population,16086,2.631
2024,7,"Usage de stupéfiants",24,"Centre-Val de Loire",population,5702,2.209
2024,7,"Usage de stupéfiants",27,Bourgogne-Franche-Comté,population,9743,3.475
2024,7,"Usage de stupéfiants",53,Bretagne,population,8277,2.418
2024,7,"Usage de stupéfiants",94,Corse,population,741,2.109
2024,7,"Usage de stupéfiants",52,"Pays de la Loire",population,9510,2.452
2024,7,"Usage de stupéfiants",11,Île-de-France,population,85381,6.896
2016,8,"Usage de stupéfiants (AFD)",84,Auvergne-Rhône-Alpes,population,0,0.000
2016,8,"Usage de stupéfiants (AFD)",32,Hauts-de-France,population,0,0.000
2016,8,"Usage de stupéfiants (AFD)",93,"Provence-Alpes-Côte d'Azur",population,0,0.000
2016,8,"Usage de stupéfiants (AFD)",44,"Grand Est",population,0,0.000
2016,8,"Usage de stupéfiants (AFD)",76,Occitanie,population,0,0.000
2016,8,"Usage de stupéfiants (AFD)",28,Normandie,population,0,0.000
2016,8,"Usage de stupéfiants (AFD)",75,Nouvelle-Aquitaine,population,0,0.000
2016,8,"Usage de stupéfiants (AFD)",24,"Centre-Val de Loire",population,0,0.000
2016,8,"Usage de stupéfiants (AFD)",27,Bourgogne-Franche-Comté,population,0,0.000
2016,8,"Usage de stupéfiants (AFD)",53,Bretagne,population,0,0.000
2016,8,"Usage de stupéfiants (AFD)",94,Corse,population,0,0.000
2016,8,"Usage de stupéfiants (AFD)",52,"Pays de la Loire",population,0,0.000
2016,8,"Usage de stupéfiants (AFD)",11,Île-de-France,population,0,0.000
2017,8,"Usage de stupéfiants (AFD)",84,Auvergne-Rhône-Alpes,population,0,0.000
2017,8,"Usage de stupéfiants (AFD)",32,Hauts-de-France,population,0,0.000
2017,8,"Usage de stupéfiants (AFD)",93,"Provence-Alpes-Côte d'Azur",population,0,0.000
2017,8,"Usage de stupéfiants (AFD)",44,"Grand Est",population,0,0.000
2017,8,"Usage de stupéfiants (AFD)",76,Occitanie,population,0,0.000
2017,8,"Usage de stupéfiants (AFD)",28,Normandie,population,0,0.000
2017,8,"Usage de stupéfiants (AFD)",75,Nouvelle-Aquitaine,population,0,0.000
2017,8,"Usage de stupéfiants (AFD)",24,"Centre-Val de Loire",population,0,0.000
2017,8,"Usage de stupéfiants (AFD)",27,Bourgogne-Franche-Comté,population,0,0.000
2017,8,"Usage de stupéfiants (AFD)",53,Bretagne,population,0,0.000
2017,8,"Usage de stupéfiants (AFD)",94,Corse,population,0,0.000
2017,8,"Usage de stupéfiants (AFD)",52,"Pays de la Loire",population,0,0.000
2017,8,"Usage de stupéfiants (AFD)",11,Île-de-France,population,0,0.000
2018,8,"Usage de stupéfiants (AFD)",84,Auvergne-Rhône-Alpes,population,0,0.000
2018,8,"Usage de stupéfiants (AFD)",32,Hauts-de-France,population,0,0.000
2018,8,"Usage de stupéfiants (AFD)",93,"Provence-Alpes-Côte d'Azur",population,0,0.000
2018,8,"Usage de stupéfiants (AFD)",44,"Grand Est",population,0,0.000
2018,8,"Usage de stupéfiants (AFD)",76,Occitanie,population,0,0.000
2018,8,"Usage de stupéfiants (AFD)",28,Normandie,population,0,0.000
2018,8,"Usage de stupéfiants (AFD)",75,Nouvelle-Aquitaine,population,0,0.000
2018,8,"Usage de stupéfiants (AFD)",24,"Centre-Val de Loire",population,0,0.000
2018,8,"Usage de stupéfiants (AFD)",27,Bourgogne-Franche-Comté,population,0,0.000
2018,8,"Usage de stupéfiants (AFD)",53,Bretagne,population,0,0.000
2018,8,"Usage de stupéfiants (AFD)",94,Corse,population,0,0.000
2018,8,"Usage de stupéfiants (AFD)",52,"Pays de la Loire",population,0,0.000
2018,8,"Usage de stupéfiants (AFD)",11,Île-de-France,population,0,0.000
2019,8,"Usage de stupéfiants (AFD)",84,Auvergne-Rhône-Alpes,population,0,0.000
2019,8,"Usage de stupéfiants (AFD)",32,Hauts-de-France,population,0,0.000
2019,8,"Usage de stupéfiants (AFD)",93,"Provence-Alpes-Côte d'Azur",population,0,0.000
2019,8,"Usage de stupéfiants (AFD)",44,"Grand Est",population,0,0.000
2019,8,"Usage de stupéfiants (AFD)",76,Occitanie,population,0,0.000
2019,8,"Usage de stupéfiants (AFD)",28,Normandie,population,0,0.000
2019,8,"Usage de stupéfiants (AFD)",75,Nouvelle-Aquitaine,population,0,0.000
2019,8,"Usage de stupéfiants (AFD)",24,"Centre-Val de Loire",population,0,0.000
2019,8,"Usage de stupéfiants (AFD)",27,Bourgogne-Franche-Comté,population,0,0.000
2019,8,"Usage de stupéfiants (AFD)",53,Bretagne,population,0,0.000
2019,8,"Usage de stupéfiants (AFD)",94,Corse,population,0,0.000
2019,8,"Usage de stupéfiants (AFD)",52,"Pays de la Loire",population,0,0.000
2019,8,"Usage de stupéfiants (AFD)",11,Île-de-France,population,0,0.000
2020,8,"Usage de stupéfiants (AFD)",84,Auvergne-Rhône-Alpes,population,3121,0.386
2020,8,"Usage de stupéfiants (AFD)",32,Hauts-de-France,population,2682,0.447
2020,8,"Usage de stupéfiants (AFD)",93,"Provence-Alpes-Côte d'Azur",population,5133,1.007
2020,8,"Usage de stupéfiants (AFD)",44,"Grand Est",population,1304,0.234
2020,8,"Usage de stupéfiants (AFD)",76,Occitanie,population,2382,0.399
2020,8,"Usage de stupéfiants (AFD)",28,Normandie,population,965,0.290
2020,8,"Usage de stupéfiants (AFD)",75,Nouvelle-Aquitaine,population,1502,0.249
2020,8,"Usage de stupéfiants (AFD)",24,"Centre-Val de Loire",population,815,0.317
2020,8,"Usage de stupéfiants (AFD)",27,Bourgogne-Franche-Comté,population,833,0.297
2020,8,"Usage de stupéfiants (AFD)",53,Bretagne,population,1057,0.313
2020,8,"Usage de stupéfiants (AFD)",94,Corse,population,84,0.244
2020,8,"Usage de stupéfiants (AFD)",52,"Pays de la Loire",population,630,0.164
2020,8,"Usage de stupéfiants (AFD)",11,Île-de-France,population,8291,0.676
2021,8,"Usage de stupéfiants (AFD)",84,Auvergne-Rhône-Alpes,population,12022,1.482
2021,8,"Usage de stupéfiants (AFD)",32,Hauts-de-France,population,9599,1.601
2021,8,"Usage de stupéfiants (AFD)",93,"Provence-Alpes-Côte d'Azur",population,19772,3.856
2021,8,"Usage de stupéfiants (AFD)",44,"Grand Est",population,4038,0.726
2021,8,"Usage de stupéfiants (AFD)",76,Occitanie,population,7840,1.302
2021,8,"Usage de stupéfiants (AFD)",28,Normandie,population,4586,1.378
2021,8,"Usage de stupéfiants (AFD)",75,Nouvelle-Aquitaine,population,4876,0.803
2021,8,"Usage de stupéfiants (AFD)",24,"Centre-Val de Loire",population,2805,1.090
2021,8,"Usage de stupéfiants (AFD)",27,Bourgogne-Franche-Comté,population,2913,1.040
2021,8,"Usage de stupéfiants (AFD)",53,Bretagne,population,2417,0.712
2021,8,"Usage de stupéfiants (AFD)",94,Corse,population,183,0.526
2021,8,"Usage de stupéfiants (AFD)",52,"Pays de la Loire",population,1581,0.410
2021,8,"Usage de stupéfiants (AFD)",11,Île-de-France,population,31189,2.532
2022,8,"Usage de stupéfiants (AFD)",84,Auvergne-Rhône-Alpes,population,16592,2.032
2022,8,"Usage de stupéfiants (AFD)",32,Hauts-de-France,population,12858,2.143
2022,8,"Usage de stupéfiants (AFD)",93,"Provence-Alpes-Côte d'Azur",population,27115,5.244
2022,8,"Usage de stupéfiants (AFD)",44,"Grand Est",population,5409,0.973
2022,8,"Usage de stupéfiants (AFD)",76,Occitanie,population,11806,1.942
2022,8,"Usage de stupéfiants (AFD)",28,Normandie,population,7716,2.311
2022,8,"Usage de stupéfiants (AFD)",75,Nouvelle-Aquitaine,population,6008,0.983
2022,8,"Usage de stupéfiants (AFD)",24,"Centre-Val de Loire",population,2850,1.104
2022,8,"Usage de stupéfiants (AFD)",27,Bourgogne-Franche-Comté,population,3884,1.385
2022,8,"Usage de stupéfiants (AFD)",53,Bretagne,population,3738,1.092
2022,8,"Usage de stupéfiants (AFD)",94,Corse,population,258,0.734
2022,8,"Usage de stupéfiants (AFD)",52,"Pays de la Loire",population,3019,0.778
2022,8,"Usage de stupéfiants (AFD)",11,Île-de-France,population,39695,3.206
2023,8,"Usage de stupéfiants (AFD)",84,Auvergne-Rhône-Alpes,population,17626,2.159
2023,8,"Usage de stupéfiants (AFD)",32,Hauts-de-France,population,13668,2.278
2023,8,"Usage de stupéfiants (AFD)",93,"Provence-Alpes-Côte d'Azur",population,28263,5.466
2023,8,"Usage de stupéfiants (AFD)",44,"Grand Est",population,6927,1.246
2023,8,"Usage de stupéfiants (AFD)",76,Occitanie,population,13086,2.152
2023,8,"Usage de stupéfiants (AFD)",28,Normandie,population,8189,2.452
2023,8,"Usage de stupéfiants (AFD)",75,Nouvelle-Aquitaine,population,7322,1.198
2023,8,"Usage de stupéfiants (AFD)",24,"Centre-Val de Loire",population,3251,1.259
2023,8,"Usage de stupéfiants (AFD)",27,Bourgogne-Franche-Comté,population,5212,1.859
2023,8,"Usage de stupéfiants (AFD)",53,Bretagne,population,4177,1.220
2023,8,"Usage de stupéfiants (AFD)",94,Corse,population,371,1.056
2023,8,"Usage de stupéfiants (AFD)",52,"Pays de la Loire",population,4102,1.057
2023,8,"Usage de stupéfiants (AFD)",11,Île-de-France,population,46142,3.727
2024,8,"Usage de stupéfiants (AFD)",84,Auvergne-Rhône-Alpes,population,21509,2.635
2024,8,"Usage de stupéfiants (AFD)",32,Hauts-de-France,population,15619,2.604
2024,8,"Usage de stupéfiants (AFD)",93,"Provence-Alpes-Côte d'Azur",population,32201,6.228
2024,8,"Usage de stupéfiants (AFD)",44,"Grand Est",population,7838,1.410
2024,8,"Usage de stupéfiants (AFD)",76,Occitanie,population,15074,2.479
2024,8,"Usage de stupéfiants (AFD)",28,Normandie,population,7650,2.291
2024,8,"Usage de stupéfiants (AFD)",75,Nouvelle-Aquitaine,population,9104,1.489
2024,8,"Usage de stupéfiants (AFD)",24,"Centre-Val de Loire",population,3393,1.314
2024,8,"Usage de stupéfiants (AFD)",27,Bourgogne-Franche-Comté,population,6376,2.274
2024,8,"Usage de stupéfiants (AFD)",53,Bretagne,population,4658,1.361
2024,8,"Usage de stupéfiants (AFD)",94,Corse,population,330,0.939
2024,8,"Usage de stupéfiants (AFD)",52,"Pays de la Loire",population,5321,1.372
2024,8,"Usage de stupéfiants (AFD)",11,Île-de-France,population,62350,5.036
2016,9,"Usage de stupéfiants (hors AFD)",84,Auvergne-Rhône-Alpes,population,21095,2.665
2016,9,"Usage de stupéfiants (hors AFD)",32,Hauts-de-France,population,18477,3.076
2016,9,"Usage de stupéfiants (hors AFD)",93,"Provence-Alpes-Côte d'Azur",population,17458,3.476
2016,9,"Usage de stupéfiants (hors AFD)",44,"Grand Est",population,13936,2.509
2016,9,"Usage de stupéfiants (hors AFD)",76,Occitanie,population,13362,2.300
2016,9,"Usage de stupéfiants (hors AFD)",28,Normandie,population,7481,2.243
2016,9,"Usage de stupéfiants (hors AFD)",75,Nouvelle-Aquitaine,population,11719,1.974
2016,9,"Usage de stupéfiants (hors AFD)",24,"Centre-Val de Loire",population,5993,2.325
2016,9,"Usage de stupéfiants (hors AFD)",27,Bourgogne-Franche-Comté,population,6366,2.259
2016,9,"Usage de stupéfiants (hors AFD)",53,Bretagne,population,5700,1.724
2016,9,"Usage de stupéfiants (hors AFD)",94,Corse,population,822,2.487
2016,9,"Usage de stupéfiants (hors AFD)",52,"Pays de la Loire",population,7787,2.083
2016,9,"Usage de stupéfiants (hors AFD)",11,Île-de-France,population,48010,3.962
2017,9,"Usage de stupéfiants (hors AFD)",84,Auvergne-Rhône-Alpes,population,21030,2.646
2017,9,"Usage de stupéfiants (hors AFD)",32,Hauts-de-France,population,18746,3.122
2017,9,"Usage de stupéfiants (hors AFD)",93,"Provence-Alpes-Côte d'Azur",population,17258,3.430
2017,9,"Usage de stupéfiants (hors AFD)",44,"Grand Est",population,14026,2.527
2017,9,"Usage de stupéfiants (hors AFD)",76,Occitanie,population,13068,2.236
2017,9,"Usage de stupéfiants (hors AFD)",28,Normandie,population,7459,2.240
2017,9,"Usage de stupéfiants (hors AFD)",75,Nouvelle-Aquitaine,population,12689,2.130
2017,9,"Usage de stupéfiants (hors AFD)",24,"Centre-Val de Loire",population,6424,2.494
2017,9,"Usage de stupéfiants (hors AFD)",27,Bourgogne-Franche-Comté,population,6567,2.336
2017,9,"Usage de stupéfiants (hors AFD)",53,Bretagne,population,6460,1.946
2017,9,"Usage de stupéfiants (hors AFD)",94,Corse,population,786,2.347
2017,9,"Usage de stupéfiants (hors AFD)",52,"Pays de la Loire",population,7560,2.012
2017,9,"Usage de stupéfiants (hors AFD)",11,Île-de-France,population,52100,4.279
2018,9,"Usage de stupéfiants (hors AFD)",84,Auvergne-Rhône-Alpes,population,22487,2.813
2018,9,"Usage de stupéfiants (hors AFD)",32,Hauts-de-France,population,18676,3.111
2018,9,"Usage de stupéfiants (hors AFD)",93,"Provence-Alpes-Côte d'Azur",population,16553,3.276
2018,9,"Usage de stupéfiants (hors AFD)",44,"Grand Est",population,12982,2.339
2018,9,"Usage de stupéfiants (hors AFD)",76,Occitanie,population,12551,2.133
2018,9,"Usage de stupéfiants (hors AFD)",28,Normandie,population,7315,2.198
2018,9,"Usage de stupéfiants (hors AFD)",75,Nouvelle-Aquitaine,population,12315,2.059
2018,9,"Usage de stupéfiants (hors AFD)",24,"Centre-Val de Loire",population,6222,2.418
2018,9,"Usage de stupéfiants (hors AFD)",27,Bourgogne-Franche-Comté,population,7122,2.537
2018,9,"Usage de stupéfiants (hors AFD)",53,Bretagne,population,6599,1.978
2018,9,"Usage de stupéfiants (hors AFD)",94,Corse,population,703,2.076
2018,9,"Usage de stupéfiants (hors AFD)",52,"Pays de la Loire",population,7380,1.952
2018,9,"Usage de stupéfiants (hors AFD)",11,Île-de-France,population,51404,4.209
2019,9,"Usage de stupéfiants (hors AFD)",84,Auvergne-Rhône-Alpes,population,21920,2.725
2019,9,"Usage de stupéfiants (hors AFD)",32,Hauts-de-France,population,18369,3.059
2019,9,"Usage de stupéfiants (hors AFD)",93,"Provence-Alpes-Côte d'Azur",population,15855,3.120
2019,9,"Usage de stupéfiants (hors AFD)",44,"Grand Est",population,12212,2.198
2019,9,"Usage de stupéfiants (hors AFD)",76,Occitanie,population,12508,2.108
2019,9,"Usage de stupéfiants (hors AFD)",28,Normandie,population,7048,2.120
2019,9,"Usage de stupéfiants (hors AFD)",75,Nouvelle-Aquitaine,population,12061,2.007
2019,9,"Usage de stupéfiants (hors AFD)",24,"Centre-Val de Loire",population,5177,2.012
2019,9,"Usage de stupéfiants (hors AFD)",27,Bourgogne-Franche-Comté,population,6533,2.329
2019,9,"Usage de stupéfiants (hors AFD)",53,Bretagne,population,6262,1.867
2019,9,"Usage de stupéfiants (hors AFD)",94,Corse,population,705,2.071
2019,9,"Usage de stupéfiants (hors AFD)",52,"Pays de la Loire",population,6846,1.799
2019,9,"Usage de stupéfiants (hors AFD)",11,Île-de-France,population,47742,3.893
2020,9,"Usage de stupéfiants (hors AFD)",84,Auvergne-Rhône-Alpes,population,17073,2.113
2020,9,"Usage de stupéfiants (hors AFD)",32,Hauts-de-France,population,13035,2.173
2020,9,"Usage de stupéfiants (hors AFD)",93,"Provence-Alpes-Côte d'Azur",population,11884,2.331
2020,9,"Usage de stupéfiants (hors AFD)",44,"Grand Est",population,9235,1.660
2020,9,"Usage de stupéfiants (hors AFD)",76,Occitanie,population,10053,1.683
2020,9,"Usage de stupéfiants (hors AFD)",28,Normandie,population,5390,1.621
2020,9,"Usage de stupéfiants (hors AFD)",75,Nouvelle-Aquitaine,population,9017,1.494
2020,9,"Usage de stupéfiants (hors AFD)",24,"Centre-Val de Loire",population,3941,1.531
2020,9,"Usage de stupéfiants (hors AFD)",27,Bourgogne-Franche-Comté,population,5492,1.960
2020,9,"Usage de stupéfiants (hors AFD)",53,Bretagne,population,5526,1.638
2020,9,"Usage de stupéfiants (hors AFD)",94,Corse,population,571,1.661
2020,9,"Usage de stupéfiants (hors AFD)",52,"Pays de la Loire",population,5285,1.379
2020,9,"Usage de stupéfiants (hors AFD)",11,Île-de-France,population,31594,2.575
2021,9,"Usage de stupéfiants (hors AFD)",84,Auvergne-Rhône-Alpes,population,13542,1.669
2021,9,"Usage de stupéfiants (hors AFD)",32,Hauts-de-France,population,11983,1.999
2021,9,"Usage de stupéfiants (hors AFD)",93,"Provence-Alpes-Côte d'Azur",population,9799,1.911
2021,9,"Usage de stupéfiants (hors AFD)",44,"Grand Est",population,8655,1.556
2021,9,"Usage de stupéfiants (hors AFD)",76,Occitanie,population,8959,1.488
2021,9,"Usage de stupéfiants (hors AFD)",28,Normandie,population,5478,1.646
2021,9,"Usage de stupéfiants (hors AFD)",75,Nouvelle-Aquitaine,population,7961,1.312
2021,9,"Usage de stupéfiants (hors AFD)",24,"Centre-Val de Loire",population,3766,1.463
2021,9,"Usage de stupéfiants (hors AFD)",27,Bourgogne-Franche-Comté,population,5380,1.921
2021,9,"Usage de stupéfiants (hors AFD)",53,Bretagne,population,5669,1.670
2021,9,"Usage de stupéfiants (hors AFD)",94,Corse,population,527,1.516
2021,9,"Usage de stupéfiants (hors AFD)",52,"Pays de la Loire",population,5004,1.298
2021,9,"Usage de stupéfiants (hors AFD)",11,Île-de-France,population,26272,2.133
2022,9,"Usage de stupéfiants (hors AFD)",84,Auvergne-Rhône-Alpes,population,12486,1.529
2022,9,"Usage de stupéfiants (hors AFD)",32,Hauts-de-France,population,11310,1.885
2022,9,"Usage de stupéfiants (hors AFD)",93,"Provence-Alpes-Côte d'Azur",population,8968,1.735
2022,9,"Usage de stupéfiants (hors AFD)",44,"Grand Est",population,7861,1.414
2022,9,"Usage de stupéfiants (hors AFD)",76,Occitanie,population,8344,1.372
2022,9,"Usage de stupéfiants (hors AFD)",28,Normandie,population,5099,1.527
2022,9,"Usage de stupéfiants (hors AFD)",75,Nouvelle-Aquitaine,population,7725,1.264
2022,9,"Usage de stupéfiants (hors AFD)",24,"Centre-Val de Loire",population,3083,1.194
2022,9,"Usage de stupéfiants (hors AFD)",27,Bourgogne-Franche-Comté,population,4287,1.529
2022,9,"Usage de stupéfiants (hors AFD)",53,Bretagne,population,4722,1.380
2022,9,"Usage de stupéfiants (hors AFD)",94,Corse,population,501,1.426
2022,9,"Usage de stupéfiants (hors AFD)",52,"Pays de la Loire",population,4657,1.201
2022,9,"Usage de stupéfiants (hors AFD)",11,Île-de-France,population,27047,2.185
2023,9,"Usage de stupéfiants (hors AFD)",84,Auvergne-Rhône-Alpes,population,11422,1.399
2023,9,"Usage de stupéfiants (hors AFD)",32,Hauts-de-France,population,10089,1.682
2023,9,"Usage de stupéfiants (hors AFD)",93,"Provence-Alpes-Côte d'Azur",population,9099,1.760
2023,9,"Usage de stupéfiants (hors AFD)",44,"Grand Est",population,7535,1.355
2023,9,"Usage de stupéfiants (hors AFD)",76,Occitanie,population,8132,1.337
2023,9,"Usage de stupéfiants (hors AFD)",28,Normandie,population,4722,1.414
2023,9,"Usage de stupéfiants (hors AFD)",75,Nouvelle-Aquitaine,population,7348,1.202
2023,9,"Usage de stupéfiants (hors AFD)",24,"Centre-Val de Loire",population,2493,0.966
2023,9,"Usage de stupéfiants (hors AFD)",27,Bourgogne-Franche-Comté,population,3944,1.407
2023,9,"Usage de stupéfiants (hors AFD)",53,Bretagne,population,4394,1.284
2023,9,"Usage de stupéfiants (hors AFD)",94,Corse,population,484,1.378
2023,9,"Usage de stupéfiants (hors AFD)",52,"Pays de la Loire",population,4453,1.148
2023,9,"Usage de stupéfiants (hors AFD)",11,Île-de-France,population,24039,1.942
2024,9,"Usage de stupéfiants (hors AFD)",84,Auvergne-Rhône-Alpes,population,10946,1.341
2024,9,"Usage de stupéfiants (hors AFD)",32,Hauts-de-France,population,10003,1.667
2024,9,"Usage de stupéfiants (hors AFD)",93,"Provence-Alpes-Côte d'Azur",population,8559,1.655
2024,9,"Usage de stupéfiants (hors AFD)",44,"Grand Est",population,6804,1.224
2024,9,"Usage de stupéfiants (hors AFD)",76,Occitanie,population,7670,1.261
2024,9,"Usage de stupéfiants (hors AFD)",28,Normandie,population,4039,1.210
2024,9,"Usage de stupéfiants (hors AFD)",75,Nouvelle-Aquitaine,population,6982,1.142
2024,9,"Usage de stupéfiants (hors AFD)",24,"Centre-Val de Loire",population,2309,0.894
2024,9,"Usage de stupéfiants (hors AFD)",27,Bourgogne-Franche-Comté,population,3367,1.201
2024,9,"Usage de stupéfiants (hors AFD)",53,Bretagne,population,3619,1.057
2024,9,"Usage de stupéfiants (hors AFD)",94,Corse,population,411,1.170
2024,9,"Usage de stupéfiants (hors AFD)",52,"Pays de la Loire",population,4189,1.080
2024,9,"Usage de stupéfiants (hors AFD)",11,Île-de-France,population,23031,1.860
2016,10,"Violences physiques hors cadre familial",84,Auvergne-Rhône-Alpes,population,17878,2.258
2016,10,"Violences physiques hors cadre familial",32,Hauts-de-France,population,17754,2.956
2016,10,"Violences physiques hors cadre familial",93,"Provence-Alpes-Côte d'Azur",population,14770,2.941
2016,10,"Violences physiques hors cadre familial",44,"Grand Est",population,13546,2.438
2016,10,"Violences physiques hors cadre familial",76,Occitanie,population,13260,2.283
2016,10,"Violences physiques hors cadre familial",28,Normandie,population,6960,2.086
2016,10,"Violences physiques hors cadre familial",75,Nouvelle-Aquitaine,population,10607,1.787
2016,10,"Violences physiques hors cadre familial",24,"Centre-Val de Loire",population,5098,1.978
2016,10,"Violences physiques hors cadre familial",27,Bourgogne-Franche-Comté,population,6220,2.207
2016,10,"Violences physiques hors cadre familial",53,Bretagne,population,5351,1.618
2016,10,"Violences physiques hors cadre familial",94,Corse,population,686,2.076
2016,10,"Violences physiques hors cadre familial",52,"Pays de la Loire",population,6591,1.763
2016,10,"Violences physiques hors cadre familial",11,Île-de-France,population,35394,2.921
2017,10,"Violences physiques hors cadre familial",84,Auvergne-Rhône-Alpes,population,18724,2.356
2017,10,"Violences physiques hors cadre familial",32,Hauts-de-France,population,17930,2.986
2017,10,"Violences physiques hors cadre familial",93,"Provence-Alpes-Côte d'Azur",population,14611,2.904
2017,10,"Violences physiques hors cadre familial",44,"Grand Est",population,14347,2.585
2017,10,"Violences physiques hors cadre familial",76,Occitanie,population,14159,2.422
2017,10,"Violences physiques hors cadre familial",28,Normandie,population,7186,2.158
2017,10,"Violences physiques hors cadre familial",75,Nouvelle-Aquitaine,population,11497,1.930
2017,10,"Violences physiques hors cadre familial",24,"Centre-Val de Loire",population,5593,2.171
2017,10,"Violences physiques hors cadre familial",27,Bourgogne-Franche-Comté,population,6622,2.355
2017,10,"Violences physiques hors cadre familial",53,Bretagne,population,6005,1.809
2017,10,"Violences physiques hors cadre familial",94,Corse,population,707,2.111
2017,10,"Violences physiques hors cadre familial",52,"Pays de la Loire",population,7204,1.917
2017,10,"Violences physiques hors cadre familial",11,Île-de-France,population,37552,3.084
2018,10,"Violences physiques hors cadre familial",84,Auvergne-Rhône-Alpes,population,20413,2.553
2018,10,"Violences physiques hors cadre familial",32,Hauts-de-France,population,19316,3.217
2018,10,"Violences physiques hors cadre familial",93,"Provence-Alpes-Côte d'Azur",population,16404,3.247
2018,10,"Violences physiques hors cadre familial",44,"Grand Est",population,14870,2.679
2018,10,"Violences physiques hors cadre familial",76,Occitanie,population,15433,2.622
2018,10,"Violences physiques hors cadre familial",28,Normandie,population,8047,2.418
2018,10,"Violences physiques hors cadre familial",75,Nouvelle-Aquitaine,population,12207,2.041
2018,10,"Violences physiques hors cadre familial",24,"Centre-Val de Loire",population,6102,2.372
2018,10,"Violences physiques hors cadre familial",27,Bourgogne-Franche-Comté,population,7002,2.494
2018,10,"Violences physiques hors cadre familial",53,Bretagne,population,6494,1.947
2018,10,"Violences physiques hors cadre familial",94,Corse,population,736,2.174
2018,10,"Violences physiques hors cadre familial",52,"Pays de la Loire",population,7752,2.050
2018,10,"Violences physiques hors cadre familial",11,Île-de-France,population,38395,3.144
2019,10,"Violences physiques hors cadre familial",84,Auvergne-Rhône-Alpes,population,20532,2.553
2019,10,"Violences physiques hors cadre familial",32,Hauts-de-France,population,19129,3.186
2019,10,"Violences physiques hors cadre familial",93,"Provence-Alpes-Côte d'Azur",population,16387,3.225
2019,10,"Violences physiques hors cadre familial",44,"Grand Est",population,15101,2.718
2019,10,"Violences physiques hors cadre familial",76,Occitanie,population,16323,2.751
2019,10,"Violences physiques hors cadre familial",28,Normandie,population,8143,2.449
2019,10,"Violences physiques hors cadre familial",75,Nouvelle-Aquitaine,population,13056,2.172
2019,10,"Violences physiques hors cadre familial",24,"Centre-Val de Loire",population,6048,2.350
2019,10,"Violences physiques hors cadre familial",27,Bourgogne-Franche-Comté,population,6786,2.419
2019,10,"Violences physiques hors cadre familial",53,Bretagne,population,6771,2.018
2019,10,"Violences physiques hors cadre familial",94,Corse,population,744,2.185
2019,10,"Violences physiques hors cadre familial",52,"Pays de la Loire",population,8126,2.135
2019,10,"Violences physiques hors cadre familial",11,Île-de-France,population,38372,3.129
2020,10,"Violences physiques hors cadre familial",84,Auvergne-Rhône-Alpes,population,18780,2.325
2020,10,"Violences physiques hors cadre familial",32,Hauts-de-France,population,17046,2.842
2020,10,"Violences physiques hors cadre familial",93,"Provence-Alpes-Côte d'Azur",population,15058,2.953
2020,10,"Violences physiques hors cadre familial",44,"Grand Est",population,13348,2.400
2020,10,"Violences physiques hors cadre familial",76,Occitanie,population,14924,2.498
2020,10,"Violences physiques hors cadre familial",28,Normandie,population,7047,2.119
2020,10,"Violences physiques hors cadre familial",75,Nouvelle-Aquitaine,population,12261,2.032
2020,10,"Violences physiques hors cadre familial",24,"Centre-Val de Loire",population,5512,2.141
2020,10,"Violences physiques hors cadre familial",27,Bourgogne-Franche-Comté,population,6191,2.210
2020,10,"Violences physiques hors cadre familial",53,Bretagne,population,6349,1.882
2020,10,"Violences physiques hors cadre familial",94,Corse,population,736,2.141
2020,10,"Violences physiques hors cadre familial",52,"Pays de la Loire",population,7390,1.928
2020,10,"Violences physiques hors cadre familial",11,Île-de-France,population,33944,2.766
2021,10,"Violences physiques hors cadre familial",84,Auvergne-Rhône-Alpes,population,21575,2.659
2021,10,"Violences physiques hors cadre familial",32,Hauts-de-France,population,18986,3.167
2021,10,"Violences physiques hors cadre familial",93,"Provence-Alpes-Côte d'Azur",population,16319,3.182
2021,10,"Violences physiques hors cadre familial",44,"Grand Est",population,14971,2.692
2021,10,"Violences physiques hors cadre familial",76,Occitanie,population,15732,2.612
2021,10,"Violences physiques hors cadre familial",28,Normandie,population,8032,2.413
2021,10,"Violences physiques hors cadre familial",75,Nouvelle-Aquitaine,population,12855,2.118
2021,10,"Violences physiques hors cadre familial",24,"Centre-Val de Loire",population,5715,2.221
2021,10,"Violences physiques hors cadre familial",27,Bourgogne-Franche-Comté,population,6873,2.454
2021,10,"Violences physiques hors cadre familial",53,Bretagne,population,6396,1.884
2021,10,"Violences physiques hors cadre familial",94,Corse,population,776,2.232
2021,10,"Violences physiques hors cadre familial",52,"Pays de la Loire",population,7963,2.066
2021,10,"Violences physiques hors cadre familial",11,Île-de-France,population,36449,2.959
2022,10,"Violences physiques hors cadre familial",84,Auvergne-Rhône-Alpes,population,23167,2.838
2022,10,"Violences physiques hors cadre familial",32,Hauts-de-France,population,19969,3.329
2022,10,"Violences physiques hors cadre familial",93,"Provence-Alpes-Côte d'Azur",population,17460,3.377
2022,10,"Violences physiques hors cadre familial",44,"Grand Est",population,16482,2.964
2022,10,"Violences physiques hors cadre familial",76,Occitanie,population,17553,2.887
2022,10,"Violences physiques hors cadre familial",28,Normandie,population,8823,2.642
2022,10,"Violences physiques hors cadre familial",75,Nouvelle-Aquitaine,population,14990,2.452
2022,10,"Violences physiques hors cadre familial",24,"Centre-Val de Loire",population,6369,2.467
2022,10,"Violences physiques hors cadre familial",27,Bourgogne-Franche-Comté,population,7306,2.606
2022,10,"Violences physiques hors cadre familial",53,Bretagne,population,7376,2.155
2022,10,"Violences physiques hors cadre familial",94,Corse,population,909,2.588
2022,10,"Violences physiques hors cadre familial",52,"Pays de la Loire",population,8716,2.247
2022,10,"Violences physiques hors cadre familial",11,Île-de-France,population,40547,3.275
2023,10,"Violences physiques hors cadre familial",84,Auvergne-Rhône-Alpes,population,23436,2.871
2023,10,"Violences physiques hors cadre familial",32,Hauts-de-France,population,20673,3.446
2023,10,"Violences physiques hors cadre familial",93,"Provence-Alpes-Côte d'Azur",population,17664,3.416
2023,10,"Violences physiques hors cadre familial",44,"Grand Est",population,17158,3.086
2023,10,"Violences physiques hors cadre familial",76,Occitanie,population,18395,3.025
2023,10,"Violences physiques hors cadre familial",28,Normandie,population,9299,2.785
2023,10,"Violences physiques hors cadre familial",75,Nouvelle-Aquitaine,population,15512,2.537
2023,10,"Violences physiques hors cadre familial",24,"Centre-Val de Loire",population,6529,2.529
2023,10,"Violences physiques hors cadre familial",27,Bourgogne-Franche-Comté,population,7653,2.729
2023,10,"Violences physiques hors cadre familial",53,Bretagne,population,7545,2.204
2023,10,"Violences physiques hors cadre familial",94,Corse,population,847,2.411
2023,10,"Violences physiques hors cadre familial",52,"Pays de la Loire",population,8743,2.254
2023,10,"Violences physiques hors cadre familial",11,Île-de-France,population,40757,3.292
2024,10,"Violences physiques hors cadre familial",84,Auvergne-Rhône-Alpes,population,23358,2.861
2024,10,"Violences physiques hors cadre familial",32,Hauts-de-France,population,21366,3.562
2024,10,"Violences physiques hors cadre familial",93,"Provence-Alpes-Côte d'Azur",population,18073,3.496
2024,10,"Violences physiques hors cadre familial",44,"Grand Est",population,16820,3.025
2024,10,"Violences physiques hors cadre familial",76,Occitanie,population,18558,3.052
2024,10,"Violences physiques hors cadre familial",28,Normandie,population,9092,2.723
2024,10,"Violences physiques hors cadre familial",75,Nouvelle-Aquitaine,population,15272,2.498
2024,10,"Violences physiques hors cadre familial",24,"Centre-Val de Loire",population,6501,2.518
2024,10,"Violences physiques hors cadre familial",27,Bourgogne-Franche-Comté,population,7394,2.637
2024,10,"Violences physiques hors cadre familial",53,Bretagne,population,7528,2.199
2024,10,"Violences physiques hors cadre familial",94,Corse,population,810,2.306
2024,10,"Violences physiques hors cadre familial",52,"Pays de la Loire",population,8485,2.187
2024,10,"Violences physiques hors cadre familial",11,Île-de-France,population,40377,3.261
2016,11,"Violences physiques intrafamiliales",84,Auvergne-Rhône-Alpes,population,11391,1.439
2016,11,"Violences physiques intrafamiliales",32,Hauts-de-France,population,13308,2.215
2016,11,"Violences physiques intrafamiliales",93,"Provence-Alpes-Côte d'Azur",population,9626,1.917
2016,11,"Violences physiques intrafamiliales",44,"Grand Est",population,8685,1.563
2016,11,"Violences physiques intrafamiliales",76,Occitanie,population,8885,1.530
2016,11,"Violences physiques intrafamiliales",28,Normandie,population,5316,1.594
2016,11,"Violences physiques intrafamiliales",75,Nouvelle-Aquitaine,population,8019,1.351
2016,11,"Violences physiques intrafamiliales",24,"Centre-Val de Loire",population,4039,1.567
2016,11,"Violences physiques intrafamiliales",27,Bourgogne-Franche-Comté,population,4471,1.586
2016,11,"Violences physiques intrafamiliales",53,Bretagne,population,4022,1.216
2016,11,"Violences physiques intrafamiliales",94,Corse,population,417,1.262
2016,11,"Violences physiques intrafamiliales",52,"Pays de la Loire",population,5354,1.432
2016,11,"Violences physiques intrafamiliales",11,Île-de-France,population,24805,2.047
2017,11,"Violences physiques intrafamiliales",84,Auvergne-Rhône-Alpes,population,11417,1.436
2017,11,"Violences physiques intrafamiliales",32,Hauts-de-France,population,13508,2.250
2017,11,"Violences physiques intrafamiliales",93,"Provence-Alpes-Côte d'Azur",population,9752,1.938
2017,11,"Violences physiques intrafamiliales",44,"Grand Est",population,9105,1.641
2017,11,"Violences physiques intrafamiliales",76,Occitanie,population,9306,1.592
2017,11,"Violences physiques intrafamiliales",28,Normandie,population,5418,1.627
2017,11,"Violences physiques intrafamiliales",75,Nouvelle-Aquitaine,population,8292,1.392
2017,11,"Violences physiques intrafamiliales",24,"Centre-Val de Loire",population,4395,1.706
2017,11,"Violences physiques intrafamiliales",27,Bourgogne-Franche-Comté,population,4804,1.709
2017,11,"Violences physiques intrafamiliales",53,Bretagne,population,4354,1.312
2017,11,"Violences physiques intrafamiliales",94,Corse,population,414,1.236
2017,11,"Violences physiques intrafamiliales",52,"Pays de la Loire",population,5762,1.533
2017,11,"Violences physiques intrafamiliales",11,Île-de-France,population,25433,2.089
2018,11,"Violences physiques intrafamiliales",84,Auvergne-Rhône-Alpes,population,13106,1.639
2018,11,"Violences physiques intrafamiliales",32,Hauts-de-France,population,15161,2.525
2018,11,"Violences physiques intrafamiliales",93,"Provence-Alpes-Côte d'Azur",population,10759,2.129
2018,11,"Violences physiques intrafamiliales",44,"Grand Est",population,10237,1.844
2018,11,"Violences physiques intrafamiliales",76,Occitanie,population,10219,1.736
2018,11,"Violences physiques intrafamiliales",28,Normandie,population,5850,1.758
2018,11,"Violences physiques intrafamiliales",75,Nouvelle-Aquitaine,population,9244,1.546
2018,11,"Violences physiques intrafamiliales",24,"Centre-Val de Loire",population,4729,1.838
2018,11,"Violences physiques intrafamiliales",27,Bourgogne-Franche-Comté,population,5033,1.793
2018,11,"Violences physiques intrafamiliales",53,Bretagne,population,4863,1.458
2018,11,"Violences physiques intrafamiliales",94,Corse,population,454,1.341
2018,11,"Violences physiques intrafamiliales",52,"Pays de la Loire",population,6383,1.688
2018,11,"Violences physiques intrafamiliales",11,Île-de-France,population,27018,2.212
2019,11,"Violences physiques intrafamiliales",84,Auvergne-Rhône-Alpes,population,15463,1.923
2019,11,"Violences physiques intrafamiliales",32,Hauts-de-France,population,17745,2.955
2019,11,"Violences physiques intrafamiliales",93,"Provence-Alpes-Côte d'Azur",population,12420,2.444
2019,11,"Violences physiques intrafamiliales",44,"Grand Est",population,11768,2.118
2019,11,"Violences physiques intrafamiliales",76,Occitanie,population,11563,1.949
2019,11,"Violences physiques intrafamiliales",28,Normandie,population,6524,1.962
2019,11,"Violences physiques intrafamiliales",75,Nouvelle-Aquitaine,population,10745,1.788
2019,11,"Violences physiques intrafamiliales",24,"Centre-Val de Loire",population,5588,2.172
2019,11,"Violences physiques intrafamiliales",27,Bourgogne-Franche-Comté,population,5649,2.013
2019,11,"Violences physiques intrafamiliales",53,Bretagne,population,5623,1.676
2019,11,"Violences physiques intrafamiliales",94,Corse,population,600,1.762
2019,11,"Violences physiques intrafamiliales",52,"Pays de la Loire",population,7447,1.956
2019,11,"Violences physiques intrafamiliales",11,Île-de-France,population,30243,2.466
2020,11,"Violences physiques intrafamiliales",84,Auvergne-Rhône-Alpes,population,17145,2.122
2020,11,"Violences physiques intrafamiliales",32,Hauts-de-France,population,18438,3.074
2020,11,"Violences physiques intrafamiliales",93,"Provence-Alpes-Côte d'Azur",population,13318,2.612
2020,11,"Violences physiques intrafamiliales",44,"Grand Est",population,12960,2.330
2020,11,"Violences physiques intrafamiliales",76,Occitanie,population,13176,2.206
2020,11,"Violences physiques intrafamiliales",28,Normandie,population,7019,2.111
2020,11,"Violences physiques intrafamiliales",75,Nouvelle-Aquitaine,population,12278,2.035
2020,11,"Violences physiques intrafamiliales",24,"Centre-Val de Loire",population,6067,2.356
2020,11,"Violences physiques intrafamiliales",27,Bourgogne-Franche-Comté,population,6291,2.245
2020,11,"Violences physiques intrafamiliales",53,Bretagne,population,7252,2.149
2020,11,"Violences physiques intrafamiliales",94,Corse,population,672,1.955
2020,11,"Violences physiques intrafamiliales",52,"Pays de la Loire",population,8514,2.222
2020,11,"Violences physiques intrafamiliales",11,Île-de-France,population,32788,2.672
2021,11,"Violences physiques intrafamiliales",84,Auvergne-Rhône-Alpes,population,19117,2.356
2021,11,"Violences physiques intrafamiliales",32,Hauts-de-France,population,22104,3.687
2021,11,"Violences physiques intrafamiliales",93,"Provence-Alpes-Côte d'Azur",population,14931,2.912
2021,11,"Violences physiques intrafamiliales",44,"Grand Est",population,15720,2.827
2021,11,"Violences physiques intrafamiliales",76,Occitanie,population,14955,2.483
2021,11,"Violences physiques intrafamiliales",28,Normandie,population,8632,2.594
2021,11,"Violences physiques intrafamiliales",75,Nouvelle-Aquitaine,population,15215,2.507
2021,11,"Violences physiques intrafamiliales",24,"Centre-Val de Loire",population,7140,2.775
2021,11,"Violences physiques intrafamiliales",27,Bourgogne-Franche-Comté,population,6948,2.481
2021,11,"Violences physiques intrafamiliales",53,Bretagne,population,7518,2.215
2021,11,"Violences physiques intrafamiliales",94,Corse,population,694,1.997
2021,11,"Violences physiques intrafamiliales",52,"Pays de la Loire",population,9276,2.407
2021,11,"Violences physiques intrafamiliales",11,Île-de-France,population,36556,2.968
2022,11,"Violences physiques intrafamiliales",84,Auvergne-Rhône-Alpes,population,21922,2.685
2022,11,"Violences physiques intrafamiliales",32,Hauts-de-France,population,25942,4.324
2022,11,"Violences physiques intrafamiliales",93,"Provence-Alpes-Côte d'Azur",population,17190,3.325
2022,11,"Violences physiques intrafamiliales",44,"Grand Est",population,17560,3.158
2022,11,"Violences physiques intrafamiliales",76,Occitanie,population,17345,2.852
2022,11,"Violences physiques intrafamiliales",28,Normandie,population,10088,3.021
2022,11,"Violences physiques intrafamiliales",75,Nouvelle-Aquitaine,population,17879,2.925
2022,11,"Violences physiques intrafamiliales",24,"Centre-Val de Loire",population,7979,3.091
2022,11,"Violences physiques intrafamiliales",27,Bourgogne-Franche-Comté,population,7895,2.816
2022,11,"Violences physiques intrafamiliales",53,Bretagne,population,8938,2.611
2022,11,"Violences physiques intrafamiliales",94,Corse,population,825,2.349
2022,11,"Violences physiques intrafamiliales",52,"Pays de la Loire",population,10490,2.704
2022,11,"Violences physiques intrafamiliales",11,Île-de-France,population,42347,3.420
2023,11,"Violences physiques intrafamiliales",84,Auvergne-Rhône-Alpes,population,24217,2.966
2023,11,"Violences physiques intrafamiliales",32,Hauts-de-France,population,28897,4.817
2023,11,"Violences physiques intrafamiliales",93,"Provence-Alpes-Côte d'Azur",population,18354,3.550
2023,11,"Violences physiques intrafamiliales",44,"Grand Est",population,19108,3.437
2023,11,"Violences physiques intrafamiliales",76,Occitanie,population,18982,3.122
2023,11,"Violences physiques intrafamiliales",28,Normandie,population,12014,3.598
2023,11,"Violences physiques intrafamiliales",75,Nouvelle-Aquitaine,population,19543,3.197
2023,11,"Violences physiques intrafamiliales",24,"Centre-Val de Loire",population,9279,3.594
2023,11,"Violences physiques intrafamiliales",27,Bourgogne-Franche-Comté,population,8935,3.187
2023,11,"Violences physiques intrafamiliales",53,Bretagne,population,9999,2.921
2023,11,"Violences physiques intrafamiliales",94,Corse,population,999,2.844
2023,11,"Violences physiques intrafamiliales",52,"Pays de la Loire",population,11634,2.999
2023,11,"Violences physiques intrafamiliales",11,Île-de-France,population,44741,3.614
2024,11,"Violences physiques intrafamiliales",84,Auvergne-Rhône-Alpes,population,24937,3.055
2024,11,"Violences physiques intrafamiliales",32,Hauts-de-France,population,29160,4.861
2024,11,"Violences physiques intrafamiliales",93,"Provence-Alpes-Côte d'Azur",population,19117,3.697
2024,11,"Violences physiques intrafamiliales",44,"Grand Est",population,19441,3.497
2024,11,"Violences physiques intrafamiliales",76,Occitanie,population,19687,3.238
2024,11,"Violences physiques intrafamiliales",28,Normandie,population,12263,3.673
2024,11,"Violences physiques intrafamiliales",75,Nouvelle-Aquitaine,population,19654,3.215
2024,11,"Violences physiques intrafamiliales",24,"Centre-Val de Loire",population,9215,3.570
2024,11,"Violences physiques intrafamiliales",27,Bourgogne-Franche-Comté,population,9339,3.331
2024,11,"Violences physiques intrafamiliales",53,Bretagne,population,10802,3.156
2024,11,"Violences physiques intrafamiliales",94,Corse,population,944,2.687
2024,11,"Violences physiques intrafamiliales",52,"Pays de la Loire",population,12402,3.197
2024,11,"Violences physiques intrafamiliales",11,Île-de-France,population,45350,3.663
2016,12,"Violences sexuelles",84,Auvergne-Rhône-Alpes,population,5333,0.674
2016,12,"Violences sexuelles",32,Hauts-de-France,population,5700,0.949
2016,12,"Violences sexuelles",93,"Provence-Alpes-Côte d'Azur",population,3578,0.712
2016,12,"Violences sexuelles",44,"Grand Est",population,4023,0.724
2016,12,"Violences sexuelles",76,Occitanie,population,4047,0.697
2016,12,"Violences sexuelles",28,Normandie,population,2810,0.842
2016,12,"Violences sexuelles",75,Nouvelle-Aquitaine,population,4491,0.757
2016,12,"Violences sexuelles",24,"Centre-Val de Loire",population,2121,0.823
2016,12,"Violences sexuelles",27,Bourgogne-Franche-Comté,population,2110,0.749
2016,12,"Violences sexuelles",53,Bretagne,population,2265,0.685
2016,12,"Violences sexuelles",94,Corse,population,182,0.551
2016,12,"Violences sexuelles",52,"Pays de la Loire",population,3006,0.804
2016,12,"Violences sexuelles",11,Île-de-France,population,9967,0.823
2017,12,"Violences sexuelles",84,Auvergne-Rhône-Alpes,population,5814,0.731
2017,12,"Violences sexuelles",32,Hauts-de-France,population,6106,1.017
2017,12,"Violences sexuelles",93,"Provence-Alpes-Côte d'Azur",population,3946,0.784
2017,12,"Violences sexuelles",44,"Grand Est",population,4544,0.819
2017,12,"Violences sexuelles",76,Occitanie,population,4655,0.796
2017,12,"Violences sexuelles",28,Normandie,population,3120,0.937
2017,12,"Violences sexuelles",75,Nouvelle-Aquitaine,population,4947,0.830
2017,12,"Violences sexuelles",24,"Centre-Val de Loire",population,2212,0.859
2017,12,"Violences sexuelles",27,Bourgogne-Franche-Comté,population,2456,0.874
2017,12,"Violences sexuelles",53,Bretagne,population,2455,0.740
2017,12,"Violences sexuelles",94,Corse,population,210,0.627
2017,12,"Violences sexuelles",52,"Pays de la Loire",population,3388,0.902
2017,12,"Violences sexuelles",11,Île-de-France,population,10654,0.875
2018,12,"Violences sexuelles",84,Auvergne-Rhône-Alpes,population,6999,0.875
2018,12,"Violences sexuelles",32,Hauts-de-France,population,7266,1.210
2018,12,"Violences sexuelles",93,"Provence-Alpes-Côte d'Azur",population,4567,0.904
2018,12,"Violences sexuelles",44,"Grand Est",population,5255,0.947
2018,12,"Violences sexuelles",76,Occitanie,population,5473,0.930
2018,12,"Violences sexuelles",28,Normandie,population,3617,1.087
2018,12,"Violences sexuelles",75,Nouvelle-Aquitaine,population,5630,0.942
2018,12,"Violences sexuelles",24,"Centre-Val de Loire",population,2612,1.015
2018,12,"Violences sexuelles",27,Bourgogne-Franche-Comté,population,2808,1.000
2018,12,"Violences sexuelles",53,Bretagne,population,3019,0.905
2018,12,"Violences sexuelles",94,Corse,population,233,0.688
2018,12,"Violences sexuelles",52,"Pays de la Loire",population,4027,1.065
2018,12,"Violences sexuelles",11,Île-de-France,population,13243,1.084
2019,12,"Violences sexuelles",84,Auvergne-Rhône-Alpes,population,8002,0.995
2019,12,"Violences sexuelles",32,Hauts-de-France,population,8361,1.392
2019,12,"Violences sexuelles",93,"Provence-Alpes-Côte d'Azur",population,4915,0.967
2019,12,"Violences sexuelles",44,"Grand Est",population,5822,1.048
2019,12,"Violences sexuelles",76,Occitanie,population,6000,1.011
2019,12,"Violences sexuelles",28,Normandie,population,4080,1.227
2019,12,"Violences sexuelles",75,Nouvelle-Aquitaine,population,6471,1.077
2019,12,"Violences sexuelles",24,"Centre-Val de Loire",population,3034,1.179
2019,12,"Violences sexuelles",27,Bourgogne-Franche-Comté,population,3047,1.086
2019,12,"Violences sexuelles",53,Bretagne,population,3463,1.032
2019,12,"Violences sexuelles",94,Corse,population,295,0.867
2019,12,"Violences sexuelles",52,"Pays de la Loire",population,4536,1.192
2019,12,"Violences sexuelles",11,Île-de-France,population,14088,1.149
2020,12,"Violences sexuelles",84,Auvergne-Rhône-Alpes,population,8272,1.024
2020,12,"Violences sexuelles",32,Hauts-de-France,population,8007,1.335
2020,12,"Violences sexuelles",93,"Provence-Alpes-Côte d'Azur",population,4927,0.966
2020,12,"Violences sexuelles",44,"Grand Est",population,6249,1.123
2020,12,"Violences sexuelles",76,Occitanie,population,6429,1.076
2020,12,"Violences sexuelles",28,Normandie,population,4211,1.266
2020,12,"Violences sexuelles",75,Nouvelle-Aquitaine,population,7192,1.192
2020,12,"Violences sexuelles",24,"Centre-Val de Loire",population,3016,1.171
2020,12,"Violences sexuelles",27,Bourgogne-Franche-Comté,population,3219,1.149
2020,12,"Violences sexuelles",53,Bretagne,population,3845,1.140
2020,12,"Violences sexuelles",94,Corse,population,304,0.884
2020,12,"Violences sexuelles",52,"Pays de la Loire",population,4662,1.217
2020,12,"Violences sexuelles",11,Île-de-France,population,13555,1.105
2021,12,"Violences sexuelles",84,Auvergne-Rhône-Alpes,population,10029,1.236
2021,12,"Violences sexuelles",32,Hauts-de-France,population,10101,1.685
2021,12,"Violences sexuelles",93,"Provence-Alpes-Côte d'Azur",population,6304,1.229
2021,12,"Violences sexuelles",44,"Grand Est",population,7624,1.371
2021,12,"Violences sexuelles",76,Occitanie,population,8195,1.361
2021,12,"Violences sexuelles",28,Normandie,population,5244,1.576
2021,12,"Violences sexuelles",75,Nouvelle-Aquitaine,population,8927,1.471
2021,12,"Violences sexuelles",24,"Centre-Val de Loire",population,4039,1.570
2021,12,"Violences sexuelles",27,Bourgogne-Franche-Comté,population,3801,1.357
2021,12,"Violences sexuelles",53,Bretagne,population,4589,1.352
2021,12,"Violences sexuelles",94,Corse,population,354,1.018
2021,12,"Violences sexuelles",52,"Pays de la Loire",population,5891,1.529
2021,12,"Violences sexuelles",11,Île-de-France,population,17228,1.399
2022,12,"Violences sexuelles",84,Auvergne-Rhône-Alpes,population,11133,1.364
2022,12,"Violences sexuelles",32,Hauts-de-France,population,10607,1.768
2022,12,"Violences sexuelles",93,"Provence-Alpes-Côte d'Azur",population,6936,1.342
2022,12,"Violences sexuelles",44,"Grand Est",population,8723,1.569
2022,12,"Violences sexuelles",76,Occitanie,population,9159,1.506
2022,12,"Violences sexuelles",28,Normandie,population,5723,1.714
2022,12,"Violences sexuelles",75,Nouvelle-Aquitaine,population,9703,1.587
2022,12,"Violences sexuelles",24,"Centre-Val de Loire",population,4418,1.711
2022,12,"Violences sexuelles",27,Bourgogne-Franche-Comté,population,4174,1.489
2022,12,"Violences sexuelles",53,Bretagne,population,5109,1.493
2022,12,"Violences sexuelles",94,Corse,population,372,1.059
2022,12,"Violences sexuelles",52,"Pays de la Loire",population,6253,1.612
2022,12,"Violences sexuelles",11,Île-de-France,population,19622,1.585
2023,12,"Violences sexuelles",84,Auvergne-Rhône-Alpes,population,12151,1.488
2023,12,"Violences sexuelles",32,Hauts-de-France,population,11906,1.985
2023,12,"Violences sexuelles",93,"Provence-Alpes-Côte d'Azur",population,7573,1.465
2023,12,"Violences sexuelles",44,"Grand Est",population,8846,1.591
2023,12,"Violences sexuelles",76,Occitanie,population,9751,1.604
2023,12,"Violences sexuelles",28,Normandie,population,6270,1.878
2023,12,"Violences sexuelles",75,Nouvelle-Aquitaine,population,10926,1.787
2023,12,"Violences sexuelles",24,"Centre-Val de Loire",population,4647,1.800
2023,12,"Violences sexuelles",27,Bourgogne-Franche-Comté,population,4674,1.667
2023,12,"Violences sexuelles",53,Bretagne,population,5406,1.579
2023,12,"Violences sexuelles",94,Corse,population,372,1.059
2023,12,"Violences sexuelles",52,"Pays de la Loire",population,6855,1.767
2023,12,"Violences sexuelles",11,Île-de-France,population,20109,1.624
2024,12,"Violences sexuelles",84,Auvergne-Rhône-Alpes,population,13250,1.623
2024,12,"Violences sexuelles",32,Hauts-de-France,population,12858,2.143
2024,12,"Violences sexuelles",93,"Provence-Alpes-Côte d'Azur",population,7971,1.542
2024,12,"Violences sexuelles",44,"Grand Est",population,9299,1.672
2024,12,"Violences sexuelles",76,Occitanie,population,10130,1.666
2024,12,"Violences sexuelles",28,Normandie,population,6498,1.946
2024,12,"Violences sexuelles",75,Nouvelle-Aquitaine,population,11504,1.882
2024,12,"Violences sexuelles",24,"Centre-Val de Loire",population,5013,1.942
2024,12,"Violences sexuelles",27,Bourgogne-Franche-Comté,population,4988,1.779
2024,12,"Violences sexuelles",53,Bretagne,population,6118,1.787
2024,12,"Violences sexuelles",94,Corse,population,384,1.093
2024,12,"Violences sexuelles",52,"Pays de la Loire",population,7351,1.895
2024,12,"Violences sexuelles",11,Île-de-France,population,22071,1.783
2016,13,"Vols avec armes",84,Auvergne-Rhône-Alpes,population,921,0.116
2016,13,"Vols avec armes",32,Hauts-de-France,population,820,0.137
2016,13,"Vols avec armes",93,"Provence-Alpes-Côte d'Azur",population,1090,0.217
2016,13,"Vols avec armes",44,"Grand Est",population,402,0.072
2016,13,"Vols avec armes",76,Occitanie,population,597,0.103
2016,13,"Vols avec armes",28,Normandie,population,200,0.060
2016,13,"Vols avec armes",75,Nouvelle-Aquitaine,population,368,0.062
2016,13,"Vols avec armes",24,"Centre-Val de Loire",population,181,0.070
2016,13,"Vols avec armes",27,Bourgogne-Franche-Comté,population,201,0.071
2016,13,"Vols avec armes",53,Bretagne,population,168,0.051
2016,13,"Vols avec armes",94,Corse,population,40,0.121
2016,13,"Vols avec armes",52,"Pays de la Loire",population,331,0.089
2016,13,"Vols avec armes",11,Île-de-France,population,3163,0.261
2017,13,"Vols avec armes",84,Auvergne-Rhône-Alpes,population,928,0.117
2017,13,"Vols avec armes",32,Hauts-de-France,population,686,0.114
2017,13,"Vols avec armes",93,"Provence-Alpes-Côte d'Azur",population,1110,0.221
2017,13,"Vols avec armes",44,"Grand Est",population,357,0.064
2017,13,"Vols avec armes",76,Occitanie,population,679,0.116
2017,13,"Vols avec armes",28,Normandie,population,213,0.064
2017,13,"Vols avec armes",75,Nouvelle-Aquitaine,population,366,0.061
2017,13,"Vols avec armes",24,"Centre-Val de Loire",population,162,0.063
2017,13,"Vols avec armes",27,Bourgogne-Franche-Comté,population,196,0.070
2017,13,"Vols avec armes",53,Bretagne,population,164,0.049
2017,13,"Vols avec armes",94,Corse,population,34,0.102
2017,13,"Vols avec armes",52,"Pays de la Loire",population,321,0.085
2017,13,"Vols avec armes",11,Île-de-France,population,2994,0.246
2018,13,"Vols avec armes",84,Auvergne-Rhône-Alpes,population,845,0.106
2018,13,"Vols avec armes",32,Hauts-de-France,population,677,0.113
2018,13,"Vols avec armes",93,"Provence-Alpes-Côte d'Azur",population,1049,0.208
2018,13,"Vols avec armes",44,"Grand Est",population,326,0.059
2018,13,"Vols avec armes",76,Occitanie,population,585,0.099
2018,13,"Vols avec armes",28,Normandie,population,210,0.063
2018,13,"Vols avec armes",75,Nouvelle-Aquitaine,population,365,0.061
2018,13,"Vols avec armes",24,"Centre-Val de Loire",population,153,0.059
2018,13,"Vols avec armes",27,Bourgogne-Franche-Comté,population,185,0.066
2018,13,"Vols avec armes",53,Bretagne,population,156,0.047
2018,13,"Vols avec armes",94,Corse,population,18,0.053
2018,13,"Vols avec armes",52,"Pays de la Loire",population,317,0.084
2018,13,"Vols avec armes",11,Île-de-France,population,2518,0.206
2019,13,"Vols avec armes",84,Auvergne-Rhône-Alpes,population,842,0.105
2019,13,"Vols avec armes",32,Hauts-de-France,population,695,0.116
2019,13,"Vols avec armes",93,"Provence-Alpes-Côte d'Azur",population,1012,0.199
2019,13,"Vols avec armes",44,"Grand Est",population,331,0.060
2019,13,"Vols avec armes",76,Occitanie,population,550,0.093
2019,13,"Vols avec armes",28,Normandie,population,214,0.064
2019,13,"Vols avec armes",75,Nouvelle-Aquitaine,population,326,0.054
2019,13,"Vols avec armes",24,"Centre-Val de Loire",population,167,0.065
2019,13,"Vols avec armes",27,Bourgogne-Franche-Comté,population,219,0.078
2019,13,"Vols avec armes",53,Bretagne,population,165,0.049
2019,13,"Vols avec armes",94,Corse,population,24,0.071
2019,13,"Vols avec armes",52,"Pays de la Loire",population,351,0.092
2019,13,"Vols avec armes",11,Île-de-France,population,2461,0.201
2020,13,"Vols avec armes",84,Auvergne-Rhône-Alpes,population,798,0.099
2020,13,"Vols avec armes",32,Hauts-de-France,population,541,0.090
2020,13,"Vols avec armes",93,"Provence-Alpes-Côte d'Azur",population,901,0.177
2020,13,"Vols avec armes",44,"Grand Est",population,296,0.053
2020,13,"Vols avec armes",76,Occitanie,population,602,0.101
2020,13,"Vols avec armes",28,Normandie,population,191,0.057
2020,13,"Vols avec armes",75,Nouvelle-Aquitaine,population,402,0.067
2020,13,"Vols avec armes",24,"Centre-Val de Loire",population,160,0.062
2020,13,"Vols avec armes",27,Bourgogne-Franche-Comté,population,163,0.058
2020,13,"Vols avec armes",53,Bretagne,population,182,0.054
2020,13,"Vols avec armes",94,Corse,population,10,0.029
2020,13,"Vols avec armes",52,"Pays de la Loire",population,310,0.081
2020,13,"Vols avec armes",11,Île-de-France,population,2226,0.181
2021,13,"Vols avec armes",84,Auvergne-Rhône-Alpes,population,771,0.095
2021,13,"Vols avec armes",32,Hauts-de-France,population,487,0.081
2021,13,"Vols avec armes",93,"Provence-Alpes-Côte d'Azur",population,863,0.168
2021,13,"Vols avec armes",44,"Grand Est",population,282,0.051
2021,13,"Vols avec armes",76,Occitanie,population,482,0.080
2021,13,"Vols avec armes",28,Normandie,population,202,0.061
2021,13,"Vols avec armes",75,Nouvelle-Aquitaine,population,364,0.060
2021,13,"Vols avec armes",24,"Centre-Val de Loire",population,161,0.063
2021,13,"Vols avec armes",27,Bourgogne-Franche-Comté,population,177,0.063
2021,13,"Vols avec armes",53,Bretagne,population,162,0.048
2021,13,"Vols avec armes",94,Corse,population,15,0.043
2021,13,"Vols avec armes",52,"Pays de la Loire",population,310,0.080
2021,13,"Vols avec armes",11,Île-de-France,population,2073,0.168
2022,13,"Vols avec armes",84,Auvergne-Rhône-Alpes,population,781,0.096
2022,13,"Vols avec armes",32,Hauts-de-France,population,483,0.081
2022,13,"Vols avec armes",93,"Provence-Alpes-Côte d'Azur",population,880,0.170
2022,13,"Vols avec armes",44,"Grand Est",population,304,0.055
2022,13,"Vols avec armes",76,Occitanie,population,510,0.084
2022,13,"Vols avec armes",28,Normandie,population,236,0.071
2022,13,"Vols avec armes",75,Nouvelle-Aquitaine,population,357,0.058
2022,13,"Vols avec armes",24,"Centre-Val de Loire",population,162,0.063
2022,13,"Vols avec armes",27,Bourgogne-Franche-Comté,population,149,0.053
2022,13,"Vols avec armes",53,Bretagne,population,177,0.052
2022,13,"Vols avec armes",94,Corse,population,14,0.040
2022,13,"Vols avec armes",52,"Pays de la Loire",population,300,0.077
2022,13,"Vols avec armes",11,Île-de-France,population,2054,0.166
2023,13,"Vols avec armes",84,Auvergne-Rhône-Alpes,population,814,0.100
2023,13,"Vols avec armes",32,Hauts-de-France,population,502,0.084
2023,13,"Vols avec armes",93,"Provence-Alpes-Côte d'Azur",population,947,0.183
2023,13,"Vols avec armes",44,"Grand Est",population,340,0.061
2023,13,"Vols avec armes",76,Occitanie,population,518,0.085
2023,13,"Vols avec armes",28,Normandie,population,196,0.059
2023,13,"Vols avec armes",75,Nouvelle-Aquitaine,population,403,0.066
2023,13,"Vols avec armes",24,"Centre-Val de Loire",population,172,0.067
2023,13,"Vols avec armes",27,Bourgogne-Franche-Comté,population,174,0.062
2023,13,"Vols avec armes",53,Bretagne,population,163,0.048
2023,13,"Vols avec armes",94,Corse,population,19,0.054
2023,13,"Vols avec armes",52,"Pays de la Loire",population,275,0.071
2023,13,"Vols avec armes",11,Île-de-France,population,1925,0.155
2024,13,"Vols avec armes",84,Auvergne-Rhône-Alpes,population,845,0.104
2024,13,"Vols avec armes",32,Hauts-de-France,population,551,0.092
2024,13,"Vols avec armes",93,"Provence-Alpes-Côte d'Azur",population,868,0.168
2024,13,"Vols avec armes",44,"Grand Est",population,341,0.061
2024,13,"Vols avec armes",76,Occitanie,population,534,0.088
2024,13,"Vols avec armes",28,Normandie,population,206,0.062
2024,13,"Vols avec armes",75,Nouvelle-Aquitaine,population,348,0.057
2024,13,"Vols avec armes",24,"Centre-Val de Loire",population,150,0.058
2024,13,"Vols avec armes",27,Bourgogne-Franche-Comté,population,184,0.066
2024,13,"Vols avec armes",53,Bretagne,population,175,0.051
2024,13,"Vols avec armes",94,Corse,population,11,0.031
2024,13,"Vols avec armes",52,"Pays de la Loire",population,288,0.074
2024,13,"Vols avec armes",11,Île-de-France,population,1730,0.140
2016,14,"Vols d'accessoires sur véhicules",84,Auvergne-Rhône-Alpes,population,13166,1.663
2016,14,"Vols d'accessoires sur véhicules",32,Hauts-de-France,population,11701,1.948
2016,14,"Vols d'accessoires sur véhicules",93,"Provence-Alpes-Côte d'Azur",population,10896,2.170
2016,14,"Vols d'accessoires sur véhicules",44,"Grand Est",population,5856,1.054
2016,14,"Vols d'accessoires sur véhicules",76,Occitanie,population,9823,1.691
2016,14,"Vols d'accessoires sur véhicules",28,Normandie,population,4519,1.355
2016,14,"Vols d'accessoires sur véhicules",75,Nouvelle-Aquitaine,population,7457,1.256
2016,14,"Vols d'accessoires sur véhicules",24,"Centre-Val de Loire",population,4106,1.593
2016,14,"Vols d'accessoires sur véhicules",27,Bourgogne-Franche-Comté,population,3626,1.287
2016,14,"Vols d'accessoires sur véhicules",53,Bretagne,population,3668,1.109
2016,14,"Vols d'accessoires sur véhicules",94,Corse,population,426,1.289
2016,14,"Vols d'accessoires sur véhicules",52,"Pays de la Loire",population,7572,2.026
2016,14,"Vols d'accessoires sur véhicules",11,Île-de-France,population,22761,1.878
2017,14,"Vols d'accessoires sur véhicules",84,Auvergne-Rhône-Alpes,population,11759,1.479
2017,14,"Vols d'accessoires sur véhicules",32,Hauts-de-France,population,11177,1.862
2017,14,"Vols d'accessoires sur véhicules",93,"Provence-Alpes-Côte d'Azur",population,10218,2.031
2017,14,"Vols d'accessoires sur véhicules",44,"Grand Est",population,5525,0.996
2017,14,"Vols d'accessoires sur véhicules",76,Occitanie,population,9200,1.574
2017,14,"Vols d'accessoires sur véhicules",28,Normandie,population,4258,1.279
2017,14,"Vols d'accessoires sur véhicules",75,Nouvelle-Aquitaine,population,7463,1.253
2017,14,"Vols d'accessoires sur véhicules",24,"Centre-Val de Loire",population,4139,1.607
2017,14,"Vols d'accessoires sur véhicules",27,Bourgogne-Franche-Comté,population,3355,1.193
2017,14,"Vols d'accessoires sur véhicules",53,Bretagne,population,4186,1.261
2017,14,"Vols d'accessoires sur véhicules",94,Corse,population,366,1.093
2017,14,"Vols d'accessoires sur véhicules",52,"Pays de la Loire",population,6808,1.812
2017,14,"Vols d'accessoires sur véhicules",11,Île-de-France,population,21642,1.778
2018,14,"Vols d'accessoires sur véhicules",84,Auvergne-Rhône-Alpes,population,10857,1.358
2018,14,"Vols d'accessoires sur véhicules",32,Hauts-de-France,population,10564,1.759
2018,14,"Vols d'accessoires sur véhicules",93,"Provence-Alpes-Côte d'Azur",population,9639,1.908
2018,14,"Vols d'accessoires sur véhicules",44,"Grand Est",population,5731,1.033
2018,14,"Vols d'accessoires sur véhicules",76,Occitanie,population,8201,1.393
2018,14,"Vols d'accessoires sur véhicules",28,Normandie,population,4196,1.261
2018,14,"Vols d'accessoires sur véhicules",75,Nouvelle-Aquitaine,population,7581,1.268
2018,14,"Vols d'accessoires sur véhicules",24,"Centre-Val de Loire",population,3739,1.453
2018,14,"Vols d'accessoires sur véhicules",27,Bourgogne-Franche-Comté,population,3127,1.114
2018,14,"Vols d'accessoires sur véhicules",53,Bretagne,population,3792,1.137
2018,14,"Vols d'accessoires sur véhicules",94,Corse,population,376,1.111
2018,14,"Vols d'accessoires sur véhicules",52,"Pays de la Loire",population,6308,1.668
2018,14,"Vols d'accessoires sur véhicules",11,Île-de-France,population,20222,1.656
2019,14,"Vols d'accessoires sur véhicules",84,Auvergne-Rhône-Alpes,population,10910,1.356
2019,14,"Vols d'accessoires sur véhicules",32,Hauts-de-France,population,9457,1.575
2019,14,"Vols d'accessoires sur véhicules",93,"Provence-Alpes-Côte d'Azur",population,8637,1.700
2019,14,"Vols d'accessoires sur véhicules",44,"Grand Est",population,5402,0.972
2019,14,"Vols d'accessoires sur véhicules",76,Occitanie,population,8149,1.373
2019,14,"Vols d'accessoires sur véhicules",28,Normandie,population,4021,1.209
2019,14,"Vols d'accessoires sur véhicules",75,Nouvelle-Aquitaine,population,7361,1.225
2019,14,"Vols d'accessoires sur véhicules",24,"Centre-Val de Loire",population,3380,1.314
2019,14,"Vols d'accessoires sur véhicules",27,Bourgogne-Franche-Comté,population,3101,1.105
2019,14,"Vols d'accessoires sur véhicules",53,Bretagne,population,3746,1.117
2019,14,"Vols d'accessoires sur véhicules",94,Corse,population,359,1.055
2019,14,"Vols d'accessoires sur véhicules",52,"Pays de la Loire",population,6284,1.651
2019,14,"Vols d'accessoires sur véhicules",11,Île-de-France,population,18757,1.530
2020,14,"Vols d'accessoires sur véhicules",84,Auvergne-Rhône-Alpes,population,8533,1.056
2020,14,"Vols d'accessoires sur véhicules",32,Hauts-de-France,population,7912,1.319
2020,14,"Vols d'accessoires sur véhicules",93,"Provence-Alpes-Côte d'Azur",population,7414,1.454
2020,14,"Vols d'accessoires sur véhicules",44,"Grand Est",population,4549,0.818
2020,14,"Vols d'accessoires sur véhicules",76,Occitanie,population,6652,1.114
2020,14,"Vols d'accessoires sur véhicules",28,Normandie,population,2903,0.873
2020,14,"Vols d'accessoires sur véhicules",75,Nouvelle-Aquitaine,population,5514,0.914
2020,14,"Vols d'accessoires sur véhicules",24,"Centre-Val de Loire",population,2904,1.128
2020,14,"Vols d'accessoires sur véhicules",27,Bourgogne-Franche-Comté,population,2558,0.913
2020,14,"Vols d'accessoires sur véhicules",53,Bretagne,population,2927,0.868
2020,14,"Vols d'accessoires sur véhicules",94,Corse,population,262,0.762
2020,14,"Vols d'accessoires sur véhicules",52,"Pays de la Loire",population,5125,1.337
2020,14,"Vols d'accessoires sur véhicules",11,Île-de-France,population,16487,1.343
2021,14,"Vols d'accessoires sur véhicules",84,Auvergne-Rhône-Alpes,population,10531,1.298
2021,14,"Vols d'accessoires sur véhicules",32,Hauts-de-France,population,8062,1.345
2021,14,"Vols d'accessoires sur véhicules",93,"Provence-Alpes-Côte d'Azur",population,7206,1.405
2021,14,"Vols d'accessoires sur véhicules",44,"Grand Est",population,3793,0.682
2021,14,"Vols d'accessoires sur véhicules",76,Occitanie,population,6128,1.018
2021,14,"Vols d'accessoires sur véhicules",28,Normandie,population,2862,0.860
2021,14,"Vols d'accessoires sur véhicules",75,Nouvelle-Aquitaine,population,5317,0.876
2021,14,"Vols d'accessoires sur véhicules",24,"Centre-Val de Loire",population,3018,1.173
2021,14,"Vols d'accessoires sur véhicules",27,Bourgogne-Franche-Comté,population,2407,0.860
2021,14,"Vols d'accessoires sur véhicules",53,Bretagne,population,2832,0.834
2021,14,"Vols d'accessoires sur véhicules",94,Corse,population,261,0.751
2021,14,"Vols d'accessoires sur véhicules",52,"Pays de la Loire",population,5986,1.553
2021,14,"Vols d'accessoires sur véhicules",11,Île-de-France,population,18193,1.477
2022,14,"Vols d'accessoires sur véhicules",84,Auvergne-Rhône-Alpes,population,12763,1.563
2022,14,"Vols d'accessoires sur véhicules",32,Hauts-de-France,population,11406,1.901
2022,14,"Vols d'accessoires sur véhicules",93,"Provence-Alpes-Côte d'Azur",population,8808,1.704
2022,14,"Vols d'accessoires sur véhicules",44,"Grand Est",population,5922,1.065
2022,14,"Vols d'accessoires sur véhicules",76,Occitanie,population,8349,1.373
2022,14,"Vols d'accessoires sur véhicules",28,Normandie,population,3559,1.066
2022,14,"Vols d'accessoires sur véhicules",75,Nouvelle-Aquitaine,population,6909,1.130
2022,14,"Vols d'accessoires sur véhicules",24,"Centre-Val de Loire",population,3699,1.433
2022,14,"Vols d'accessoires sur véhicules",27,Bourgogne-Franche-Comté,population,3699,1.319
2022,14,"Vols d'accessoires sur véhicules",53,Bretagne,population,4286,1.252
2022,14,"Vols d'accessoires sur véhicules",94,Corse,population,294,0.837
2022,14,"Vols d'accessoires sur véhicules",52,"Pays de la Loire",population,7492,1.931
2022,14,"Vols d'accessoires sur véhicules",11,Île-de-France,population,22975,1.856
2023,14,"Vols d'accessoires sur véhicules",84,Auvergne-Rhône-Alpes,population,10988,1.346
2023,14,"Vols d'accessoires sur véhicules",32,Hauts-de-France,population,9301,1.550
2023,14,"Vols d'accessoires sur véhicules",93,"Provence-Alpes-Côte d'Azur",population,7990,1.545
2023,14,"Vols d'accessoires sur véhicules",44,"Grand Est",population,5093,0.916
2023,14,"Vols d'accessoires sur véhicules",76,Occitanie,population,7711,1.268
2023,14,"Vols d'accessoires sur véhicules",28,Normandie,population,3593,1.076
2023,14,"Vols d'accessoires sur véhicules",75,Nouvelle-Aquitaine,population,6665,1.090
2023,14,"Vols d'accessoires sur véhicules",24,"Centre-Val de Loire",population,3899,1.510
2023,14,"Vols d'accessoires sur véhicules",27,Bourgogne-Franche-Comté,population,3436,1.225
2023,14,"Vols d'accessoires sur véhicules",53,Bretagne,population,4039,1.180
2023,14,"Vols d'accessoires sur véhicules",94,Corse,population,292,0.831
2023,14,"Vols d'accessoires sur véhicules",52,"Pays de la Loire",population,6887,1.775
2023,14,"Vols d'accessoires sur véhicules",11,Île-de-France,population,21380,1.727
2024,14,"Vols d'accessoires sur véhicules",84,Auvergne-Rhône-Alpes,population,12868,1.576
2024,14,"Vols d'accessoires sur véhicules",32,Hauts-de-France,population,8888,1.482
2024,14,"Vols d'accessoires sur véhicules",93,"Provence-Alpes-Côte d'Azur",population,9733,1.882
2024,14,"Vols d'accessoires sur véhicules",44,"Grand Est",population,4859,0.874
2024,14,"Vols d'accessoires sur véhicules",76,Occitanie,population,7970,1.311
2024,14,"Vols d'accessoires sur véhicules",28,Normandie,population,3835,1.149
2024,14,"Vols d'accessoires sur véhicules",75,Nouvelle-Aquitaine,population,6423,1.051
2024,14,"Vols d'accessoires sur véhicules",24,"Centre-Val de Loire",population,3310,1.282
2024,14,"Vols d'accessoires sur véhicules",27,Bourgogne-Franche-Comté,population,3394,1.210
2024,14,"Vols d'accessoires sur véhicules",53,Bretagne,population,3260,0.952
2024,14,"Vols d'accessoires sur véhicules",94,Corse,population,288,0.820
2024,14,"Vols d'accessoires sur véhicules",52,"Pays de la Loire",population,5374,1.385
2024,14,"Vols d'accessoires sur véhicules",11,Île-de-France,population,24350,1.967
2016,15,"Vols dans les véhicules",84,Auvergne-Rhône-Alpes,population,34506,4.359
2016,15,"Vols dans les véhicules",32,Hauts-de-France,population,28053,4.670
2016,15,"Vols dans les véhicules",93,"Provence-Alpes-Côte d'Azur",population,28759,5.727
2016,15,"Vols dans les véhicules",44,"Grand Est",population,12393,2.231
2016,15,"Vols dans les véhicules",76,Occitanie,population,29832,5.136
2016,15,"Vols dans les véhicules",28,Normandie,population,9054,2.714
2016,15,"Vols dans les véhicules",75,Nouvelle-Aquitaine,population,18537,3.123
2016,15,"Vols dans les véhicules",24,"Centre-Val de Loire",population,6049,2.347
2016,15,"Vols dans les véhicules",27,Bourgogne-Franche-Comté,population,5916,2.099
2016,15,"Vols dans les véhicules",53,Bretagne,population,7937,2.400
2016,15,"Vols dans les véhicules",94,Corse,population,547,1.655
2016,15,"Vols dans les véhicules",52,"Pays de la Loire",population,15907,4.256
2016,15,"Vols dans les véhicules",11,Île-de-France,population,65009,5.365
2017,15,"Vols dans les véhicules",84,Auvergne-Rhône-Alpes,population,37378,4.703
2017,15,"Vols dans les véhicules",32,Hauts-de-France,population,26252,4.373
2017,15,"Vols dans les véhicules",93,"Provence-Alpes-Côte d'Azur",population,24990,4.967
2017,15,"Vols dans les véhicules",44,"Grand Est",population,13076,2.356
2017,15,"Vols dans les véhicules",76,Occitanie,population,30133,5.155
2017,15,"Vols dans les véhicules",28,Normandie,population,10098,3.032
2017,15,"Vols dans les véhicules",75,Nouvelle-Aquitaine,population,19662,3.301
2017,15,"Vols dans les véhicules",24,"Centre-Val de Loire",population,6337,2.460
2017,15,"Vols dans les véhicules",27,Bourgogne-Franche-Comté,population,5668,2.016
2017,15,"Vols dans les véhicules",53,Bretagne,population,7405,2.231
2017,15,"Vols dans les véhicules",94,Corse,population,466,1.391
2017,15,"Vols dans les véhicules",52,"Pays de la Loire",population,17380,4.625
2017,15,"Vols dans les véhicules",11,Île-de-France,population,63509,5.216
2018,15,"Vols dans les véhicules",84,Auvergne-Rhône-Alpes,population,37237,4.658
2018,15,"Vols dans les véhicules",32,Hauts-de-France,population,25376,4.226
2018,15,"Vols dans les véhicules",93,"Provence-Alpes-Côte d'Azur",population,25965,5.139
2018,15,"Vols dans les véhicules",44,"Grand Est",population,12541,2.259
2018,15,"Vols dans les véhicules",76,Occitanie,population,30792,5.232
2018,15,"Vols dans les véhicules",28,Normandie,population,9423,2.832
2018,15,"Vols dans les véhicules",75,Nouvelle-Aquitaine,population,20569,3.440
2018,15,"Vols dans les véhicules",24,"Centre-Val de Loire",population,6281,2.441
2018,15,"Vols dans les véhicules",27,Bourgogne-Franche-Comté,population,5678,2.022
2018,15,"Vols dans les véhicules",53,Bretagne,population,8100,2.428
2018,15,"Vols dans les véhicules",94,Corse,population,430,1.270
2018,15,"Vols dans les véhicules",52,"Pays de la Loire",population,19228,5.085
2018,15,"Vols dans les véhicules",11,Île-de-France,population,58671,4.804
2019,15,"Vols dans les véhicules",84,Auvergne-Rhône-Alpes,population,36611,4.552
2019,15,"Vols dans les véhicules",32,Hauts-de-France,population,25300,4.213
2019,15,"Vols dans les véhicules",93,"Provence-Alpes-Côte d'Azur",population,26274,5.171
2019,15,"Vols dans les véhicules",44,"Grand Est",population,12506,2.251
2019,15,"Vols dans les véhicules",76,Occitanie,population,30986,5.222
2019,15,"Vols dans les véhicules",28,Normandie,population,10046,3.021
2019,15,"Vols dans les véhicules",75,Nouvelle-Aquitaine,population,22124,3.681
2019,15,"Vols dans les véhicules",24,"Centre-Val de Loire",population,5904,2.294
2019,15,"Vols dans les véhicules",27,Bourgogne-Franche-Comté,population,5284,1.883
2019,15,"Vols dans les véhicules",53,Bretagne,population,7526,2.243
2019,15,"Vols dans les véhicules",94,Corse,population,355,1.043
2019,15,"Vols dans les véhicules",52,"Pays de la Loire",population,19031,5.000
2019,15,"Vols dans les véhicules",11,Île-de-France,population,60281,4.916
2020,15,"Vols dans les véhicules",84,Auvergne-Rhône-Alpes,population,28318,3.505
2020,15,"Vols dans les véhicules",32,Hauts-de-France,population,23470,3.913
2020,15,"Vols dans les véhicules",93,"Provence-Alpes-Côte d'Azur",population,21921,4.299
2020,15,"Vols dans les véhicules",44,"Grand Est",population,11365,2.043
2020,15,"Vols dans les véhicules",76,Occitanie,population,25149,4.210
2020,15,"Vols dans les véhicules",28,Normandie,population,7599,2.285
2020,15,"Vols dans les véhicules",75,Nouvelle-Aquitaine,population,18393,3.048
2020,15,"Vols dans les véhicules",24,"Centre-Val de Loire",population,5319,2.066
2020,15,"Vols dans les véhicules",27,Bourgogne-Franche-Comté,population,4747,1.694
2020,15,"Vols dans les véhicules",53,Bretagne,population,5873,1.741
2020,15,"Vols dans les véhicules",94,Corse,population,322,0.937
2020,15,"Vols dans les véhicules",52,"Pays de la Loire",population,14575,3.803
2020,15,"Vols dans les véhicules",11,Île-de-France,population,51362,4.185
2021,15,"Vols dans les véhicules",84,Auvergne-Rhône-Alpes,population,32697,4.030
2021,15,"Vols dans les véhicules",32,Hauts-de-France,population,21520,3.589
2021,15,"Vols dans les véhicules",93,"Provence-Alpes-Côte d'Azur",population,22637,4.415
2021,15,"Vols dans les véhicules",44,"Grand Est",population,12238,2.201
2021,15,"Vols dans les véhicules",76,Occitanie,population,23449,3.894
2021,15,"Vols dans les véhicules",28,Normandie,population,6016,1.808
2021,15,"Vols dans les véhicules",75,Nouvelle-Aquitaine,population,18011,2.968
2021,15,"Vols dans les véhicules",24,"Centre-Val de Loire",population,6566,2.552
2021,15,"Vols dans les véhicules",27,Bourgogne-Franche-Comté,population,4589,1.639
2021,15,"Vols dans les véhicules",53,Bretagne,population,5911,1.741
2021,15,"Vols dans les véhicules",94,Corse,population,291,0.837
2021,15,"Vols dans les véhicules",52,"Pays de la Loire",population,15927,4.133
2021,15,"Vols dans les véhicules",11,Île-de-France,population,49330,4.005
2022,15,"Vols dans les véhicules",84,Auvergne-Rhône-Alpes,population,35334,4.328
2022,15,"Vols dans les véhicules",32,Hauts-de-France,population,21317,3.553
2022,15,"Vols dans les véhicules",93,"Provence-Alpes-Côte d'Azur",population,28045,5.424
2022,15,"Vols dans les véhicules",44,"Grand Est",population,12777,2.298
2022,15,"Vols dans les véhicules",76,Occitanie,population,23471,3.860
2022,15,"Vols dans les véhicules",28,Normandie,population,9348,2.800
2022,15,"Vols dans les véhicules",75,Nouvelle-Aquitaine,population,18545,3.034
2022,15,"Vols dans les véhicules",24,"Centre-Val de Loire",population,6624,2.566
2022,15,"Vols dans les véhicules",27,Bourgogne-Franche-Comté,population,5627,2.007
2022,15,"Vols dans les véhicules",53,Bretagne,population,6823,1.993
2022,15,"Vols dans les véhicules",94,Corse,population,320,0.911
2022,15,"Vols dans les véhicules",52,"Pays de la Loire",population,16008,4.127
2022,15,"Vols dans les véhicules",11,Île-de-France,population,55171,4.456
2023,15,"Vols dans les véhicules",84,Auvergne-Rhône-Alpes,population,37510,4.595
2023,15,"Vols dans les véhicules",32,Hauts-de-France,population,21773,3.629
2023,15,"Vols dans les véhicules",93,"Provence-Alpes-Côte d'Azur",population,30169,5.835
2023,15,"Vols dans les véhicules",44,"Grand Est",population,14255,2.564
2023,15,"Vols dans les véhicules",76,Occitanie,population,22142,3.641
2023,15,"Vols dans les véhicules",28,Normandie,population,10097,3.024
2023,15,"Vols dans les véhicules",75,Nouvelle-Aquitaine,population,22275,3.644
2023,15,"Vols dans les véhicules",24,"Centre-Val de Loire",population,7100,2.750
2023,15,"Vols dans les véhicules",27,Bourgogne-Franche-Comté,population,4949,1.765
2023,15,"Vols dans les véhicules",53,Bretagne,population,7379,2.156
2023,15,"Vols dans les véhicules",94,Corse,population,355,1.011
2023,15,"Vols dans les véhicules",52,"Pays de la Loire",population,12893,3.324
2023,15,"Vols dans les véhicules",11,Île-de-France,population,57182,4.619
2024,15,"Vols dans les véhicules",84,Auvergne-Rhône-Alpes,population,40922,5.013
2024,15,"Vols dans les véhicules",32,Hauts-de-France,population,22981,3.831
2024,15,"Vols dans les véhicules",93,"Provence-Alpes-Côte d'Azur",population,28118,5.438
2024,15,"Vols dans les véhicules",44,"Grand Est",population,14898,2.679
2024,15,"Vols dans les véhicules",76,Occitanie,population,22926,3.770
2024,15,"Vols dans les véhicules",28,Normandie,population,10070,3.016
2024,15,"Vols dans les véhicules",75,Nouvelle-Aquitaine,population,20466,3.348
2024,15,"Vols dans les véhicules",24,"Centre-Val de Loire",population,7787,3.016
2024,15,"Vols dans les véhicules",27,Bourgogne-Franche-Comté,population,5436,1.939
2024,15,"Vols dans les véhicules",53,Bretagne,population,7236,2.114
2024,15,"Vols dans les véhicules",94,Corse,population,320,0.911
2024,15,"Vols dans les véhicules",52,"Pays de la Loire",population,12684,3.270
2024,15,"Vols dans les véhicules",11,Île-de-France,population,55138,4.453
2016,16,"Vols de véhicule",84,Auvergne-Rhône-Alpes,population,19556,2.470
2016,16,"Vols de véhicule",32,Hauts-de-France,population,17110,2.848
2016,16,"Vols de véhicule",93,"Provence-Alpes-Côte d'Azur",population,20847,4.151
2016,16,"Vols de véhicule",44,"Grand Est",population,7597,1.368
2016,16,"Vols de véhicule",76,Occitanie,population,12474,2.148
2016,16,"Vols de véhicule",28,Normandie,population,5338,1.600
2016,16,"Vols de véhicule",75,Nouvelle-Aquitaine,population,9735,1.640
2016,16,"Vols de véhicule",24,"Centre-Val de Loire",population,5136,1.992
2016,16,"Vols de véhicule",27,Bourgogne-Franche-Comté,population,4485,1.591
2016,16,"Vols de véhicule",53,Bretagne,population,3639,1.101
2016,16,"Vols de véhicule",94,Corse,population,763,2.309
2016,16,"Vols de véhicule",52,"Pays de la Loire",population,7413,1.983
2016,16,"Vols de véhicule",11,Île-de-France,population,45946,3.792
2017,16,"Vols de véhicule",84,Auvergne-Rhône-Alpes,population,18314,2.304
2017,16,"Vols de véhicule",32,Hauts-de-France,population,15920,2.652
2017,16,"Vols de véhicule",93,"Provence-Alpes-Côte d'Azur",population,18516,3.680
2017,16,"Vols de véhicule",44,"Grand Est",population,6952,1.253
2017,16,"Vols de véhicule",76,Occitanie,population,12338,2.111
2017,16,"Vols de véhicule",28,Normandie,population,5208,1.564
2017,16,"Vols de véhicule",75,Nouvelle-Aquitaine,population,9499,1.595
2017,16,"Vols de véhicule",24,"Centre-Val de Loire",population,4551,1.767
2017,16,"Vols de véhicule",27,Bourgogne-Franche-Comté,population,4242,1.509
2017,16,"Vols de véhicule",53,Bretagne,population,3845,1.159
2017,16,"Vols de véhicule",94,Corse,population,763,2.278
2017,16,"Vols de véhicule",52,"Pays de la Loire",population,7296,1.942
2017,16,"Vols de véhicule",11,Île-de-France,population,43201,3.548
2018,16,"Vols de véhicule",84,Auvergne-Rhône-Alpes,population,16664,2.084
2018,16,"Vols de véhicule",32,Hauts-de-France,population,15100,2.515
2018,16,"Vols de véhicule",93,"Provence-Alpes-Côte d'Azur",population,17065,3.377
2018,16,"Vols de véhicule",44,"Grand Est",population,6371,1.148
2018,16,"Vols de véhicule",76,Occitanie,population,11318,1.923
2018,16,"Vols de véhicule",28,Normandie,population,4897,1.472
2018,16,"Vols de véhicule",75,Nouvelle-Aquitaine,population,9143,1.529
2018,16,"Vols de véhicule",24,"Centre-Val de Loire",population,3934,1.529
2018,16,"Vols de véhicule",27,Bourgogne-Franche-Comté,population,3921,1.396
2018,16,"Vols de véhicule",53,Bretagne,population,3405,1.021
2018,16,"Vols de véhicule",94,Corse,population,664,1.961
2018,16,"Vols de véhicule",52,"Pays de la Loire",population,6425,1.699
2018,16,"Vols de véhicule",11,Île-de-France,population,40185,3.290
2019,16,"Vols de véhicule",84,Auvergne-Rhône-Alpes,population,16556,2.058
2019,16,"Vols de véhicule",32,Hauts-de-France,population,13525,2.252
2019,16,"Vols de véhicule",93,"Provence-Alpes-Côte d'Azur",population,17315,3.408
2019,16,"Vols de véhicule",44,"Grand Est",population,6177,1.112
2019,16,"Vols de véhicule",76,Occitanie,population,11970,2.017
2019,16,"Vols de véhicule",28,Normandie,population,4378,1.317
2019,16,"Vols de véhicule",75,Nouvelle-Aquitaine,population,9352,1.556
2019,16,"Vols de véhicule",24,"Centre-Val de Loire",population,3215,1.249
2019,16,"Vols de véhicule",27,Bourgogne-Franche-Comté,population,3447,1.229
2019,16,"Vols de véhicule",53,Bretagne,population,3371,1.005
2019,16,"Vols de véhicule",94,Corse,population,697,2.047
2019,16,"Vols de véhicule",52,"Pays de la Loire",population,7182,1.887
2019,16,"Vols de véhicule",11,Île-de-France,population,39274,3.203
2020,16,"Vols de véhicule",84,Auvergne-Rhône-Alpes,population,13829,1.712
2020,16,"Vols de véhicule",32,Hauts-de-France,population,12250,2.042
2020,16,"Vols de véhicule",93,"Provence-Alpes-Côte d'Azur",population,15168,2.975
2020,16,"Vols de véhicule",44,"Grand Est",population,5389,0.969
2020,16,"Vols de véhicule",76,Occitanie,population,9732,1.629
2020,16,"Vols de véhicule",28,Normandie,population,4010,1.206
2020,16,"Vols de véhicule",75,Nouvelle-Aquitaine,population,8372,1.387
2020,16,"Vols de véhicule",24,"Centre-Val de Loire",population,2831,1.099
2020,16,"Vols de véhicule",27,Bourgogne-Franche-Comté,population,3211,1.146
2020,16,"Vols de véhicule",53,Bretagne,population,2838,0.841
2020,16,"Vols de véhicule",94,Corse,population,530,1.542
2020,16,"Vols de véhicule",52,"Pays de la Loire",population,6271,1.636
2020,16,"Vols de véhicule",11,Île-de-France,population,34298,2.795
2021,16,"Vols de véhicule",84,Auvergne-Rhône-Alpes,population,14385,1.773
2021,16,"Vols de véhicule",32,Hauts-de-France,population,11750,1.960
2021,16,"Vols de véhicule",93,"Provence-Alpes-Côte d'Azur",population,15603,3.043
2021,16,"Vols de véhicule",44,"Grand Est",population,5351,0.962
2021,16,"Vols de véhicule",76,Occitanie,population,9014,1.497
2021,16,"Vols de véhicule",28,Normandie,population,3979,1.196
2021,16,"Vols de véhicule",75,Nouvelle-Aquitaine,population,8007,1.319
2021,16,"Vols de véhicule",24,"Centre-Val de Loire",population,2960,1.150
2021,16,"Vols de véhicule",27,Bourgogne-Franche-Comté,population,3118,1.113
2021,16,"Vols de véhicule",53,Bretagne,population,2961,0.872
2021,16,"Vols de véhicule",94,Corse,population,522,1.502
2021,16,"Vols de véhicule",52,"Pays de la Loire",population,6767,1.756
2021,16,"Vols de véhicule",11,Île-de-France,population,34584,2.808
2022,16,"Vols de véhicule",84,Auvergne-Rhône-Alpes,population,15987,1.958
2022,16,"Vols de véhicule",32,Hauts-de-France,population,12126,2.021
2022,16,"Vols de véhicule",93,"Provence-Alpes-Côte d'Azur",population,17461,3.377
2022,16,"Vols de véhicule",44,"Grand Est",population,5951,1.070
2022,16,"Vols de véhicule",76,Occitanie,population,10032,1.650
2022,16,"Vols de véhicule",28,Normandie,population,4511,1.351
2022,16,"Vols de véhicule",75,Nouvelle-Aquitaine,population,9139,1.495
2022,16,"Vols de véhicule",24,"Centre-Val de Loire",population,3615,1.400
2022,16,"Vols de véhicule",27,Bourgogne-Franche-Comté,population,3554,1.267
2022,16,"Vols de véhicule",53,Bretagne,population,3813,1.114
2022,16,"Vols de véhicule",94,Corse,population,522,1.486
2022,16,"Vols de véhicule",52,"Pays de la Loire",population,7539,1.943
2022,16,"Vols de véhicule",11,Île-de-France,population,35806,2.892
2023,16,"Vols de véhicule",84,Auvergne-Rhône-Alpes,population,18035,2.209
2023,16,"Vols de véhicule",32,Hauts-de-France,population,13640,2.274
2023,16,"Vols de véhicule",93,"Provence-Alpes-Côte d'Azur",population,17605,3.405
2023,16,"Vols de véhicule",44,"Grand Est",population,6408,1.153
2023,16,"Vols de véhicule",76,Occitanie,population,10764,1.770
2023,16,"Vols de véhicule",28,Normandie,population,4794,1.436
2023,16,"Vols de véhicule",75,Nouvelle-Aquitaine,population,9925,1.623
2023,16,"Vols de véhicule",24,"Centre-Val de Loire",population,4333,1.678
2023,16,"Vols de véhicule",27,Bourgogne-Franche-Comté,population,3587,1.279
2023,16,"Vols de véhicule",53,Bretagne,population,4295,1.255
2023,16,"Vols de véhicule",94,Corse,population,578,1.645
2023,16,"Vols de véhicule",52,"Pays de la Loire",population,8266,2.131
2023,16,"Vols de véhicule",11,Île-de-France,population,34200,2.762
2024,16,"Vols de véhicule",84,Auvergne-Rhône-Alpes,population,18349,2.248
2024,16,"Vols de véhicule",32,Hauts-de-France,population,14794,2.466
2024,16,"Vols de véhicule",93,"Provence-Alpes-Côte d'Azur",population,16806,3.250
2024,16,"Vols de véhicule",44,"Grand Est",population,6367,1.145
2024,16,"Vols de véhicule",76,Occitanie,population,10405,1.711
2024,16,"Vols de véhicule",28,Normandie,population,5071,1.519
2024,16,"Vols de véhicule",75,Nouvelle-Aquitaine,population,9087,1.486
2024,16,"Vols de véhicule",24,"Centre-Val de Loire",population,4264,1.652
2024,16,"Vols de véhicule",27,Bourgogne-Franche-Comté,population,3305,1.179
2024,16,"Vols de véhicule",53,Bretagne,population,4765,1.392
2024,16,"Vols de véhicule",94,Corse,population,599,1.705
2024,16,"Vols de véhicule",52,"Pays de la Loire",population,7500,1.933
2024,16,"Vols de véhicule",11,Île-de-France,population,32557,2.630
2016,17,"Vols sans violence contre des personnes",84,Auvergne-Rhône-Alpes,population,76869,9.710
2016,17,"Vols sans violence contre des personnes",32,Hauts-de-France,population,46498,7.741
2016,17,"Vols sans violence contre des personnes",93,"Provence-Alpes-Côte d'Azur",population,70664,14.071
2016,17,"Vols sans violence contre des personnes",44,"Grand Est",population,37965,6.834
2016,17,"Vols sans violence contre des personnes",76,Occitanie,population,64966,11.185
2016,17,"Vols sans violence contre des personnes",28,Normandie,population,20311,6.089
2016,17,"Vols sans violence contre des personnes",75,Nouvelle-Aquitaine,population,50577,8.521
2016,17,"Vols sans violence contre des personnes",24,"Centre-Val de Loire",population,16905,6.558
2016,17,"Vols sans violence contre des personnes",27,Bourgogne-Franche-Comté,population,17157,6.088
2016,17,"Vols sans violence contre des personnes",53,Bretagne,population,23701,7.168
2016,17,"Vols sans violence contre des personnes",94,Corse,population,2267,6.860
2016,17,"Vols sans violence contre des personnes",52,"Pays de la Loire",population,31491,8.425
2016,17,"Vols sans violence contre des personnes",11,Île-de-France,population,235777,19.458
2017,17,"Vols sans violence contre des personnes",84,Auvergne-Rhône-Alpes,population,79433,9.994
2017,17,"Vols sans violence contre des personnes",32,Hauts-de-France,population,45450,7.570
2017,17,"Vols sans violence contre des personnes",93,"Provence-Alpes-Côte d'Azur",population,67429,13.403
2017,17,"Vols sans violence contre des personnes",44,"Grand Est",population,38310,6.903
2017,17,"Vols sans violence contre des personnes",76,Occitanie,population,65125,11.142
2017,17,"Vols sans violence contre des personnes",28,Normandie,population,20287,6.091
2017,17,"Vols sans violence contre des personnes",75,Nouvelle-Aquitaine,population,51902,8.713
2017,17,"Vols sans violence contre des personnes",24,"Centre-Val de Loire",population,16978,6.590
2017,17,"Vols sans violence contre des personnes",27,Bourgogne-Franche-Comté,population,17698,6.295
2017,17,"Vols sans violence contre des personnes",53,Bretagne,population,23837,7.182
2017,17,"Vols sans violence contre des personnes",94,Corse,population,2126,6.347
2017,17,"Vols sans violence contre des personnes",52,"Pays de la Loire",population,32150,8.556
2017,17,"Vols sans violence contre des personnes",11,Île-de-France,population,239272,19.653
2018,17,"Vols sans violence contre des personnes",84,Auvergne-Rhône-Alpes,population,80311,10.046
2018,17,"Vols sans violence contre des personnes",32,Hauts-de-France,population,45069,7.506
2018,17,"Vols sans violence contre des personnes",93,"Provence-Alpes-Côte d'Azur",population,64237,12.713
2018,17,"Vols sans violence contre des personnes",44,"Grand Est",population,37011,6.668
2018,17,"Vols sans violence contre des personnes",76,Occitanie,population,61567,10.461
2018,17,"Vols sans violence contre des personnes",28,Normandie,population,19928,5.989
2018,17,"Vols sans violence contre des personnes",75,Nouvelle-Aquitaine,population,49676,8.307
2018,17,"Vols sans violence contre des personnes",24,"Centre-Val de Loire",population,16205,6.298
2018,17,"Vols sans violence contre des personnes",27,Bourgogne-Franche-Comté,population,16256,5.790
2018,17,"Vols sans violence contre des personnes",53,Bretagne,population,23645,7.089
2018,17,"Vols sans violence contre des personnes",94,Corse,population,2037,6.017
2018,17,"Vols sans violence contre des personnes",52,"Pays de la Loire",population,30943,8.183
2018,17,"Vols sans violence contre des personnes",11,Île-de-France,population,243364,19.926
2019,17,"Vols sans violence contre des personnes",84,Auvergne-Rhône-Alpes,population,79291,9.858
2019,17,"Vols sans violence contre des personnes",32,Hauts-de-France,population,44018,7.330
2019,17,"Vols sans violence contre des personnes",93,"Provence-Alpes-Côte d'Azur",population,61886,12.180
2019,17,"Vols sans violence contre des personnes",44,"Grand Est",population,36776,6.619
2019,17,"Vols sans violence contre des personnes",76,Occitanie,population,62675,10.563
2019,17,"Vols sans violence contre des personnes",28,Normandie,population,20725,6.233
2019,17,"Vols sans violence contre des personnes",75,Nouvelle-Aquitaine,population,49447,8.227
2019,17,"Vols sans violence contre des personnes",24,"Centre-Val de Loire",population,15739,6.117
2019,17,"Vols sans violence contre des personnes",27,Bourgogne-Franche-Comté,population,15691,5.593
2019,17,"Vols sans violence contre des personnes",53,Bretagne,population,21950,6.543
2019,17,"Vols sans violence contre des personnes",94,Corse,population,1816,5.334
2019,17,"Vols sans violence contre des personnes",52,"Pays de la Loire",population,30883,8.113
2019,17,"Vols sans violence contre des personnes",11,Île-de-France,population,269424,21.971
2020,17,"Vols sans violence contre des personnes",84,Auvergne-Rhône-Alpes,population,62709,7.762
2020,17,"Vols sans violence contre des personnes",32,Hauts-de-France,population,32353,5.394
2020,17,"Vols sans violence contre des personnes",93,"Provence-Alpes-Côte d'Azur",population,49483,9.705
2020,17,"Vols sans violence contre des personnes",44,"Grand Est",population,28182,5.066
2020,17,"Vols sans violence contre des personnes",76,Occitanie,population,48567,8.130
2020,17,"Vols sans violence contre des personnes",28,Normandie,population,16273,4.893
2020,17,"Vols sans violence contre des personnes",75,Nouvelle-Aquitaine,population,37141,6.155
2020,17,"Vols sans violence contre des personnes",24,"Centre-Val de Loire",population,11941,4.638
2020,17,"Vols sans violence contre des personnes",27,Bourgogne-Franche-Comté,population,12634,4.509
2020,17,"Vols sans violence contre des personnes",53,Bretagne,population,16576,4.913
2020,17,"Vols sans violence contre des personnes",94,Corse,population,1405,4.088
2020,17,"Vols sans violence contre des personnes",52,"Pays de la Loire",population,22371,5.838
2020,17,"Vols sans violence contre des personnes",11,Île-de-France,population,201592,16.427
2021,17,"Vols sans violence contre des personnes",84,Auvergne-Rhône-Alpes,population,71197,8.774
2021,17,"Vols sans violence contre des personnes",32,Hauts-de-France,population,34256,5.714
2021,17,"Vols sans violence contre des personnes",93,"Provence-Alpes-Côte d'Azur",population,53231,10.381
2021,17,"Vols sans violence contre des personnes",44,"Grand Est",population,30797,5.538
2021,17,"Vols sans violence contre des personnes",76,Occitanie,population,50135,8.325
2021,17,"Vols sans violence contre des personnes",28,Normandie,population,16279,4.892
2021,17,"Vols sans violence contre des personnes",75,Nouvelle-Aquitaine,population,39631,6.530
2021,17,"Vols sans violence contre des personnes",24,"Centre-Val de Loire",population,12893,5.010
2021,17,"Vols sans violence contre des personnes",27,Bourgogne-Franche-Comté,population,12758,4.556
2021,17,"Vols sans violence contre des personnes",53,Bretagne,population,17102,5.038
2021,17,"Vols sans violence contre des personnes",94,Corse,population,1580,4.545
2021,17,"Vols sans violence contre des personnes",52,"Pays de la Loire",population,24678,6.403
2021,17,"Vols sans violence contre des personnes",11,Île-de-France,population,208183,16.902
2022,17,"Vols sans violence contre des personnes",84,Auvergne-Rhône-Alpes,population,77878,9.539
2022,17,"Vols sans violence contre des personnes",32,Hauts-de-France,population,41023,6.838
2022,17,"Vols sans violence contre des personnes",93,"Provence-Alpes-Côte d'Azur",population,61293,11.855
2022,17,"Vols sans violence contre des personnes",44,"Grand Est",population,36185,6.508
2022,17,"Vols sans violence contre des personnes",76,Occitanie,population,55672,9.155
2022,17,"Vols sans violence contre des personnes",28,Normandie,population,19607,5.872
2022,17,"Vols sans violence contre des personnes",75,Nouvelle-Aquitaine,population,45586,7.457
2022,17,"Vols sans violence contre des personnes",24,"Centre-Val de Loire",population,14350,5.559
2022,17,"Vols sans violence contre des personnes",27,Bourgogne-Franche-Comté,population,14413,5.140
2022,17,"Vols sans violence contre des personnes",53,Bretagne,population,21364,6.242
2022,17,"Vols sans violence contre des personnes",94,Corse,population,1703,4.848
2022,17,"Vols sans violence contre des personnes",52,"Pays de la Loire",population,28232,7.278
2022,17,"Vols sans violence contre des personnes",11,Île-de-France,population,231924,18.732
2023,17,"Vols sans violence contre des personnes",84,Auvergne-Rhône-Alpes,population,74907,9.175
2023,17,"Vols sans violence contre des personnes",32,Hauts-de-France,population,39682,6.615
2023,17,"Vols sans violence contre des personnes",93,"Provence-Alpes-Côte d'Azur",population,57997,11.217
2023,17,"Vols sans violence contre des personnes",44,"Grand Est",population,36905,6.638
2023,17,"Vols sans violence contre des personnes",76,Occitanie,population,55173,9.073
2023,17,"Vols sans violence contre des personnes",28,Normandie,population,19224,5.757
2023,17,"Vols sans violence contre des personnes",75,Nouvelle-Aquitaine,population,45240,7.400
2023,17,"Vols sans violence contre des personnes",24,"Centre-Val de Loire",population,14489,5.612
2023,17,"Vols sans violence contre des personnes",27,Bourgogne-Franche-Comté,population,14442,5.151
2023,17,"Vols sans violence contre des personnes",53,Bretagne,population,21438,6.263
2023,17,"Vols sans violence contre des personnes",94,Corse,population,1753,4.990
2023,17,"Vols sans violence contre des personnes",52,"Pays de la Loire",population,26942,6.945
2023,17,"Vols sans violence contre des personnes",11,Île-de-France,population,222298,17.955
2024,17,"Vols sans violence contre des personnes",84,Auvergne-Rhône-Alpes,population,72450,8.874
2024,17,"Vols sans violence contre des personnes",32,Hauts-de-France,population,38412,6.403
2024,17,"Vols sans violence contre des personnes",93,"Provence-Alpes-Côte d'Azur",population,56217,10.873
2024,17,"Vols sans violence contre des personnes",44,"Grand Est",population,36420,6.550
2024,17,"Vols sans violence contre des personnes",76,Occitanie,population,51036,8.393
2024,17,"Vols sans violence contre des personnes",28,Normandie,population,18540,5.552
2024,17,"Vols sans violence contre des personnes",75,Nouvelle-Aquitaine,population,44129,7.218
2024,17,"Vols sans violence contre des personnes",24,"Centre-Val de Loire",population,14309,5.543
2024,17,"Vols sans violence contre des personnes",27,Bourgogne-Franche-Comté,population,13792,4.919
2024,17,"Vols sans violence contre des personnes",53,Bretagne,population,19608,5.729
2024,17,"Vols sans violence contre des personnes",94,Corse,population,1585,4.512
2024,17,"Vols sans violence contre des personnes",52,"Pays de la Loire",population,24341,6.275
2024,17,"Vols sans violence contre des personnes",11,Île-de-France,population,205088,16.565
2016,18,"Vols violents sans arme",84,Auvergne-Rhône-Alpes,population,7233,0.914
2016,18,"Vols violents sans arme",32,Hauts-de-France,population,7251,1.207
2016,18,"Vols violents sans arme",93,"Provence-Alpes-Côte d'Azur",population,9013,1.795
2016,18,"Vols violents sans arme",44,"Grand Est",population,2857,0.514
2016,18,"Vols violents sans arme",76,Occitanie,population,7032,1.211
2016,18,"Vols violents sans arme",28,Normandie,population,2140,0.642
2016,18,"Vols violents sans arme",75,Nouvelle-Aquitaine,population,3409,0.574
2016,18,"Vols violents sans arme",24,"Centre-Val de Loire",population,1559,0.605
2016,18,"Vols violents sans arme",27,Bourgogne-Franche-Comté,population,1089,0.386
2016,18,"Vols violents sans arme",53,Bretagne,population,1700,0.514
2016,18,"Vols violents sans arme",94,Corse,population,103,0.312
2016,18,"Vols violents sans arme",52,"Pays de la Loire",population,2104,0.563
2016,18,"Vols violents sans arme",11,Île-de-France,population,44176,3.646
2017,18,"Vols violents sans arme",84,Auvergne-Rhône-Alpes,population,6950,0.874
2017,18,"Vols violents sans arme",32,Hauts-de-France,population,6439,1.072
2017,18,"Vols violents sans arme",93,"Provence-Alpes-Côte d'Azur",population,7851,1.561
2017,18,"Vols violents sans arme",44,"Grand Est",population,2912,0.525
2017,18,"Vols violents sans arme",76,Occitanie,population,6625,1.133
2017,18,"Vols violents sans arme",28,Normandie,population,2059,0.618
2017,18,"Vols violents sans arme",75,Nouvelle-Aquitaine,population,3415,0.573
2017,18,"Vols violents sans arme",24,"Centre-Val de Loire",population,1446,0.561
2017,18,"Vols violents sans arme",27,Bourgogne-Franche-Comté,population,1078,0.383
2017,18,"Vols violents sans arme",53,Bretagne,population,1591,0.479
2017,18,"Vols violents sans arme",94,Corse,population,107,0.319
2017,18,"Vols violents sans arme",52,"Pays de la Loire",population,2346,0.624
2017,18,"Vols violents sans arme",11,Île-de-France,population,42597,3.499
2018,18,"Vols violents sans arme",84,Auvergne-Rhône-Alpes,population,6596,0.825
2018,18,"Vols violents sans arme",32,Hauts-de-France,population,6015,1.002
2018,18,"Vols violents sans arme",93,"Provence-Alpes-Côte d'Azur",population,7652,1.514
2018,18,"Vols violents sans arme",44,"Grand Est",population,2657,0.479
2018,18,"Vols violents sans arme",76,Occitanie,population,5777,0.982
2018,18,"Vols violents sans arme",28,Normandie,population,2072,0.623
2018,18,"Vols violents sans arme",75,Nouvelle-Aquitaine,population,3327,0.556
2018,18,"Vols violents sans arme",24,"Centre-Val de Loire",population,1413,0.549
2018,18,"Vols violents sans arme",27,Bourgogne-Franche-Comté,population,922,0.328
2018,18,"Vols violents sans arme",53,Bretagne,population,1584,0.475
2018,18,"Vols violents sans arme",94,Corse,population,96,0.284
2018,18,"Vols violents sans arme",52,"Pays de la Loire",population,2429,0.642
2018,18,"Vols violents sans arme",11,Île-de-France,population,39264,3.215
2019,18,"Vols violents sans arme",84,Auvergne-Rhône-Alpes,population,6263,0.779
2019,18,"Vols violents sans arme",32,Hauts-de-France,population,5484,0.913
2019,18,"Vols violents sans arme",93,"Provence-Alpes-Côte d'Azur",population,7089,1.395
2019,18,"Vols violents sans arme",44,"Grand Est",population,2425,0.436
2019,18,"Vols violents sans arme",76,Occitanie,population,5315,0.896
2019,18,"Vols violents sans arme",28,Normandie,population,2096,0.630
2019,18,"Vols violents sans arme",75,Nouvelle-Aquitaine,population,3559,0.592
2019,18,"Vols violents sans arme",24,"Centre-Val de Loire",population,1305,0.507
2019,18,"Vols violents sans arme",27,Bourgogne-Franche-Comté,population,863,0.308
2019,18,"Vols violents sans arme",53,Bretagne,population,1475,0.440
2019,18,"Vols violents sans arme",94,Corse,population,88,0.258
2019,18,"Vols violents sans arme",52,"Pays de la Loire",population,3009,0.791
2019,18,"Vols violents sans arme",11,Île-de-France,population,39024,3.182
2020,18,"Vols violents sans arme",84,Auvergne-Rhône-Alpes,population,5529,0.684
2020,18,"Vols violents sans arme",32,Hauts-de-France,population,4139,0.690
2020,18,"Vols violents sans arme",93,"Provence-Alpes-Côte d'Azur",population,5694,1.117
2020,18,"Vols violents sans arme",44,"Grand Est",population,1948,0.350
2020,18,"Vols violents sans arme",76,Occitanie,population,4004,0.670
2020,18,"Vols violents sans arme",28,Normandie,population,1543,0.464
2020,18,"Vols violents sans arme",75,Nouvelle-Aquitaine,population,2882,0.478
2020,18,"Vols violents sans arme",24,"Centre-Val de Loire",population,972,0.378
2020,18,"Vols violents sans arme",27,Bourgogne-Franche-Comté,population,766,0.273
2020,18,"Vols violents sans arme",53,Bretagne,population,1158,0.343
2020,18,"Vols violents sans arme",94,Corse,population,51,0.148
2020,18,"Vols violents sans arme",52,"Pays de la Loire",population,2225,0.581
2020,18,"Vols violents sans arme",11,Île-de-France,population,32341,2.635
2021,18,"Vols violents sans arme",84,Auvergne-Rhône-Alpes,population,6322,0.779
2021,18,"Vols violents sans arme",32,Hauts-de-France,population,3952,0.659
2021,18,"Vols violents sans arme",93,"Provence-Alpes-Côte d'Azur",population,5336,1.041
2021,18,"Vols violents sans arme",44,"Grand Est",population,1797,0.323
2021,18,"Vols violents sans arme",76,Occitanie,population,3818,0.634
2021,18,"Vols violents sans arme",28,Normandie,population,1328,0.399
2021,18,"Vols violents sans arme",75,Nouvelle-Aquitaine,population,2591,0.427
2021,18,"Vols violents sans arme",24,"Centre-Val de Loire",population,1026,0.399
2021,18,"Vols violents sans arme",27,Bourgogne-Franche-Comté,population,761,0.272
2021,18,"Vols violents sans arme",53,Bretagne,population,1005,0.296
2021,18,"Vols violents sans arme",94,Corse,population,54,0.155
2021,18,"Vols violents sans arme",52,"Pays de la Loire",population,1846,0.479
2021,18,"Vols violents sans arme",11,Île-de-France,population,29822,2.421
2022,18,"Vols violents sans arme",84,Auvergne-Rhône-Alpes,population,6128,0.751
2022,18,"Vols violents sans arme",32,Hauts-de-France,population,3844,0.641
2022,18,"Vols violents sans arme",93,"Provence-Alpes-Côte d'Azur",population,5738,1.110
2022,18,"Vols violents sans arme",44,"Grand Est",population,2086,0.375
2022,18,"Vols violents sans arme",76,Occitanie,population,3792,0.624
2022,18,"Vols violents sans arme",28,Normandie,population,1761,0.527
2022,18,"Vols violents sans arme",75,Nouvelle-Aquitaine,population,2688,0.440
2022,18,"Vols violents sans arme",24,"Centre-Val de Loire",population,1105,0.428
2022,18,"Vols violents sans arme",27,Bourgogne-Franche-Comté,population,767,0.274
2022,18,"Vols violents sans arme",53,Bretagne,population,1237,0.361
2022,18,"Vols violents sans arme",94,Corse,population,56,0.159
2022,18,"Vols violents sans arme",52,"Pays de la Loire",population,1762,0.454
2022,18,"Vols violents sans arme",11,Île-de-France,population,26387,2.131
2023,18,"Vols violents sans arme",84,Auvergne-Rhône-Alpes,population,5483,0.672
2023,18,"Vols violents sans arme",32,Hauts-de-France,population,3821,0.637
2023,18,"Vols violents sans arme",93,"Provence-Alpes-Côte d'Azur",population,5571,1.078
2023,18,"Vols violents sans arme",44,"Grand Est",population,2002,0.360
2023,18,"Vols violents sans arme",76,Occitanie,population,3846,0.632
2023,18,"Vols violents sans arme",28,Normandie,population,1561,0.467
2023,18,"Vols violents sans arme",75,Nouvelle-Aquitaine,population,2720,0.445
2023,18,"Vols violents sans arme",24,"Centre-Val de Loire",population,977,0.378
2023,18,"Vols violents sans arme",27,Bourgogne-Franche-Comté,population,794,0.283
2023,18,"Vols violents sans arme",53,Bretagne,population,1335,0.390
2023,18,"Vols violents sans arme",94,Corse,population,71,0.202
2023,18,"Vols violents sans arme",52,"Pays de la Loire",population,1643,0.424
2023,18,"Vols violents sans arme",11,Île-de-France,population,22233,1.796
2024,18,"Vols violents sans arme",84,Auvergne-Rhône-Alpes,population,5715,0.700
2024,18,"Vols violents sans arme",32,Hauts-de-France,population,3401,0.567
2024,18,"Vols violents sans arme",93,"Provence-Alpes-Côte d'Azur",population,5147,0.995
2024,18,"Vols violents sans arme",44,"Grand Est",population,1826,0.328
2024,18,"Vols violents sans arme",76,Occitanie,population,3543,0.583
2024,18,"Vols violents sans arme",28,Normandie,population,1313,0.393
2024,18,"Vols violents sans arme",75,Nouvelle-Aquitaine,population,2587,0.423
2024,18,"Vols violents sans arme",24,"Centre-Val de Loire",population,930,0.360
2024,18,"Vols violents sans arme",27,Bourgogne-Franche-Comté,population,713,0.254
2024,18,"Vols violents sans arme",53,Bretagne,population,1142,0.334
2024,18,"Vols violents sans arme",94,Corse,population,63,0.179
2024,18,"Vols violents sans arme",52,"Pays de la Loire",population,1673,0.431
2024,18,"Vols violents sans arme",11,Île-de-France,population,18052,1.458
